[90mINFO: ============================================================[0m
[90mINFO: Injected Global Variables (available in your function):[0m
[90mINFO:   • CONFIG - Session configuration dict[0m
[90mINFO:       - CONFIG['ID']: 2025Y-11M-19D-18h04m56s_mxD6[0m
[90mINFO:       - CONFIG['SDIR_RUN']: /home/ywatanabe/proj/scitex-code/examples/demo_plot_all_types_publication_out/RUNNING/2025Y-11M-19D-18h04m56s_mxD6-main[0m
[90mINFO:       - CONFIG['PID']: 256384[0m
[90mINFO:   • plt - matplotlib.pyplot (configured for session)[0m
[90mINFO:   • COLORS - CustomColors (for consistent plotting)[0m
[90mINFO:   • rng_manager - RandomStateManager (for reproducibility)[0m
[90mINFO:   • logger - SciTeX logger (configured for your script)[0m
[90mINFO: ============================================================[0m
[90mINFO: Running main with injected parameters:[0m
[90mINFO:     {'verbose': 'bool'}[0m
[90mINFO:   • Auto-collected metadata from figure[0m
[90mINFO: 📝 Saving figure with metadata to: /home/ywatanabe/proj/scitex-code/examples/demo_plot_all_types_publication_out/publication/01_matplotlib_basic/01_plot.png[0m
[90mINFO:   • Auto-added URL: https://scitex.ai[0m
/home/ywatanabe/proj/scitex-code/src/scitex/io/_save_modules/_image.py:57: UserWarning: This figure includes Axes that are not compatible with tight_layout, so results might be incorrect.
  obj.savefig(spath, **kwargs)
[90mINFO:   • Embedded metadata: {'scitex': {'version': '2.2.2', 'created_at': '2025-11-19T18:05:01.245566', 'created_with': 'scitex.plt.subplots (mm-control)', 'mode': 'publication', 'axes_size_mm': (40, 28), 'position_in_grid': (0, 0), 'style_mm': {'axis_thickness_mm': 0.2, 'tick_length_mm': 0.8, 'tick_thickness_mm': 0.2, 'trace_thickness_mm': 0.2, 'axis_font_size_pt': 7, 'tick_font_size_pt': 7, 'title_font_size_pt': 8, 'legend_font_size_pt': 6, 'label_pad_pt': 0.5, 'tick_pad_pt': 0.5, 'title_pad_pt': 1.0, 'font_family': 'Arial', 'n_ticks': 4, 'font_family_requested': 'Arial', 'font_family_actual': 'Arial'}}, 'matplotlib': {'version': '3.10.3'}, 'dimensions': {'figure_size_mm': (np.float64(80.0), np.float64(68.0)), 'figure_size_inch': (np.float64(3.1496062992125986), np.float64(2.677165354330709)), 'figure_size_px': (944, 803), 'axes_size_mm': (np.float64(40.0), np.float64(27.999999999999993)), 'axes_size_inch': (np.float64(1.5748031496062993), np.float64(1.1023622047244093)), 'axes_size_px': (472, 330), 'axes_position': (np.float64(0.25), np.float64(0.29411764705882354), np.float64(0.5), np.float64(0.41176470588235287)), 'dpi': 300}, 'margins_mm': {'left': np.float64(20.0), 'bottom': np.float64(20.0), 'right': np.float64(20.0), 'top': np.float64(20.000000000000007)}, 'url': 'https://scitex.ai'}[0m
[90mINFO:   • Auto-cropped with 1.0mm margin (11px at 300 DPI)[0m
/home/ywatanabe/proj/scitex-code/src/scitex/plt/_subplots/_AxisWrapperMixins/_TrackingMixin.py:113: UserWarning: Matplotlib method 'plot()' does not support full data tracking for CSV export. Consider using 'ax.plot()' instead for better data export support.
  df = _export_as_csv(self.history)
[32mSUCC: Saved to: ./../scitex-code/examples/demo_plot_all_types_publication_out/publication/01_matplotlib_basic/01_plot.png (1.1 MiB)[0m
[90mINFO:   • Auto-collected metadata from figure[0m
[90mINFO: 📝 Saving figure with metadata to: /home/ywatanabe/proj/scitex-code/examples/demo_plot_all_types_publication_out/publication/01_matplotlib_basic/01_plot.pdf[0m
[90mINFO:   • Auto-added URL: https://scitex.ai[0m
/home/ywatanabe/proj/scitex-code/src/scitex/io/_save_modules/_image.py:172: UserWarning: This figure includes Axes that are not compatible with tight_layout, so results might be incorrect.
  obj.savefig(spath, **save_kwargs)
[90mINFO:   • Embedded metadata: {'scitex': {'version': '2.2.2', 'created_at': '2025-11-19T18:05:01.658148', 'created_with': 'scitex.plt.subplots (mm-control)', 'mode': 'publication', 'axes_size_mm': (40, 28), 'position_in_grid': (0, 0), 'style_mm': {'axis_thickness_mm': 0.2, 'tick_length_mm': 0.8, 'tick_thickness_mm': 0.2, 'trace_thickness_mm': 0.2, 'axis_font_size_pt': 7, 'tick_font_size_pt': 7, 'title_font_size_pt': 8, 'legend_font_size_pt': 6, 'label_pad_pt': 0.5, 'tick_pad_pt': 0.5, 'title_pad_pt': 1.0, 'font_family': 'Arial', 'n_ticks': 4, 'font_family_requested': 'Arial', 'font_family_actual': 'Arial'}}, 'matplotlib': {'version': '3.10.3'}, 'dimensions': {'figure_size_mm': (np.float64(80.0), np.float64(68.0)), 'figure_size_inch': (np.float64(3.1496062992125986), np.float64(2.677165354330709)), 'figure_size_px': (944, 803), 'axes_size_mm': (np.float64(40.0), np.float64(27.999999999999993)), 'axes_size_inch': (np.float64(1.5748031496062993), np.float64(1.1023622047244093)), 'axes_size_px': (472, 330), 'axes_position': (np.float64(0.25), np.float64(0.29411764705882354), np.float64(0.5), np.float64(0.41176470588235287)), 'dpi': 300}, 'margins_mm': {'left': np.float64(20.0), 'bottom': np.float64(20.0), 'right': np.float64(20.0), 'top': np.float64(20.000000000000007)}, 'url': 'https://scitex.ai'}[0m
[32mSUCC: Saved to: ./../scitex-code/examples/demo_plot_all_types_publication_out/publication/01_matplotlib_basic/01_plot.pdf (17.4 KiB)[0m
[90mINFO:   • Auto-collected metadata from figure[0m
[90mINFO: 📝 Saving figure with metadata to: /home/ywatanabe/proj/scitex-code/examples/demo_plot_all_types_publication_out/publication/01_matplotlib_basic/02_scatter.png[0m
[90mINFO:   • Auto-added URL: https://scitex.ai[0m
/home/ywatanabe/proj/scitex-code/src/scitex/io/_save_modules/_image.py:57: UserWarning: This figure includes Axes that are not compatible with tight_layout, so results might be incorrect.
  obj.savefig(spath, **kwargs)
[90mINFO:   • Embedded metadata: {'scitex': {'version': '2.2.2', 'created_at': '2025-11-19T18:05:02.061408', 'created_with': 'scitex.plt.subplots (mm-control)', 'mode': 'publication', 'axes_size_mm': (40, 28), 'position_in_grid': (0, 0), 'style_mm': {'axis_thickness_mm': 0.2, 'tick_length_mm': 0.8, 'tick_thickness_mm': 0.2, 'trace_thickness_mm': 0.2, 'axis_font_size_pt': 7, 'tick_font_size_pt': 7, 'title_font_size_pt': 8, 'legend_font_size_pt': 6, 'label_pad_pt': 0.5, 'tick_pad_pt': 0.5, 'title_pad_pt': 1.0, 'font_family': 'Arial', 'n_ticks': 4, 'font_family_requested': 'Arial', 'font_family_actual': 'Arial'}}, 'matplotlib': {'version': '3.10.3'}, 'dimensions': {'figure_size_mm': (np.float64(80.0), np.float64(68.0)), 'figure_size_inch': (np.float64(3.1496062992125986), np.float64(2.677165354330709)), 'figure_size_px': (944, 803), 'axes_size_mm': (np.float64(40.0), np.float64(27.999999999999993)), 'axes_size_inch': (np.float64(1.5748031496062993), np.float64(1.1023622047244093)), 'axes_size_px': (472, 330), 'axes_position': (np.float64(0.25), np.float64(0.29411764705882354), np.float64(0.5), np.float64(0.41176470588235287)), 'dpi': 300}, 'margins_mm': {'left': np.float64(20.0), 'bottom': np.float64(20.0), 'right': np.float64(20.0), 'top': np.float64(20.000000000000007)}, 'url': 'https://scitex.ai'}[0m
[90mINFO:   • Auto-cropped with 1.0mm margin (11px at 300 DPI)[0m
[32mSUCC: Saved to: ./../scitex-code/examples/demo_plot_all_types_publication_out/publication/01_matplotlib_basic/02_scatter.csv (3.9 KiB)[0m
[32mSUCC: Saved to: ./../scitex-code/examples/demo_plot_all_types_publication_out/publication/01_matplotlib_basic/02_scatter.png (1.0 MiB)[0m
[90mINFO:   • Auto-collected metadata from figure[0m
[90mINFO: 📝 Saving figure with metadata to: /home/ywatanabe/proj/scitex-code/examples/demo_plot_all_types_publication_out/publication/01_matplotlib_basic/02_scatter.pdf[0m
[90mINFO:   • Auto-added URL: https://scitex.ai[0m
/home/ywatanabe/proj/scitex-code/src/scitex/io/_save_modules/_image.py:172: UserWarning: This figure includes Axes that are not compatible with tight_layout, so results might be incorrect.
  obj.savefig(spath, **save_kwargs)
[90mINFO:   • Embedded metadata: {'scitex': {'version': '2.2.2', 'created_at': '2025-11-19T18:05:02.439223', 'created_with': 'scitex.plt.subplots (mm-control)', 'mode': 'publication', 'axes_size_mm': (40, 28), 'position_in_grid': (0, 0), 'style_mm': {'axis_thickness_mm': 0.2, 'tick_length_mm': 0.8, 'tick_thickness_mm': 0.2, 'trace_thickness_mm': 0.2, 'axis_font_size_pt': 7, 'tick_font_size_pt': 7, 'title_font_size_pt': 8, 'legend_font_size_pt': 6, 'label_pad_pt': 0.5, 'tick_pad_pt': 0.5, 'title_pad_pt': 1.0, 'font_family': 'Arial', 'n_ticks': 4, 'font_family_requested': 'Arial', 'font_family_actual': 'Arial'}}, 'matplotlib': {'version': '3.10.3'}, 'dimensions': {'figure_size_mm': (np.float64(80.0), np.float64(68.0)), 'figure_size_inch': (np.float64(3.1496062992125986), np.float64(2.677165354330709)), 'figure_size_px': (944, 803), 'axes_size_mm': (np.float64(40.0), np.float64(27.999999999999993)), 'axes_size_inch': (np.float64(1.5748031496062993), np.float64(1.1023622047244093)), 'axes_size_px': (472, 330), 'axes_position': (np.float64(0.25), np.float64(0.29411764705882354), np.float64(0.5), np.float64(0.41176470588235287)), 'dpi': 300}, 'margins_mm': {'left': np.float64(20.0), 'bottom': np.float64(20.0), 'right': np.float64(20.0), 'top': np.float64(20.000000000000007)}, 'url': 'https://scitex.ai'}[0m
[32mSUCC: Saved to: ./../scitex-code/examples/demo_plot_all_types_publication_out/publication/01_matplotlib_basic/02_scatter.csv (3.9 KiB)[0m
[32mSUCC: Saved to: ./../scitex-code/examples/demo_plot_all_types_publication_out/publication/01_matplotlib_basic/02_scatter.pdf (18.6 KiB)[0m
[90mINFO:   • Auto-collected metadata from figure[0m
[90mINFO: 📝 Saving figure with metadata to: /home/ywatanabe/proj/scitex-code/examples/demo_plot_all_types_publication_out/publication/01_matplotlib_basic/03_bar.png[0m
[90mINFO:   • Auto-added URL: https://scitex.ai[0m
/home/ywatanabe/proj/scitex-code/src/scitex/io/_save_modules/_image.py:57: UserWarning: This figure includes Axes that are not compatible with tight_layout, so results might be incorrect.
  obj.savefig(spath, **kwargs)
[90mINFO:   • Embedded metadata: {'scitex': {'version': '2.2.2', 'created_at': '2025-11-19T18:05:02.661200', 'created_with': 'scitex.plt.subplots (mm-control)', 'mode': 'publication', 'axes_size_mm': (40, 28), 'position_in_grid': (0, 0), 'style_mm': {'axis_thickness_mm': 0.2, 'tick_length_mm': 0.8, 'tick_thickness_mm': 0.2, 'trace_thickness_mm': 0.2, 'axis_font_size_pt': 7, 'tick_font_size_pt': 7, 'title_font_size_pt': 8, 'legend_font_size_pt': 6, 'label_pad_pt': 0.5, 'tick_pad_pt': 0.5, 'title_pad_pt': 1.0, 'font_family': 'Arial', 'n_ticks': 4, 'font_family_requested': 'Arial', 'font_family_actual': 'Arial'}}, 'matplotlib': {'version': '3.10.3'}, 'dimensions': {'figure_size_mm': (np.float64(80.0), np.float64(68.0)), 'figure_size_inch': (np.float64(3.1496062992125986), np.float64(2.677165354330709)), 'figure_size_px': (944, 803), 'axes_size_mm': (np.float64(40.0), np.float64(27.999999999999993)), 'axes_size_inch': (np.float64(1.5748031496062993), np.float64(1.1023622047244093)), 'axes_size_px': (472, 330), 'axes_position': (np.float64(0.25), np.float64(0.29411764705882354), np.float64(0.5), np.float64(0.41176470588235287)), 'dpi': 300}, 'margins_mm': {'left': np.float64(20.0), 'bottom': np.float64(20.0), 'right': np.float64(20.0), 'top': np.float64(20.000000000000007)}, 'url': 'https://scitex.ai'}[0m
[90mINFO:   • Auto-cropped with 1.0mm margin (11px at 300 DPI)[0m
[32mSUCC: Saved to: ./../scitex-code/examples/demo_plot_all_types_publication_out/publication/01_matplotlib_basic/03_bar.csv (142.0 B)[0m
[32mSUCC: Saved to: ./../scitex-code/examples/demo_plot_all_types_publication_out/publication/01_matplotlib_basic/03_bar.png (1.1 MiB)[0m
[90mINFO:   • Auto-collected metadata from figure[0m
[90mINFO: 📝 Saving figure with metadata to: /home/ywatanabe/proj/scitex-code/examples/demo_plot_all_types_publication_out/publication/01_matplotlib_basic/03_bar.pdf[0m
[90mINFO:   • Auto-added URL: https://scitex.ai[0m
/home/ywatanabe/proj/scitex-code/src/scitex/io/_save_modules/_image.py:172: UserWarning: This figure includes Axes that are not compatible with tight_layout, so results might be incorrect.
  obj.savefig(spath, **save_kwargs)
[90mINFO:   • Embedded metadata: {'scitex': {'version': '2.2.2', 'created_at': '2025-11-19T18:05:02.996076', 'created_with': 'scitex.plt.subplots (mm-control)', 'mode': 'publication', 'axes_size_mm': (40, 28), 'position_in_grid': (0, 0), 'style_mm': {'axis_thickness_mm': 0.2, 'tick_length_mm': 0.8, 'tick_thickness_mm': 0.2, 'trace_thickness_mm': 0.2, 'axis_font_size_pt': 7, 'tick_font_size_pt': 7, 'title_font_size_pt': 8, 'legend_font_size_pt': 6, 'label_pad_pt': 0.5, 'tick_pad_pt': 0.5, 'title_pad_pt': 1.0, 'font_family': 'Arial', 'n_ticks': 4, 'font_family_requested': 'Arial', 'font_family_actual': 'Arial'}}, 'matplotlib': {'version': '3.10.3'}, 'dimensions': {'figure_size_mm': (np.float64(80.0), np.float64(68.0)), 'figure_size_inch': (np.float64(3.1496062992125986), np.float64(2.677165354330709)), 'figure_size_px': (944, 803), 'axes_size_mm': (np.float64(40.0), np.float64(27.999999999999993)), 'axes_size_inch': (np.float64(1.5748031496062993), np.float64(1.1023622047244093)), 'axes_size_px': (472, 330), 'axes_position': (np.float64(0.25), np.float64(0.29411764705882354), np.float64(0.5), np.float64(0.41176470588235287)), 'dpi': 300}, 'margins_mm': {'left': np.float64(20.0), 'bottom': np.float64(20.0), 'right': np.float64(20.0), 'top': np.float64(20.000000000000007)}, 'url': 'https://scitex.ai'}[0m
[32mSUCC: Saved to: ./../scitex-code/examples/demo_plot_all_types_publication_out/publication/01_matplotlib_basic/03_bar.csv (142.0 B)[0m
[32mSUCC: Saved to: ./../scitex-code/examples/demo_plot_all_types_publication_out/publication/01_matplotlib_basic/03_bar.pdf (15.4 KiB)[0m
[90mINFO:   • Auto-collected metadata from figure[0m
[90mINFO: 📝 Saving figure with metadata to: /home/ywatanabe/proj/scitex-code/examples/demo_plot_all_types_publication_out/publication/01_matplotlib_basic/04_hist.png[0m
[90mINFO:   • Auto-added URL: https://scitex.ai[0m
/home/ywatanabe/proj/scitex-code/src/scitex/io/_save_modules/_image.py:57: UserWarning: This figure includes Axes that are not compatible with tight_layout, so results might be incorrect.
  obj.savefig(spath, **kwargs)
[90mINFO:   • Embedded metadata: {'scitex': {'version': '2.2.2', 'created_at': '2025-11-19T18:05:03.291224', 'created_with': 'scitex.plt.subplots (mm-control)', 'mode': 'publication', 'axes_size_mm': (40, 28), 'position_in_grid': (0, 0), 'style_mm': {'axis_thickness_mm': 0.2, 'tick_length_mm': 0.8, 'tick_thickness_mm': 0.2, 'trace_thickness_mm': 0.2, 'axis_font_size_pt': 7, 'tick_font_size_pt': 7, 'title_font_size_pt': 8, 'legend_font_size_pt': 6, 'label_pad_pt': 0.5, 'tick_pad_pt': 0.5, 'title_pad_pt': 1.0, 'font_family': 'Arial', 'n_ticks': 4, 'font_family_requested': 'Arial', 'font_family_actual': 'Arial'}}, 'matplotlib': {'version': '3.10.3'}, 'dimensions': {'figure_size_mm': (np.float64(80.0), np.float64(68.0)), 'figure_size_inch': (np.float64(3.1496062992125986), np.float64(2.677165354330709)), 'figure_size_px': (944, 803), 'axes_size_mm': (np.float64(40.0), np.float64(27.999999999999993)), 'axes_size_inch': (np.float64(1.5748031496062993), np.float64(1.1023622047244093)), 'axes_size_px': (472, 330), 'axes_position': (np.float64(0.25), np.float64(0.29411764705882354), np.float64(0.5), np.float64(0.41176470588235287)), 'dpi': 300}, 'margins_mm': {'left': np.float64(20.0), 'bottom': np.float64(20.0), 'right': np.float64(20.0), 'top': np.float64(20.000000000000007)}, 'url': 'https://scitex.ai'}[0m
[90mINFO:   • Auto-cropped with 1.0mm margin (11px at 300 DPI)[0m
[32mSUCC: Saved to: ./../scitex-code/examples/demo_plot_all_types_publication_out/publication/01_matplotlib_basic/04_hist.csv (31.4 KiB)[0m
[32mSUCC: Saved to: ./../scitex-code/examples/demo_plot_all_types_publication_out/publication/01_matplotlib_basic/04_hist.png (1.1 MiB)[0m
[90mINFO:   • Auto-collected metadata from figure[0m
[90mINFO: 📝 Saving figure with metadata to: /home/ywatanabe/proj/scitex-code/examples/demo_plot_all_types_publication_out/publication/01_matplotlib_basic/04_hist.pdf[0m
[90mINFO:   • Auto-added URL: https://scitex.ai[0m
/home/ywatanabe/proj/scitex-code/src/scitex/io/_save_modules/_image.py:172: UserWarning: This figure includes Axes that are not compatible with tight_layout, so results might be incorrect.
  obj.savefig(spath, **save_kwargs)
[90mINFO:   • Embedded metadata: {'scitex': {'version': '2.2.2', 'created_at': '2025-11-19T18:05:03.849266', 'created_with': 'scitex.plt.subplots (mm-control)', 'mode': 'publication', 'axes_size_mm': (40, 28), 'position_in_grid': (0, 0), 'style_mm': {'axis_thickness_mm': 0.2, 'tick_length_mm': 0.8, 'tick_thickness_mm': 0.2, 'trace_thickness_mm': 0.2, 'axis_font_size_pt': 7, 'tick_font_size_pt': 7, 'title_font_size_pt': 8, 'legend_font_size_pt': 6, 'label_pad_pt': 0.5, 'tick_pad_pt': 0.5, 'title_pad_pt': 1.0, 'font_family': 'Arial', 'n_ticks': 4, 'font_family_requested': 'Arial', 'font_family_actual': 'Arial'}}, 'matplotlib': {'version': '3.10.3'}, 'dimensions': {'figure_size_mm': (np.float64(80.0), np.float64(68.0)), 'figure_size_inch': (np.float64(3.1496062992125986), np.float64(2.677165354330709)), 'figure_size_px': (944, 803), 'axes_size_mm': (np.float64(40.0), np.float64(27.999999999999993)), 'axes_size_inch': (np.float64(1.5748031496062993), np.float64(1.1023622047244093)), 'axes_size_px': (472, 330), 'axes_position': (np.float64(0.25), np.float64(0.29411764705882354), np.float64(0.5), np.float64(0.41176470588235287)), 'dpi': 300}, 'margins_mm': {'left': np.float64(20.0), 'bottom': np.float64(20.0), 'right': np.float64(20.0), 'top': np.float64(20.000000000000007)}, 'url': 'https://scitex.ai'}[0m
[32mSUCC: Saved to: ./../scitex-code/examples/demo_plot_all_types_publication_out/publication/01_matplotlib_basic/04_hist.csv (31.4 KiB)[0m
[32mSUCC: Saved to: ./../scitex-code/examples/demo_plot_all_types_publication_out/publication/01_matplotlib_basic/04_hist.pdf (17.1 KiB)[0m
[90mINFO:   • Auto-collected metadata from figure[0m
[90mINFO: 📝 Saving figure with metadata to: /home/ywatanabe/proj/scitex-code/examples/demo_plot_all_types_publication_out/publication/01_matplotlib_basic/05_boxplot.png[0m
[90mINFO:   • Auto-added URL: https://scitex.ai[0m
/home/ywatanabe/proj/scitex-code/src/scitex/io/_save_modules/_image.py:57: UserWarning: This figure includes Axes that are not compatible with tight_layout, so results might be incorrect.
  obj.savefig(spath, **kwargs)
[90mINFO:   • Embedded metadata: {'scitex': {'version': '2.2.2', 'created_at': '2025-11-19T18:05:04.444191', 'created_with': 'scitex.plt.subplots (mm-control)', 'mode': 'publication', 'axes_size_mm': (40, 28), 'position_in_grid': (0, 0), 'style_mm': {'axis_thickness_mm': 0.2, 'tick_length_mm': 0.8, 'tick_thickness_mm': 0.2, 'trace_thickness_mm': 0.2, 'axis_font_size_pt': 7, 'tick_font_size_pt': 7, 'title_font_size_pt': 8, 'legend_font_size_pt': 6, 'label_pad_pt': 0.5, 'tick_pad_pt': 0.5, 'title_pad_pt': 1.0, 'font_family': 'Arial', 'n_ticks': 4, 'font_family_requested': 'Arial', 'font_family_actual': 'Arial'}}, 'matplotlib': {'version': '3.10.3'}, 'dimensions': {'figure_size_mm': (np.float64(80.0), np.float64(68.0)), 'figure_size_inch': (np.float64(3.1496062992125986), np.float64(2.677165354330709)), 'figure_size_px': (944, 803), 'axes_size_mm': (np.float64(40.0), np.float64(27.999999999999993)), 'axes_size_inch': (np.float64(1.5748031496062993), np.float64(1.1023622047244093)), 'axes_size_px': (472, 330), 'axes_position': (np.float64(0.25), np.float64(0.29411764705882354), np.float64(0.5), np.float64(0.41176470588235287)), 'dpi': 300}, 'margins_mm': {'left': np.float64(20.0), 'bottom': np.float64(20.0), 'right': np.float64(20.0), 'top': np.float64(20.000000000000007)}, 'url': 'https://scitex.ai'}[0m
[90mINFO:   • Auto-cropped with 1.0mm margin (11px at 300 DPI)[0m
[32mSUCC: Saved to: ./../scitex-code/examples/demo_plot_all_types_publication_out/publication/01_matplotlib_basic/05_boxplot.csv (5.6 KiB)[0m
[32mSUCC: Saved to: ./../scitex-code/examples/demo_plot_all_types_publication_out/publication/01_matplotlib_basic/05_boxplot.png (1021.6 KiB)[0m
[90mINFO:   • Auto-collected metadata from figure[0m
[90mINFO: 📝 Saving figure with metadata to: /home/ywatanabe/proj/scitex-code/examples/demo_plot_all_types_publication_out/publication/01_matplotlib_basic/05_boxplot.pdf[0m
[90mINFO:   • Auto-added URL: https://scitex.ai[0m
/home/ywatanabe/proj/scitex-code/src/scitex/io/_save_modules/_image.py:172: UserWarning: This figure includes Axes that are not compatible with tight_layout, so results might be incorrect.
  obj.savefig(spath, **save_kwargs)
[90mINFO:   • Embedded metadata: {'scitex': {'version': '2.2.2', 'created_at': '2025-11-19T18:05:04.771837', 'created_with': 'scitex.plt.subplots (mm-control)', 'mode': 'publication', 'axes_size_mm': (40, 28), 'position_in_grid': (0, 0), 'style_mm': {'axis_thickness_mm': 0.2, 'tick_length_mm': 0.8, 'tick_thickness_mm': 0.2, 'trace_thickness_mm': 0.2, 'axis_font_size_pt': 7, 'tick_font_size_pt': 7, 'title_font_size_pt': 8, 'legend_font_size_pt': 6, 'label_pad_pt': 0.5, 'tick_pad_pt': 0.5, 'title_pad_pt': 1.0, 'font_family': 'Arial', 'n_ticks': 4, 'font_family_requested': 'Arial', 'font_family_actual': 'Arial'}}, 'matplotlib': {'version': '3.10.3'}, 'dimensions': {'figure_size_mm': (np.float64(80.0), np.float64(68.0)), 'figure_size_inch': (np.float64(3.1496062992125986), np.float64(2.677165354330709)), 'figure_size_px': (944, 803), 'axes_size_mm': (np.float64(40.0), np.float64(27.999999999999993)), 'axes_size_inch': (np.float64(1.5748031496062993), np.float64(1.1023622047244093)), 'axes_size_px': (472, 330), 'axes_position': (np.float64(0.25), np.float64(0.29411764705882354), np.float64(0.5), np.float64(0.41176470588235287)), 'dpi': 300}, 'margins_mm': {'left': np.float64(20.0), 'bottom': np.float64(20.0), 'right': np.float64(20.0), 'top': np.float64(20.000000000000007)}, 'url': 'https://scitex.ai'}[0m
[32mSUCC: Saved to: ./../scitex-code/examples/demo_plot_all_types_publication_out/publication/01_matplotlib_basic/05_boxplot.csv (5.6 KiB)[0m
[32mSUCC: Saved to: ./../scitex-code/examples/demo_plot_all_types_publication_out/publication/01_matplotlib_basic/05_boxplot.pdf (14.4 KiB)[0m
[90mINFO:   • Auto-collected metadata from figure[0m
[90mINFO: 📝 Saving figure with metadata to: /home/ywatanabe/proj/scitex-code/examples/demo_plot_all_types_publication_out/publication/01_matplotlib_basic/06_errorbar.png[0m
[90mINFO:   • Auto-added URL: https://scitex.ai[0m
/home/ywatanabe/proj/scitex-code/src/scitex/io/_save_modules/_image.py:57: UserWarning: This figure includes Axes that are not compatible with tight_layout, so results might be incorrect.
  obj.savefig(spath, **kwargs)
[90mINFO:   • Embedded metadata: {'scitex': {'version': '2.2.2', 'created_at': '2025-11-19T18:05:04.956007', 'created_with': 'scitex.plt.subplots (mm-control)', 'mode': 'publication', 'axes_size_mm': (40, 28), 'position_in_grid': (0, 0), 'style_mm': {'axis_thickness_mm': 0.2, 'tick_length_mm': 0.8, 'tick_thickness_mm': 0.2, 'trace_thickness_mm': 0.2, 'axis_font_size_pt': 7, 'tick_font_size_pt': 7, 'title_font_size_pt': 8, 'legend_font_size_pt': 6, 'label_pad_pt': 0.5, 'tick_pad_pt': 0.5, 'title_pad_pt': 1.0, 'font_family': 'Arial', 'n_ticks': 4, 'font_family_requested': 'Arial', 'font_family_actual': 'Arial'}}, 'matplotlib': {'version': '3.10.3'}, 'dimensions': {'figure_size_mm': (np.float64(80.0), np.float64(68.0)), 'figure_size_inch': (np.float64(3.1496062992125986), np.float64(2.677165354330709)), 'figure_size_px': (944, 803), 'axes_size_mm': (np.float64(40.0), np.float64(27.999999999999993)), 'axes_size_inch': (np.float64(1.5748031496062993), np.float64(1.1023622047244093)), 'axes_size_px': (472, 330), 'axes_position': (np.float64(0.25), np.float64(0.29411764705882354), np.float64(0.5), np.float64(0.41176470588235287)), 'dpi': 300}, 'margins_mm': {'left': np.float64(20.0), 'bottom': np.float64(20.0), 'right': np.float64(20.0), 'top': np.float64(20.000000000000007)}, 'url': 'https://scitex.ai'}[0m
[90mINFO:   • Auto-cropped with 1.0mm margin (11px at 300 DPI)[0m
[32mSUCC: Saved to: ./../scitex-code/examples/demo_plot_all_types_publication_out/publication/01_matplotlib_basic/06_errorbar.csv (885.0 B)[0m
[32mSUCC: Saved to: ./../scitex-code/examples/demo_plot_all_types_publication_out/publication/01_matplotlib_basic/06_errorbar.png (1021.6 KiB)[0m
[90mINFO:   • Auto-collected metadata from figure[0m
[90mINFO: 📝 Saving figure with metadata to: /home/ywatanabe/proj/scitex-code/examples/demo_plot_all_types_publication_out/publication/01_matplotlib_basic/06_errorbar.pdf[0m
[90mINFO:   • Auto-added URL: https://scitex.ai[0m
/home/ywatanabe/proj/scitex-code/src/scitex/io/_save_modules/_image.py:172: UserWarning: This figure includes Axes that are not compatible with tight_layout, so results might be incorrect.
  obj.savefig(spath, **save_kwargs)
[90mINFO:   • Embedded metadata: {'scitex': {'version': '2.2.2', 'created_at': '2025-11-19T18:05:05.317009', 'created_with': 'scitex.plt.subplots (mm-control)', 'mode': 'publication', 'axes_size_mm': (40, 28), 'position_in_grid': (0, 0), 'style_mm': {'axis_thickness_mm': 0.2, 'tick_length_mm': 0.8, 'tick_thickness_mm': 0.2, 'trace_thickness_mm': 0.2, 'axis_font_size_pt': 7, 'tick_font_size_pt': 7, 'title_font_size_pt': 8, 'legend_font_size_pt': 6, 'label_pad_pt': 0.5, 'tick_pad_pt': 0.5, 'title_pad_pt': 1.0, 'font_family': 'Arial', 'n_ticks': 4, 'font_family_requested': 'Arial', 'font_family_actual': 'Arial'}}, 'matplotlib': {'version': '3.10.3'}, 'dimensions': {'figure_size_mm': (np.float64(80.0), np.float64(68.0)), 'figure_size_inch': (np.float64(3.1496062992125986), np.float64(2.677165354330709)), 'figure_size_px': (944, 803), 'axes_size_mm': (np.float64(40.0), np.float64(27.999999999999993)), 'axes_size_inch': (np.float64(1.5748031496062993), np.float64(1.1023622047244093)), 'axes_size_px': (472, 330), 'axes_position': (np.float64(0.25), np.float64(0.29411764705882354), np.float64(0.5), np.float64(0.41176470588235287)), 'dpi': 300}, 'margins_mm': {'left': np.float64(20.0), 'bottom': np.float64(20.0), 'right': np.float64(20.0), 'top': np.float64(20.000000000000007)}, 'url': 'https://scitex.ai'}[0m
[32mSUCC: Saved to: ./../scitex-code/examples/demo_plot_all_types_publication_out/publication/01_matplotlib_basic/06_errorbar.csv (885.0 B)[0m
[32mSUCC: Saved to: ./../scitex-code/examples/demo_plot_all_types_publication_out/publication/01_matplotlib_basic/06_errorbar.pdf (16.9 KiB)[0m
[90mINFO:   • Auto-collected metadata from figure[0m
[90mINFO: 📝 Saving figure with metadata to: /home/ywatanabe/proj/scitex-code/examples/demo_plot_all_types_publication_out/publication/01_matplotlib_basic/07_barh.png[0m
[90mINFO:   • Auto-added URL: https://scitex.ai[0m
/home/ywatanabe/proj/scitex-code/src/scitex/io/_save_modules/_image.py:57: UserWarning: This figure includes Axes that are not compatible with tight_layout, so results might be incorrect.
  obj.savefig(spath, **kwargs)
[90mINFO:   • Embedded metadata: {'scitex': {'version': '2.2.2', 'created_at': '2025-11-19T18:05:05.581325', 'created_with': 'scitex.plt.subplots (mm-control)', 'mode': 'publication', 'axes_size_mm': (40, 28), 'position_in_grid': (0, 0), 'style_mm': {'axis_thickness_mm': 0.2, 'tick_length_mm': 0.8, 'tick_thickness_mm': 0.2, 'trace_thickness_mm': 0.2, 'axis_font_size_pt': 7, 'tick_font_size_pt': 7, 'title_font_size_pt': 8, 'legend_font_size_pt': 6, 'label_pad_pt': 0.5, 'tick_pad_pt': 0.5, 'title_pad_pt': 1.0, 'font_family': 'Arial', 'n_ticks': 4, 'font_family_requested': 'Arial', 'font_family_actual': 'Arial'}}, 'matplotlib': {'version': '3.10.3'}, 'dimensions': {'figure_size_mm': (np.float64(80.0), np.float64(68.0)), 'figure_size_inch': (np.float64(3.1496062992125986), np.float64(2.677165354330709)), 'figure_size_px': (944, 803), 'axes_size_mm': (np.float64(40.0), np.float64(27.999999999999993)), 'axes_size_inch': (np.float64(1.5748031496062993), np.float64(1.1023622047244093)), 'axes_size_px': (472, 330), 'axes_position': (np.float64(0.25), np.float64(0.29411764705882354), np.float64(0.5), np.float64(0.41176470588235287)), 'dpi': 300}, 'margins_mm': {'left': np.float64(20.0), 'bottom': np.float64(20.0), 'right': np.float64(20.0), 'top': np.float64(20.000000000000007)}, 'url': 'https://scitex.ai'}[0m
[90mINFO:   • Auto-cropped with 1.0mm margin (11px at 300 DPI)[0m
[32mSUCC: Saved to: ./../scitex-code/examples/demo_plot_all_types_publication_out/publication/01_matplotlib_basic/07_barh.csv (84.0 B)[0m
[32mSUCC: Saved to: ./../scitex-code/examples/demo_plot_all_types_publication_out/publication/01_matplotlib_basic/07_barh.png (1.2 MiB)[0m
[90mINFO:   • Auto-collected metadata from figure[0m
[90mINFO: 📝 Saving figure with metadata to: /home/ywatanabe/proj/scitex-code/examples/demo_plot_all_types_publication_out/publication/01_matplotlib_basic/07_barh.pdf[0m
[90mINFO:   • Auto-added URL: https://scitex.ai[0m
/home/ywatanabe/proj/scitex-code/src/scitex/io/_save_modules/_image.py:172: UserWarning: This figure includes Axes that are not compatible with tight_layout, so results might be incorrect.
  obj.savefig(spath, **save_kwargs)
[90mINFO:   • Embedded metadata: {'scitex': {'version': '2.2.2', 'created_at': '2025-11-19T18:05:05.954398', 'created_with': 'scitex.plt.subplots (mm-control)', 'mode': 'publication', 'axes_size_mm': (40, 28), 'position_in_grid': (0, 0), 'style_mm': {'axis_thickness_mm': 0.2, 'tick_length_mm': 0.8, 'tick_thickness_mm': 0.2, 'trace_thickness_mm': 0.2, 'axis_font_size_pt': 7, 'tick_font_size_pt': 7, 'title_font_size_pt': 8, 'legend_font_size_pt': 6, 'label_pad_pt': 0.5, 'tick_pad_pt': 0.5, 'title_pad_pt': 1.0, 'font_family': 'Arial', 'n_ticks': 4, 'font_family_requested': 'Arial', 'font_family_actual': 'Arial'}}, 'matplotlib': {'version': '3.10.3'}, 'dimensions': {'figure_size_mm': (np.float64(80.0), np.float64(68.0)), 'figure_size_inch': (np.float64(3.1496062992125986), np.float64(2.677165354330709)), 'figure_size_px': (944, 803), 'axes_size_mm': (np.float64(40.0), np.float64(27.999999999999993)), 'axes_size_inch': (np.float64(1.5748031496062993), np.float64(1.1023622047244093)), 'axes_size_px': (472, 330), 'axes_position': (np.float64(0.25), np.float64(0.29411764705882354), np.float64(0.5), np.float64(0.41176470588235287)), 'dpi': 300}, 'margins_mm': {'left': np.float64(20.0), 'bottom': np.float64(20.0), 'right': np.float64(20.0), 'top': np.float64(20.000000000000007)}, 'url': 'https://scitex.ai'}[0m
[32mSUCC: Saved to: ./../scitex-code/examples/demo_plot_all_types_publication_out/publication/01_matplotlib_basic/07_barh.csv (84.0 B)[0m
[32mSUCC: Saved to: ./../scitex-code/examples/demo_plot_all_types_publication_out/publication/01_matplotlib_basic/07_barh.pdf (14.8 KiB)[0m
[90mINFO:   • Auto-collected metadata from figure[0m
[90mINFO: 📝 Saving figure with metadata to: /home/ywatanabe/proj/scitex-code/examples/demo_plot_all_types_publication_out/publication/01_matplotlib_basic/08_fill_between.png[0m
[90mINFO:   • Auto-added URL: https://scitex.ai[0m
/home/ywatanabe/proj/scitex-code/src/scitex/io/_save_modules/_image.py:57: UserWarning: This figure includes Axes that are not compatible with tight_layout, so results might be incorrect.
  obj.savefig(spath, **kwargs)
[90mINFO:   • Embedded metadata: {'scitex': {'version': '2.2.2', 'created_at': '2025-11-19T18:05:06.102117', 'created_with': 'scitex.plt.subplots (mm-control)', 'mode': 'publication', 'axes_size_mm': (40, 28), 'position_in_grid': (0, 0), 'style_mm': {'axis_thickness_mm': 0.2, 'tick_length_mm': 0.8, 'tick_thickness_mm': 0.2, 'trace_thickness_mm': 0.2, 'axis_font_size_pt': 7, 'tick_font_size_pt': 7, 'title_font_size_pt': 8, 'legend_font_size_pt': 6, 'label_pad_pt': 0.5, 'tick_pad_pt': 0.5, 'title_pad_pt': 1.0, 'font_family': 'Arial', 'n_ticks': 4, 'font_family_requested': 'Arial', 'font_family_actual': 'Arial'}}, 'matplotlib': {'version': '3.10.3'}, 'dimensions': {'figure_size_mm': (np.float64(80.0), np.float64(68.0)), 'figure_size_inch': (np.float64(3.1496062992125986), np.float64(2.677165354330709)), 'figure_size_px': (944, 803), 'axes_size_mm': (np.float64(40.0), np.float64(27.999999999999993)), 'axes_size_inch': (np.float64(1.5748031496062993), np.float64(1.1023622047244093)), 'axes_size_px': (472, 330), 'axes_position': (np.float64(0.25), np.float64(0.29411764705882354), np.float64(0.5), np.float64(0.41176470588235287)), 'dpi': 300}, 'margins_mm': {'left': np.float64(20.0), 'bottom': np.float64(20.0), 'right': np.float64(20.0), 'top': np.float64(20.000000000000007)}, 'url': 'https://scitex.ai'}[0m
[90mINFO:   • Auto-cropped with 1.0mm margin (11px at 300 DPI)[0m
[32mSUCC: Saved to: ./../scitex-code/examples/demo_plot_all_types_publication_out/publication/01_matplotlib_basic/08_fill_between.csv (5.7 KiB)[0m
[32mSUCC: Saved to: ./../scitex-code/examples/demo_plot_all_types_publication_out/publication/01_matplotlib_basic/08_fill_between.png (1.1 MiB)[0m
[90mINFO:   • Auto-collected metadata from figure[0m
[90mINFO: 📝 Saving figure with metadata to: /home/ywatanabe/proj/scitex-code/examples/demo_plot_all_types_publication_out/publication/01_matplotlib_basic/08_fill_between.pdf[0m
[90mINFO:   • Auto-added URL: https://scitex.ai[0m
/home/ywatanabe/proj/scitex-code/src/scitex/io/_save_modules/_image.py:172: UserWarning: This figure includes Axes that are not compatible with tight_layout, so results might be incorrect.
  obj.savefig(spath, **save_kwargs)
[90mINFO:   • Embedded metadata: {'scitex': {'version': '2.2.2', 'created_at': '2025-11-19T18:05:06.451315', 'created_with': 'scitex.plt.subplots (mm-control)', 'mode': 'publication', 'axes_size_mm': (40, 28), 'position_in_grid': (0, 0), 'style_mm': {'axis_thickness_mm': 0.2, 'tick_length_mm': 0.8, 'tick_thickness_mm': 0.2, 'trace_thickness_mm': 0.2, 'axis_font_size_pt': 7, 'tick_font_size_pt': 7, 'title_font_size_pt': 8, 'legend_font_size_pt': 6, 'label_pad_pt': 0.5, 'tick_pad_pt': 0.5, 'title_pad_pt': 1.0, 'font_family': 'Arial', 'n_ticks': 4, 'font_family_requested': 'Arial', 'font_family_actual': 'Arial'}}, 'matplotlib': {'version': '3.10.3'}, 'dimensions': {'figure_size_mm': (np.float64(80.0), np.float64(68.0)), 'figure_size_inch': (np.float64(3.1496062992125986), np.float64(2.677165354330709)), 'figure_size_px': (944, 803), 'axes_size_mm': (np.float64(40.0), np.float64(27.999999999999993)), 'axes_size_inch': (np.float64(1.5748031496062993), np.float64(1.1023622047244093)), 'axes_size_px': (472, 330), 'axes_position': (np.float64(0.25), np.float64(0.29411764705882354), np.float64(0.5), np.float64(0.41176470588235287)), 'dpi': 300}, 'margins_mm': {'left': np.float64(20.0), 'bottom': np.float64(20.0), 'right': np.float64(20.0), 'top': np.float64(20.000000000000007)}, 'url': 'https://scitex.ai'}[0m
[32mSUCC: Saved to: ./../scitex-code/examples/demo_plot_all_types_publication_out/publication/01_matplotlib_basic/08_fill_between.csv (5.7 KiB)[0m
[32mSUCC: Saved to: ./../scitex-code/examples/demo_plot_all_types_publication_out/publication/01_matplotlib_basic/08_fill_between.pdf (18.9 KiB)[0m
[90mINFO:   • Auto-collected metadata from figure[0m
[90mINFO: 📝 Saving figure with metadata to: /home/ywatanabe/proj/scitex-code/examples/demo_plot_all_types_publication_out/publication/01_matplotlib_basic/09_imshow.png[0m
[90mINFO:   • Auto-added URL: https://scitex.ai[0m
/home/ywatanabe/proj/scitex-code/src/scitex/io/_save_modules/_image.py:57: UserWarning: This figure includes Axes that are not compatible with tight_layout, so results might be incorrect.
  obj.savefig(spath, **kwargs)
[90mINFO:   • Embedded metadata: {'scitex': {'version': '2.2.2', 'created_at': '2025-11-19T18:05:06.682393', 'created_with': 'scitex.plt.subplots (mm-control)', 'mode': 'publication', 'axes_size_mm': (40, 30), 'position_in_grid': (0, 0), 'style_mm': {'axis_thickness_mm': 0.2, 'tick_length_mm': 0.8, 'tick_thickness_mm': 0.2, 'trace_thickness_mm': 0.2, 'axis_font_size_pt': 7, 'tick_font_size_pt': 7, 'title_font_size_pt': 8, 'legend_font_size_pt': 6, 'label_pad_pt': 0.5, 'tick_pad_pt': 0.5, 'title_pad_pt': 1.0, 'font_family': 'Arial', 'n_ticks': 4, 'font_family_requested': 'Arial', 'font_family_actual': 'Arial'}}, 'matplotlib': {'version': '3.10.3'}, 'dimensions': {'figure_size_mm': (np.float64(80.0), np.float64(70.0)), 'figure_size_inch': (np.float64(3.1496062992125986), np.float64(2.7559055118110236)), 'figure_size_px': (944, 826), 'axes_size_mm': (np.float64(31.999999999999993), np.float64(29.99999999999999)), 'axes_size_inch': (np.float64(1.2598425196850391), np.float64(1.181102362204724)), 'axes_size_px': (377, 354), 'axes_position': (np.float64(0.25), np.float64(0.2857142857142857), np.float64(0.3999999999999999), np.float64(0.4285714285714285)), 'dpi': 300}, 'margins_mm': {'left': np.float64(20.0), 'bottom': np.float64(20.0), 'right': np.float64(28.000000000000007), 'top': np.float64(20.000000000000014)}, 'url': 'https://scitex.ai'}[0m
[90mINFO:   • Auto-cropped with 1.0mm margin (11px at 300 DPI)[0m
/home/ywatanabe/proj/scitex-code/src/scitex/plt/_subplots/_AxisWrapperMixins/_TrackingMixin.py:113: UserWarning: Matplotlib method 'imshow()' does not support full data tracking for CSV export. Consider using 'ax.plot_imshow()' instead for better data export support.
  df = _export_as_csv(self.history)
[32mSUCC: Saved to: ./../scitex-code/examples/demo_plot_all_types_publication_out/publication/01_matplotlib_basic/09_imshow.png (1.2 MiB)[0m
[90mINFO:   • Auto-collected metadata from figure[0m
[90mINFO: 📝 Saving figure with metadata to: /home/ywatanabe/proj/scitex-code/examples/demo_plot_all_types_publication_out/publication/01_matplotlib_basic/09_imshow.pdf[0m
[90mINFO:   • Auto-added URL: https://scitex.ai[0m
/home/ywatanabe/proj/scitex-code/src/scitex/io/_save_modules/_image.py:172: UserWarning: This figure includes Axes that are not compatible with tight_layout, so results might be incorrect.
  obj.savefig(spath, **save_kwargs)
[90mINFO:   • Embedded metadata: {'scitex': {'version': '2.2.2', 'created_at': '2025-11-19T18:05:07.049813', 'created_with': 'scitex.plt.subplots (mm-control)', 'mode': 'publication', 'axes_size_mm': (40, 30), 'position_in_grid': (0, 0), 'style_mm': {'axis_thickness_mm': 0.2, 'tick_length_mm': 0.8, 'tick_thickness_mm': 0.2, 'trace_thickness_mm': 0.2, 'axis_font_size_pt': 7, 'tick_font_size_pt': 7, 'title_font_size_pt': 8, 'legend_font_size_pt': 6, 'label_pad_pt': 0.5, 'tick_pad_pt': 0.5, 'title_pad_pt': 1.0, 'font_family': 'Arial', 'n_ticks': 4, 'font_family_requested': 'Arial', 'font_family_actual': 'Arial'}}, 'matplotlib': {'version': '3.10.3'}, 'dimensions': {'figure_size_mm': (np.float64(80.0), np.float64(70.0)), 'figure_size_inch': (np.float64(3.1496062992125986), np.float64(2.7559055118110236)), 'figure_size_px': (944, 826), 'axes_size_mm': (np.float64(31.999999999999993), np.float64(29.99999999999999)), 'axes_size_inch': (np.float64(1.2598425196850391), np.float64(1.181102362204724)), 'axes_size_px': (377, 354), 'axes_position': (np.float64(0.25), np.float64(0.2857142857142857), np.float64(0.3999999999999999), np.float64(0.4285714285714285)), 'dpi': 300}, 'margins_mm': {'left': np.float64(20.0), 'bottom': np.float64(20.0), 'right': np.float64(28.000000000000007), 'top': np.float64(20.000000000000014)}, 'url': 'https://scitex.ai'}[0m
[32mSUCC: Saved to: ./../scitex-code/examples/demo_plot_all_types_publication_out/publication/01_matplotlib_basic/09_imshow.pdf (19.6 KiB)[0m
[90mINFO:   • Auto-collected metadata from figure[0m
[90mINFO: 📝 Saving figure with metadata to: /home/ywatanabe/proj/scitex-code/examples/demo_plot_all_types_publication_out/publication/01_matplotlib_basic/10_contour.png[0m
[90mINFO:   • Auto-added URL: https://scitex.ai[0m
/home/ywatanabe/proj/scitex-code/src/scitex/io/_save_modules/_image.py:57: UserWarning: This figure includes Axes that are not compatible with tight_layout, so results might be incorrect.
  obj.savefig(spath, **kwargs)
[90mINFO:   • Embedded metadata: {'scitex': {'version': '2.2.2', 'created_at': '2025-11-19T18:05:07.332589', 'created_with': 'scitex.plt.subplots (mm-control)', 'mode': 'publication', 'axes_size_mm': (40, 28), 'position_in_grid': (0, 0), 'style_mm': {'axis_thickness_mm': 0.2, 'tick_length_mm': 0.8, 'tick_thickness_mm': 0.2, 'trace_thickness_mm': 0.2, 'axis_font_size_pt': 7, 'tick_font_size_pt': 7, 'title_font_size_pt': 8, 'legend_font_size_pt': 6, 'label_pad_pt': 0.5, 'tick_pad_pt': 0.5, 'title_pad_pt': 1.0, 'font_family': 'Arial', 'n_ticks': 4, 'font_family_requested': 'Arial', 'font_family_actual': 'Arial'}}, 'matplotlib': {'version': '3.10.3'}, 'dimensions': {'figure_size_mm': (np.float64(80.0), np.float64(68.0)), 'figure_size_inch': (np.float64(3.1496062992125986), np.float64(2.677165354330709)), 'figure_size_px': (944, 803), 'axes_size_mm': (np.float64(40.0), np.float64(27.999999999999993)), 'axes_size_inch': (np.float64(1.5748031496062993), np.float64(1.1023622047244093)), 'axes_size_px': (472, 330), 'axes_position': (np.float64(0.25), np.float64(0.29411764705882354), np.float64(0.5), np.float64(0.41176470588235287)), 'dpi': 300}, 'margins_mm': {'left': np.float64(20.0), 'bottom': np.float64(20.0), 'right': np.float64(20.0), 'top': np.float64(20.000000000000007)}, 'url': 'https://scitex.ai'}[0m
[90mINFO:   • Auto-cropped with 1.0mm margin (11px at 300 DPI)[0m
[32mSUCC: Saved to: ./../scitex-code/examples/demo_plot_all_types_publication_out/publication/01_matplotlib_basic/10_contour.csv (2.7 KiB)[0m
[32mSUCC: Saved to: ./../scitex-code/examples/demo_plot_all_types_publication_out/publication/01_matplotlib_basic/10_contour.png (1.0 MiB)[0m
[90mINFO:   • Auto-collected metadata from figure[0m
[90mINFO: 📝 Saving figure with metadata to: /home/ywatanabe/proj/scitex-code/examples/demo_plot_all_types_publication_out/publication/01_matplotlib_basic/10_contour.pdf[0m
[90mINFO:   • Auto-added URL: https://scitex.ai[0m
/home/ywatanabe/proj/scitex-code/src/scitex/io/_save_modules/_image.py:172: UserWarning: This figure includes Axes that are not compatible with tight_layout, so results might be incorrect.
  obj.savefig(spath, **save_kwargs)
[90mINFO:   • Embedded metadata: {'scitex': {'version': '2.2.2', 'created_at': '2025-11-19T18:05:07.675538', 'created_with': 'scitex.plt.subplots (mm-control)', 'mode': 'publication', 'axes_size_mm': (40, 28), 'position_in_grid': (0, 0), 'style_mm': {'axis_thickness_mm': 0.2, 'tick_length_mm': 0.8, 'tick_thickness_mm': 0.2, 'trace_thickness_mm': 0.2, 'axis_font_size_pt': 7, 'tick_font_size_pt': 7, 'title_font_size_pt': 8, 'legend_font_size_pt': 6, 'label_pad_pt': 0.5, 'tick_pad_pt': 0.5, 'title_pad_pt': 1.0, 'font_family': 'Arial', 'n_ticks': 4, 'font_family_requested': 'Arial', 'font_family_actual': 'Arial'}}, 'matplotlib': {'version': '3.10.3'}, 'dimensions': {'figure_size_mm': (np.float64(80.0), np.float64(68.0)), 'figure_size_inch': (np.float64(3.1496062992125986), np.float64(2.677165354330709)), 'figure_size_px': (944, 803), 'axes_size_mm': (np.float64(40.0), np.float64(27.999999999999993)), 'axes_size_inch': (np.float64(1.5748031496062993), np.float64(1.1023622047244093)), 'axes_size_px': (472, 330), 'axes_position': (np.float64(0.25), np.float64(0.29411764705882354), np.float64(0.5), np.float64(0.41176470588235287)), 'dpi': 300}, 'margins_mm': {'left': np.float64(20.0), 'bottom': np.float64(20.0), 'right': np.float64(20.0), 'top': np.float64(20.000000000000007)}, 'url': 'https://scitex.ai'}[0m
[32mSUCC: Saved to: ./../scitex-code/examples/demo_plot_all_types_publication_out/publication/01_matplotlib_basic/10_contour.csv (2.7 KiB)[0m
[32mSUCC: Saved to: ./../scitex-code/examples/demo_plot_all_types_publication_out/publication/01_matplotlib_basic/10_contour.pdf (13.7 KiB)[0m
[90mINFO:   • Auto-collected metadata from figure[0m
[90mINFO: 📝 Saving figure with metadata to: /home/ywatanabe/proj/scitex-code/examples/demo_plot_all_types_publication_out/publication/01_matplotlib_basic/11_violinplot.png[0m
[90mINFO:   • Auto-added URL: https://scitex.ai[0m
/home/ywatanabe/proj/scitex-code/src/scitex/io/_save_modules/_image.py:57: UserWarning: This figure includes Axes that are not compatible with tight_layout, so results might be incorrect.
  obj.savefig(spath, **kwargs)
[90mINFO:   • Embedded metadata: {'scitex': {'version': '2.2.2', 'created_at': '2025-11-19T18:05:07.908928', 'created_with': 'scitex.plt.subplots (mm-control)', 'mode': 'publication', 'axes_size_mm': (40, 28), 'position_in_grid': (0, 0), 'style_mm': {'axis_thickness_mm': 0.2, 'tick_length_mm': 0.8, 'tick_thickness_mm': 0.2, 'trace_thickness_mm': 0.2, 'axis_font_size_pt': 7, 'tick_font_size_pt': 7, 'title_font_size_pt': 8, 'legend_font_size_pt': 6, 'label_pad_pt': 0.5, 'tick_pad_pt': 0.5, 'title_pad_pt': 1.0, 'font_family': 'Arial', 'n_ticks': 4, 'font_family_requested': 'Arial', 'font_family_actual': 'Arial'}}, 'matplotlib': {'version': '3.10.3'}, 'dimensions': {'figure_size_mm': (np.float64(80.0), np.float64(68.0)), 'figure_size_inch': (np.float64(3.1496062992125986), np.float64(2.677165354330709)), 'figure_size_px': (944, 803), 'axes_size_mm': (np.float64(40.0), np.float64(27.999999999999993)), 'axes_size_inch': (np.float64(1.5748031496062993), np.float64(1.1023622047244093)), 'axes_size_px': (472, 330), 'axes_position': (np.float64(0.25), np.float64(0.29411764705882354), np.float64(0.5), np.float64(0.41176470588235287)), 'dpi': 300}, 'margins_mm': {'left': np.float64(20.0), 'bottom': np.float64(20.0), 'right': np.float64(20.0), 'top': np.float64(20.000000000000007)}, 'url': 'https://scitex.ai'}[0m
[90mINFO:   • Auto-cropped with 1.0mm margin (11px at 300 DPI)[0m
[32mSUCC: Saved to: ./../scitex-code/examples/demo_plot_all_types_publication_out/publication/01_matplotlib_basic/11_violinplot.csv (8.3 KiB)[0m
[32mSUCC: Saved to: ./../scitex-code/examples/demo_plot_all_types_publication_out/publication/01_matplotlib_basic/11_violinplot.png (1.1 MiB)[0m
[90mINFO:   • Auto-collected metadata from figure[0m
[90mINFO: 📝 Saving figure with metadata to: /home/ywatanabe/proj/scitex-code/examples/demo_plot_all_types_publication_out/publication/01_matplotlib_basic/11_violinplot.pdf[0m
[90mINFO:   • Auto-added URL: https://scitex.ai[0m
/home/ywatanabe/proj/scitex-code/src/scitex/io/_save_modules/_image.py:172: UserWarning: This figure includes Axes that are not compatible with tight_layout, so results might be incorrect.
  obj.savefig(spath, **save_kwargs)
[90mINFO:   • Embedded metadata: {'scitex': {'version': '2.2.2', 'created_at': '2025-11-19T18:05:08.220269', 'created_with': 'scitex.plt.subplots (mm-control)', 'mode': 'publication', 'axes_size_mm': (40, 28), 'position_in_grid': (0, 0), 'style_mm': {'axis_thickness_mm': 0.2, 'tick_length_mm': 0.8, 'tick_thickness_mm': 0.2, 'trace_thickness_mm': 0.2, 'axis_font_size_pt': 7, 'tick_font_size_pt': 7, 'title_font_size_pt': 8, 'legend_font_size_pt': 6, 'label_pad_pt': 0.5, 'tick_pad_pt': 0.5, 'title_pad_pt': 1.0, 'font_family': 'Arial', 'n_ticks': 4, 'font_family_requested': 'Arial', 'font_family_actual': 'Arial'}}, 'matplotlib': {'version': '3.10.3'}, 'dimensions': {'figure_size_mm': (np.float64(80.0), np.float64(68.0)), 'figure_size_inch': (np.float64(3.1496062992125986), np.float64(2.677165354330709)), 'figure_size_px': (944, 803), 'axes_size_mm': (np.float64(40.0), np.float64(27.999999999999993)), 'axes_size_inch': (np.float64(1.5748031496062993), np.float64(1.1023622047244093)), 'axes_size_px': (472, 330), 'axes_position': (np.float64(0.25), np.float64(0.29411764705882354), np.float64(0.5), np.float64(0.41176470588235287)), 'dpi': 300}, 'margins_mm': {'left': np.float64(20.0), 'bottom': np.float64(20.0), 'right': np.float64(20.0), 'top': np.float64(20.000000000000007)}, 'url': 'https://scitex.ai'}[0m
[32mSUCC: Saved to: ./../scitex-code/examples/demo_plot_all_types_publication_out/publication/01_matplotlib_basic/11_violinplot.csv (8.3 KiB)[0m
[32mSUCC: Saved to: ./../scitex-code/examples/demo_plot_all_types_publication_out/publication/01_matplotlib_basic/11_violinplot.pdf (20.9 KiB)[0m
[90mINFO:   • Auto-collected metadata from figure[0m
[90mINFO: 📝 Saving figure with metadata to: /home/ywatanabe/proj/scitex-code/examples/demo_plot_all_types_publication_out/publication/02_custom_scitex/01_plot_heatmap.png[0m
[90mINFO:   • Auto-added URL: https://scitex.ai[0m
/home/ywatanabe/proj/scitex-code/src/scitex/io/_save_modules/_image.py:57: UserWarning: This figure includes Axes that are not compatible with tight_layout, so results might be incorrect.
  obj.savefig(spath, **kwargs)
[90mINFO:   • Embedded metadata: {'scitex': {'version': '2.2.2', 'created_at': '2025-11-19T18:05:08.503197', 'created_with': 'scitex.plt.subplots (mm-control)', 'mode': 'publication', 'axes_size_mm': (45, 30), 'position_in_grid': (0, 0), 'style_mm': {'axis_thickness_mm': 0.2, 'tick_length_mm': 0.8, 'tick_thickness_mm': 0.2, 'trace_thickness_mm': 0.2, 'axis_font_size_pt': 7, 'tick_font_size_pt': 7, 'title_font_size_pt': 8, 'legend_font_size_pt': 6, 'label_pad_pt': 0.5, 'tick_pad_pt': 0.5, 'title_pad_pt': 1.0, 'font_family': 'Arial', 'n_ticks': 4, 'font_family_requested': 'Arial', 'font_family_actual': 'Arial'}}, 'matplotlib': {'version': '3.10.3'}, 'dimensions': {'figure_size_mm': (np.float64(85.0), np.float64(70.0)), 'figure_size_inch': (np.float64(3.346456692913386), np.float64(2.7559055118110236)), 'figure_size_px': (1003, 826), 'axes_size_mm': (np.float64(36.0), np.float64(24.0)), 'axes_size_inch': (np.float64(1.4173228346456694), np.float64(0.9448818897637795)), 'axes_size_px': (425, 283), 'axes_position': (np.float64(0.23529411764705882), np.float64(0.3285714285714285), np.float64(0.4235294117647059), np.float64(0.34285714285714286)), 'dpi': 300}, 'margins_mm': {'left': np.float64(20.0), 'bottom': np.float64(22.999999999999996), 'right': np.float64(29.0), 'top': np.float64(23.0)}, 'url': 'https://scitex.ai'}[0m
[90mINFO:   • Auto-cropped with 1.0mm margin (11px at 300 DPI)[0m
[32mSUCC: Saved to: ./../scitex-code/examples/demo_plot_all_types_publication_out/publication/02_custom_scitex/01_plot_heatmap.csv (2.3 KiB)[0m
[32mSUCC: Saved to: ./../scitex-code/examples/demo_plot_all_types_publication_out/publication/02_custom_scitex/01_plot_heatmap.png (1011.3 KiB)[0m
[90mINFO:   • Auto-collected metadata from figure[0m
[90mINFO: 📝 Saving figure with metadata to: /home/ywatanabe/proj/scitex-code/examples/demo_plot_all_types_publication_out/publication/02_custom_scitex/01_plot_heatmap.pdf[0m
[90mINFO:   • Auto-added URL: https://scitex.ai[0m
/home/ywatanabe/proj/scitex-code/src/scitex/io/_save_modules/_image.py:172: UserWarning: This figure includes Axes that are not compatible with tight_layout, so results might be incorrect.
  obj.savefig(spath, **save_kwargs)
[90mINFO:   • Embedded metadata: {'scitex': {'version': '2.2.2', 'created_at': '2025-11-19T18:05:09.178721', 'created_with': 'scitex.plt.subplots (mm-control)', 'mode': 'publication', 'axes_size_mm': (45, 30), 'position_in_grid': (0, 0), 'style_mm': {'axis_thickness_mm': 0.2, 'tick_length_mm': 0.8, 'tick_thickness_mm': 0.2, 'trace_thickness_mm': 0.2, 'axis_font_size_pt': 7, 'tick_font_size_pt': 7, 'title_font_size_pt': 8, 'legend_font_size_pt': 6, 'label_pad_pt': 0.5, 'tick_pad_pt': 0.5, 'title_pad_pt': 1.0, 'font_family': 'Arial', 'n_ticks': 4, 'font_family_requested': 'Arial', 'font_family_actual': 'Arial'}}, 'matplotlib': {'version': '3.10.3'}, 'dimensions': {'figure_size_mm': (np.float64(85.0), np.float64(70.0)), 'figure_size_inch': (np.float64(3.346456692913386), np.float64(2.7559055118110236)), 'figure_size_px': (1003, 826), 'axes_size_mm': (np.float64(36.0), np.float64(24.0)), 'axes_size_inch': (np.float64(1.4173228346456694), np.float64(0.9448818897637795)), 'axes_size_px': (425, 283), 'axes_position': (np.float64(0.23529411764705882), np.float64(0.3285714285714285), np.float64(0.4235294117647059), np.float64(0.34285714285714286)), 'dpi': 300}, 'margins_mm': {'left': np.float64(20.0), 'bottom': np.float64(22.999999999999996), 'right': np.float64(29.0), 'top': np.float64(23.0)}, 'url': 'https://scitex.ai'}[0m
[32mSUCC: Saved to: ./../scitex-code/examples/demo_plot_all_types_publication_out/publication/02_custom_scitex/01_plot_heatmap.csv (2.3 KiB)[0m
[32mSUCC: Saved to: ./../scitex-code/examples/demo_plot_all_types_publication_out/publication/02_custom_scitex/01_plot_heatmap.pdf (19.5 KiB)[0m
[90mINFO:   • Auto-collected metadata from figure[0m
[90mINFO: 📝 Saving figure with metadata to: /home/ywatanabe/proj/scitex-code/examples/demo_plot_all_types_publication_out/publication/02_custom_scitex/02_plot_line.png[0m
[90mINFO:   • Auto-added URL: https://scitex.ai[0m
/home/ywatanabe/proj/scitex-code/src/scitex/io/_save_modules/_image.py:57: UserWarning: This figure includes Axes that are not compatible with tight_layout, so results might be incorrect.
  obj.savefig(spath, **kwargs)
[90mINFO:   • Embedded metadata: {'scitex': {'version': '2.2.2', 'created_at': '2025-11-19T18:05:09.631401', 'created_with': 'scitex.plt.subplots (mm-control)', 'mode': 'publication', 'axes_size_mm': (40, 28), 'position_in_grid': (0, 0), 'style_mm': {'axis_thickness_mm': 0.2, 'tick_length_mm': 0.8, 'tick_thickness_mm': 0.2, 'trace_thickness_mm': 0.2, 'axis_font_size_pt': 7, 'tick_font_size_pt': 7, 'title_font_size_pt': 8, 'legend_font_size_pt': 6, 'label_pad_pt': 0.5, 'tick_pad_pt': 0.5, 'title_pad_pt': 1.0, 'font_family': 'Arial', 'n_ticks': 4, 'font_family_requested': 'Arial', 'font_family_actual': 'Arial'}}, 'matplotlib': {'version': '3.10.3'}, 'dimensions': {'figure_size_mm': (np.float64(80.0), np.float64(68.0)), 'figure_size_inch': (np.float64(3.1496062992125986), np.float64(2.677165354330709)), 'figure_size_px': (944, 803), 'axes_size_mm': (np.float64(40.0), np.float64(27.999999999999993)), 'axes_size_inch': (np.float64(1.5748031496062993), np.float64(1.1023622047244093)), 'axes_size_px': (472, 330), 'axes_position': (np.float64(0.25), np.float64(0.29411764705882354), np.float64(0.5), np.float64(0.41176470588235287)), 'dpi': 300}, 'margins_mm': {'left': np.float64(20.0), 'bottom': np.float64(20.0), 'right': np.float64(20.0), 'top': np.float64(20.000000000000007)}, 'url': 'https://scitex.ai'}[0m
[90mINFO:   • Auto-cropped with 1.0mm margin (11px at 300 DPI)[0m
[32mSUCC: Saved to: ./../scitex-code/examples/demo_plot_all_types_publication_out/publication/02_custom_scitex/02_plot_line.csv (2.2 KiB)[0m
[32mSUCC: Saved to: ./../scitex-code/examples/demo_plot_all_types_publication_out/publication/02_custom_scitex/02_plot_line.png (1.1 MiB)[0m
[90mINFO:   • Auto-collected metadata from figure[0m
[90mINFO: 📝 Saving figure with metadata to: /home/ywatanabe/proj/scitex-code/examples/demo_plot_all_types_publication_out/publication/02_custom_scitex/02_plot_line.pdf[0m
[90mINFO:   • Auto-added URL: https://scitex.ai[0m
/home/ywatanabe/proj/scitex-code/src/scitex/io/_save_modules/_image.py:172: UserWarning: This figure includes Axes that are not compatible with tight_layout, so results might be incorrect.
  obj.savefig(spath, **save_kwargs)
[90mINFO:   • Embedded metadata: {'scitex': {'version': '2.2.2', 'created_at': '2025-11-19T18:05:09.966287', 'created_with': 'scitex.plt.subplots (mm-control)', 'mode': 'publication', 'axes_size_mm': (40, 28), 'position_in_grid': (0, 0), 'style_mm': {'axis_thickness_mm': 0.2, 'tick_length_mm': 0.8, 'tick_thickness_mm': 0.2, 'trace_thickness_mm': 0.2, 'axis_font_size_pt': 7, 'tick_font_size_pt': 7, 'title_font_size_pt': 8, 'legend_font_size_pt': 6, 'label_pad_pt': 0.5, 'tick_pad_pt': 0.5, 'title_pad_pt': 1.0, 'font_family': 'Arial', 'n_ticks': 4, 'font_family_requested': 'Arial', 'font_family_actual': 'Arial'}}, 'matplotlib': {'version': '3.10.3'}, 'dimensions': {'figure_size_mm': (np.float64(80.0), np.float64(68.0)), 'figure_size_inch': (np.float64(3.1496062992125986), np.float64(2.677165354330709)), 'figure_size_px': (944, 803), 'axes_size_mm': (np.float64(40.0), np.float64(27.999999999999993)), 'axes_size_inch': (np.float64(1.5748031496062993), np.float64(1.1023622047244093)), 'axes_size_px': (472, 330), 'axes_position': (np.float64(0.25), np.float64(0.29411764705882354), np.float64(0.5), np.float64(0.41176470588235287)), 'dpi': 300}, 'margins_mm': {'left': np.float64(20.0), 'bottom': np.float64(20.0), 'right': np.float64(20.0), 'top': np.float64(20.000000000000007)}, 'url': 'https://scitex.ai'}[0m
[32mSUCC: Saved to: ./../scitex-code/examples/demo_plot_all_types_publication_out/publication/02_custom_scitex/02_plot_line.csv (2.2 KiB)[0m
[32mSUCC: Saved to: ./../scitex-code/examples/demo_plot_all_types_publication_out/publication/02_custom_scitex/02_plot_line.pdf (15.4 KiB)[0m
[90mINFO:   • Auto-collected metadata from figure[0m
[90mINFO: 📝 Saving figure with metadata to: /home/ywatanabe/proj/scitex-code/examples/demo_plot_all_types_publication_out/publication/02_custom_scitex/03_plot_shaded_line.png[0m
[90mINFO:   • Auto-added URL: https://scitex.ai[0m
/home/ywatanabe/proj/scitex-code/src/scitex/io/_save_modules/_image.py:57: UserWarning: This figure includes Axes that are not compatible with tight_layout, so results might be incorrect.
  obj.savefig(spath, **kwargs)
[90mINFO:   • Embedded metadata: {'scitex': {'version': '2.2.2', 'created_at': '2025-11-19T18:05:10.146554', 'created_with': 'scitex.plt.subplots (mm-control)', 'mode': 'publication', 'axes_size_mm': (40, 28), 'position_in_grid': (0, 0), 'style_mm': {'axis_thickness_mm': 0.2, 'tick_length_mm': 0.8, 'tick_thickness_mm': 0.2, 'trace_thickness_mm': 0.2, 'axis_font_size_pt': 7, 'tick_font_size_pt': 7, 'title_font_size_pt': 8, 'legend_font_size_pt': 6, 'label_pad_pt': 0.5, 'tick_pad_pt': 0.5, 'title_pad_pt': 1.0, 'font_family': 'Arial', 'n_ticks': 4, 'font_family_requested': 'Arial', 'font_family_actual': 'Arial'}}, 'matplotlib': {'version': '3.10.3'}, 'dimensions': {'figure_size_mm': (np.float64(80.0), np.float64(68.0)), 'figure_size_inch': (np.float64(3.1496062992125986), np.float64(2.677165354330709)), 'figure_size_px': (944, 803), 'axes_size_mm': (np.float64(40.0), np.float64(27.999999999999993)), 'axes_size_inch': (np.float64(1.5748031496062993), np.float64(1.1023622047244093)), 'axes_size_px': (472, 330), 'axes_position': (np.float64(0.25), np.float64(0.29411764705882354), np.float64(0.5), np.float64(0.41176470588235287)), 'dpi': 300}, 'margins_mm': {'left': np.float64(20.0), 'bottom': np.float64(20.0), 'right': np.float64(20.0), 'top': np.float64(20.000000000000007)}, 'url': 'https://scitex.ai'}[0m
[90mINFO:   • Auto-cropped with 1.0mm margin (11px at 300 DPI)[0m
[32mSUCC: Saved to: ./../scitex-code/examples/demo_plot_all_types_publication_out/publication/02_custom_scitex/03_plot_shaded_line.csv (3.8 KiB)[0m
[32mSUCC: Saved to: ./../scitex-code/examples/demo_plot_all_types_publication_out/publication/02_custom_scitex/03_plot_shaded_line.png (1.1 MiB)[0m
[90mINFO:   • Auto-collected metadata from figure[0m
[90mINFO: 📝 Saving figure with metadata to: /home/ywatanabe/proj/scitex-code/examples/demo_plot_all_types_publication_out/publication/02_custom_scitex/03_plot_shaded_line.pdf[0m
[90mINFO:   • Auto-added URL: https://scitex.ai[0m
/home/ywatanabe/proj/scitex-code/src/scitex/io/_save_modules/_image.py:172: UserWarning: This figure includes Axes that are not compatible with tight_layout, so results might be incorrect.
  obj.savefig(spath, **save_kwargs)
[90mINFO:   • Embedded metadata: {'scitex': {'version': '2.2.2', 'created_at': '2025-11-19T18:05:10.504980', 'created_with': 'scitex.plt.subplots (mm-control)', 'mode': 'publication', 'axes_size_mm': (40, 28), 'position_in_grid': (0, 0), 'style_mm': {'axis_thickness_mm': 0.2, 'tick_length_mm': 0.8, 'tick_thickness_mm': 0.2, 'trace_thickness_mm': 0.2, 'axis_font_size_pt': 7, 'tick_font_size_pt': 7, 'title_font_size_pt': 8, 'legend_font_size_pt': 6, 'label_pad_pt': 0.5, 'tick_pad_pt': 0.5, 'title_pad_pt': 1.0, 'font_family': 'Arial', 'n_ticks': 4, 'font_family_requested': 'Arial', 'font_family_actual': 'Arial'}}, 'matplotlib': {'version': '3.10.3'}, 'dimensions': {'figure_size_mm': (np.float64(80.0), np.float64(68.0)), 'figure_size_inch': (np.float64(3.1496062992125986), np.float64(2.677165354330709)), 'figure_size_px': (944, 803), 'axes_size_mm': (np.float64(40.0), np.float64(27.999999999999993)), 'axes_size_inch': (np.float64(1.5748031496062993), np.float64(1.1023622047244093)), 'axes_size_px': (472, 330), 'axes_position': (np.float64(0.25), np.float64(0.29411764705882354), np.float64(0.5), np.float64(0.41176470588235287)), 'dpi': 300}, 'margins_mm': {'left': np.float64(20.0), 'bottom': np.float64(20.0), 'right': np.float64(20.0), 'top': np.float64(20.000000000000007)}, 'url': 'https://scitex.ai'}[0m
[32mSUCC: Saved to: ./../scitex-code/examples/demo_plot_all_types_publication_out/publication/02_custom_scitex/03_plot_shaded_line.csv (3.8 KiB)[0m
[32mSUCC: Saved to: ./../scitex-code/examples/demo_plot_all_types_publication_out/publication/02_custom_scitex/03_plot_shaded_line.pdf (17.7 KiB)[0m
[90mINFO:   • Auto-collected metadata from figure[0m
[90mINFO: 📝 Saving figure with metadata to: /home/ywatanabe/proj/scitex-code/examples/demo_plot_all_types_publication_out/publication/02_custom_scitex/04_plot_violin.png[0m
[90mINFO:   • Auto-added URL: https://scitex.ai[0m
/home/ywatanabe/proj/scitex-code/src/scitex/io/_save_modules/_image.py:57: UserWarning: This figure includes Axes that are not compatible with tight_layout, so results might be incorrect.
  obj.savefig(spath, **kwargs)
[90mINFO:   • Embedded metadata: {'scitex': {'version': '2.2.2', 'created_at': '2025-11-19T18:05:10.786681', 'created_with': 'scitex.plt.subplots (mm-control)', 'mode': 'publication', 'axes_size_mm': (40, 28), 'position_in_grid': (0, 0), 'style_mm': {'axis_thickness_mm': 0.2, 'tick_length_mm': 0.8, 'tick_thickness_mm': 0.2, 'trace_thickness_mm': 0.2, 'axis_font_size_pt': 7, 'tick_font_size_pt': 7, 'title_font_size_pt': 8, 'legend_font_size_pt': 6, 'label_pad_pt': 0.5, 'tick_pad_pt': 0.5, 'title_pad_pt': 1.0, 'font_family': 'Arial', 'n_ticks': 4, 'font_family_requested': 'Arial', 'font_family_actual': 'Arial'}}, 'matplotlib': {'version': '3.10.3'}, 'dimensions': {'figure_size_mm': (np.float64(80.0), np.float64(68.0)), 'figure_size_inch': (np.float64(3.1496062992125986), np.float64(2.677165354330709)), 'figure_size_px': (944, 803), 'axes_size_mm': (np.float64(40.0), np.float64(27.999999999999993)), 'axes_size_inch': (np.float64(1.5748031496062993), np.float64(1.1023622047244093)), 'axes_size_px': (472, 330), 'axes_position': (np.float64(0.25), np.float64(0.29411764705882354), np.float64(0.5), np.float64(0.41176470588235287)), 'dpi': 300}, 'margins_mm': {'left': np.float64(20.0), 'bottom': np.float64(20.0), 'right': np.float64(20.0), 'top': np.float64(20.000000000000007)}, 'url': 'https://scitex.ai'}[0m
[90mINFO:   • Auto-cropped with 1.0mm margin (11px at 300 DPI)[0m
[32mSUCC: Saved to: ./../scitex-code/examples/demo_plot_all_types_publication_out/publication/02_custom_scitex/04_plot_violin.csv (7.9 KiB)[0m
[32mSUCC: Saved to: ./../scitex-code/examples/demo_plot_all_types_publication_out/publication/02_custom_scitex/04_plot_violin.png (1021.6 KiB)[0m
[90mINFO:   • Auto-collected metadata from figure[0m
[90mINFO: 📝 Saving figure with metadata to: /home/ywatanabe/proj/scitex-code/examples/demo_plot_all_types_publication_out/publication/02_custom_scitex/04_plot_violin.pdf[0m
[90mINFO:   • Auto-added URL: https://scitex.ai[0m
/home/ywatanabe/proj/scitex-code/src/scitex/io/_save_modules/_image.py:172: UserWarning: This figure includes Axes that are not compatible with tight_layout, so results might be incorrect.
  obj.savefig(spath, **save_kwargs)
[90mINFO:   • Embedded metadata: {'scitex': {'version': '2.2.2', 'created_at': '2025-11-19T18:05:11.140813', 'created_with': 'scitex.plt.subplots (mm-control)', 'mode': 'publication', 'axes_size_mm': (40, 28), 'position_in_grid': (0, 0), 'style_mm': {'axis_thickness_mm': 0.2, 'tick_length_mm': 0.8, 'tick_thickness_mm': 0.2, 'trace_thickness_mm': 0.2, 'axis_font_size_pt': 7, 'tick_font_size_pt': 7, 'title_font_size_pt': 8, 'legend_font_size_pt': 6, 'label_pad_pt': 0.5, 'tick_pad_pt': 0.5, 'title_pad_pt': 1.0, 'font_family': 'Arial', 'n_ticks': 4, 'font_family_requested': 'Arial', 'font_family_actual': 'Arial'}}, 'matplotlib': {'version': '3.10.3'}, 'dimensions': {'figure_size_mm': (np.float64(80.0), np.float64(68.0)), 'figure_size_inch': (np.float64(3.1496062992125986), np.float64(2.677165354330709)), 'figure_size_px': (944, 803), 'axes_size_mm': (np.float64(40.0), np.float64(27.999999999999993)), 'axes_size_inch': (np.float64(1.5748031496062993), np.float64(1.1023622047244093)), 'axes_size_px': (472, 330), 'axes_position': (np.float64(0.25), np.float64(0.29411764705882354), np.float64(0.5), np.float64(0.41176470588235287)), 'dpi': 300}, 'margins_mm': {'left': np.float64(20.0), 'bottom': np.float64(20.0), 'right': np.float64(20.0), 'top': np.float64(20.000000000000007)}, 'url': 'https://scitex.ai'}[0m
[32mSUCC: Saved to: ./../scitex-code/examples/demo_plot_all_types_publication_out/publication/02_custom_scitex/04_plot_violin.csv (7.9 KiB)[0m
[32mSUCC: Saved to: ./../scitex-code/examples/demo_plot_all_types_publication_out/publication/02_custom_scitex/04_plot_violin.pdf (19.4 KiB)[0m
[90mINFO:   • Auto-collected metadata from figure[0m
[90mINFO: 📝 Saving figure with metadata to: /home/ywatanabe/proj/scitex-code/examples/demo_plot_all_types_publication_out/publication/02_custom_scitex/05_plot_ecdf.png[0m
[90mINFO:   • Auto-added URL: https://scitex.ai[0m
/home/ywatanabe/proj/scitex-code/src/scitex/io/_save_modules/_image.py:57: UserWarning: This figure includes Axes that are not compatible with tight_layout, so results might be incorrect.
  obj.savefig(spath, **kwargs)
[90mINFO:   • Embedded metadata: {'scitex': {'version': '2.2.2', 'created_at': '2025-11-19T18:05:11.333994', 'created_with': 'scitex.plt.subplots (mm-control)', 'mode': 'publication', 'axes_size_mm': (40, 28), 'position_in_grid': (0, 0), 'style_mm': {'axis_thickness_mm': 0.2, 'tick_length_mm': 0.8, 'tick_thickness_mm': 0.2, 'trace_thickness_mm': 0.2, 'axis_font_size_pt': 7, 'tick_font_size_pt': 7, 'title_font_size_pt': 8, 'legend_font_size_pt': 6, 'label_pad_pt': 0.5, 'tick_pad_pt': 0.5, 'title_pad_pt': 1.0, 'font_family': 'Arial', 'n_ticks': 4, 'font_family_requested': 'Arial', 'font_family_actual': 'Arial'}}, 'matplotlib': {'version': '3.10.3'}, 'dimensions': {'figure_size_mm': (np.float64(80.0), np.float64(68.0)), 'figure_size_inch': (np.float64(3.1496062992125986), np.float64(2.677165354330709)), 'figure_size_px': (944, 803), 'axes_size_mm': (np.float64(40.0), np.float64(27.999999999999993)), 'axes_size_inch': (np.float64(1.5748031496062993), np.float64(1.1023622047244093)), 'axes_size_px': (472, 330), 'axes_position': (np.float64(0.25), np.float64(0.29411764705882354), np.float64(0.5), np.float64(0.41176470588235287)), 'dpi': 300}, 'margins_mm': {'left': np.float64(20.0), 'bottom': np.float64(20.0), 'right': np.float64(20.0), 'top': np.float64(20.000000000000007)}, 'url': 'https://scitex.ai'}[0m
[90mINFO:   • Auto-cropped with 1.0mm margin (11px at 300 DPI)[0m
[32mSUCC: Saved to: ./../scitex-code/examples/demo_plot_all_types_publication_out/publication/02_custom_scitex/05_plot_ecdf.csv (75.9 KiB)[0m
[32mSUCC: Saved to: ./../scitex-code/examples/demo_plot_all_types_publication_out/publication/02_custom_scitex/05_plot_ecdf.png (1.1 MiB)[0m
[90mINFO:   • Auto-collected metadata from figure[0m
[90mINFO: 📝 Saving figure with metadata to: /home/ywatanabe/proj/scitex-code/examples/demo_plot_all_types_publication_out/publication/02_custom_scitex/05_plot_ecdf.pdf[0m
[90mINFO:   • Auto-added URL: https://scitex.ai[0m
/home/ywatanabe/proj/scitex-code/src/scitex/io/_save_modules/_image.py:172: UserWarning: This figure includes Axes that are not compatible with tight_layout, so results might be incorrect.
  obj.savefig(spath, **save_kwargs)
[90mINFO:   • Embedded metadata: {'scitex': {'version': '2.2.2', 'created_at': '2025-11-19T18:05:12.022845', 'created_with': 'scitex.plt.subplots (mm-control)', 'mode': 'publication', 'axes_size_mm': (40, 28), 'position_in_grid': (0, 0), 'style_mm': {'axis_thickness_mm': 0.2, 'tick_length_mm': 0.8, 'tick_thickness_mm': 0.2, 'trace_thickness_mm': 0.2, 'axis_font_size_pt': 7, 'tick_font_size_pt': 7, 'title_font_size_pt': 8, 'legend_font_size_pt': 6, 'label_pad_pt': 0.5, 'tick_pad_pt': 0.5, 'title_pad_pt': 1.0, 'font_family': 'Arial', 'n_ticks': 4, 'font_family_requested': 'Arial', 'font_family_actual': 'Arial'}}, 'matplotlib': {'version': '3.10.3'}, 'dimensions': {'figure_size_mm': (np.float64(80.0), np.float64(68.0)), 'figure_size_inch': (np.float64(3.1496062992125986), np.float64(2.677165354330709)), 'figure_size_px': (944, 803), 'axes_size_mm': (np.float64(40.0), np.float64(27.999999999999993)), 'axes_size_inch': (np.float64(1.5748031496062993), np.float64(1.1023622047244093)), 'axes_size_px': (472, 330), 'axes_position': (np.float64(0.25), np.float64(0.29411764705882354), np.float64(0.5), np.float64(0.41176470588235287)), 'dpi': 300}, 'margins_mm': {'left': np.float64(20.0), 'bottom': np.float64(20.0), 'right': np.float64(20.0), 'top': np.float64(20.000000000000007)}, 'url': 'https://scitex.ai'}[0m
[32mSUCC: Saved to: ./../scitex-code/examples/demo_plot_all_types_publication_out/publication/02_custom_scitex/05_plot_ecdf.csv (75.9 KiB)[0m
[32mSUCC: Saved to: ./../scitex-code/examples/demo_plot_all_types_publication_out/publication/02_custom_scitex/05_plot_ecdf.pdf (22.9 KiB)[0m
[90mINFO:   • Auto-collected metadata from figure[0m
[90mINFO: 📝 Saving figure with metadata to: /home/ywatanabe/proj/scitex-code/examples/demo_plot_all_types_publication_out/publication/02_custom_scitex/06_plot_box.png[0m
[90mINFO:   • Auto-added URL: https://scitex.ai[0m
/home/ywatanabe/proj/scitex-code/src/scitex/io/_save_modules/_image.py:57: UserWarning: This figure includes Axes that are not compatible with tight_layout, so results might be incorrect.
  obj.savefig(spath, **kwargs)
[90mINFO:   • Embedded metadata: {'scitex': {'version': '2.2.2', 'created_at': '2025-11-19T18:05:12.560793', 'created_with': 'scitex.plt.subplots (mm-control)', 'mode': 'publication', 'axes_size_mm': (40, 28), 'position_in_grid': (0, 0), 'style_mm': {'axis_thickness_mm': 0.2, 'tick_length_mm': 0.8, 'tick_thickness_mm': 0.2, 'trace_thickness_mm': 0.2, 'axis_font_size_pt': 7, 'tick_font_size_pt': 7, 'title_font_size_pt': 8, 'legend_font_size_pt': 6, 'label_pad_pt': 0.5, 'tick_pad_pt': 0.5, 'title_pad_pt': 1.0, 'font_family': 'Arial', 'n_ticks': 4, 'font_family_requested': 'Arial', 'font_family_actual': 'Arial'}}, 'matplotlib': {'version': '3.10.3'}, 'dimensions': {'figure_size_mm': (np.float64(80.0), np.float64(68.0)), 'figure_size_inch': (np.float64(3.1496062992125986), np.float64(2.677165354330709)), 'figure_size_px': (944, 803), 'axes_size_mm': (np.float64(40.0), np.float64(27.999999999999993)), 'axes_size_inch': (np.float64(1.5748031496062993), np.float64(1.1023622047244093)), 'axes_size_px': (472, 330), 'axes_position': (np.float64(0.25), np.float64(0.29411764705882354), np.float64(0.5), np.float64(0.41176470588235287)), 'dpi': 300}, 'margins_mm': {'left': np.float64(20.0), 'bottom': np.float64(20.0), 'right': np.float64(20.0), 'top': np.float64(20.000000000000007)}, 'url': 'https://scitex.ai'}[0m
[90mINFO:   • Auto-cropped with 1.0mm margin (11px at 300 DPI)[0m
[32mSUCC: Saved to: ./../scitex-code/examples/demo_plot_all_types_publication_out/publication/02_custom_scitex/06_plot_box.csv (2.0 KiB)[0m
[32mSUCC: Saved to: ./../scitex-code/examples/demo_plot_all_types_publication_out/publication/02_custom_scitex/06_plot_box.png (1010.6 KiB)[0m
[90mINFO:   • Auto-collected metadata from figure[0m
[90mINFO: 📝 Saving figure with metadata to: /home/ywatanabe/proj/scitex-code/examples/demo_plot_all_types_publication_out/publication/02_custom_scitex/06_plot_box.pdf[0m
[90mINFO:   • Auto-added URL: https://scitex.ai[0m
/home/ywatanabe/proj/scitex-code/src/scitex/io/_save_modules/_image.py:172: UserWarning: This figure includes Axes that are not compatible with tight_layout, so results might be incorrect.
  obj.savefig(spath, **save_kwargs)
[90mINFO:   • Embedded metadata: {'scitex': {'version': '2.2.2', 'created_at': '2025-11-19T18:05:12.844267', 'created_with': 'scitex.plt.subplots (mm-control)', 'mode': 'publication', 'axes_size_mm': (40, 28), 'position_in_grid': (0, 0), 'style_mm': {'axis_thickness_mm': 0.2, 'tick_length_mm': 0.8, 'tick_thickness_mm': 0.2, 'trace_thickness_mm': 0.2, 'axis_font_size_pt': 7, 'tick_font_size_pt': 7, 'title_font_size_pt': 8, 'legend_font_size_pt': 6, 'label_pad_pt': 0.5, 'tick_pad_pt': 0.5, 'title_pad_pt': 1.0, 'font_family': 'Arial', 'n_ticks': 4, 'font_family_requested': 'Arial', 'font_family_actual': 'Arial'}}, 'matplotlib': {'version': '3.10.3'}, 'dimensions': {'figure_size_mm': (np.float64(80.0), np.float64(68.0)), 'figure_size_inch': (np.float64(3.1496062992125986), np.float64(2.677165354330709)), 'figure_size_px': (944, 803), 'axes_size_mm': (np.float64(40.0), np.float64(27.999999999999993)), 'axes_size_inch': (np.float64(1.5748031496062993), np.float64(1.1023622047244093)), 'axes_size_px': (472, 330), 'axes_position': (np.float64(0.25), np.float64(0.29411764705882354), np.float64(0.5), np.float64(0.41176470588235287)), 'dpi': 300}, 'margins_mm': {'left': np.float64(20.0), 'bottom': np.float64(20.0), 'right': np.float64(20.0), 'top': np.float64(20.000000000000007)}, 'url': 'https://scitex.ai'}[0m
[32mSUCC: Saved to: ./../scitex-code/examples/demo_plot_all_types_publication_out/publication/02_custom_scitex/06_plot_box.csv (2.0 KiB)[0m
[32mSUCC: Saved to: ./../scitex-code/examples/demo_plot_all_types_publication_out/publication/02_custom_scitex/06_plot_box.pdf (11.4 KiB)[0m
[90mINFO:   • Auto-collected metadata from figure[0m
[90mINFO: 📝 Saving figure with metadata to: /home/ywatanabe/proj/scitex-code/examples/demo_plot_all_types_publication_out/publication/02_custom_scitex/07_plot_mean_std.png[0m
[90mINFO:   • Auto-added URL: https://scitex.ai[0m
/home/ywatanabe/proj/scitex-code/src/scitex/io/_save_modules/_image.py:57: UserWarning: This figure includes Axes that are not compatible with tight_layout, so results might be incorrect.
  obj.savefig(spath, **kwargs)
[90mINFO:   • Embedded metadata: {'scitex': {'version': '2.2.2', 'created_at': '2025-11-19T18:05:12.988289', 'created_with': 'scitex.plt.subplots (mm-control)', 'mode': 'publication', 'axes_size_mm': (40, 28), 'position_in_grid': (0, 0), 'style_mm': {'axis_thickness_mm': 0.2, 'tick_length_mm': 0.8, 'tick_thickness_mm': 0.2, 'trace_thickness_mm': 0.2, 'axis_font_size_pt': 7, 'tick_font_size_pt': 7, 'title_font_size_pt': 8, 'legend_font_size_pt': 6, 'label_pad_pt': 0.5, 'tick_pad_pt': 0.5, 'title_pad_pt': 1.0, 'font_family': 'Arial', 'n_ticks': 4, 'font_family_requested': 'Arial', 'font_family_actual': 'Arial'}}, 'matplotlib': {'version': '3.10.3'}, 'dimensions': {'figure_size_mm': (np.float64(80.0), np.float64(68.0)), 'figure_size_inch': (np.float64(3.1496062992125986), np.float64(2.677165354330709)), 'figure_size_px': (944, 803), 'axes_size_mm': (np.float64(40.0), np.float64(27.999999999999993)), 'axes_size_inch': (np.float64(1.5748031496062993), np.float64(1.1023622047244093)), 'axes_size_px': (472, 330), 'axes_position': (np.float64(0.25), np.float64(0.29411764705882354), np.float64(0.5), np.float64(0.41176470588235287)), 'dpi': 300}, 'margins_mm': {'left': np.float64(20.0), 'bottom': np.float64(20.0), 'right': np.float64(20.0), 'top': np.float64(20.000000000000007)}, 'url': 'https://scitex.ai'}[0m
[90mINFO:   • Auto-cropped with 1.0mm margin (11px at 300 DPI)[0m
[32mSUCC: Saved to: ./../scitex-code/examples/demo_plot_all_types_publication_out/publication/02_custom_scitex/07_plot_mean_std.csv (1.6 KiB)[0m
[32mSUCC: Saved to: ./../scitex-code/examples/demo_plot_all_types_publication_out/publication/02_custom_scitex/07_plot_mean_std.png (1.1 MiB)[0m
[90mINFO:   • Auto-collected metadata from figure[0m
[90mINFO: 📝 Saving figure with metadata to: /home/ywatanabe/proj/scitex-code/examples/demo_plot_all_types_publication_out/publication/02_custom_scitex/07_plot_mean_std.pdf[0m
[90mINFO:   • Auto-added URL: https://scitex.ai[0m
/home/ywatanabe/proj/scitex-code/src/scitex/io/_save_modules/_image.py:172: UserWarning: This figure includes Axes that are not compatible with tight_layout, so results might be incorrect.
  obj.savefig(spath, **save_kwargs)
[90mINFO:   • Embedded metadata: {'scitex': {'version': '2.2.2', 'created_at': '2025-11-19T18:05:13.325862', 'created_with': 'scitex.plt.subplots (mm-control)', 'mode': 'publication', 'axes_size_mm': (40, 28), 'position_in_grid': (0, 0), 'style_mm': {'axis_thickness_mm': 0.2, 'tick_length_mm': 0.8, 'tick_thickness_mm': 0.2, 'trace_thickness_mm': 0.2, 'axis_font_size_pt': 7, 'tick_font_size_pt': 7, 'title_font_size_pt': 8, 'legend_font_size_pt': 6, 'label_pad_pt': 0.5, 'tick_pad_pt': 0.5, 'title_pad_pt': 1.0, 'font_family': 'Arial', 'n_ticks': 4, 'font_family_requested': 'Arial', 'font_family_actual': 'Arial'}}, 'matplotlib': {'version': '3.10.3'}, 'dimensions': {'figure_size_mm': (np.float64(80.0), np.float64(68.0)), 'figure_size_inch': (np.float64(3.1496062992125986), np.float64(2.677165354330709)), 'figure_size_px': (944, 803), 'axes_size_mm': (np.float64(40.0), np.float64(27.999999999999993)), 'axes_size_inch': (np.float64(1.5748031496062993), np.float64(1.1023622047244093)), 'axes_size_px': (472, 330), 'axes_position': (np.float64(0.25), np.float64(0.29411764705882354), np.float64(0.5), np.float64(0.41176470588235287)), 'dpi': 300}, 'margins_mm': {'left': np.float64(20.0), 'bottom': np.float64(20.0), 'right': np.float64(20.0), 'top': np.float64(20.000000000000007)}, 'url': 'https://scitex.ai'}[0m
[32mSUCC: Saved to: ./../scitex-code/examples/demo_plot_all_types_publication_out/publication/02_custom_scitex/07_plot_mean_std.csv (1.6 KiB)[0m
[32mSUCC: Saved to: ./../scitex-code/examples/demo_plot_all_types_publication_out/publication/02_custom_scitex/07_plot_mean_std.pdf (17.1 KiB)[0m
[90mINFO:   • Auto-collected metadata from figure[0m
[90mINFO: 📝 Saving figure with metadata to: /home/ywatanabe/proj/scitex-code/examples/demo_plot_all_types_publication_out/publication/03_functional/01_plot_kde.png[0m
[90mINFO:   • Auto-added URL: https://scitex.ai[0m
/home/ywatanabe/proj/scitex-code/src/scitex/io/_save_modules/_image.py:57: UserWarning: This figure includes Axes that are not compatible with tight_layout, so results might be incorrect.
  obj.savefig(spath, **kwargs)
[90mINFO:   • Embedded metadata: {'scitex': {'version': '2.2.2', 'created_at': '2025-11-19T18:05:13.571756', 'created_with': 'scitex.plt.subplots (mm-control)', 'mode': 'publication', 'axes_size_mm': (40, 28), 'position_in_grid': (0, 0), 'style_mm': {'axis_thickness_mm': 0.2, 'tick_length_mm': 0.8, 'tick_thickness_mm': 0.2, 'trace_thickness_mm': 0.2, 'axis_font_size_pt': 7, 'tick_font_size_pt': 7, 'title_font_size_pt': 8, 'legend_font_size_pt': 6, 'label_pad_pt': 0.5, 'tick_pad_pt': 0.5, 'title_pad_pt': 1.0, 'font_family': 'Arial', 'n_ticks': 4, 'font_family_requested': 'Arial', 'font_family_actual': 'Arial'}}, 'matplotlib': {'version': '3.10.3'}, 'dimensions': {'figure_size_mm': (np.float64(80.0), np.float64(68.0)), 'figure_size_inch': (np.float64(3.1496062992125986), np.float64(2.677165354330709)), 'figure_size_px': (944, 803), 'axes_size_mm': (np.float64(40.0), np.float64(27.999999999999993)), 'axes_size_inch': (np.float64(1.5748031496062993), np.float64(1.1023622047244093)), 'axes_size_px': (472, 330), 'axes_position': (np.float64(0.25), np.float64(0.29411764705882354), np.float64(0.5), np.float64(0.41176470588235287)), 'dpi': 300}, 'margins_mm': {'left': np.float64(20.0), 'bottom': np.float64(20.0), 'right': np.float64(20.0), 'top': np.float64(20.000000000000007)}, 'url': 'https://scitex.ai'}[0m
[90mINFO:   • Auto-cropped with 1.0mm margin (11px at 300 DPI)[0m
[32mSUCC: Saved to: ./../scitex-code/examples/demo_plot_all_types_publication_out/publication/03_functional/01_plot_kde.csv (43.8 KiB)[0m
[32mSUCC: Saved to: ./../scitex-code/examples/demo_plot_all_types_publication_out/publication/03_functional/01_plot_kde.png (1.1 MiB)[0m
[90mINFO:   • Auto-collected metadata from figure[0m
[90mINFO: 📝 Saving figure with metadata to: /home/ywatanabe/proj/scitex-code/examples/demo_plot_all_types_publication_out/publication/03_functional/01_plot_kde.pdf[0m
[90mINFO:   • Auto-added URL: https://scitex.ai[0m
/home/ywatanabe/proj/scitex-code/src/scitex/io/_save_modules/_image.py:172: UserWarning: This figure includes Axes that are not compatible with tight_layout, so results might be incorrect.
  obj.savefig(spath, **save_kwargs)
[90mINFO:   • Embedded metadata: {'scitex': {'version': '2.2.2', 'created_at': '2025-11-19T18:05:13.993653', 'created_with': 'scitex.plt.subplots (mm-control)', 'mode': 'publication', 'axes_size_mm': (40, 28), 'position_in_grid': (0, 0), 'style_mm': {'axis_thickness_mm': 0.2, 'tick_length_mm': 0.8, 'tick_thickness_mm': 0.2, 'trace_thickness_mm': 0.2, 'axis_font_size_pt': 7, 'tick_font_size_pt': 7, 'title_font_size_pt': 8, 'legend_font_size_pt': 6, 'label_pad_pt': 0.5, 'tick_pad_pt': 0.5, 'title_pad_pt': 1.0, 'font_family': 'Arial', 'n_ticks': 4, 'font_family_requested': 'Arial', 'font_family_actual': 'Arial'}}, 'matplotlib': {'version': '3.10.3'}, 'dimensions': {'figure_size_mm': (np.float64(80.0), np.float64(68.0)), 'figure_size_inch': (np.float64(3.1496062992125986), np.float64(2.677165354330709)), 'figure_size_px': (944, 803), 'axes_size_mm': (np.float64(40.0), np.float64(27.999999999999993)), 'axes_size_inch': (np.float64(1.5748031496062993), np.float64(1.1023622047244093)), 'axes_size_px': (472, 330), 'axes_position': (np.float64(0.25), np.float64(0.29411764705882354), np.float64(0.5), np.float64(0.41176470588235287)), 'dpi': 300}, 'margins_mm': {'left': np.float64(20.0), 'bottom': np.float64(20.0), 'right': np.float64(20.0), 'top': np.float64(20.000000000000007)}, 'url': 'https://scitex.ai'}[0m
[32mSUCC: Saved to: ./../scitex-code/examples/demo_plot_all_types_publication_out/publication/03_functional/01_plot_kde.csv (43.8 KiB)[0m
[32mSUCC: Saved to: ./../scitex-code/examples/demo_plot_all_types_publication_out/publication/03_functional/01_plot_kde.pdf (15.9 KiB)[0m
[90mINFO:   • Auto-collected metadata from figure[0m
[90mINFO: 📝 Saving figure with metadata to: /home/ywatanabe/proj/scitex-code/examples/demo_plot_all_types_publication_out/publication/04_seaborn/01_sns_boxplot.png[0m
[90mINFO:   • Auto-added URL: https://scitex.ai[0m
/home/ywatanabe/proj/scitex-code/src/scitex/io/_save_modules/_image.py:57: UserWarning: This figure includes Axes that are not compatible with tight_layout, so results might be incorrect.
  obj.savefig(spath, **kwargs)
[90mINFO:   • Embedded metadata: {'scitex': {'version': '2.2.2', 'created_at': '2025-11-19T18:05:14.254403', 'created_with': 'scitex.plt.subplots (mm-control)', 'mode': 'publication', 'axes_size_mm': (40, 28), 'position_in_grid': (0, 0), 'style_mm': {'axis_thickness_mm': 0.2, 'tick_length_mm': 0.8, 'tick_thickness_mm': 0.2, 'trace_thickness_mm': 0.2, 'axis_font_size_pt': 7, 'tick_font_size_pt': 7, 'title_font_size_pt': 8, 'legend_font_size_pt': 6, 'label_pad_pt': 0.5, 'tick_pad_pt': 0.5, 'title_pad_pt': 1.0, 'font_family': 'Arial', 'n_ticks': 4, 'font_family_requested': 'Arial', 'font_family_actual': 'Arial'}}, 'matplotlib': {'version': '3.10.3'}, 'dimensions': {'figure_size_mm': (np.float64(80.0), np.float64(68.0)), 'figure_size_inch': (np.float64(3.1496062992125986), np.float64(2.677165354330709)), 'figure_size_px': (944, 803), 'axes_size_mm': (np.float64(40.0), np.float64(27.999999999999993)), 'axes_size_inch': (np.float64(1.5748031496062993), np.float64(1.1023622047244093)), 'axes_size_px': (472, 330), 'axes_position': (np.float64(0.25), np.float64(0.29411764705882354), np.float64(0.5), np.float64(0.41176470588235287)), 'dpi': 300}, 'margins_mm': {'left': np.float64(20.0), 'bottom': np.float64(20.0), 'right': np.float64(20.0), 'top': np.float64(20.000000000000007)}, 'url': 'https://scitex.ai'}[0m
[90mINFO:   • Auto-cropped with 1.0mm margin (11px at 300 DPI)[0m
[32mSUCC: Saved to: ./../scitex-code/examples/demo_plot_all_types_publication_out/publication/04_seaborn/01_sns_boxplot.csv (3.1 KiB)[0m
[32mSUCC: Saved to: ./../scitex-code/examples/demo_plot_all_types_publication_out/publication/04_seaborn/01_sns_boxplot.png (1021.6 KiB)[0m
[90mINFO:   • Auto-collected metadata from figure[0m
[90mINFO: 📝 Saving figure with metadata to: /home/ywatanabe/proj/scitex-code/examples/demo_plot_all_types_publication_out/publication/04_seaborn/01_sns_boxplot.pdf[0m
[90mINFO:   • Auto-added URL: https://scitex.ai[0m
/home/ywatanabe/proj/scitex-code/src/scitex/io/_save_modules/_image.py:172: UserWarning: This figure includes Axes that are not compatible with tight_layout, so results might be incorrect.
  obj.savefig(spath, **save_kwargs)
[90mINFO:   • Embedded metadata: {'scitex': {'version': '2.2.2', 'created_at': '2025-11-19T18:05:14.562496', 'created_with': 'scitex.plt.subplots (mm-control)', 'mode': 'publication', 'axes_size_mm': (40, 28), 'position_in_grid': (0, 0), 'style_mm': {'axis_thickness_mm': 0.2, 'tick_length_mm': 0.8, 'tick_thickness_mm': 0.2, 'trace_thickness_mm': 0.2, 'axis_font_size_pt': 7, 'tick_font_size_pt': 7, 'title_font_size_pt': 8, 'legend_font_size_pt': 6, 'label_pad_pt': 0.5, 'tick_pad_pt': 0.5, 'title_pad_pt': 1.0, 'font_family': 'Arial', 'n_ticks': 4, 'font_family_requested': 'Arial', 'font_family_actual': 'Arial'}}, 'matplotlib': {'version': '3.10.3'}, 'dimensions': {'figure_size_mm': (np.float64(80.0), np.float64(68.0)), 'figure_size_inch': (np.float64(3.1496062992125986), np.float64(2.677165354330709)), 'figure_size_px': (944, 803), 'axes_size_mm': (np.float64(40.0), np.float64(27.999999999999993)), 'axes_size_inch': (np.float64(1.5748031496062993), np.float64(1.1023622047244093)), 'axes_size_px': (472, 330), 'axes_position': (np.float64(0.25), np.float64(0.29411764705882354), np.float64(0.5), np.float64(0.41176470588235287)), 'dpi': 300}, 'margins_mm': {'left': np.float64(20.0), 'bottom': np.float64(20.0), 'right': np.float64(20.0), 'top': np.float64(20.000000000000007)}, 'url': 'https://scitex.ai'}[0m
[32mSUCC: Saved to: ./../scitex-code/examples/demo_plot_all_types_publication_out/publication/04_seaborn/01_sns_boxplot.csv (3.1 KiB)[0m
[32mSUCC: Saved to: ./../scitex-code/examples/demo_plot_all_types_publication_out/publication/04_seaborn/01_sns_boxplot.pdf (15.1 KiB)[0m
[90mINFO:   • Auto-collected metadata from figure[0m
[90mINFO: 📝 Saving figure with metadata to: /home/ywatanabe/proj/scitex-code/examples/demo_plot_all_types_publication_out/publication/04_seaborn/02_sns_violinplot.png[0m
[90mINFO:   • Auto-added URL: https://scitex.ai[0m
/home/ywatanabe/proj/scitex-code/src/scitex/io/_save_modules/_image.py:57: UserWarning: This figure includes Axes that are not compatible with tight_layout, so results might be incorrect.
  obj.savefig(spath, **kwargs)
[90mINFO:   • Embedded metadata: {'scitex': {'version': '2.2.2', 'created_at': '2025-11-19T18:05:14.819423', 'created_with': 'scitex.plt.subplots (mm-control)', 'mode': 'publication', 'axes_size_mm': (40, 28), 'position_in_grid': (0, 0), 'style_mm': {'axis_thickness_mm': 0.2, 'tick_length_mm': 0.8, 'tick_thickness_mm': 0.2, 'trace_thickness_mm': 0.2, 'axis_font_size_pt': 7, 'tick_font_size_pt': 7, 'title_font_size_pt': 8, 'legend_font_size_pt': 6, 'label_pad_pt': 0.5, 'tick_pad_pt': 0.5, 'title_pad_pt': 1.0, 'font_family': 'Arial', 'n_ticks': 4, 'font_family_requested': 'Arial', 'font_family_actual': 'Arial'}}, 'matplotlib': {'version': '3.10.3'}, 'dimensions': {'figure_size_mm': (np.float64(80.0), np.float64(68.0)), 'figure_size_inch': (np.float64(3.1496062992125986), np.float64(2.677165354330709)), 'figure_size_px': (944, 803), 'axes_size_mm': (np.float64(40.0), np.float64(27.999999999999993)), 'axes_size_inch': (np.float64(1.5748031496062993), np.float64(1.1023622047244093)), 'axes_size_px': (472, 330), 'axes_position': (np.float64(0.25), np.float64(0.29411764705882354), np.float64(0.5), np.float64(0.41176470588235287)), 'dpi': 300}, 'margins_mm': {'left': np.float64(20.0), 'bottom': np.float64(20.0), 'right': np.float64(20.0), 'top': np.float64(20.000000000000007)}, 'url': 'https://scitex.ai'}[0m
[90mINFO:   • Auto-cropped with 1.0mm margin (11px at 300 DPI)[0m
/home/ywatanabe/proj/scitex-code/src/scitex/plt/_subplots/_AxisWrapperMixins/_TrackingMixin.py:113: UserWarning: Method 'sns_violinplot()' does not support data tracking for CSV export. Consider using scitex plot methods (e.g., plot_image, plot_imshow) for data export support.
  df = _export_as_csv(self.history)
[32mSUCC: Saved to: ./../scitex-code/examples/demo_plot_all_types_publication_out/publication/04_seaborn/02_sns_violinplot.png (1021.6 KiB)[0m
[90mINFO:   • Auto-collected metadata from figure[0m
[90mINFO: 📝 Saving figure with metadata to: /home/ywatanabe/proj/scitex-code/examples/demo_plot_all_types_publication_out/publication/04_seaborn/02_sns_violinplot.pdf[0m
[90mINFO:   • Auto-added URL: https://scitex.ai[0m
/home/ywatanabe/proj/scitex-code/src/scitex/io/_save_modules/_image.py:172: UserWarning: This figure includes Axes that are not compatible with tight_layout, so results might be incorrect.
  obj.savefig(spath, **save_kwargs)
[90mINFO:   • Embedded metadata: {'scitex': {'version': '2.2.2', 'created_at': '2025-11-19T18:05:15.161675', 'created_with': 'scitex.plt.subplots (mm-control)', 'mode': 'publication', 'axes_size_mm': (40, 28), 'position_in_grid': (0, 0), 'style_mm': {'axis_thickness_mm': 0.2, 'tick_length_mm': 0.8, 'tick_thickness_mm': 0.2, 'trace_thickness_mm': 0.2, 'axis_font_size_pt': 7, 'tick_font_size_pt': 7, 'title_font_size_pt': 8, 'legend_font_size_pt': 6, 'label_pad_pt': 0.5, 'tick_pad_pt': 0.5, 'title_pad_pt': 1.0, 'font_family': 'Arial', 'n_ticks': 4, 'font_family_requested': 'Arial', 'font_family_actual': 'Arial'}}, 'matplotlib': {'version': '3.10.3'}, 'dimensions': {'figure_size_mm': (np.float64(80.0), np.float64(68.0)), 'figure_size_inch': (np.float64(3.1496062992125986), np.float64(2.677165354330709)), 'figure_size_px': (944, 803), 'axes_size_mm': (np.float64(40.0), np.float64(27.999999999999993)), 'axes_size_inch': (np.float64(1.5748031496062993), np.float64(1.1023622047244093)), 'axes_size_px': (472, 330), 'axes_position': (np.float64(0.25), np.float64(0.29411764705882354), np.float64(0.5), np.float64(0.41176470588235287)), 'dpi': 300}, 'margins_mm': {'left': np.float64(20.0), 'bottom': np.float64(20.0), 'right': np.float64(20.0), 'top': np.float64(20.000000000000007)}, 'url': 'https://scitex.ai'}[0m
[32mSUCC: Saved to: ./../scitex-code/examples/demo_plot_all_types_publication_out/publication/04_seaborn/02_sns_violinplot.pdf (20.1 KiB)[0m
[90mINFO:   • Auto-collected metadata from figure[0m
[90mINFO: 📝 Saving figure with metadata to: /home/ywatanabe/proj/scitex-code/examples/demo_plot_all_types_publication_out/publication/04_seaborn/03_sns_scatterplot.png[0m
[90mINFO:   • Auto-added URL: https://scitex.ai[0m
/home/ywatanabe/proj/scitex-code/src/scitex/io/_save_modules/_image.py:57: UserWarning: This figure includes Axes that are not compatible with tight_layout, so results might be incorrect.
  obj.savefig(spath, **kwargs)
[90mINFO:   • Embedded metadata: {'scitex': {'version': '2.2.2', 'created_at': '2025-11-19T18:05:15.377359', 'created_with': 'scitex.plt.subplots (mm-control)', 'mode': 'publication', 'axes_size_mm': (40, 28), 'position_in_grid': (0, 0), 'style_mm': {'axis_thickness_mm': 0.2, 'tick_length_mm': 0.8, 'tick_thickness_mm': 0.2, 'trace_thickness_mm': 0.2, 'axis_font_size_pt': 7, 'tick_font_size_pt': 7, 'title_font_size_pt': 8, 'legend_font_size_pt': 6, 'label_pad_pt': 0.5, 'tick_pad_pt': 0.5, 'title_pad_pt': 1.0, 'font_family': 'Arial', 'n_ticks': 4, 'font_family_requested': 'Arial', 'font_family_actual': 'Arial'}}, 'matplotlib': {'version': '3.10.3'}, 'dimensions': {'figure_size_mm': (np.float64(80.0), np.float64(68.0)), 'figure_size_inch': (np.float64(3.1496062992125986), np.float64(2.677165354330709)), 'figure_size_px': (944, 803), 'axes_size_mm': (np.float64(40.0), np.float64(27.999999999999993)), 'axes_size_inch': (np.float64(1.5748031496062993), np.float64(1.1023622047244093)), 'axes_size_px': (472, 330), 'axes_position': (np.float64(0.25), np.float64(0.29411764705882354), np.float64(0.5), np.float64(0.41176470588235287)), 'dpi': 300}, 'margins_mm': {'left': np.float64(20.0), 'bottom': np.float64(20.0), 'right': np.float64(20.0), 'top': np.float64(20.000000000000007)}, 'url': 'https://scitex.ai'}[0m
[90mINFO:   • Auto-cropped with 1.0mm margin (11px at 300 DPI)[0m
[32mSUCC: Saved to: ./../scitex-code/examples/demo_plot_all_types_publication_out/publication/04_seaborn/03_sns_scatterplot.csv (4.1 KiB)[0m
[32mSUCC: Saved to: ./../scitex-code/examples/demo_plot_all_types_publication_out/publication/04_seaborn/03_sns_scatterplot.png (1.0 MiB)[0m
[90mINFO:   • Auto-collected metadata from figure[0m
[90mINFO: 📝 Saving figure with metadata to: /home/ywatanabe/proj/scitex-code/examples/demo_plot_all_types_publication_out/publication/04_seaborn/03_sns_scatterplot.pdf[0m
[90mINFO:   • Auto-added URL: https://scitex.ai[0m
/home/ywatanabe/proj/scitex-code/src/scitex/io/_save_modules/_image.py:172: UserWarning: This figure includes Axes that are not compatible with tight_layout, so results might be incorrect.
  obj.savefig(spath, **save_kwargs)
[90mINFO:   • Embedded metadata: {'scitex': {'version': '2.2.2', 'created_at': '2025-11-19T18:05:15.735707', 'created_with': 'scitex.plt.subplots (mm-control)', 'mode': 'publication', 'axes_size_mm': (40, 28), 'position_in_grid': (0, 0), 'style_mm': {'axis_thickness_mm': 0.2, 'tick_length_mm': 0.8, 'tick_thickness_mm': 0.2, 'trace_thickness_mm': 0.2, 'axis_font_size_pt': 7, 'tick_font_size_pt': 7, 'title_font_size_pt': 8, 'legend_font_size_pt': 6, 'label_pad_pt': 0.5, 'tick_pad_pt': 0.5, 'title_pad_pt': 1.0, 'font_family': 'Arial', 'n_ticks': 4, 'font_family_requested': 'Arial', 'font_family_actual': 'Arial'}}, 'matplotlib': {'version': '3.10.3'}, 'dimensions': {'figure_size_mm': (np.float64(80.0), np.float64(68.0)), 'figure_size_inch': (np.float64(3.1496062992125986), np.float64(2.677165354330709)), 'figure_size_px': (944, 803), 'axes_size_mm': (np.float64(40.0), np.float64(27.999999999999993)), 'axes_size_inch': (np.float64(1.5748031496062993), np.float64(1.1023622047244093)), 'axes_size_px': (472, 330), 'axes_position': (np.float64(0.25), np.float64(0.29411764705882354), np.float64(0.5), np.float64(0.41176470588235287)), 'dpi': 300}, 'margins_mm': {'left': np.float64(20.0), 'bottom': np.float64(20.0), 'right': np.float64(20.0), 'top': np.float64(20.000000000000007)}, 'url': 'https://scitex.ai'}[0m
[32mSUCC: Saved to: ./../scitex-code/examples/demo_plot_all_types_publication_out/publication/04_seaborn/03_sns_scatterplot.csv (4.1 KiB)[0m
[32mSUCC: Saved to: ./../scitex-code/examples/demo_plot_all_types_publication_out/publication/04_seaborn/03_sns_scatterplot.pdf (18.2 KiB)[0m
[90mINFO:   • Auto-collected metadata from figure[0m
[90mINFO: 📝 Saving figure with metadata to: /home/ywatanabe/proj/scitex-code/examples/demo_plot_all_types_publication_out/publication/04_seaborn/04_sns_lineplot.png[0m
[90mINFO:   • Auto-added URL: https://scitex.ai[0m
/home/ywatanabe/proj/scitex-code/src/scitex/io/_save_modules/_image.py:57: UserWarning: This figure includes Axes that are not compatible with tight_layout, so results might be incorrect.
  obj.savefig(spath, **kwargs)
[90mINFO:   • Embedded metadata: {'scitex': {'version': '2.2.2', 'created_at': '2025-11-19T18:05:16.004750', 'created_with': 'scitex.plt.subplots (mm-control)', 'mode': 'publication', 'axes_size_mm': (40, 28), 'position_in_grid': (0, 0), 'style_mm': {'axis_thickness_mm': 0.2, 'tick_length_mm': 0.8, 'tick_thickness_mm': 0.2, 'trace_thickness_mm': 0.2, 'axis_font_size_pt': 7, 'tick_font_size_pt': 7, 'title_font_size_pt': 8, 'legend_font_size_pt': 6, 'label_pad_pt': 0.5, 'tick_pad_pt': 0.5, 'title_pad_pt': 1.0, 'font_family': 'Arial', 'n_ticks': 4, 'font_family_requested': 'Arial', 'font_family_actual': 'Arial'}}, 'matplotlib': {'version': '3.10.3'}, 'dimensions': {'figure_size_mm': (np.float64(80.0), np.float64(68.0)), 'figure_size_inch': (np.float64(3.1496062992125986), np.float64(2.677165354330709)), 'figure_size_px': (944, 803), 'axes_size_mm': (np.float64(40.0), np.float64(27.999999999999993)), 'axes_size_inch': (np.float64(1.5748031496062993), np.float64(1.1023622047244093)), 'axes_size_px': (472, 330), 'axes_position': (np.float64(0.25), np.float64(0.29411764705882354), np.float64(0.5), np.float64(0.41176470588235287)), 'dpi': 300}, 'margins_mm': {'left': np.float64(20.0), 'bottom': np.float64(20.0), 'right': np.float64(20.0), 'top': np.float64(20.000000000000007)}, 'url': 'https://scitex.ai'}[0m
[90mINFO:   • Auto-cropped with 1.0mm margin (11px at 300 DPI)[0m
/home/ywatanabe/proj/scitex-code/src/scitex/plt/_subplots/_AxisWrapperMixins/_TrackingMixin.py:113: UserWarning: Method 'sns_lineplot()' does not support data tracking for CSV export. Consider using scitex plot methods (e.g., plot_image, plot_imshow) for data export support.
  df = _export_as_csv(self.history)
[32mSUCC: Saved to: ./../scitex-code/examples/demo_plot_all_types_publication_out/publication/04_seaborn/04_sns_lineplot.png (1.1 MiB)[0m
[90mINFO:   • Auto-collected metadata from figure[0m
[90mINFO: 📝 Saving figure with metadata to: /home/ywatanabe/proj/scitex-code/examples/demo_plot_all_types_publication_out/publication/04_seaborn/04_sns_lineplot.pdf[0m
[90mINFO:   • Auto-added URL: https://scitex.ai[0m
/home/ywatanabe/proj/scitex-code/src/scitex/io/_save_modules/_image.py:172: UserWarning: This figure includes Axes that are not compatible with tight_layout, so results might be incorrect.
  obj.savefig(spath, **save_kwargs)
[90mINFO:   • Embedded metadata: {'scitex': {'version': '2.2.2', 'created_at': '2025-11-19T18:05:16.367012', 'created_with': 'scitex.plt.subplots (mm-control)', 'mode': 'publication', 'axes_size_mm': (40, 28), 'position_in_grid': (0, 0), 'style_mm': {'axis_thickness_mm': 0.2, 'tick_length_mm': 0.8, 'tick_thickness_mm': 0.2, 'trace_thickness_mm': 0.2, 'axis_font_size_pt': 7, 'tick_font_size_pt': 7, 'title_font_size_pt': 8, 'legend_font_size_pt': 6, 'label_pad_pt': 0.5, 'tick_pad_pt': 0.5, 'title_pad_pt': 1.0, 'font_family': 'Arial', 'n_ticks': 4, 'font_family_requested': 'Arial', 'font_family_actual': 'Arial'}}, 'matplotlib': {'version': '3.10.3'}, 'dimensions': {'figure_size_mm': (np.float64(80.0), np.float64(68.0)), 'figure_size_inch': (np.float64(3.1496062992125986), np.float64(2.677165354330709)), 'figure_size_px': (944, 803), 'axes_size_mm': (np.float64(40.0), np.float64(27.999999999999993)), 'axes_size_inch': (np.float64(1.5748031496062993), np.float64(1.1023622047244093)), 'axes_size_px': (472, 330), 'axes_position': (np.float64(0.25), np.float64(0.29411764705882354), np.float64(0.5), np.float64(0.41176470588235287)), 'dpi': 300}, 'margins_mm': {'left': np.float64(20.0), 'bottom': np.float64(20.0), 'right': np.float64(20.0), 'top': np.float64(20.000000000000007)}, 'url': 'https://scitex.ai'}[0m
[32mSUCC: Saved to: ./../scitex-code/examples/demo_plot_all_types_publication_out/publication/04_seaborn/04_sns_lineplot.pdf (16.9 KiB)[0m
/home/ywatanabe/proj/scitex-code/src/scitex/plt/_subplots/_AxisWrapperMixins/_AdjustmentMixin.py:215: UserWarning: No artists with labels found to put in legend.  Note that artists whose label start with an underscore are ignored when legend() is called with no argument.
  legend_obj = self._axis_mpl.legend(*args, loc=loc, **kwargs)
[90mINFO:   • Auto-collected metadata from figure[0m
[90mINFO: 📝 Saving figure with metadata to: /home/ywatanabe/proj/scitex-code/examples/demo_plot_all_types_publication_out/publication/04_seaborn/05_sns_histplot.png[0m
[90mINFO:   • Auto-added URL: https://scitex.ai[0m
/home/ywatanabe/proj/scitex-code/src/scitex/io/_save_modules/_image.py:57: UserWarning: This figure includes Axes that are not compatible with tight_layout, so results might be incorrect.
  obj.savefig(spath, **kwargs)
[90mINFO:   • Embedded metadata: {'scitex': {'version': '2.2.2', 'created_at': '2025-11-19T18:05:16.661693', 'created_with': 'scitex.plt.subplots (mm-control)', 'mode': 'publication', 'axes_size_mm': (40, 28), 'position_in_grid': (0, 0), 'style_mm': {'axis_thickness_mm': 0.2, 'tick_length_mm': 0.8, 'tick_thickness_mm': 0.2, 'trace_thickness_mm': 0.2, 'axis_font_size_pt': 7, 'tick_font_size_pt': 7, 'title_font_size_pt': 8, 'legend_font_size_pt': 6, 'label_pad_pt': 0.5, 'tick_pad_pt': 0.5, 'title_pad_pt': 1.0, 'font_family': 'Arial', 'n_ticks': 4, 'font_family_requested': 'Arial', 'font_family_actual': 'Arial'}}, 'matplotlib': {'version': '3.10.3'}, 'dimensions': {'figure_size_mm': (np.float64(80.0), np.float64(68.0)), 'figure_size_inch': (np.float64(3.1496062992125986), np.float64(2.677165354330709)), 'figure_size_px': (944, 803), 'axes_size_mm': (np.float64(40.0), np.float64(27.999999999999993)), 'axes_size_inch': (np.float64(1.5748031496062993), np.float64(1.1023622047244093)), 'axes_size_px': (472, 330), 'axes_position': (np.float64(0.25), np.float64(0.29411764705882354), np.float64(0.5), np.float64(0.41176470588235287)), 'dpi': 300}, 'margins_mm': {'left': np.float64(20.0), 'bottom': np.float64(20.0), 'right': np.float64(20.0), 'top': np.float64(20.000000000000007)}, 'url': 'https://scitex.ai'}[0m
[90mINFO:   • Auto-cropped with 1.0mm margin (11px at 300 DPI)[0m
[32mSUCC: Saved to: ./../scitex-code/examples/demo_plot_all_types_publication_out/publication/04_seaborn/05_sns_histplot.csv (1.7 KiB)[0m
[32mSUCC: Saved to: ./../scitex-code/examples/demo_plot_all_types_publication_out/publication/04_seaborn/05_sns_histplot.png (1.0 MiB)[0m
[90mINFO:   • Auto-collected metadata from figure[0m
[90mINFO: 📝 Saving figure with metadata to: /home/ywatanabe/proj/scitex-code/examples/demo_plot_all_types_publication_out/publication/04_seaborn/05_sns_histplot.pdf[0m
[90mINFO:   • Auto-added URL: https://scitex.ai[0m
/home/ywatanabe/proj/scitex-code/src/scitex/io/_save_modules/_image.py:172: UserWarning: This figure includes Axes that are not compatible with tight_layout, so results might be incorrect.
  obj.savefig(spath, **save_kwargs)
[90mINFO:   • Embedded metadata: {'scitex': {'version': '2.2.2', 'created_at': '2025-11-19T18:05:17.027405', 'created_with': 'scitex.plt.subplots (mm-control)', 'mode': 'publication', 'axes_size_mm': (40, 28), 'position_in_grid': (0, 0), 'style_mm': {'axis_thickness_mm': 0.2, 'tick_length_mm': 0.8, 'tick_thickness_mm': 0.2, 'trace_thickness_mm': 0.2, 'axis_font_size_pt': 7, 'tick_font_size_pt': 7, 'title_font_size_pt': 8, 'legend_font_size_pt': 6, 'label_pad_pt': 0.5, 'tick_pad_pt': 0.5, 'title_pad_pt': 1.0, 'font_family': 'Arial', 'n_ticks': 4, 'font_family_requested': 'Arial', 'font_family_actual': 'Arial'}}, 'matplotlib': {'version': '3.10.3'}, 'dimensions': {'figure_size_mm': (np.float64(80.0), np.float64(68.0)), 'figure_size_inch': (np.float64(3.1496062992125986), np.float64(2.677165354330709)), 'figure_size_px': (944, 803), 'axes_size_mm': (np.float64(40.0), np.float64(27.999999999999993)), 'axes_size_inch': (np.float64(1.5748031496062993), np.float64(1.1023622047244093)), 'axes_size_px': (472, 330), 'axes_position': (np.float64(0.25), np.float64(0.29411764705882354), np.float64(0.5), np.float64(0.41176470588235287)), 'dpi': 300}, 'margins_mm': {'left': np.float64(20.0), 'bottom': np.float64(20.0), 'right': np.float64(20.0), 'top': np.float64(20.000000000000007)}, 'url': 'https://scitex.ai'}[0m
[32mSUCC: Saved to: ./../scitex-code/examples/demo_plot_all_types_publication_out/publication/04_seaborn/05_sns_histplot.csv (1.7 KiB)[0m
[32mSUCC: Saved to: ./../scitex-code/examples/demo_plot_all_types_publication_out/publication/04_seaborn/05_sns_histplot.pdf (16.4 KiB)[0m
[90mINFO:   • Auto-collected metadata from figure[0m
[90mINFO: 📝 Saving figure with metadata to: /home/ywatanabe/proj/scitex-code/examples/demo_plot_all_types_publication_out/publication/04_seaborn/06_sns_barplot.png[0m
[90mINFO:   • Auto-added URL: https://scitex.ai[0m
/home/ywatanabe/proj/scitex-code/src/scitex/io/_save_modules/_image.py:57: UserWarning: This figure includes Axes that are not compatible with tight_layout, so results might be incorrect.
  obj.savefig(spath, **kwargs)
[90mINFO:   • Embedded metadata: {'scitex': {'version': '2.2.2', 'created_at': '2025-11-19T18:05:17.427485', 'created_with': 'scitex.plt.subplots (mm-control)', 'mode': 'publication', 'axes_size_mm': (40, 28), 'position_in_grid': (0, 0), 'style_mm': {'axis_thickness_mm': 0.2, 'tick_length_mm': 0.8, 'tick_thickness_mm': 0.2, 'trace_thickness_mm': 0.2, 'axis_font_size_pt': 7, 'tick_font_size_pt': 7, 'title_font_size_pt': 8, 'legend_font_size_pt': 6, 'label_pad_pt': 0.5, 'tick_pad_pt': 0.5, 'title_pad_pt': 1.0, 'font_family': 'Arial', 'n_ticks': 4, 'font_family_requested': 'Arial', 'font_family_actual': 'Arial'}}, 'matplotlib': {'version': '3.10.3'}, 'dimensions': {'figure_size_mm': (np.float64(80.0), np.float64(68.0)), 'figure_size_inch': (np.float64(3.1496062992125986), np.float64(2.677165354330709)), 'figure_size_px': (944, 803), 'axes_size_mm': (np.float64(40.0), np.float64(27.999999999999993)), 'axes_size_inch': (np.float64(1.5748031496062993), np.float64(1.1023622047244093)), 'axes_size_px': (472, 330), 'axes_position': (np.float64(0.25), np.float64(0.29411764705882354), np.float64(0.5), np.float64(0.41176470588235287)), 'dpi': 300}, 'margins_mm': {'left': np.float64(20.0), 'bottom': np.float64(20.0), 'right': np.float64(20.0), 'top': np.float64(20.000000000000007)}, 'url': 'https://scitex.ai'}[0m
[90mINFO:   • Auto-cropped with 1.0mm margin (11px at 300 DPI)[0m
[32mSUCC: Saved to: ./../scitex-code/examples/demo_plot_all_types_publication_out/publication/04_seaborn/06_sns_barplot.csv (3.1 KiB)[0m
[32mSUCC: Saved to: ./../scitex-code/examples/demo_plot_all_types_publication_out/publication/04_seaborn/06_sns_barplot.png (1.0 MiB)[0m
[90mINFO:   • Auto-collected metadata from figure[0m
[90mINFO: 📝 Saving figure with metadata to: /home/ywatanabe/proj/scitex-code/examples/demo_plot_all_types_publication_out/publication/04_seaborn/06_sns_barplot.pdf[0m
[90mINFO:   • Auto-added URL: https://scitex.ai[0m
/home/ywatanabe/proj/scitex-code/src/scitex/io/_save_modules/_image.py:172: UserWarning: This figure includes Axes that are not compatible with tight_layout, so results might be incorrect.
  obj.savefig(spath, **save_kwargs)
[90mINFO:   • Embedded metadata: {'scitex': {'version': '2.2.2', 'created_at': '2025-11-19T18:05:17.780715', 'created_with': 'scitex.plt.subplots (mm-control)', 'mode': 'publication', 'axes_size_mm': (40, 28), 'position_in_grid': (0, 0), 'style_mm': {'axis_thickness_mm': 0.2, 'tick_length_mm': 0.8, 'tick_thickness_mm': 0.2, 'trace_thickness_mm': 0.2, 'axis_font_size_pt': 7, 'tick_font_size_pt': 7, 'title_font_size_pt': 8, 'legend_font_size_pt': 6, 'label_pad_pt': 0.5, 'tick_pad_pt': 0.5, 'title_pad_pt': 1.0, 'font_family': 'Arial', 'n_ticks': 4, 'font_family_requested': 'Arial', 'font_family_actual': 'Arial'}}, 'matplotlib': {'version': '3.10.3'}, 'dimensions': {'figure_size_mm': (np.float64(80.0), np.float64(68.0)), 'figure_size_inch': (np.float64(3.1496062992125986), np.float64(2.677165354330709)), 'figure_size_px': (944, 803), 'axes_size_mm': (np.float64(40.0), np.float64(27.999999999999993)), 'axes_size_inch': (np.float64(1.5748031496062993), np.float64(1.1023622047244093)), 'axes_size_px': (472, 330), 'axes_position': (np.float64(0.25), np.float64(0.29411764705882354), np.float64(0.5), np.float64(0.41176470588235287)), 'dpi': 300}, 'margins_mm': {'left': np.float64(20.0), 'bottom': np.float64(20.0), 'right': np.float64(20.0), 'top': np.float64(20.000000000000007)}, 'url': 'https://scitex.ai'}[0m
[32mSUCC: Saved to: ./../scitex-code/examples/demo_plot_all_types_publication_out/publication/04_seaborn/06_sns_barplot.csv (3.1 KiB)[0m
[32mSUCC: Saved to: ./../scitex-code/examples/demo_plot_all_types_publication_out/publication/04_seaborn/06_sns_barplot.pdf (13.7 KiB)[0m
[90mINFO:   • Auto-collected metadata from figure[0m
[90mINFO: 📝 Saving figure with metadata to: /home/ywatanabe/proj/scitex-code/examples/demo_plot_all_types_publication_out/publication/04_seaborn/07_sns_stripplot.png[0m
[90mINFO:   • Auto-added URL: https://scitex.ai[0m
/home/ywatanabe/proj/scitex-code/src/scitex/io/_save_modules/_image.py:57: UserWarning: This figure includes Axes that are not compatible with tight_layout, so results might be incorrect.
  obj.savefig(spath, **kwargs)
[90mINFO:   • Embedded metadata: {'scitex': {'version': '2.2.2', 'created_at': '2025-11-19T18:05:18.045337', 'created_with': 'scitex.plt.subplots (mm-control)', 'mode': 'publication', 'axes_size_mm': (40, 28), 'position_in_grid': (0, 0), 'style_mm': {'axis_thickness_mm': 0.2, 'tick_length_mm': 0.8, 'tick_thickness_mm': 0.2, 'trace_thickness_mm': 0.2, 'axis_font_size_pt': 7, 'tick_font_size_pt': 7, 'title_font_size_pt': 8, 'legend_font_size_pt': 6, 'label_pad_pt': 0.5, 'tick_pad_pt': 0.5, 'title_pad_pt': 1.0, 'font_family': 'Arial', 'n_ticks': 4, 'font_family_requested': 'Arial', 'font_family_actual': 'Arial'}}, 'matplotlib': {'version': '3.10.3'}, 'dimensions': {'figure_size_mm': (np.float64(80.0), np.float64(68.0)), 'figure_size_inch': (np.float64(3.1496062992125986), np.float64(2.677165354330709)), 'figure_size_px': (944, 803), 'axes_size_mm': (np.float64(40.0), np.float64(27.999999999999993)), 'axes_size_inch': (np.float64(1.5748031496062993), np.float64(1.1023622047244093)), 'axes_size_px': (472, 330), 'axes_position': (np.float64(0.25), np.float64(0.29411764705882354), np.float64(0.5), np.float64(0.41176470588235287)), 'dpi': 300}, 'margins_mm': {'left': np.float64(20.0), 'bottom': np.float64(20.0), 'right': np.float64(20.0), 'top': np.float64(20.000000000000007)}, 'url': 'https://scitex.ai'}[0m
[90mINFO:   • Auto-cropped with 1.0mm margin (11px at 300 DPI)[0m
[32mSUCC: Saved to: ./../scitex-code/examples/demo_plot_all_types_publication_out/publication/04_seaborn/07_sns_stripplot.csv (1.9 KiB)[0m
[32mSUCC: Saved to: ./../scitex-code/examples/demo_plot_all_types_publication_out/publication/04_seaborn/07_sns_stripplot.png (1.0 MiB)[0m
[90mINFO:   • Auto-collected metadata from figure[0m
[90mINFO: 📝 Saving figure with metadata to: /home/ywatanabe/proj/scitex-code/examples/demo_plot_all_types_publication_out/publication/04_seaborn/07_sns_stripplot.pdf[0m
[90mINFO:   • Auto-added URL: https://scitex.ai[0m
/home/ywatanabe/proj/scitex-code/src/scitex/io/_save_modules/_image.py:172: UserWarning: This figure includes Axes that are not compatible with tight_layout, so results might be incorrect.
  obj.savefig(spath, **save_kwargs)
[90mINFO:   • Embedded metadata: {'scitex': {'version': '2.2.2', 'created_at': '2025-11-19T18:05:18.450542', 'created_with': 'scitex.plt.subplots (mm-control)', 'mode': 'publication', 'axes_size_mm': (40, 28), 'position_in_grid': (0, 0), 'style_mm': {'axis_thickness_mm': 0.2, 'tick_length_mm': 0.8, 'tick_thickness_mm': 0.2, 'trace_thickness_mm': 0.2, 'axis_font_size_pt': 7, 'tick_font_size_pt': 7, 'title_font_size_pt': 8, 'legend_font_size_pt': 6, 'label_pad_pt': 0.5, 'tick_pad_pt': 0.5, 'title_pad_pt': 1.0, 'font_family': 'Arial', 'n_ticks': 4, 'font_family_requested': 'Arial', 'font_family_actual': 'Arial'}}, 'matplotlib': {'version': '3.10.3'}, 'dimensions': {'figure_size_mm': (np.float64(80.0), np.float64(68.0)), 'figure_size_inch': (np.float64(3.1496062992125986), np.float64(2.677165354330709)), 'figure_size_px': (944, 803), 'axes_size_mm': (np.float64(40.0), np.float64(27.999999999999993)), 'axes_size_inch': (np.float64(1.5748031496062993), np.float64(1.1023622047244093)), 'axes_size_px': (472, 330), 'axes_position': (np.float64(0.25), np.float64(0.29411764705882354), np.float64(0.5), np.float64(0.41176470588235287)), 'dpi': 300}, 'margins_mm': {'left': np.float64(20.0), 'bottom': np.float64(20.0), 'right': np.float64(20.0), 'top': np.float64(20.000000000000007)}, 'url': 'https://scitex.ai'}[0m
[32mSUCC: Saved to: ./../scitex-code/examples/demo_plot_all_types_publication_out/publication/04_seaborn/07_sns_stripplot.csv (1.9 KiB)[0m
[32mSUCC: Saved to: ./../scitex-code/examples/demo_plot_all_types_publication_out/publication/04_seaborn/07_sns_stripplot.pdf (15.6 KiB)[0m
Traceback (most recent call last):
  File "/home/ywatanabe/proj/scitex-code/examples/demo_plot_all_types_publication.py", line 1369, in main
    demo()
  File "/home/ywatanabe/proj/scitex-code/examples/demo_plot_all_types_publication.py", line 1114, in demo_publication_sns_kdeplot
    ax.sns_kdeplot(
  File "/home/ywatanabe/proj/scitex-code/src/scitex/plt/_subplots/_AxisWrapperMixins/_SeabornMixin.py", line 25, in wrapper
    return func(self, *args, **kwargs)
           ^^^^^^^^^^^^^^^^^^^^^^^^^^^
  File "/home/ywatanabe/proj/scitex-code/src/scitex/plt/_subplots/_AxisWrapperMixins/_SeabornMixin.py", line 290, in sns_kdeplot
    self.plot_kde(_data, xlim=lim, label=hue, id=hue, **kwargs)
  File "/home/ywatanabe/proj/scitex-code/src/scitex/plt/_subplots/_AxisWrapperMixins/_MatplotlibPlotMixin.py", line 113, in plot_kde
    self._axis_mpl.plot(xx, density, **kwargs)
  File "/home/ywatanabe/.env-3.11/lib/python3.11/site-packages/matplotlib/axes/_axes.py", line 1779, in plot
    lines = [*self._get_lines(self, *args, data=data, **kwargs)]
            ^^^^^^^^^^^^^^^^^^^^^^^^^^^^^^^^^^^^^^^^^^^^^^^^^^^^
  File "/home/ywatanabe/.env-3.11/lib/python3.11/site-packages/matplotlib/axes/_base.py", line 296, in __call__
    yield from self._plot_args(
               ^^^^^^^^^^^^^^^^
  File "/home/ywatanabe/.env-3.11/lib/python3.11/site-packages/matplotlib/axes/_base.py", line 545, in _plot_args
    return [l[0] for l in result]
           ^^^^^^^^^^^^^^^^^^^^^^
  File "/home/ywatanabe/.env-3.11/lib/python3.11/site-packages/matplotlib/axes/_base.py", line 545, in <listcomp>
    return [l[0] for l in result]
           ^^^^^^^^^^^^^^^^^^^^^^
  File "/home/ywatanabe/.env-3.11/lib/python3.11/site-packages/matplotlib/axes/_base.py", line 538, in <genexpr>
    result = (make_artist(axes, x[:, j % ncx], y[:, j % ncy], kw,
              ^^^^^^^^^^^^^^^^^^^^^^^^^^^^^^^^^^^^^^^^^^^^^^^^^^^
  File "/home/ywatanabe/.env-3.11/lib/python3.11/site-packages/matplotlib/axes/_base.py", line 337, in _make_line
    seg = mlines.Line2D(x, y, **kw)
          ^^^^^^^^^^^^^^^^^^^^^^^^^
  File "/home/ywatanabe/.env-3.11/lib/python3.11/site-packages/matplotlib/lines.py", line 428, in __init__
    self._internal_update(kwargs)
  File "/home/ywatanabe/.env-3.11/lib/python3.11/site-packages/matplotlib/artist.py", line 1241, in _internal_update
    return self._update_props(
           ^^^^^^^^^^^^^^^^^^^
  File "/home/ywatanabe/.env-3.11/lib/python3.11/site-packages/matplotlib/artist.py", line 1214, in _update_props
    raise AttributeError(
AttributeError: Line2D.set() got an unexpected keyword argument 'xlim'
[90mINFO:   • Auto-collected metadata from figure[0m
[90mINFO: 📝 Saving figure with metadata to: /home/ywatanabe/proj/scitex-code/examples/demo_plot_all_types_publication_out/publication/05_multi_panel/01_2x2_scitex.png[0m
[90mINFO:   • Auto-added URL: https://scitex.ai[0m
/home/ywatanabe/proj/scitex-code/src/scitex/plt/utils/_collect_figure_metadata.py:120: UserWarning: Could not extract dimension info for metadata: 'function' object has no attribute 'get_position'
  warnings.warn(
/home/ywatanabe/proj/scitex-code/src/scitex/io/_save_modules/_image.py:57: UserWarning: This figure includes Axes that are not compatible with tight_layout, so results might be incorrect.
  obj.savefig(spath, **kwargs)
[90mINFO:   • Embedded metadata: {'scitex': {'version': '2.2.2', 'created_at': '2025-11-19T18:05:19.472673', 'created_with': 'scitex.plt.subplots (mm-control)', 'mode': 'publication', 'axes_size_mm': (40, 28), 'position_in_grid': (0, 0), 'style_mm': {'axis_thickness_mm': 0.2, 'tick_length_mm': 0.8, 'tick_thickness_mm': 0.2, 'trace_thickness_mm': 0.2, 'axis_font_size_pt': 7, 'tick_font_size_pt': 7, 'title_font_size_pt': 8, 'legend_font_size_pt': 6, 'label_pad_pt': 0.5, 'tick_pad_pt': 0.5, 'title_pad_pt': 1.0, 'font_family': 'Arial', 'n_ticks': 4, 'font_family_requested': 'Arial', 'font_family_actual': 'Arial'}}, 'matplotlib': {'version': '3.10.3'}, 'dimensions': {'figure_size_mm': (np.float64(127.99999999999999), np.float64(106.00000000000001)), 'figure_size_inch': (np.float64(5.039370078740157), np.float64(4.1732283464566935)), 'figure_size_px': (1511, 1251), 'axes_size_mm': (np.float64(39.99999999999999), np.float64(28.000000000000004)), 'axes_size_inch': (np.float64(1.574803149606299), np.float64(1.1023622047244097)), 'axes_size_px': (472, 330), 'axes_position': (np.float64(0.15625), np.float64(0.5471698113207547), np.float64(0.3125), np.float64(0.26415094339622647)), 'dpi': 300}, 'margins_mm': {'left': np.float64(19.999999999999996), 'bottom': np.float64(58.00000000000001), 'right': np.float64(68.0), 'top': np.float64(20.0)}, 'url': 'https://scitex.ai'}[0m
[90mINFO:   • Auto-cropped with 1.0mm margin (11px at 300 DPI)[0m
[32mSUCC: Saved to: ./../scitex-code/examples/demo_plot_all_types_publication_out/publication/05_multi_panel/01_2x2_scitex.csv (17.5 KiB)[0m
[32mSUCC: Saved to: ./../scitex-code/examples/demo_plot_all_types_publication_out/publication/05_multi_panel/01_2x2_scitex.png (4.1 MiB)[0m
[90mINFO:   • Auto-collected metadata from figure[0m
[90mINFO: 📝 Saving figure with metadata to: /home/ywatanabe/proj/scitex-code/examples/demo_plot_all_types_publication_out/publication/05_multi_panel/01_2x2_scitex.pdf[0m
[90mINFO:   • Auto-added URL: https://scitex.ai[0m
/home/ywatanabe/proj/scitex-code/src/scitex/plt/utils/_collect_figure_metadata.py:120: UserWarning: Could not extract dimension info for metadata: 'function' object has no attribute 'get_position'
  warnings.warn(
/home/ywatanabe/proj/scitex-code/src/scitex/io/_save_modules/_image.py:172: UserWarning: This figure includes Axes that are not compatible with tight_layout, so results might be incorrect.
  obj.savefig(spath, **save_kwargs)
[90mINFO:   • Embedded metadata: {'scitex': {'version': '2.2.2', 'created_at': '2025-11-19T18:05:20.742871', 'created_with': 'scitex.plt.subplots (mm-control)', 'mode': 'publication', 'axes_size_mm': (40, 28), 'position_in_grid': (0, 0), 'style_mm': {'axis_thickness_mm': 0.2, 'tick_length_mm': 0.8, 'tick_thickness_mm': 0.2, 'trace_thickness_mm': 0.2, 'axis_font_size_pt': 7, 'tick_font_size_pt': 7, 'title_font_size_pt': 8, 'legend_font_size_pt': 6, 'label_pad_pt': 0.5, 'tick_pad_pt': 0.5, 'title_pad_pt': 1.0, 'font_family': 'Arial', 'n_ticks': 4, 'font_family_requested': 'Arial', 'font_family_actual': 'Arial'}}, 'matplotlib': {'version': '3.10.3'}, 'dimensions': {'figure_size_mm': (np.float64(127.99999999999999), np.float64(106.00000000000001)), 'figure_size_inch': (np.float64(5.039370078740157), np.float64(4.1732283464566935)), 'figure_size_px': (1511, 1251), 'axes_size_mm': (np.float64(39.99999999999999), np.float64(28.000000000000004)), 'axes_size_inch': (np.float64(1.574803149606299), np.float64(1.1023622047244097)), 'axes_size_px': (472, 330), 'axes_position': (np.float64(0.15625), np.float64(0.5471698113207547), np.float64(0.3125), np.float64(0.26415094339622647)), 'dpi': 300}, 'margins_mm': {'left': np.float64(19.999999999999996), 'bottom': np.float64(58.00000000000001), 'right': np.float64(68.0), 'top': np.float64(20.0)}, 'url': 'https://scitex.ai'}[0m
[32mSUCC: Saved to: ./../scitex-code/examples/demo_plot_all_types_publication_out/publication/05_multi_panel/01_2x2_scitex.csv (17.5 KiB)[0m
[32mSUCC: Saved to: ./../scitex-code/examples/demo_plot_all_types_publication_out/publication/05_multi_panel/01_2x2_scitex.pdf (29.1 KiB)[0m
[90mINFO:   • Auto-collected metadata from figure[0m
[90mINFO: 📝 Saving figure with metadata to: /home/ywatanabe/proj/scitex-code/examples/demo_plot_all_types_publication_out/publication/05_multi_panel/02_1x3_varied_widths.png[0m
[90mINFO:   • Auto-added URL: https://scitex.ai[0m
/home/ywatanabe/proj/scitex-code/src/scitex/plt/utils/_collect_figure_metadata.py:120: UserWarning: Could not extract dimension info for metadata: 'function' object has no attribute 'get_position'
  warnings.warn(
/home/ywatanabe/proj/scitex-code/src/scitex/io/_save_modules/_image.py:57: UserWarning: This figure includes Axes that are not compatible with tight_layout, so results might be incorrect.
  obj.savefig(spath, **kwargs)
[90mINFO:   • Embedded metadata: {'scitex': {'version': '2.2.2', 'created_at': '2025-11-19T18:05:21.562864', 'created_with': 'scitex.plt.subplots (mm-control)', 'mode': 'publication', 'axes_size_mm': (25, 21), 'position_in_grid': (0, 0), 'style_mm': {'axis_thickness_mm': 0.2, 'tick_length_mm': 0.8, 'font_family_requested': 'Arial', 'font_family_actual': 'Arial'}}, 'matplotlib': {'version': '3.10.3'}, 'dimensions': {'figure_size_mm': (np.float64(98.0), np.float64(28.0)), 'figure_size_inch': (np.float64(3.8582677165354333), np.float64(1.1023622047244095)), 'figure_size_px': (1157, 330), 'axes_size_mm': (np.float64(25.000000000000004), np.float64(21.0)), 'axes_size_inch': (np.float64(0.9842519685039371), np.float64(0.8267716535433072)), 'axes_size_px': (295, 248), 'axes_position': (np.float64(0.05102040816326531), np.float64(0.17857142857142858), np.float64(0.25510204081632654), np.float64(0.75)), 'dpi': 300}, 'margins_mm': {'left': np.float64(5.0), 'bottom': np.float64(5.0), 'right': np.float64(68.0), 'top': np.float64(2.0)}, 'url': 'https://scitex.ai'}[0m
[90mINFO:   • Auto-cropped with 1.0mm margin (11px at 300 DPI)[0m
[32mSUCC: Saved to: ./../scitex-code/examples/demo_plot_all_types_publication_out/publication/05_multi_panel/02_1x3_varied_widths.csv (7.7 KiB)[0m
[32mSUCC: Saved to: ./../scitex-code/examples/demo_plot_all_types_publication_out/publication/05_multi_panel/02_1x3_varied_widths.png (1.5 MiB)[0m
[90mINFO:   • Auto-collected metadata from figure[0m
[90mINFO: 📝 Saving figure with metadata to: /home/ywatanabe/proj/scitex-code/examples/demo_plot_all_types_publication_out/publication/05_multi_panel/02_1x3_varied_widths.pdf[0m
[90mINFO:   • Auto-added URL: https://scitex.ai[0m
/home/ywatanabe/proj/scitex-code/src/scitex/plt/utils/_collect_figure_metadata.py:120: UserWarning: Could not extract dimension info for metadata: 'function' object has no attribute 'get_position'
  warnings.warn(
/home/ywatanabe/proj/scitex-code/src/scitex/io/_save_modules/_image.py:172: UserWarning: This figure includes Axes that are not compatible with tight_layout, so results might be incorrect.
  obj.savefig(spath, **save_kwargs)
[90mINFO:   • Embedded metadata: {'scitex': {'version': '2.2.2', 'created_at': '2025-11-19T18:05:22.081316', 'created_with': 'scitex.plt.subplots (mm-control)', 'mode': 'publication', 'axes_size_mm': (25, 21), 'position_in_grid': (0, 0), 'style_mm': {'axis_thickness_mm': 0.2, 'tick_length_mm': 0.8, 'font_family_requested': 'Arial', 'font_family_actual': 'Arial'}}, 'matplotlib': {'version': '3.10.3'}, 'dimensions': {'figure_size_mm': (np.float64(98.0), np.float64(28.0)), 'figure_size_inch': (np.float64(3.8582677165354333), np.float64(1.1023622047244095)), 'figure_size_px': (1157, 330), 'axes_size_mm': (np.float64(25.000000000000004), np.float64(21.0)), 'axes_size_inch': (np.float64(0.9842519685039371), np.float64(0.8267716535433072)), 'axes_size_px': (295, 248), 'axes_position': (np.float64(0.05102040816326531), np.float64(0.17857142857142858), np.float64(0.25510204081632654), np.float64(0.75)), 'dpi': 300}, 'margins_mm': {'left': np.float64(5.0), 'bottom': np.float64(5.0), 'right': np.float64(68.0), 'top': np.float64(2.0)}, 'url': 'https://scitex.ai'}[0m
[32mSUCC: Saved to: ./../scitex-code/examples/demo_plot_all_types_publication_out/publication/05_multi_panel/02_1x3_varied_widths.csv (7.7 KiB)[0m
[32mSUCC: Saved to: ./../scitex-code/examples/demo_plot_all_types_publication_out/publication/05_multi_panel/02_1x3_varied_widths.pdf (23.7 KiB)[0m
[90mINFO:   • Auto-collected metadata from figure[0m
[90mINFO: 📝 Saving figure with metadata to: /home/ywatanabe/proj/scitex-code/examples/demo_plot_all_types_publication_out/publication/style_override.png[0m
[90mINFO:   • Auto-added URL: https://scitex.ai[0m
/home/ywatanabe/proj/scitex-code/src/scitex/io/_save_modules/_image.py:57: UserWarning: This figure includes Axes that are not compatible with tight_layout, so results might be incorrect.
  obj.savefig(spath, **kwargs)
[90mINFO:   • Embedded metadata: {'scitex': {'version': '2.2.2', 'created_at': '2025-11-19T18:05:22.495251', 'created_with': 'scitex.plt.subplots (mm-control)', 'mode': 'publication', 'axes_size_mm': (40, 28), 'position_in_grid': (0, 0), 'style_mm': {'axis_thickness_mm': 0.3, 'tick_length_mm': 1.0, 'tick_thickness_mm': 0.2, 'trace_thickness_mm': 0.2, 'axis_font_size_pt': 7, 'tick_font_size_pt': 7, 'title_font_size_pt': 8, 'legend_font_size_pt': 6, 'label_pad_pt': 0.5, 'tick_pad_pt': 0.5, 'title_pad_pt': 1.0, 'font_family': 'Arial', 'n_ticks': 4, 'font_family_requested': 'Arial', 'font_family_actual': 'Arial'}}, 'matplotlib': {'version': '3.10.3'}, 'dimensions': {'figure_size_mm': (np.float64(80.0), np.float64(68.0)), 'figure_size_inch': (np.float64(3.1496062992125986), np.float64(2.677165354330709)), 'figure_size_px': (944, 803), 'axes_size_mm': (np.float64(40.0), np.float64(27.999999999999993)), 'axes_size_inch': (np.float64(1.5748031496062993), np.float64(1.1023622047244093)), 'axes_size_px': (472, 330), 'axes_position': (np.float64(0.25), np.float64(0.29411764705882354), np.float64(0.5), np.float64(0.41176470588235287)), 'dpi': 300}, 'margins_mm': {'left': np.float64(20.0), 'bottom': np.float64(20.0), 'right': np.float64(20.0), 'top': np.float64(20.000000000000007)}, 'url': 'https://scitex.ai'}[0m
[90mINFO:   • Auto-cropped with 1.0mm margin (11px at 300 DPI)[0m
[32mSUCC: Saved to: ./../scitex-code/examples/demo_plot_all_types_publication_out/publication/style_override.png (1.1 MiB)[0m
[90mINFO:   • Auto-collected metadata from figure[0m
[90mINFO: 📝 Saving figure with metadata to: /home/ywatanabe/proj/scitex-code/examples/demo_plot_all_types_publication_out/publication/style_override.pdf[0m
[90mINFO:   • Auto-added URL: https://scitex.ai[0m
/home/ywatanabe/proj/scitex-code/src/scitex/io/_save_modules/_image.py:172: UserWarning: This figure includes Axes that are not compatible with tight_layout, so results might be incorrect.
  obj.savefig(spath, **save_kwargs)
[90mINFO:   • Embedded metadata: {'scitex': {'version': '2.2.2', 'created_at': '2025-11-19T18:05:22.828318', 'created_with': 'scitex.plt.subplots (mm-control)', 'mode': 'publication', 'axes_size_mm': (40, 28), 'position_in_grid': (0, 0), 'style_mm': {'axis_thickness_mm': 0.3, 'tick_length_mm': 1.0, 'tick_thickness_mm': 0.2, 'trace_thickness_mm': 0.2, 'axis_font_size_pt': 7, 'tick_font_size_pt': 7, 'title_font_size_pt': 8, 'legend_font_size_pt': 6, 'label_pad_pt': 0.5, 'tick_pad_pt': 0.5, 'title_pad_pt': 1.0, 'font_family': 'Arial', 'n_ticks': 4, 'font_family_requested': 'Arial', 'font_family_actual': 'Arial'}}, 'matplotlib': {'version': '3.10.3'}, 'dimensions': {'figure_size_mm': (np.float64(80.0), np.float64(68.0)), 'figure_size_inch': (np.float64(3.1496062992125986), np.float64(2.677165354330709)), 'figure_size_px': (944, 803), 'axes_size_mm': (np.float64(40.0), np.float64(27.999999999999993)), 'axes_size_inch': (np.float64(1.5748031496062993), np.float64(1.1023622047244093)), 'axes_size_px': (472, 330), 'axes_position': (np.float64(0.25), np.float64(0.29411764705882354), np.float64(0.5), np.float64(0.41176470588235287)), 'dpi': 300}, 'margins_mm': {'left': np.float64(20.0), 'bottom': np.float64(20.0), 'right': np.float64(20.0), 'top': np.float64(20.000000000000007)}, 'url': 'https://scitex.ai'}[0m
[32mSUCC: Saved to: ./../scitex-code/examples/demo_plot_all_types_publication_out/publication/style_override.pdf (18.1 KiB)[0m
