ax-row-0-col-0_trace-id-gaussian-2d_variable-x,ax-row-0-col-0_trace-id-gaussian-2d_variable-y,ax-row-0-col-0_trace-id-gaussian-2d_variable-z
-3.0,-3.0,0.00012340980408667956
-2.9393939393939394,-3.0,0.00014774564678844302
-2.878787878787879,-3.0,0.00017623189842322592
-2.8181818181818183,-3.0,0.00020943976451362841
-2.757575757575758,-3.0,0.0002479925061520282
-2.696969696969697,-3.0,0.0002925652693271049
-2.6363636363636362,-3.0,0.0003438838470372653
-2.5757575757575757,-3.0,0.00040272220773360164
-2.515151515151515,-3.0,0.0004698986277864072
-2.4545454545454546,-3.0,0.0005462702757230433
-2.393939393939394,-3.0,0.0006327261126271354
-2.333333333333333,-3.0,0.0007301779968647981
-2.2727272727272725,-3.0,0.000839549912568951
-2.212121212121212,-3.0,0.0009617652801876048
-2.1515151515151514,-3.0,0.0010977323537258536
-2.090909090909091,-3.0,0.001248327762605738
-2.0303030303030303,-3.0,0.0014143783155077026
-1.9696969696969697,-3.0,0.001596641247952768
-1.9090909090909092,-3.0,0.0017957831631803276
-1.8484848484848484,-3.0,0.0020123579851651875
-1.7878787878787878,-3.0,0.0022467843111728357
-1.7272727272727273,-3.0,0.0024993226165809872
-1.6666666666666665,-3.0,0.002770052824110058
-1.606060606060606,-3.0,0.0030588528003121893
-1.5454545454545454,-3.0,0.003365378381375459
-1.4848484848484849,-3.0,0.003689045555333455
-1.4242424242424243,-3.0,0.0040290154362041435
-1.3636363636363635,-3.0,0.004384182655364619
-1.303030303030303,-3.0,0.004753167765051387
-1.2424242424242424,-3.0,0.005134314197329744
-1.1818181818181817,-3.0,0.005525690248988666
-1.121212121212121,-3.0,0.005925096469173198
-1.0606060606060606,-3.0,0.00633007871358933
-1.0,-3.0,0.006737946999085467
-0.9393939393939394,-3.0,0.007145800148439478
-0.8787878787878789,-3.0,0.007550556061131679
-0.8181818181818183,-3.0,0.007948987286296174
-0.7575757575757573,-3.0,0.008337761413963994
-0.6969696969696968,-3.0,0.008713485645536237
-0.6363636363636362,-3.0,0.009072754759685945
-0.5757575757575757,-3.0,0.009412201561040834
-0.5151515151515151,-3.0,0.009728548791190091
-0.4545454545454546,-3.0,0.010018661399400254
-0.39393939393939403,-3.0,0.010279598017777928
-0.33333333333333304,-3.0,0.01050866046540279
-0.2727272727272725,-3.0,0.010703440119997281
-0.21212121212121193,-3.0,0.010861860044613836
-0.15151515151515138,-3.0,0.01098221183994852
-0.09090909090909083,-3.0,0.011063186308290248
-0.030303030303030276,-3.0,0.011103897159613376
0.030303030303030276,-3.0,0.011103897159613376
0.09090909090909083,-3.0,0.011063186308290248
0.15151515151515138,-3.0,0.01098221183994852
0.21212121212121238,-3.0,0.010861860044613836
0.27272727272727293,-3.0,0.010703440119997281
0.3333333333333335,-3.0,0.01050866046540279
0.39393939393939403,-3.0,0.010279598017777928
0.4545454545454546,-3.0,0.010018661399400254
0.5151515151515151,-3.0,0.009728548791190091
0.5757575757575757,-3.0,0.009412201561040834
0.6363636363636367,-3.0,0.009072754759685945
0.6969696969696972,-3.0,0.00871348564553623
0.7575757575757578,-3.0,0.008337761413963994
0.8181818181818183,-3.0,0.007948987286296174
0.8787878787878789,-3.0,0.007550556061131679
0.9393939393939394,-3.0,0.007145800148439478
1.0,-3.0,0.006737946999085467
1.0606060606060606,-3.0,0.00633007871358933
1.121212121212121,-3.0,0.005925096469173198
1.1818181818181817,-3.0,0.005525690248988666
1.2424242424242422,-3.0,0.005134314197329749
1.3030303030303028,-3.0,0.004753167765051387
1.3636363636363633,-3.0,0.004384182655364619
1.4242424242424248,-3.0,0.00402901543620414
1.4848484848484853,-3.0,0.003689045555333455
1.5454545454545459,-3.0,0.003365378381375459
1.6060606060606064,-3.0,0.0030588528003121867
1.666666666666667,-3.0,0.002770052824110055
1.7272727272727275,-3.0,0.0024993226165809872
1.787878787878788,-3.0,0.002246784311172834
1.8484848484848486,-3.0,0.0020123579851651857
1.9090909090909092,-3.0,0.0017957831631803276
1.9696969696969697,-3.0,0.001596641247952768
2.0303030303030303,-3.0,0.0014143783155077026
2.090909090909091,-3.0,0.001248327762605738
2.1515151515151514,-3.0,0.0010977323537258536
2.212121212121212,-3.0,0.0009617652801876048
2.2727272727272725,-3.0,0.000839549912568951
2.333333333333334,-3.0,0.0007301779968647968
2.3939393939393945,-3.0,0.0006327261126271347
2.454545454545455,-3.0,0.0005462702757230429
2.5151515151515156,-3.0,0.0004698986277864068
2.575757575757576,-3.0,0.00040272220773360126
2.6363636363636367,-3.0,0.00034388384703726505
2.6969696969696972,-3.0,0.0002925652693271049
2.757575757575758,-3.0,0.0002479925061520282
2.8181818181818183,-3.0,0.00020943976451362841
2.878787878787879,-3.0,0.00017623189842322592
2.9393939393939394,-3.0,0.00014774564678844302
3.0,-3.0,0.00012340980408667956
-3.0,-2.9393939393939394,0.00014774564678844302
-2.9393939393939394,-2.9393939393939394,0.000176880405138667
-2.878787878787879,-2.9393939393939394,0.00021098401387143238
-2.8181818181818183,-2.9393939393939394,0.00025074031759706193
-2.757575757575758,-2.9393939393939394,0.00029689548161330505
-2.696969696969697,-2.9393939393939394,0.00035025778757583986
-2.6363636363636362,-2.9393939393939394,0.0004116961515061897
-2.5757575757575757,-2.9393939393939394,0.0004821371648550653
-2.515151515151515,-2.9393939393939394,0.0005625604643091577
-2.4545454545454546,-2.9393939393939394,0.0006539922480657577
-2.393939393939394,-2.9393939393939394,0.0007574967762234997
-2.333333333333333,-2.9393939393939394,0.0008741657214017382
-2.2727272727272725,-2.9393939393939394,0.0010051052731317725
-2.212121212121212,-2.9393939393939394,0.0011514209461039357
-2.1515151515151514,-2.9393939393939394,0.001314200097813233
-2.090909090909091,-2.9393939393939394,0.0014944922249500773
-2.0303030303030303,-2.9393939393939394,0.0016932871790434146
-1.9696969696969697,-2.9393939393939394,0.0019114915189574525
-1.9090909090909092,-2.9393939393939394,0.002149903299007923
-1.8484848484848484,-2.9393939393939394,0.0024091856744160437
-1.7878787878787878,-2.9393939393939394,0.0026898397878924022
-1.7272727272727273,-2.9393939393939394,0.0029921774793547316
-1.6666666666666665,-2.9393939393939394,0.0033162944319143324
-1.606060606060606,-2.9393939393939394,0.003662044427972194
-1.5454545454545454,-2.9393939393939394,0.004029015436204147
-1.4848484848484849,-2.9393939393939394,0.004416508280184545
-1.4242424242424243,-2.9393939393939394,0.0048235186494948335
-1.3636363636363635,-2.9393939393939394,0.005248723201931041
-1.303030303030303,-2.9393939393939394,0.0056904704690094845
-1.2424242424242424,-2.9393939393939394,0.006146777215258923
-1.1818181818181817,-2.9393939393939394,0.0066153308145275825
-1.121212121212121,-2.9393939393939394,0.007093498094422496
-1.0606060606060606,-2.9393939393939394,0.007578340964743162
-1.0,-2.9393939393939394,0.008066638990099354
-0.9393939393939394,-2.9393939393939394,0.008554918894536185
-0.8787878787878789,-2.9393939393939394,0.009039490801563549
-0.8181818181818183,-2.9393939393939394,0.009516490821928974
-0.7575757575757573,-2.9393939393939394,0.009981929409827159
-0.6969696969696968,-2.9393939393939394,0.010431744722464251
-0.6363636363636362,-2.9393939393939394,0.010861860044613836
-0.5757575757575757,-2.9393939393939394,0.011268244185546603
-0.5151515151515151,-2.9393939393939394,0.011646973626647622
-0.4545454545454546,-2.9393939393939394,0.011994295099675705
-0.39393939393939403,-2.9393939393939394,0.012306687212590175
-0.33333333333333304,-2.9393939393939394,0.012580919715669986
-0.2727272727272725,-2.9393939393939394,0.012814109017462248
-0.21212121212121193,-2.9393939393939394,0.013003768618657383
-0.15151515151515138,-2.9393939393939394,0.013147853231508596
-0.09090909090909083,-2.9393939393939394,0.01324479549057009
-0.030303030303030276,-2.9393939393939394,0.013293534333521487
0.030303030303030276,-2.9393939393939394,0.013293534333521487
0.09090909090909083,-2.9393939393939394,0.01324479549057009
0.15151515151515138,-2.9393939393939394,0.013147853231508596
0.21212121212121238,-2.9393939393939394,0.013003768618657383
0.27272727272727293,-2.9393939393939394,0.012814109017462248
0.3333333333333335,-2.9393939393939394,0.012580919715669986
0.39393939393939403,-2.9393939393939394,0.012306687212590175
0.4545454545454546,-2.9393939393939394,0.011994295099675705
0.5151515151515151,-2.9393939393939394,0.011646973626647622
0.5757575757575757,-2.9393939393939394,0.011268244185546603
0.6363636363636367,-2.9393939393939394,0.010861860044613836
0.6969696969696972,-2.9393939393939394,0.010431744722464241
0.7575757575757578,-2.9393939393939394,0.009981929409827159
0.8181818181818183,-2.9393939393939394,0.009516490821928974
0.8787878787878789,-2.9393939393939394,0.009039490801563549
0.9393939393939394,-2.9393939393939394,0.008554918894536185
1.0,-2.9393939393939394,0.008066638990099354
1.0606060606060606,-2.9393939393939394,0.007578340964743162
1.121212121212121,-2.9393939393939394,0.007093498094422496
1.1818181818181817,-2.9393939393939394,0.0066153308145275825
1.2424242424242422,-2.9393939393939394,0.006146777215258928
1.3030303030303028,-2.9393939393939394,0.0056904704690094845
1.3636363636363633,-2.9393939393939394,0.005248723201931045
1.4242424242424248,-2.9393939393939394,0.00482351864949483
1.4848484848484853,-2.9393939393939394,0.004416508280184541
1.5454545454545459,-2.9393939393939394,0.0040290154362041435
1.6060606060606064,-2.9393939393939394,0.003662044427972191
1.666666666666667,-2.9393939393939394,0.0033162944319143294
1.7272727272727275,-2.9393939393939394,0.0029921774793547316
1.787878787878788,-2.9393939393939394,0.0026898397878924022
1.8484848484848486,-2.9393939393939394,0.0024091856744160416
1.9090909090909092,-2.9393939393939394,0.002149903299007923
1.9696969696969697,-2.9393939393939394,0.0019114915189574525
2.0303030303030303,-2.9393939393939394,0.0016932871790434146
2.090909090909091,-2.9393939393939394,0.0014944922249500773
2.1515151515151514,-2.9393939393939394,0.001314200097813233
2.212121212121212,-2.9393939393939394,0.0011514209461039357
2.2727272727272725,-2.9393939393939394,0.0010051052731317725
2.333333333333334,-2.9393939393939394,0.0008741657214017359
2.3939393939393945,-2.9393939393939394,0.0007574967762234991
2.454545454545455,-2.9393939393939394,0.0006539922480657565
2.5151515151515156,-2.9393939393939394,0.0005625604643091572
2.575757575757576,-2.9393939393939394,0.00048213716485506487
2.6363636363636367,-2.9393939393939394,0.00041169615150618935
2.6969696969696972,-2.9393939393939394,0.00035025778757583927
2.757575757575758,-2.9393939393939394,0.00029689548161330505
2.8181818181818183,-2.9393939393939394,0.00025074031759706193
2.878787878787879,-2.9393939393939394,0.00021098401387143238
2.9393939393939394,-2.9393939393939394,0.000176880405138667
3.0,-2.9393939393939394,0.00014774564678844302
-3.0,-2.878787878787879,0.00017623189842322592
-2.9393939393939394,-2.878787878787879,0.00021098401387143238
-2.878787878787879,-2.878787878787879,0.00025166300401903386
-2.8181818181818183,-2.878787878787879,0.00029908456284093605
-2.757575757575758,-2.878787878787879,0.00035413872080380975
-2.696969696969697,-2.878787878787879,0.00041778960114063766
-2.6363636363636362,-2.878787878787879,0.0004910736521216212
-2.5757575757575757,-2.878787878787879,0.0005750961176166871
-2.515151515151515,-2.878787878787879,0.0006710255141731136
-2.4545454545454546,-2.878787878787879,0.0007800858971887963
-2.393939393939394,-2.878787878787879,0.0009035467225270766
-2.333333333333333,-2.878787878787879,0.0010427101438713088
-2.2727272727272725,-2.878787878787879,0.001198895630764958
-2.212121212121212,-2.878787878787879,0.001373421847797115
-2.1515151515151514,-2.878787878787879,0.0015675858015447924
-2.090909090909091,-2.878787878787879,0.001782639337988973
-2.0303030303030303,-2.878787878787879,0.0020197631580023793
-1.9696969696969697,-2.878787878787879,0.0022800386104649523
-1.9090909090909092,-2.878787878787879,0.00256441761937692
-1.8484848484848484,-2.878787878787879,0.0028736912002850974
-1.7878787878787878,-2.878787878787879,0.0032084571192366627
-1.7272727272727273,-2.878787878787879,0.0035690873407659323
-1.6666666666666665,-2.878787878787879,0.00395569599626506
-1.606060606060606,-2.878787878787879,0.0043681086765002255
-1.5454545454545454,-2.878787878787879,0.004805833908023327
-1.4848484848484849,-2.878787878787879,0.005268037708977703
-1.4242424242424243,-2.878787878787879,0.0057535221318399075
-1.3636363636363635,-2.878787878787879,0.006260708686049051
-1.303030303030303,-2.878787878787879,0.006787627490039116
-1.2424242424242424,-2.878787878787879,0.007331912928580741
-1.1818181818181817,-2.878787878787879,0.007890806487254522
-1.121212121212121,-2.878787878787879,0.008461167302151582
-1.0606060606060606,-2.878787878787879,0.009039490801563549
-1.0,-2.878787878787879,0.009621935630737124
-0.9393939393939394,-2.878787878787879,0.010204358845168812
-0.8787878787878789,-2.878787878787879,0.010782359137930572
-0.8181818181818183,-2.878787878787879,0.011351327638622078
-0.7575757575757573,-2.878787878787879,0.011906505592949037
-0.6969696969696968,-2.878787878787879,0.012443048010333293
-0.6363636363636362,-2.878787878787879,0.012956092160269411
-0.5757575757575757,-2.878787878787879,0.013440829614146634
-0.5151515151515151,-2.878787878787879,0.013892580375301519
-0.4545454545454546,-2.878787878787879,0.014306867522743063
-0.39393939393939403,-2.878787878787879,0.014679490718810497
-0.33333333333333304,-2.878787878787879,0.015006596902157542
-0.2727272727272725,-2.878787878787879,0.015284746507510593
-0.21212121212121193,-2.878787878787879,0.015510973623499132
-0.15151515151515138,-2.878787878787879,0.015682838618565308
-0.09090909090909083,-2.878787878787879,0.01579847192975387
-0.030303030303030276,-2.878787878787879,0.015856607915530663
0.030303030303030276,-2.878787878787879,0.015856607915530663
0.09090909090909083,-2.878787878787879,0.01579847192975387
0.15151515151515138,-2.878787878787879,0.015682838618565308
0.21212121212121238,-2.878787878787879,0.015510973623499132
0.27272727272727293,-2.878787878787879,0.015284746507510593
0.3333333333333335,-2.878787878787879,0.015006596902157542
0.39393939393939403,-2.878787878787879,0.014679490718810497
0.4545454545454546,-2.878787878787879,0.014306867522743063
0.5151515151515151,-2.878787878787879,0.013892580375301519
0.5757575757575757,-2.878787878787879,0.013440829614146634
0.6363636363636367,-2.878787878787879,0.012956092160269411
0.6969696969696972,-2.878787878787879,0.012443048010333281
0.7575757575757578,-2.878787878787879,0.011906505592949037
0.8181818181818183,-2.878787878787879,0.011351327638622078
0.8787878787878789,-2.878787878787879,0.010782359137930572
0.9393939393939394,-2.878787878787879,0.010204358845168812
1.0,-2.878787878787879,0.009621935630737124
1.0606060606060606,-2.878787878787879,0.009039490801563549
1.121212121212121,-2.878787878787879,0.008461167302151582
1.1818181818181817,-2.878787878787879,0.007890806487254522
1.2424242424242422,-2.878787878787879,0.007331912928580747
1.3030303030303028,-2.878787878787879,0.006787627490039116
1.3636363636363633,-2.878787878787879,0.006260708686049051
1.4242424242424248,-2.878787878787879,0.005753522131839902
1.4848484848484853,-2.878787878787879,0.005268037708977703
1.5454545454545459,-2.878787878787879,0.004805833908023327
1.6060606060606064,-2.878787878787879,0.004368108676500221
1.666666666666667,-2.878787878787879,0.003955695996265057
1.7272727272727275,-2.878787878787879,0.0035690873407659323
1.787878787878788,-2.878787878787879,0.00320845711923666
1.8484848484848486,-2.878787878787879,0.0028736912002850948
1.9090909090909092,-2.878787878787879,0.00256441761937692
1.9696969696969697,-2.878787878787879,0.0022800386104649523
2.0303030303030303,-2.878787878787879,0.0020197631580023793
2.090909090909091,-2.878787878787879,0.001782639337988973
2.1515151515151514,-2.878787878787879,0.0015675858015447924
2.212121212121212,-2.878787878787879,0.001373421847797115
2.2727272727272725,-2.878787878787879,0.001198895630764958
2.333333333333334,-2.878787878787879,0.001042710143871307
2.3939393939393945,-2.878787878787879,0.0009035467225270757
2.454545454545455,-2.878787878787879,0.0007800858971887956
2.5151515151515156,-2.878787878787879,0.000671025514173113
2.575757575757576,-2.878787878787879,0.0005750961176166866
2.6363636363636367,-2.878787878787879,0.0004910736521216208
2.6969696969696972,-2.878787878787879,0.00041778960114063733
2.757575757575758,-2.878787878787879,0.00035413872080380975
2.8181818181818183,-2.878787878787879,0.00029908456284093605
2.878787878787879,-2.878787878787879,0.00025166300401903386
2.9393939393939394,-2.878787878787879,0.00021098401387143238
3.0,-2.878787878787879,0.00017623189842322592
-3.0,-2.8181818181818183,0.00020943976451362841
-2.9393939393939394,-2.8181818181818183,0.00025074031759706193
-2.878787878787879,-2.8181818181818183,0.00029908456284093605
-2.8181818181818183,-2.8181818181818183,0.0003554418977013734
-2.757575757575758,-2.8181818181818183,0.0004208700635578715
-2.696969696969697,-2.8181818181818183,0.0004965148560619822
-2.6363636363636362,-2.8181818181818183,0.0005836080243101149
-2.5757575757575757,-2.8181818181818183,0.0006834630763443375
-2.515151515151515,-2.8181818181818183,0.0007974687155303967
-2.4545454545454546,-2.8181818181818183,0.0009270796494245321
-2.393939393939394,-2.8181818181818183,0.0010738045409842305
-2.333333333333333,-2.8181818181818183,0.0012391909123280328
-2.2727272727272725,-2.8181818181818183,0.0014248068643102035
-2.212121212121212,-2.8181818181818183,0.0016322195411508438
-2.1515151515151514,-2.8181818181818183,0.0018629703479786112
-2.090909090909091,-2.8181818181818183,0.00211854701958959
-2.0303030303030303,-2.8181818181818183,0.002400352739601255
-1.9696969696969697,-2.8181818181818183,0.0027096726184663578
-1.9090909090909092,-2.8181818181818183,0.003047637953868384
-1.8484848484848484,-2.8181818181818183,0.003415188814610622
-1.7878787878787878,-2.8181818181818183,0.0038130356054567665
-1.7272727272727273,-2.8181818181818183,0.0042416203812514425
-1.6666666666666665,-2.8181818181818183,0.0047010787794820085
-1.606060606060606,-2.8181818181818183,0.005191203526498321
-1.5454545454545454,-2.8181818181818183,0.005711410539145412
-1.4848484848484849,-2.8181818181818183,0.006260708686049051
-1.4242424242424243,-2.8181818181818183,0.006837674287106739
-1.3636363636363635,-2.8181818181818183,0.007440431412397071
-1.303030303030303,-2.8181818181818183,0.008066638990099347
-1.2424242424242424,-2.8181818181818183,0.00871348564553623
-1.1818181818181817,-2.8181818181818183,0.009377693069754682
-1.121212121212121,-2.8181818181818183,0.010055528557136003
-1.0606060606060606,-2.8181818181818183,0.010742827159791102
-1.0,-2.8181818181818183,0.011435023685821482
-0.9393939393939394,-2.8181818181818183,0.012127194524184107
-0.8787878787878789,-2.8181818181818183,0.012814109017462235
-0.8181818181818183,-2.8181818181818183,0.013490289833005188
-0.7575757575757573,-2.8181818181818183,0.014150081511229963
-0.6969696969696968,-2.8181818181818183,0.014787726106527128
-0.6363636363636362,-2.8181818181818183,0.015397444590576305
-0.5757575757575757,-2.8181818181818183,0.015973522469208527
-0.5151515151515151,-2.8181818181818183,0.016510397880990745
-0.4545454545454546,-2.8181818181818183,0.017002750306275318
-0.39393939393939403,-2.8181818181818183,0.01744558792610993
-0.33333333333333304,-2.8181818181818183,0.01783433163609727
-0.2727272727272725,-2.8181818181818183,0.018164893744126085
-0.21212121212121193,-2.8181818181818183,0.018433749463908727
-0.15151515151515138,-2.8181818181818183,0.01863799945733701
-0.09090909090909083,-2.8181818181818183,0.01877542187451543
-0.030303030303030276,-2.8181818181818183,0.018844512585560358
0.030303030303030276,-2.8181818181818183,0.018844512585560358
0.09090909090909083,-2.8181818181818183,0.01877542187451543
0.15151515151515138,-2.8181818181818183,0.01863799945733701
0.21212121212121238,-2.8181818181818183,0.018433749463908727
0.27272727272727293,-2.8181818181818183,0.018164893744126085
0.3333333333333335,-2.8181818181818183,0.01783433163609727
0.39393939393939403,-2.8181818181818183,0.01744558792610993
0.4545454545454546,-2.8181818181818183,0.017002750306275318
0.5151515151515151,-2.8181818181818183,0.016510397880990745
0.5757575757575757,-2.8181818181818183,0.015973522469208527
0.6363636363636367,-2.8181818181818183,0.01539744459057629
0.6969696969696972,-2.8181818181818183,0.014787726106527128
0.7575757575757578,-2.8181818181818183,0.01415008151122995
0.8181818181818183,-2.8181818181818183,0.013490289833005188
0.8787878787878789,-2.8181818181818183,0.012814109017462235
0.9393939393939394,-2.8181818181818183,0.012127194524184107
1.0,-2.8181818181818183,0.011435023685821482
1.0606060606060606,-2.8181818181818183,0.010742827159791102
1.121212121212121,-2.8181818181818183,0.010055528557136003
1.1818181818181817,-2.8181818181818183,0.009377693069754682
1.2424242424242422,-2.8181818181818183,0.00871348564553623
1.3030303030303028,-2.8181818181818183,0.008066638990099354
1.3636363636363633,-2.8181818181818183,0.007440431412397071
1.4242424242424248,-2.8181818181818183,0.006837674287106739
1.4848484848484853,-2.8181818181818183,0.006260708686049046
1.5454545454545459,-2.8181818181818183,0.005711410539145406
1.6060606060606064,-2.8181818181818183,0.005191203526498316
1.666666666666667,-2.8181818181818183,0.0047010787794820085
1.7272727272727275,-2.8181818181818183,0.004241620381251439
1.787878787878788,-2.8181818181818183,0.0038130356054567635
1.8484848484848486,-2.8181818181818183,0.003415188814610622
1.9090909090909092,-2.8181818181818183,0.003047637953868384
1.9696969696969697,-2.8181818181818183,0.0027096726184663578
2.0303030303030303,-2.8181818181818183,0.002400352739601255
2.090909090909091,-2.8181818181818183,0.00211854701958959
2.1515151515151514,-2.8181818181818183,0.0018629703479786112
2.212121212121212,-2.8181818181818183,0.0016322195411508438
2.2727272727272725,-2.8181818181818183,0.0014248068643102035
2.333333333333334,-2.8181818181818183,0.0012391909123280294
2.3939393939393945,-2.8181818181818183,0.0010738045409842286
2.454545454545455,-2.8181818181818183,0.0009270796494245304
2.5151515151515156,-2.8181818181818183,0.0007974687155303953
2.575757575757576,-2.8181818181818183,0.0006834630763443375
2.6363636363636367,-2.8181818181818183,0.0005836080243101149
2.6969696969696972,-2.8181818181818183,0.0004965148560619814
2.757575757575758,-2.8181818181818183,0.0004208700635578715
2.8181818181818183,-2.8181818181818183,0.0003554418977013734
2.878787878787879,-2.8181818181818183,0.00029908456284093605
2.9393939393939394,-2.8181818181818183,0.00025074031759706193
3.0,-2.8181818181818183,0.00020943976451362841
-3.0,-2.757575757575758,0.0002479925061520282
-2.9393939393939394,-2.757575757575758,0.00029689548161330505
-2.878787878787879,-2.757575757575758,0.00035413872080380975
-2.8181818181818183,-2.757575757575758,0.0004208700635578715
-2.757575757575758,-2.757575757575758,0.0004983419555902353
-2.696969696969697,-2.757575757575758,0.000587911105527013
-2.6363636363636362,-2.757575757575758,0.0006910359973675462
-2.5757575757575757,-2.757575757575758,0.000809271923880425
-2.515151515151515,-2.757575757575758,0.0009442632147791264
-2.4545454545454546,-2.757575757575758,0.0010977323537258517
-2.393939393939394,-2.757575757575758,0.001271465711654673
-2.333333333333333,-2.757575757575758,0.001467295671682491
-2.2727272727272725,-2.757575757575758,0.0016870789837042047
-2.212121212121212,-2.757575757575758,0.001932671264887581
-2.1515151515151514,-2.757575757575758,0.0022058976553713085
-2.090909090909091,-2.757575757575758,0.002508519745565056
-2.0303030303030303,-2.757575757575758,0.0028421990108944543
-1.9696969696969697,-2.757575757575758,0.00320845711923666
-1.9090909090909092,-2.757575757575758,0.00360863361252815
-1.8484848484848484,-2.757575757575758,0.004043841603262266
-1.7878787878787878,-2.757575757575758,0.0045149222643563885
-1.7272727272727273,-2.757575757575758,0.00502239902214758
-1.6666666666666665,-2.757575757575758,0.005566432481669448
-1.606060606060606,-2.757575757575758,0.006146777215258923
-1.5454545454545454,-2.757575757575758,0.006762741624328039
-1.4848484848484849,-2.757575757575758,0.007413152134441244
-1.4242424242424243,-2.757575757575758,0.008096323000785952
-1.3636363636363635,-2.757575757575758,0.008810032980592651
-1.303030303030303,-2.757575757575758,0.009551510067937606
-1.2424242424242424,-2.757575757575758,0.010317425382779416
-1.1818181818181817,-2.757575757575758,0.011103897159613366
-1.121212121212121,-2.757575757575758,0.011906505592949037
-1.0606060606060606,-2.757575757575758,0.012720319069788264
-1.0,-2.757575757575758,0.013539932057983883
-0.9393939393939394,-2.757575757575758,0.014359514630039956
-0.8787878787878789,-2.757575757575758,0.015172873292354097
-0.8181818181818183,-2.757575757575758,0.015973522469208513
-0.7575757575757573,-2.757575757575758,0.01675476566913852
-0.6969696969696968,-2.757575757575758,0.01750978504948045
-0.6363636363636362,-2.757575757575758,0.018231737804047896
-0.5757575757575757,-2.757575757575758,0.01891385753996581
-0.5151515151515151,-2.757575757575758,0.019549558593051224
-0.4545454545454546,-2.757575757575758,0.020132541066030504
-0.39393939393939403,-2.757575757575758,0.020656894268089417
-0.33333333333333304,-2.757575757575758,0.021117196193630994
-0.2727272727272725,-2.757575757575758,0.02150860670633537
-0.21212121212121193,-2.757575757575758,0.021826952192910174
-0.15151515151515138,-2.757575757575758,0.022068799617965502
-0.09090909090909083,-2.757575757575758,0.02223151814334528
-0.030303030303030276,-2.757575757575758,0.0223133267656174
0.030303030303030276,-2.757575757575758,0.0223133267656174
0.09090909090909083,-2.757575757575758,0.02223151814334528
0.15151515151515138,-2.757575757575758,0.022068799617965502
0.21212121212121238,-2.757575757575758,0.021826952192910174
0.27272727272727293,-2.757575757575758,0.02150860670633536
0.3333333333333335,-2.757575757575758,0.021117196193630984
0.39393939393939403,-2.757575757575758,0.020656894268089417
0.4545454545454546,-2.757575757575758,0.020132541066030504
0.5151515151515151,-2.757575757575758,0.019549558593051224
0.5757575757575757,-2.757575757575758,0.01891385753996581
0.6363636363636367,-2.757575757575758,0.018231737804047878
0.6969696969696972,-2.757575757575758,0.01750978504948045
0.7575757575757578,-2.757575757575758,0.016754765669138506
0.8181818181818183,-2.757575757575758,0.015973522469208513
0.8787878787878789,-2.757575757575758,0.015172873292354097
0.9393939393939394,-2.757575757575758,0.014359514630039956
1.0,-2.757575757575758,0.013539932057983883
1.0606060606060606,-2.757575757575758,0.012720319069788264
1.121212121212121,-2.757575757575758,0.011906505592949037
1.1818181818181817,-2.757575757575758,0.011103897159613366
1.2424242424242422,-2.757575757575758,0.010317425382779416
1.3030303030303028,-2.757575757575758,0.009551510067937615
1.3636363636363633,-2.757575757575758,0.008810032980592651
1.4242424242424248,-2.757575757575758,0.008096323000785952
1.4848484848484853,-2.757575757575758,0.007413152134441237
1.5454545454545459,-2.757575757575758,0.006762741624328033
1.6060606060606064,-2.757575757575758,0.006146777215258917
1.666666666666667,-2.757575757575758,0.005566432481669448
1.7272727272727275,-2.757575757575758,0.005022399022147575
1.787878787878788,-2.757575757575758,0.004514922264356384
1.8484848484848486,-2.757575757575758,0.004043841603262266
1.9090909090909092,-2.757575757575758,0.00360863361252815
1.9696969696969697,-2.757575757575758,0.00320845711923666
2.0303030303030303,-2.757575757575758,0.0028421990108944543
2.090909090909091,-2.757575757575758,0.002508519745565056
2.1515151515151514,-2.757575757575758,0.0022058976553713085
2.212121212121212,-2.757575757575758,0.001932671264887581
2.2727272727272725,-2.757575757575758,0.0016870789837042047
2.333333333333334,-2.757575757575758,0.0014672956716824872
2.3939393939393945,-2.757575757575758,0.0012714657116546706
2.454545454545455,-2.757575757575758,0.0010977323537258497
2.5151515151515156,-2.757575757575758,0.0009442632147791248
2.575757575757576,-2.757575757575758,0.000809271923880425
2.6363636363636367,-2.757575757575758,0.0006910359973675462
2.6969696969696972,-2.757575757575758,0.0005879111055270119
2.757575757575758,-2.757575757575758,0.0004983419555902353
2.8181818181818183,-2.757575757575758,0.0004208700635578715
2.878787878787879,-2.757575757575758,0.00035413872080380975
2.9393939393939394,-2.757575757575758,0.00029689548161330505
3.0,-2.757575757575758,0.0002479925061520282
-3.0,-2.696969696969697,0.0002925652693271049
-2.9393939393939394,-2.696969696969697,0.00035025778757583986
-2.878787878787879,-2.696969696969697,0.00041778960114063766
-2.8181818181818183,-2.696969696969697,0.0004965148560619822
-2.757575757575758,-2.696969696969697,0.000587911105527013
-2.696969696969697,-2.696969696969697,0.0006935789052571739
-2.6363636363636362,-2.696969696969697,0.0008152388788741131
-2.5757575757575757,-2.696969696969697,0.0009547258586265346
-2.515151515151515,-2.696969696969697,0.0011139797167023131
-2.4545454545454546,-2.696969696969697,0.0012950325261844784
-2.393939393939394,-2.696969696969697,0.0014999917301629566
-2.333333333333333,-2.696969696969697,0.0017310190538786664
-2.2727272727272725,-2.696969696969697,0.0019903049688966674
-2.212121212121212,-2.696969696969697,0.0022800386104649567
-2.1515151515151514,-2.696969696969697,0.0026023731590345016
-2.090909090909091,-2.696969696969697,0.0029593868232602656
-2.0303030303030303,-2.696969696969697,0.003353039702715094
-1.9696969696969697,-2.696969696969697,0.003785126961209446
-1.9090909090909092,-2.696969696969697,0.004257228902331927
-1.8484848484848484,-2.696969696969697,0.004770658703087193
-1.7878787878787878,-2.696969696969697,0.005326408724030579
-1.7272727272727273,-2.696969696969697,0.005925096469173203
-1.6666666666666665,-2.696969696969697,0.006566911409784344
-1.606060606060606,-2.696969696969697,0.007251564006428066
-1.5454545454545454,-2.696969696969697,0.00797823835651808
-1.4848484848484849,-2.696969696969697,0.008745549954021742
-1.4242424242424243,-2.696969696969697,0.009551510067937623
-1.3636363636363635,-2.696969696969697,0.010393498221948945
-1.303030303030303,-2.696969696969697,0.011268244185546603
-1.2424242424242424,-2.696969696969697,0.012171820764715811
-1.1818181818181817,-2.696969696969697,0.013099648507488553
-1.121212121212121,-2.696969696969697,0.014046513217662926
-1.0606060606060606,-2.696969696969697,0.015006596902157556
-1.0,-2.696969696969697,0.015973522469208527
-0.9393939393939394,-2.696969696969697,0.01694041215329598
-0.8787878787878789,-2.696969696969697,0.017899959277488484
-0.8181818181818183,-2.696969696969697,0.018844512585560375
-0.7575757575757573,-2.696969696969697,0.019766171996741824
-0.6969696969696968,-2.696969696969697,0.020656894268089445
-0.6363636363636362,-2.696969696969697,0.021508606706335393
-0.5757575757575757,-2.696969696969697,0.02231332676561743
-0.5151515151515151,-2.696969696969697,0.023063285111912957
-0.4545454545454546,-2.696969696969697,0.023751049540228403
-0.39393939393939403,-2.696969696969697,0.024369647005785897
-0.33333333333333304,-2.696969696969697,0.024912680982527517
-0.2727272727272725,-2.696969696969697,0.02537444139554829
-0.21212121212121193,-2.696969696969697,0.02575000449003038
-0.15151515151515138,-2.696969696969697,0.026035320196320322
-0.09090909090909083,-2.696969696969697,0.026227284824368643
-0.030303030303030276,-2.696969696969697,0.026323797263311653
0.030303030303030276,-2.696969696969697,0.026323797263311653
0.09090909090909083,-2.696969696969697,0.026227284824368643
0.15151515151515138,-2.696969696969697,0.026035320196320322
0.21212121212121238,-2.696969696969697,0.02575000449003038
0.27272727272727293,-2.696969696969697,0.025374441395548276
0.3333333333333335,-2.696969696969697,0.024912680982527507
0.39393939393939403,-2.696969696969697,0.024369647005785897
0.4545454545454546,-2.696969696969697,0.023751049540228403
0.5151515151515151,-2.696969696969697,0.023063285111912957
0.5757575757575757,-2.696969696969697,0.02231332676561743
0.6363636363636367,-2.696969696969697,0.021508606706335393
0.6969696969696972,-2.696969696969697,0.020656894268089435
0.7575757575757578,-2.696969696969697,0.019766171996741813
0.8181818181818183,-2.696969696969697,0.018844512585560375
0.8787878787878789,-2.696969696969697,0.017899959277488484
0.9393939393939394,-2.696969696969697,0.01694041215329598
1.0,-2.696969696969697,0.015973522469208527
1.0606060606060606,-2.696969696969697,0.015006596902157556
1.121212121212121,-2.696969696969697,0.014046513217662926
1.1818181818181817,-2.696969696969697,0.013099648507488553
1.2424242424242422,-2.696969696969697,0.012171820764715811
1.3030303030303028,-2.696969696969697,0.011268244185546613
1.3636363636363633,-2.696969696969697,0.010393498221948945
1.4242424242424248,-2.696969696969697,0.009551510067937615
1.4848484848484853,-2.696969696969697,0.008745549954021735
1.5454545454545459,-2.696969696969697,0.007978238356518072
1.6060606060606064,-2.696969696969697,0.007251564006428066
1.666666666666667,-2.696969696969697,0.006566911409784339
1.7272727272727275,-2.696969696969697,0.005925096469173198
1.787878787878788,-2.696969696969697,0.005326408724030579
1.8484848484848486,-2.696969696969697,0.004770658703087193
1.9090909090909092,-2.696969696969697,0.004257228902331927
1.9696969696969697,-2.696969696969697,0.003785126961209446
2.0303030303030303,-2.696969696969697,0.003353039702715094
2.090909090909091,-2.696969696969697,0.0029593868232602656
2.1515151515151514,-2.696969696969697,0.0026023731590345016
2.212121212121212,-2.696969696969697,0.0022800386104649567
2.2727272727272725,-2.696969696969697,0.0019903049688966674
2.333333333333334,-2.696969696969697,0.0017310190538786633
2.3939393939393945,-2.696969696969697,0.0014999917301629566
2.454545454545455,-2.696969696969697,0.0012950325261844773
2.5151515151515156,-2.696969696969697,0.0011139797167023131
2.575757575757576,-2.696969696969697,0.000954725858626533
2.6363636363636367,-2.696969696969697,0.0008152388788741116
2.6969696969696972,-2.696969696969697,0.0006935789052571733
2.757575757575758,-2.696969696969697,0.000587911105527013
2.8181818181818183,-2.696969696969697,0.0004965148560619822
2.878787878787879,-2.696969696969697,0.00041778960114063766
2.9393939393939394,-2.696969696969697,0.00035025778757583986
3.0,-2.696969696969697,0.0002925652693271049
-3.0,-2.6363636363636362,0.0003438838470372653
-2.9393939393939394,-2.6363636363636362,0.0004116961515061897
-2.878787878787879,-2.6363636363636362,0.0004910736521216212
-2.8181818181818183,-2.6363636363636362,0.0005836080243101149
-2.757575757575758,-2.6363636363636362,0.0006910359973675462
-2.696969696969697,-2.6363636363636362,0.0008152388788741131
-2.6363636363636362,-2.6363636363636362,0.0009582391052990374
-2.5757575757575757,-2.6363636363636362,0.0011221933549582532
-2.515151515151515,-2.6363636363636362,0.0013093817710562534
-2.4545454545454546,-2.6363636363636362,0.0015221928705583631
-2.393939393939394,-2.6363636363636362,0.0017631037610134142
-2.333333333333333,-2.6363636363636362,0.0020346553536983824
-2.2727272727272725,-2.6363636363636362,0.0023394223485779992
-2.212121212121212,-2.6363636363636362,0.0026799778748979107
-2.1515151515151514,-2.6363636363636362,0.0030588528003121893
-2.090909090909091,-2.6363636363636362,0.003478489869952061
-2.0303030303030303,-2.6363636363636362,0.00394119300247211
-1.9696969696969697,-2.6363636363636362,0.004449072249549432
-1.9090909090909092,-2.6363636363636362,0.005003985114225261
-1.8484848484848484,-2.6363636363636362,0.00560747511655323
-1.7878787878787878,-2.6363636363636362,0.006260708686049051
-1.7272727272727273,-2.6363636363636362,0.0069644116424773025
-1.6666666666666665,-2.6363636363636362,0.007718806692070796
-1.606060606060606,-2.6363636363636362,0.008523553507574243
-1.5454545454545454,-2.6363636363636362,0.009377693069754691
-1.4848484848484849,-2.6363636363636362,0.010279598017777928
-1.4242424242424243,-2.6363636363636362,0.011226930779350896
-1.3636363636363635,-2.6363636363636362,0.01221661122305896
-1.303030303030303,-2.6363636363636362,0.01324479549057009
-1.2424242424242424,-2.6363636363636362,0.014306867522743077
-1.1818181818181817,-2.6363636363636362,0.015397444590576305
-1.121212121212121,-2.6363636363636362,0.016510397880990745
-1.0606060606060606,-2.6363636363636362,0.01763888887262856
-1.0,-2.6363636363636362,0.018775421874515436
-0.9393939393939394,-2.6363636363636362,0.019911912699244482
-0.8787878787878789,-2.6363636363636362,0.02103977301308076
-0.8181818181818183,-2.6363636363636362,0.0221500094606899
-0.7575757575757573,-2.6363636363636362,0.023233336216132
-0.6969696969696968,-2.6363636363636362,0.024280299179361666
-0.6363636363636362,-2.6363636363636362,0.02528140963415744
-0.5757575757575757,-2.6363636363636362,0.02622728482436863
-0.5151515151515151,-2.6363636363636362,0.027108792604957122
-0.4545454545454546,-2.6363636363636362,0.027917197095375525
-0.39393939393939403,-2.6363636363636362,0.028644302116120738
-0.33333333333333304,-2.6363636363636362,0.029282589132974633
-0.2727272727272725,-2.6363636363636362,0.029825346472573816
-0.21212121212121193,-2.6363636363636362,0.03026678670925251
-0.15151515151515138,-2.6363636363636362,0.03060214935473946
-0.09090909090909083,-2.6363636363636362,0.03082778630385568
-0.030303030303030276,-2.6363636363636362,0.03094122789200798
0.030303030303030276,-2.6363636363636362,0.03094122789200798
0.09090909090909083,-2.6363636363636362,0.03082778630385568
0.15151515151515138,-2.6363636363636362,0.03060214935473946
0.21212121212121238,-2.6363636363636362,0.03026678670925251
0.27272727272727293,-2.6363636363636362,0.029825346472573806
0.3333333333333335,-2.6363636363636362,0.02928258913297462
0.39393939393939403,-2.6363636363636362,0.028644302116120738
0.4545454545454546,-2.6363636363636362,0.027917197095375525
0.5151515151515151,-2.6363636363636362,0.027108792604957122
0.5757575757575757,-2.6363636363636362,0.02622728482436863
0.6363636363636367,-2.6363636363636362,0.02528140963415744
0.6969696969696972,-2.6363636363636362,0.024280299179361656
0.7575757575757578,-2.6363636363636362,0.023233336216132
0.8181818181818183,-2.6363636363636362,0.0221500094606899
0.8787878787878789,-2.6363636363636362,0.02103977301308076
0.9393939393939394,-2.6363636363636362,0.019911912699244482
1.0,-2.6363636363636362,0.018775421874515436
1.0606060606060606,-2.6363636363636362,0.01763888887262856
1.121212121212121,-2.6363636363636362,0.016510397880990745
1.1818181818181817,-2.6363636363636362,0.015397444590576305
1.2424242424242422,-2.6363636363636362,0.01430686752274309
1.3030303030303028,-2.6363636363636362,0.01324479549057009
1.3636363636363633,-2.6363636363636362,0.012216611223058971
1.4242424242424248,-2.6363636363636362,0.011226930779350885
1.4848484848484853,-2.6363636363636362,0.010279598017777917
1.5454545454545459,-2.6363636363636362,0.009377693069754682
1.6060606060606064,-2.6363636363636362,0.008523553507574236
1.666666666666667,-2.6363636363636362,0.0077188066920707895
1.7272727272727275,-2.6363636363636362,0.0069644116424773025
1.787878787878788,-2.6363636363636362,0.006260708686049051
1.8484848484848486,-2.6363636363636362,0.005607475116553226
1.9090909090909092,-2.6363636363636362,0.005003985114225261
1.9696969696969697,-2.6363636363636362,0.004449072249549432
2.0303030303030303,-2.6363636363636362,0.00394119300247211
2.090909090909091,-2.6363636363636362,0.003478489869952061
2.1515151515151514,-2.6363636363636362,0.0030588528003121893
2.212121212121212,-2.6363636363636362,0.0026799778748979107
2.2727272727272725,-2.6363636363636362,0.0023394223485779992
2.333333333333334,-2.6363636363636362,0.002034655353698377
2.3939393939393945,-2.6363636363636362,0.0017631037610134127
2.454545454545455,-2.6363636363636362,0.0015221928705583605
2.5151515151515156,-2.6363636363636362,0.0013093817710562524
2.575757575757576,-2.6363636363636362,0.001122193354958252
2.6363636363636367,-2.6363636363636362,0.0009582391052990366
2.6969696969696972,-2.6363636363636362,0.0008152388788741116
2.757575757575758,-2.6363636363636362,0.0006910359973675462
2.8181818181818183,-2.6363636363636362,0.0005836080243101149
2.878787878787879,-2.6363636363636362,0.0004910736521216212
2.9393939393939394,-2.6363636363636362,0.0004116961515061897
3.0,-2.6363636363636362,0.0003438838470372653
-3.0,-2.5757575757575757,0.00040272220773360164
-2.9393939393939394,-2.5757575757575757,0.0004821371648550653
-2.878787878787879,-2.5757575757575757,0.0005750961176166871
-2.8181818181818183,-2.5757575757575757,0.0006834630763443375
-2.757575757575758,-2.5757575757575757,0.000809271923880425
-2.696969696969697,-2.5757575757575757,0.0009547258586265346
-2.6363636363636362,-2.5757575757575757,0.0011221933549582532
-2.5757575757575757,-2.5757575757575757,0.001314200097813233
-2.515151515151515,-2.5757575757575757,0.0015334163618006878
-2.4545454545454546,-2.5757575757575757,0.0017826393379889746
-2.393939393939394,-2.5757575757575757,0.002064769965836151
-2.333333333333333,-2.5757575757575757,0.0023827839053155915
-2.2727272727272725,-2.5757575757575757,0.0027396963863166378
-2.212121212121212,-2.5757575757575757,0.0031385207992602644
-2.1515151515151514,-2.5757575757575757,0.0035822210420379
-2.090909090909091,-2.5757575757575757,0.004073657812296885
-2.0303030303030303,-2.5757575757575757,0.004615529228064588
-1.9696969696969697,-2.5757575757575757,0.005210306369844364
-1.9090909090909092,-2.5757575757575757,0.005860164558553676
-1.8484848484848484,-2.5757575757575757,0.006566911409784344
-1.7878787878787878,-2.5757575757575757,0.007331912928580747
-1.7272727272727273,-2.5757575757575757,0.008156019122119804
-1.6666666666666665,-2.5757575757575757,0.009039490801563558
-1.606060606060606,-2.5757575757575757,0.009981929409827159
-1.5454545454545454,-2.5757575757575757,0.010982211839948531
-1.4848484848484849,-2.5757575757575757,0.012038432290438071
-1.4242424242424243,-2.5757575757575757,0.013147853231508596
-1.3636363636363635,-2.5757575757575757,0.014306867522743077
-1.303030303030303,-2.5757575757575757,0.015510973623499145
-1.2424242424242424,-2.5757575757575757,0.01675476566913852
-1.1818181818181817,-2.5757575757575757,0.018031939948318434
-1.121212121212121,-2.5757575757575757,0.01933531901099221
-1.0606060606060606,-2.5757575757575757,0.020656894268089435
-1.0,-2.5757575757575757,0.021987887519518263
-0.9393939393939394,-2.5757575757575757,0.023318831377297847
-0.8787878787878789,-2.5757575757575757,0.02463966804792529
-0.8181818181818183,-2.5757575757575757,0.025939865417297547
-0.7575757575757573,-2.5757575757575757,0.02720854885912622
-0.6969696969696968,-2.5757575757575757,0.028434646681398962
-0.6363636363636362,-2.5757575757575757,0.029607046653116312
-0.5757575757575757,-2.5757575757575757,0.030714760633066676
-0.5151515151515151,-2.5757575757575757,0.03174709397059176
-0.4545454545454546,-2.5757575757575757,0.03269381608018761
-0.39393939393939403,-2.5757575757575757,0.03354532841998346
-0.33333333333333304,-2.5757575757575757,0.03429282603817556
-0.2727272727272725,-2.5757575757575757,0.03492844889731879
-0.21212121212121193,-2.5757575757575757,0.03544541934600178
-0.15151515151515138,-2.5757575757575757,0.03583816237870156
-0.09090909090909083,-2.5757575757575757,0.036102405701199096
-0.030303030303030276,-2.5757575757575757,0.03623525709047807
0.030303030303030276,-2.5757575757575757,0.03623525709047807
0.09090909090909083,-2.5757575757575757,0.036102405701199096
0.15151515151515138,-2.5757575757575757,0.03583816237870156
0.21212121212121238,-2.5757575757575757,0.03544541934600178
0.27272727272727293,-2.5757575757575757,0.034928448897318776
0.3333333333333335,-2.5757575757575757,0.034292826038175545
0.39393939393939403,-2.5757575757575757,0.03354532841998346
0.4545454545454546,-2.5757575757575757,0.03269381608018761
0.5151515151515151,-2.5757575757575757,0.03174709397059176
0.5757575757575757,-2.5757575757575757,0.030714760633066676
0.6363636363636367,-2.5757575757575757,0.029607046653116312
0.6969696969696972,-2.5757575757575757,0.028434646681398952
0.7575757575757578,-2.5757575757575757,0.02720854885912622
0.8181818181818183,-2.5757575757575757,0.025939865417297547
0.8787878787878789,-2.5757575757575757,0.02463966804792529
0.9393939393939394,-2.5757575757575757,0.023318831377297847
1.0,-2.5757575757575757,0.021987887519518263
1.0606060606060606,-2.5757575757575757,0.020656894268089435
1.121212121212121,-2.5757575757575757,0.01933531901099221
1.1818181818181817,-2.5757575757575757,0.018031939948318434
1.2424242424242422,-2.5757575757575757,0.016754765669138534
1.3030303030303028,-2.5757575757575757,0.015510973623499145
1.3636363636363633,-2.5757575757575757,0.01430686752274309
1.4242424242424248,-2.5757575757575757,0.013147853231508586
1.4848484848484853,-2.5757575757575757,0.01203843229043806
1.5454545454545459,-2.5757575757575757,0.01098221183994852
1.6060606060606064,-2.5757575757575757,0.00998192940982715
1.666666666666667,-2.5757575757575757,0.009039490801563549
1.7272727272727275,-2.5757575757575757,0.008156019122119804
1.787878787878788,-2.5757575757575757,0.007331912928580747
1.8484848484848486,-2.5757575757575757,0.006566911409784339
1.9090909090909092,-2.5757575757575757,0.005860164558553676
1.9696969696969697,-2.5757575757575757,0.005210306369844364
2.0303030303030303,-2.5757575757575757,0.004615529228064588
2.090909090909091,-2.5757575757575757,0.004073657812296885
2.1515151515151514,-2.5757575757575757,0.0035822210420379
2.212121212121212,-2.5757575757575757,0.0031385207992602644
2.2727272727272725,-2.5757575757575757,0.0027396963863166378
2.333333333333334,-2.5757575757575757,0.002382783905315585
2.3939393939393945,-2.5757575757575757,0.002064769965836149
2.454545454545455,-2.5757575757575757,0.0017826393379889714
2.5151515151515156,-2.5757575757575757,0.0015334163618006865
2.575757575757576,-2.5757575757575757,0.0013142000978132316
2.6363636363636367,-2.5757575757575757,0.001122193354958252
2.6969696969696972,-2.5757575757575757,0.000954725858626533
2.757575757575758,-2.5757575757575757,0.000809271923880425
2.8181818181818183,-2.5757575757575757,0.0006834630763443375
2.878787878787879,-2.5757575757575757,0.0005750961176166871
2.9393939393939394,-2.5757575757575757,0.0004821371648550653
3.0,-2.5757575757575757,0.00040272220773360164
-3.0,-2.515151515151515,0.0004698986277864072
-2.9393939393939394,-2.515151515151515,0.0005625604643091577
-2.878787878787879,-2.515151515151515,0.0006710255141731136
-2.8181818181818183,-2.515151515151515,0.0007974687155303967
-2.757575757575758,-2.515151515151515,0.0009442632147791264
-2.696969696969697,-2.515151515151515,0.0011139797167023131
-2.6363636363636362,-2.515151515151515,0.0013093817710562534
-2.5757575757575757,-2.515151515151515,0.0015334163618006878
-2.515151515151515,-2.515151515151515,0.0017891991809699452
-2.4545454545454546,-2.515151515151515,0.0020799940074653018
-2.393939393939394,-2.515151515151515,0.0024091856744160416
-2.333333333333333,-2.515151515151515,0.002780246199285801
-2.2727272727272725,-2.515151515151515,0.0031966937699476473
-2.212121212121212,-2.515151515151515,0.003662044427972194
-2.1515151515151514,-2.515151515151515,0.004179756466757068
-2.090909090909091,-2.515151515151515,0.004753167765051387
-2.0303030303030303,-2.515151515151515,0.005385426502752677
-1.9696969696969697,-2.515151515151515,0.006079415951047304
-1.9090909090909092,-2.515151515151515,0.006837674287106745
-1.8484848484848484,-2.515151515151515,0.007662310647377538
-1.7878787878787878,-2.515151515151515,0.008554918894536185
-1.7272727272727273,-2.515151515151515,0.009516490821928974
-1.6666666666666665,-2.515151515151515,0.01054733074554547
-1.606060606060606,-2.515151515151515,0.011646973626647622
-1.5454545454545454,-2.515151515151515,0.012814109017462235
-1.4848484848484849,-2.515151515151515,0.014046513217662914
-1.4242424242424243,-2.515151515151515,0.015340992061480218
-1.3636363636363635,-2.515151515151515,0.016693336716374903
-1.303030303030303,-2.515151515151515,0.018098294758392766
-1.2424242424242424,-2.515151515151515,0.01954955859305124
-1.1818181818181817,-2.515151515151515,0.02103977301308076
-1.121212121212121,-2.515151515151515,0.022560563327780944
-1.0606060606060606,-2.515151515151515,0.02410258506857664
-1.0,-2.515151515151515,0.02565559578025086
-0.9393939393939394,-2.515151515151515,0.02720854885912621
-0.8787878787878789,-2.515151515151515,0.028749708812908455
-0.8181818181818183,-2.515151515151515,0.030266786709252497
-0.7575757575757573,-2.515151515151515,0.03174709397059176
-0.6969696969696968,-2.515151515151515,0.0331777120819202
-0.6363636363636362,-2.515151515151515,0.03454567522710446
-0.5757575757575757,-2.515151515151515,0.03583816237870155
-0.5151515151515151,-2.515151515151515,0.037042694955762914
-0.4545454545454546,-2.515151515151515,0.03814733585127672
-0.39393939393939403,-2.515151515151515,0.03914088543043959
-0.33333333333333304,-2.515151515151515,0.04001307002398062
-0.2727272727272725,-2.515151515151515,0.04075471849423
-0.21212121212121193,-2.515151515151515,0.041357922637873724
-0.15151515151515138,-2.515151515151515,0.04181617750585553
-0.09090909090909083,-2.515151515151515,0.04212449816028898
-0.030303030303030276,-2.515151515151515,0.04227950993844005
0.030303030303030276,-2.515151515151515,0.04227950993844005
0.09090909090909083,-2.515151515151515,0.04212449816028898
0.15151515151515138,-2.515151515151515,0.04181617750585553
0.21212121212121238,-2.515151515151515,0.041357922637873724
0.27272727272727293,-2.515151515151515,0.04075471849422998
0.3333333333333335,-2.515151515151515,0.0400130700239806
0.39393939393939403,-2.515151515151515,0.03914088543043959
0.4545454545454546,-2.515151515151515,0.03814733585127672
0.5151515151515151,-2.515151515151515,0.037042694955762914
0.5757575757575757,-2.515151515151515,0.03583816237870155
0.6363636363636367,-2.515151515151515,0.03454567522710446
0.6969696969696972,-2.515151515151515,0.033177712081920184
0.7575757575757578,-2.515151515151515,0.03174709397059176
0.8181818181818183,-2.515151515151515,0.030266786709252497
0.8787878787878789,-2.515151515151515,0.028749708812908455
0.9393939393939394,-2.515151515151515,0.02720854885912621
1.0,-2.515151515151515,0.02565559578025086
1.0606060606060606,-2.515151515151515,0.02410258506857664
1.121212121212121,-2.515151515151515,0.022560563327780944
1.1818181818181817,-2.515151515151515,0.02103977301308076
1.2424242424242422,-2.515151515151515,0.019549558593051252
1.3030303030303028,-2.515151515151515,0.018098294758392766
1.3636363636363633,-2.515151515151515,0.016693336716374903
1.4242424242424248,-2.515151515151515,0.015340992061480204
1.4848484848484853,-2.515151515151515,0.014046513217662914
1.5454545454545459,-2.515151515151515,0.012814109017462235
1.6060606060606064,-2.515151515151515,0.011646973626647612
1.666666666666667,-2.515151515151515,0.01054733074554546
1.7272727272727275,-2.515151515151515,0.009516490821928974
1.787878787878788,-2.515151515151515,0.008554918894536176
1.8484848484848486,-2.515151515151515,0.007662310647377531
1.9090909090909092,-2.515151515151515,0.006837674287106745
1.9696969696969697,-2.515151515151515,0.006079415951047304
2.0303030303030303,-2.515151515151515,0.005385426502752677
2.090909090909091,-2.515151515151515,0.004753167765051387
2.1515151515151514,-2.515151515151515,0.004179756466757068
2.212121212121212,-2.515151515151515,0.003662044427972194
2.2727272727272725,-2.515151515151515,0.0031966937699476473
2.333333333333334,-2.515151515151515,0.0027802461992857963
2.3939393939393945,-2.515151515151515,0.0024091856744160394
2.454545454545455,-2.515151515151515,0.0020799940074653
2.5151515151515156,-2.515151515151515,0.0017891991809699437
2.575757575757576,-2.515151515151515,0.0015334163618006865
2.6363636363636367,-2.515151515151515,0.0013093817710562524
2.6969696969696972,-2.515151515151515,0.001113979716702312
2.757575757575758,-2.515151515151515,0.0009442632147791264
2.8181818181818183,-2.515151515151515,0.0007974687155303967
2.878787878787879,-2.515151515151515,0.0006710255141731136
2.9393939393939394,-2.515151515151515,0.0005625604643091577
3.0,-2.515151515151515,0.0004698986277864072
-3.0,-2.4545454545454546,0.0005462702757230433
-2.9393939393939394,-2.4545454545454546,0.0006539922480657577
-2.878787878787879,-2.4545454545454546,0.0007800858971887963
-2.8181818181818183,-2.4545454545454546,0.0009270796494245321
-2.757575757575758,-2.4545454545454546,0.0010977323537258517
-2.696969696969697,-2.4545454545454546,0.0012950325261844784
-2.6363636363636362,-2.4545454545454546,0.0015221928705583631
-2.5757575757575757,-2.4545454545454546,0.0017826393379889746
-2.515151515151515,-2.4545454545454546,0.0020799940074653018
-2.4545454545454546,-2.4545454545454546,0.002418051113094179
-2.393939393939394,-2.4545454545454546,0.0028007456179026686
-2.333333333333333,-2.4545454545454546,0.0032321138391409694
-2.2727272727272725,-2.4545454545454546,0.0037162457684494442
-2.212121212121212,-2.4545454545454546,0.004257228902331931
-2.1515151515151514,-2.4545454545454546,0.004859083603428657
-2.090909090909091,-2.4545454545454546,0.005525690248988666
-2.0303030303030303,-2.4545454545454546,0.006260708686049051
-1.9696969696969697,-2.4545454545454546,0.007067490797873203
-1.9090909090909092,-2.4545454545454546,0.007948987286296167
-1.8484848484848484,-2.4545454545454546,0.008907650081330197
-1.7878787878787878,-2.4545454545454546,0.00994533209284196
-1.7272727272727273,-2.4545454545454546,0.011063186308290248
-1.6666666666666665,-2.4545454545454546,0.01226156650351028
-1.606060606060606,-2.4545454545454546,0.013539932057983883
-1.5454545454545454,-2.4545454545454546,0.014896759539583245
-1.4848484848484849,-2.4545454545454546,0.016329463834586798
-1.4242424242424243,-2.4545454545454546,0.017834331636097284
-1.3636363636363635,-2.4545454545454546,0.019406470058765106
-1.303030303030303,-2.4545454545454546,0.02103977301308076
-1.2424242424242424,-2.4545454545454546,0.02272690774433204
-1.1818181818181817,-2.4545454545454546,0.024459323618689546
-1.121212121212121,-2.4545454545454546,0.02622728482436863
-1.0606060606060606,-2.4545454545454546,0.028019928155726237
-1.0,-2.4545454545454546,0.029825346472573806
-0.9393939393939394,-2.4545454545454546,0.03163069778968341
-0.8787878787878789,-2.4545454545454546,0.0334223392695743
-0.8181818181818183,-2.4545454545454546,0.035185984685252976
-0.7575757575757573,-2.4545454545454546,0.036906883210996694
-0.6969696969696968,-2.4545454545454546,0.03857001671238883
-0.6363636363636362,-2.4545454545454546,0.040160312066131465
-0.5757575757575757,-2.4545454545454546,0.04166286446982218
-0.5151515151515151,-2.4545454545454546,0.04306316722467039
-0.4545454545454546,-2.4545454545454546,0.04434734311045648
-0.39393939393939403,-2.4545454545454546,0.045502372238995496
-0.33333333333333304,-2.4545454545454546,0.046516311182889625
-0.2727272727272725,-2.4545454545454546,0.04737849823851316
-0.21212121212121193,-2.4545454545454546,0.04807973989869379
-0.15151515151515138,-2.4545454545454546,0.048612473978516715
-0.09090909090909083,-2.4545454545454546,0.04897090534849516
-0.030303030303030276,-2.4545454545454546,0.04915111086897051
0.030303030303030276,-2.4545454545454546,0.04915111086897051
0.09090909090909083,-2.4545454545454546,0.04897090534849516
0.15151515151515138,-2.4545454545454546,0.048612473978516715
0.21212121212121238,-2.4545454545454546,0.04807973989869379
0.27272727272727293,-2.4545454545454546,0.04737849823851314
0.3333333333333335,-2.4545454545454546,0.046516311182889604
0.39393939393939403,-2.4545454545454546,0.045502372238995496
0.4545454545454546,-2.4545454545454546,0.04434734311045648
0.5151515151515151,-2.4545454545454546,0.04306316722467039
0.5757575757575757,-2.4545454545454546,0.04166286446982218
0.6363636363636367,-2.4545454545454546,0.040160312066131465
0.6969696969696972,-2.4545454545454546,0.038570016712388806
0.7575757575757578,-2.4545454545454546,0.03690688321099667
0.8181818181818183,-2.4545454545454546,0.035185984685252976
0.8787878787878789,-2.4545454545454546,0.0334223392695743
0.9393939393939394,-2.4545454545454546,0.03163069778968341
1.0,-2.4545454545454546,0.029825346472573806
1.0606060606060606,-2.4545454545454546,0.028019928155726237
1.121212121212121,-2.4545454545454546,0.02622728482436863
1.1818181818181817,-2.4545454545454546,0.024459323618689546
1.2424242424242422,-2.4545454545454546,0.02272690774433204
1.3030303030303028,-2.4545454545454546,0.021039773013080767
1.3636363636363633,-2.4545454545454546,0.019406470058765116
1.4242424242424248,-2.4545454545454546,0.01783433163609727
1.4848484848484853,-2.4545454545454546,0.016329463834586784
1.5454545454545459,-2.4545454545454546,0.014896759539583231
1.6060606060606064,-2.4545454545454546,0.013539932057983883
1.666666666666667,-2.4545454545454546,0.01226156650351027
1.7272727272727275,-2.4545454545454546,0.01106318630829024
1.787878787878788,-2.4545454545454546,0.00994533209284196
1.8484848484848486,-2.4545454545454546,0.008907650081330197
1.9090909090909092,-2.4545454545454546,0.007948987286296167
1.9696969696969697,-2.4545454545454546,0.007067490797873203
2.0303030303030303,-2.4545454545454546,0.006260708686049051
2.090909090909091,-2.4545454545454546,0.005525690248988666
2.1515151515151514,-2.4545454545454546,0.004859083603428657
2.212121212121212,-2.4545454545454546,0.004257228902331931
2.2727272727272725,-2.4545454545454546,0.0037162457684494442
2.333333333333334,-2.4545454545454546,0.0032321138391409637
2.3939393939393945,-2.4545454545454546,0.0028007456179026686
2.454545454545455,-2.4545454545454546,0.002418051113094177
2.5151515151515156,-2.4545454545454546,0.0020799940074653018
2.575757575757576,-2.4545454545454546,0.0017826393379889714
2.6363636363636367,-2.4545454545454546,0.0015221928705583605
2.6969696969696972,-2.4545454545454546,0.0012950325261844773
2.757575757575758,-2.4545454545454546,0.0010977323537258517
2.8181818181818183,-2.4545454545454546,0.0009270796494245321
2.878787878787879,-2.4545454545454546,0.0007800858971887963
2.9393939393939394,-2.4545454545454546,0.0006539922480657577
3.0,-2.4545454545454546,0.0005462702757230433
-3.0,-2.393939393939394,0.0006327261126271354
-2.9393939393939394,-2.393939393939394,0.0007574967762234997
-2.878787878787879,-2.393939393939394,0.0009035467225270766
-2.8181818181818183,-2.393939393939394,0.0010738045409842305
-2.757575757575758,-2.393939393939394,0.001271465711654673
-2.696969696969697,-2.393939393939394,0.0014999917301629566
-2.6363636363636362,-2.393939393939394,0.0017631037610134142
-2.5757575757575757,-2.393939393939394,0.002064769965836151
-2.515151515151515,-2.393939393939394,0.0024091856744160416
-2.4545454545454546,-2.393939393939394,0.0028007456179026686
-2.393939393939394,-2.393939393939394,0.003244007528924179
-2.333333333333333,-2.393939393939394,0.0037436465352269316
-2.2727272727272725,-2.393939393939394,0.004304399933761343
-2.212121212121212,-2.393939393939394,0.0049310021314468155
-2.1515151515151514,-2.393939393939394,0.005628109776352557
-2.090909090909091,-2.393939393939394,0.006400217376273364
-2.0303030303030303,-2.393939393939394,0.007251564006428066
-1.9696969696969697,-2.393939393939394,0.008186032038165553
-1.9090909090909092,-2.393939393939394,0.009207039168154641
-1.8484848484848484,-2.393939393939394,0.010317425382779424
-1.7878787878787878,-2.393939393939394,0.01151933684394745
-1.7272727272727273,-2.393939393939394,0.012814109017462235
-1.6666666666666665,-2.393939393939394,0.014202151669732321
-1.606060606060606,-2.393939393939394,0.01568283861856532
-1.5454545454545454,-2.393939393939394,0.017254405324811074
-1.4848484848484849,-2.393939393939394,0.01891385753996582
-1.4242424242424243,-2.393939393939394,0.020656894268089424
-1.3636363636363635,-2.393939393939394,0.02247784824800302
-1.303030303030303,-2.393939393939394,0.024369647005785887
-1.2424242424242424,-2.393939393939394,0.026323797263311643
-1.1818181818181817,-2.393939393939394,0.028330395114869473
-1.121212121212121,-2.393939393939394,0.03037816390379778
-1.0606060606060606,-2.393939393939394,0.0324545211518204
-1.0,-2.393939393939394,0.03454567522710446
-0.9393939393939394,-2.393939393939394,0.036636751698891426
-0.8787878787878789,-2.393939393939394,0.038711948536743236
-0.8181818181818183,-2.393939393939394,0.04075471849422998
-0.7575757575757573,-2.393939393939394,0.04274797619615853
-0.6969696969696968,-2.393939393939394,0.044674326652849525
-0.6363636363636362,-2.393939393939394,0.046516311182889604
-0.5757575757575757,-2.393939393939394,0.048256666065181954
-0.5151515151515151,-2.393939393939394,0.04987858868838062
-0.4545454545454546,-2.393939393939394,0.05136600554456499
-0.39393939393939403,-2.393939393939394,0.052703836144086975
-0.33333333333333304,-2.393939393939394,0.05387824682488458
-0.2727272727272725,-2.393939393939394,0.05487688850155288
-0.21212121212121193,-2.393939393939394,0.055689112650251095
-0.15151515151515138,-2.393939393939394,0.056306160251723095
-0.09090909090909083,-2.393939393939394,0.056721319006370514
-0.030303030303030276,-2.393939393939394,0.05693004487616711
0.030303030303030276,-2.393939393939394,0.05693004487616711
0.09090909090909083,-2.393939393939394,0.056721319006370514
0.15151515151515138,-2.393939393939394,0.056306160251723095
0.21212121212121238,-2.393939393939394,0.055689112650251095
0.27272727272727293,-2.393939393939394,0.054876888501552853
0.3333333333333335,-2.393939393939394,0.053878246824884554
0.39393939393939403,-2.393939393939394,0.052703836144086975
0.4545454545454546,-2.393939393939394,0.05136600554456499
0.5151515151515151,-2.393939393939394,0.04987858868838062
0.5757575757575757,-2.393939393939394,0.048256666065181954
0.6363636363636367,-2.393939393939394,0.046516311182889604
0.6969696969696972,-2.393939393939394,0.044674326652849504
0.7575757575757578,-2.393939393939394,0.04274797619615853
0.8181818181818183,-2.393939393939394,0.04075471849422998
0.8787878787878789,-2.393939393939394,0.038711948536743236
0.9393939393939394,-2.393939393939394,0.036636751698891426
1.0,-2.393939393939394,0.03454567522710446
1.0606060606060606,-2.393939393939394,0.0324545211518204
1.121212121212121,-2.393939393939394,0.03037816390379778
1.1818181818181817,-2.393939393939394,0.028330395114869473
1.2424242424242422,-2.393939393939394,0.026323797263311653
1.3030303030303028,-2.393939393939394,0.024369647005785887
1.3636363636363633,-2.393939393939394,0.02247784824800303
1.4242424242424248,-2.393939393939394,0.020656894268089407
1.4848484848484853,-2.393939393939394,0.01891385753996581
1.5454545454545459,-2.393939393939394,0.017254405324811074
1.6060606060606064,-2.393939393939394,0.015682838618565308
1.666666666666667,-2.393939393939394,0.01420215166973231
1.7272727272727275,-2.393939393939394,0.012814109017462235
1.787878787878788,-2.393939393939394,0.011519336843947441
1.8484848484848486,-2.393939393939394,0.010317425382779416
1.9090909090909092,-2.393939393939394,0.009207039168154641
1.9696969696969697,-2.393939393939394,0.008186032038165553
2.0303030303030303,-2.393939393939394,0.007251564006428066
2.090909090909091,-2.393939393939394,0.006400217376273364
2.1515151515151514,-2.393939393939394,0.005628109776352557
2.212121212121212,-2.393939393939394,0.0049310021314468155
2.2727272727272725,-2.393939393939394,0.004304399933761343
2.333333333333334,-2.393939393939394,0.003743646535226925
2.3939393939393945,-2.393939393939394,0.003244007528924176
2.454545454545455,-2.393939393939394,0.002800745617902666
2.5151515151515156,-2.393939393939394,0.0024091856744160394
2.575757575757576,-2.393939393939394,0.002064769965836149
2.6363636363636367,-2.393939393939394,0.0017631037610134127
2.6969696969696972,-2.393939393939394,0.0014999917301629553
2.757575757575758,-2.393939393939394,0.001271465711654673
2.8181818181818183,-2.393939393939394,0.0010738045409842305
2.878787878787879,-2.393939393939394,0.0009035467225270766
2.9393939393939394,-2.393939393939394,0.0007574967762234997
3.0,-2.393939393939394,0.0006327261126271354
-3.0,-2.333333333333333,0.0007301779968647981
-2.9393939393939394,-2.333333333333333,0.0008741657214017382
-2.878787878787879,-2.333333333333333,0.0010427101438713088
-2.8181818181818183,-2.333333333333333,0.0012391909123280328
-2.757575757575758,-2.333333333333333,0.001467295671682491
-2.696969696969697,-2.333333333333333,0.0017310190538786664
-2.6363636363636362,-2.333333333333333,0.0020346553536983824
-2.5757575757575757,-2.333333333333333,0.0023827839053155915
-2.515151515151515,-2.333333333333333,0.002780246199285801
-2.4545454545454546,-2.333333333333333,0.0032321138391409694
-2.393939393939394,-2.333333333333333,0.0037436465352269316
-2.333333333333333,-2.333333333333333,0.004320239474094073
-2.2727272727272725,-2.333333333333333,0.004967359586739515
-2.212121212121212,-2.333333333333333,0.005690470469009489
-2.1515151515151514,-2.333333333333333,0.006494945981554633
-2.090909090909091,-2.333333333333333,0.007385972872057719
-2.0303030303030303,-2.333333333333333,0.008368443114139043
-1.9696969696969697,-2.333333333333333,0.009446837038352446
-1.9090909090909092,-2.333333333333333,0.010625098731811968
-1.8484848484848484,-2.333333333333333,0.01190650559294906
-1.7878787878787878,-2.333333333333333,0.0132935343335215
-1.7272727272727273,-2.333333333333333,0.01478772610652714
-1.6666666666666665,-2.333333333333333,0.016389553790213618
-1.606060606060606,-2.333333333333333,0.01809829475839278
-1.5454545454545454,-2.333333333333333,0.0199119126992445
-1.4848484848484849,-2.333333333333333,0.021826952192910205
-1.4242424242424243,-2.333333333333333,0.023838449808076725
-1.3636363636363635,-2.333333333333333,0.02593986541729757
-1.303030303030303,-2.333333333333333,0.02812303725083186
-1.2424242424242424,-2.333333333333333,0.030378163903797807
-1.1818181818181817,-2.333333333333333,0.03269381608018764
-1.121212121212121,-2.333333333333333,0.035056980303224954
-1.0606060606060606,-2.333333333333333,0.03745313615309471
-1.0,-2.333333333333333,0.03986636782372497
-0.9393939393939394,-2.333333333333333,0.04227950993844009
-0.8787878787878789,-2.333333333333333,0.044674326652849566
-0.8181818181818183,-2.333333333333333,0.04703172212910083
-0.7575757575757573,-2.333333333333333,0.04933197951848916
-0.6969696969696968,-2.333333333333333,0.05155502467128992
-0.6363636363636362,-2.333333333333333,0.05368070993630316
-0.5757575757575757,-2.333333333333333,0.05568911265025115
-0.5151515151515151,-2.333333333333333,0.05756084227929967
-0.4545454545454546,-2.333333333333333,0.05927734968886768
-0.39393939393939403,-2.333333333333333,0.06082123170639246
-0.33333333333333304,-2.333333333333333,0.062176524022116375
-0.2727272727272725,-2.333333333333333,0.06332897555604741
-0.21212121212121193,-2.333333333333333,0.06426629770865971
-0.15151515151515138,-2.333333333333333,0.06497838240474141
-0.09090909090909083,-2.333333333333333,0.06545748352258633
-0.030303030303030276,-2.333333333333333,0.06569835715568034
0.030303030303030276,-2.333333333333333,0.06569835715568034
0.09090909090909083,-2.333333333333333,0.06545748352258633
0.15151515151515138,-2.333333333333333,0.06497838240474141
0.21212121212121238,-2.333333333333333,0.06426629770865971
0.27272727272727293,-2.333333333333333,0.06332897555604737
0.3333333333333335,-2.333333333333333,0.06217652402211635
0.39393939393939403,-2.333333333333333,0.06082123170639246
0.4545454545454546,-2.333333333333333,0.05927734968886768
0.5151515151515151,-2.333333333333333,0.05756084227929967
0.5757575757575757,-2.333333333333333,0.05568911265025115
0.6363636363636367,-2.333333333333333,0.05368070993630316
0.6969696969696972,-2.333333333333333,0.0515550246712899
0.7575757575757578,-2.333333333333333,0.04933197951848916
0.8181818181818183,-2.333333333333333,0.04703172212910083
0.8787878787878789,-2.333333333333333,0.044674326652849566
0.9393939393939394,-2.333333333333333,0.04227950993844009
1.0,-2.333333333333333,0.03986636782372497
1.0606060606060606,-2.333333333333333,0.03745313615309471
1.121212121212121,-2.333333333333333,0.035056980303224954
1.1818181818181817,-2.333333333333333,0.03269381608018764
1.2424242424242422,-2.333333333333333,0.03037816390379782
1.3030303030303028,-2.333333333333333,0.02812303725083186
1.3636363636363633,-2.333333333333333,0.02593986541729758
1.4242424242424248,-2.333333333333333,0.023838449808076704
1.4848484848484853,-2.333333333333333,0.021826952192910195
1.5454545454545459,-2.333333333333333,0.019911912699244493
1.6060606060606064,-2.333333333333333,0.018098294758392766
1.666666666666667,-2.333333333333333,0.016389553790213604
1.7272727272727275,-2.333333333333333,0.01478772610652714
1.787878787878788,-2.333333333333333,0.013293534333521487
1.8484848484848486,-2.333333333333333,0.011906505592949047
1.9090909090909092,-2.333333333333333,0.010625098731811968
1.9696969696969697,-2.333333333333333,0.009446837038352446
2.0303030303030303,-2.333333333333333,0.008368443114139043
2.090909090909091,-2.333333333333333,0.007385972872057719
2.1515151515151514,-2.333333333333333,0.006494945981554633
2.212121212121212,-2.333333333333333,0.005690470469009489
2.2727272727272725,-2.333333333333333,0.004967359586739515
2.333333333333334,-2.333333333333333,0.004320239474094066
2.3939393939393945,-2.333333333333333,0.003743646535226928
2.454545454545455,-2.333333333333333,0.0032321138391409663
2.5151515151515156,-2.333333333333333,0.002780246199285799
2.575757575757576,-2.333333333333333,0.0023827839053155893
2.6363636363636367,-2.333333333333333,0.0020346553536983803
2.6969696969696972,-2.333333333333333,0.0017310190538786649
2.757575757575758,-2.333333333333333,0.001467295671682491
2.8181818181818183,-2.333333333333333,0.0012391909123280328
2.878787878787879,-2.333333333333333,0.0010427101438713088
2.9393939393939394,-2.333333333333333,0.0008741657214017382
3.0,-2.333333333333333,0.0007301779968647981
-3.0,-2.2727272727272725,0.000839549912568951
-2.9393939393939394,-2.2727272727272725,0.0010051052731317725
-2.878787878787879,-2.2727272727272725,0.001198895630764958
-2.8181818181818183,-2.2727272727272725,0.0014248068643102035
-2.757575757575758,-2.2727272727272725,0.0016870789837042047
-2.696969696969697,-2.2727272727272725,0.0019903049688966674
-2.6363636363636362,-2.2727272727272725,0.0023394223485779992
-2.5757575757575757,-2.2727272727272725,0.0027396963863166378
-2.515151515151515,-2.2727272727272725,0.0031966937699476473
-2.4545454545454546,-2.2727272727272725,0.0037162457684494442
-2.393939393939394,-2.2727272727272725,0.004304399933761343
-2.333333333333333,-2.2727272727272725,0.004967359586739515
-2.2727272727272725,-2.2727272727272725,0.005711410539145422
-2.212121212121212,-2.2727272727272725,0.0065428347680239925
-2.1515151515151514,-2.2727272727272725,0.007467811073967372
-2.090909090909091,-2.2727272727272725,0.008492303117319046
-2.0303030303030303,-2.2727272727272725,0.009621935630737141
-1.9696969696969697,-2.2727272727272725,0.010861860044613847
-1.9090909090909092,-2.2727272727272725,0.012216611223058971
-1.8484848484848484,-2.2727272727272725,0.01368995747952265
-1.7878787878787878,-2.2727272727272725,0.01528474650751062
-1.7272727272727273,-2.2727272727272725,0.017002750306275335
-1.6666666666666665,-2.2727272727272725,0.01884451258556039
-1.606060606060606,-2.2727272727272725,0.020809202478432404
-1.5454545454545454,-2.2727272727272725,0.02289447865795754
-1.4848484848484849,-2.2727272727272725,0.02509636812378162
-1.4242424242424243,-2.2727272727272725,0.0274091639820474
-1.3636363636363635,-2.2727272727272725,0.02982534647257383
-1.303030303030303,-2.2727272727272725,0.03233553129029861
-1.2424242424242424,-2.2727272727272725,0.03492844889731881
-1.1818181818181817,-2.2727272727272725,0.03759095802601851
-1.121212121212121,-2.2727272727272725,0.04030809593671402
-1.0606060606060606,-2.2727272727272725,0.043063167224670434
-1.0,-2.2727272727272725,0.04583787208675272
-0.9393939393939394,-2.2727272727272725,0.048612473978516736
-0.8787878787878789,-2.2727272727272725,0.05136600554456504
-0.8181818181818183,-2.2727272727272725,0.05407651061932102
-0.7575757575757573,-2.2727272727272725,0.05672131900637056
-0.6969696969696968,-2.2727272727272725,0.05927734968886768
-0.6363636363636362,-2.2727272727272725,0.06172143713885068
-0.5757575757575757,-2.2727272727272725,0.06403067451677523
-0.5151515151515151,-2.2727272727272725,0.06618276681915582
-0.4545454545454546,-2.2727272727272725,0.06815638647328738
-0.39393939393939403,-2.2727272727272725,0.06993152351986386
-0.33333333333333304,-2.2727272727272725,0.07148982238679351
-0.2727272727272725,-2.2727272727272725,0.07281489735304301
-0.21212121212121193,-2.2727272727272725,0.07389261913410664
-0.15151515151515138,-2.2727272727272725,0.07471136558621012
-0.09090909090909083,-2.2727272727272725,0.0752622303114216
-0.030303030303030276,-2.2727272727272725,0.07553918392885808
0.030303030303030276,-2.2727272727272725,0.07553918392885808
0.09090909090909083,-2.2727272727272725,0.0752622303114216
0.15151515151515138,-2.2727272727272725,0.07471136558621012
0.21212121212121238,-2.2727272727272725,0.07389261913410664
0.27272727272727293,-2.2727272727272725,0.07281489735304299
0.3333333333333335,-2.2727272727272725,0.07148982238679348
0.39393939393939403,-2.2727272727272725,0.06993152351986386
0.4545454545454546,-2.2727272727272725,0.06815638647328738
0.5151515151515151,-2.2727272727272725,0.06618276681915582
0.5757575757575757,-2.2727272727272725,0.06403067451677523
0.6363636363636367,-2.2727272727272725,0.06172143713885068
0.6969696969696972,-2.2727272727272725,0.05927734968886765
0.7575757575757578,-2.2727272727272725,0.05672131900637056
0.8181818181818183,-2.2727272727272725,0.05407651061932102
0.8787878787878789,-2.2727272727272725,0.05136600554456504
0.9393939393939394,-2.2727272727272725,0.048612473978516736
1.0,-2.2727272727272725,0.04583787208675272
1.0606060606060606,-2.2727272727272725,0.043063167224670434
1.121212121212121,-2.2727272727272725,0.04030809593671402
1.1818181818181817,-2.2727272727272725,0.03759095802601851
1.2424242424242422,-2.2727272727272725,0.034928448897318824
1.3030303030303028,-2.2727272727272725,0.03233553129029861
1.3636363636363633,-2.2727272727272725,0.029825346472573844
1.4242424242424248,-2.2727272727272725,0.027409163982047374
1.4848484848484853,-2.2727272727272725,0.02509636812378161
1.5454545454545459,-2.2727272727272725,0.022894478657957528
1.6060606060606064,-2.2727272727272725,0.020809202478432386
1.666666666666667,-2.2727272727272725,0.018844512585560375
1.7272727272727275,-2.2727272727272725,0.017002750306275335
1.787878787878788,-2.2727272727272725,0.015284746507510607
1.8484848484848486,-2.2727272727272725,0.013689957479522638
1.9090909090909092,-2.2727272727272725,0.012216611223058971
1.9696969696969697,-2.2727272727272725,0.010861860044613847
2.0303030303030303,-2.2727272727272725,0.009621935630737141
2.090909090909091,-2.2727272727272725,0.008492303117319046
2.1515151515151514,-2.2727272727272725,0.007467811073967372
2.212121212121212,-2.2727272727272725,0.0065428347680239925
2.2727272727272725,-2.2727272727272725,0.005711410539145422
2.333333333333334,-2.2727272727272725,0.004967359586739506
2.3939393939393945,-2.2727272727272725,0.004304399933761339
2.454545454545455,-2.2727272727272725,0.0037162457684494408
2.5151515151515156,-2.2727272727272725,0.0031966937699476447
2.575757575757576,-2.2727272727272725,0.002739696386316635
2.6363636363636367,-2.2727272727272725,0.002339422348577997
2.6969696969696972,-2.2727272727272725,0.0019903049688966656
2.757575757575758,-2.2727272727272725,0.0016870789837042047
2.8181818181818183,-2.2727272727272725,0.0014248068643102035
2.878787878787879,-2.2727272727272725,0.001198895630764958
2.9393939393939394,-2.2727272727272725,0.0010051052731317725
3.0,-2.2727272727272725,0.000839549912568951
-3.0,-2.212121212121212,0.0009617652801876048
-2.9393939393939394,-2.212121212121212,0.0011514209461039357
-2.878787878787879,-2.212121212121212,0.001373421847797115
-2.8181818181818183,-2.212121212121212,0.0016322195411508438
-2.757575757575758,-2.212121212121212,0.001932671264887581
-2.696969696969697,-2.212121212121212,0.0022800386104649567
-2.6363636363636362,-2.212121212121212,0.0026799778748979107
-2.5757575757575757,-2.212121212121212,0.0031385207992602644
-2.515151515151515,-2.212121212121212,0.003662044427972194
-2.4545454545454546,-2.212121212121212,0.004257228902331931
-2.393939393939394,-2.212121212121212,0.0049310021314468155
-2.333333333333333,-2.212121212121212,0.005690470469009489
-2.2727272727272725,-2.212121212121212,0.0065428347680239925
-2.212121212121212,-2.212121212121212,0.00749529148854862
-2.1515151515151514,-2.212121212121212,0.008554918894536185
-2.090909090909091,-2.212121212121212,0.0097285487911901
-2.0303030303030303,-2.212121212121212,0.011022624717482745
-1.9696969696969697,-2.212121212121212,0.012443048010333304
-1.9090909090909092,-2.212121212121212,0.01399501368529221
-1.8484848484848484,-2.212121212121212,0.015682838618565335
-1.7878787878787878,-2.212121212121212,0.01750978504948047
-1.7272727272727273,-2.212121212121212,0.01947788293162589
-1.6666666666666665,-2.212121212121212,0.021587755123924017
-1.606060606060606,-2.212121212121212,0.023838449808076725
-1.5454545454545454,-2.212121212121212,0.026227284824368643
-1.4848484848484849,-2.212121212121212,0.02874970881290847
-1.4242424242424243,-2.212121212121212,0.031399184113114674
-1.3636363636363635,-2.212121212121212,0.03416709629462501
-1.303030303030303,-2.212121212121212,0.03704269495576295
-1.2424242424242424,-2.212121212121212,0.040013070023980635
-1.1818181818181817,-2.212121212121212,0.043063167224670434
-1.121212121212121,-2.212121212121212,0.04617584565494043
-1.0606060606060606,-2.212121212121212,0.04933197951848914
-1.0,-2.212121212121212,0.05251060506435185
-0.9393939393939394,-2.212121212121212,0.05568911265025112
-0.8787878787878789,-2.212121212121212,0.058843482650746314
-0.8181818181818183,-2.212121212121212,0.061948562686662
-0.7575757575757573,-2.212121212121212,0.06497838240474138
-0.6969696969696968,-2.212121212121212,0.06790650082714436
-0.6363636363636362,-2.212121212121212,0.07070638016242194
-0.5757575757575757,-2.212121212121212,0.07335177896545844
-0.5151515151515151,-2.212121212121212,0.07581715669369286
-0.4545454545454546,-2.212121212121212,0.07807808106664813
-0.39393939393939403,-2.212121212121212,0.08011162922550379
-0.33333333333333304,-2.212121212121212,0.08189677353191278
-0.2727272727272725,-2.212121212121212,0.08341474295470142
-0.21212121212121193,-2.212121212121212,0.08464935137429769
-0.15151515151515138,-2.212121212121212,0.08558728478256929
-0.09090909090909083,-2.212121212121212,0.086218340255099
-0.030303030303030276,-2.212121212121212,0.08653561069904167
0.030303030303030276,-2.212121212121212,0.08653561069904167
0.09090909090909083,-2.212121212121212,0.086218340255099
0.15151515151515138,-2.212121212121212,0.08558728478256929
0.21212121212121238,-2.212121212121212,0.08464935137429769
0.27272727272727293,-2.212121212121212,0.08341474295470137
0.3333333333333335,-2.212121212121212,0.08189677353191274
0.39393939393939403,-2.212121212121212,0.08011162922550379
0.4545454545454546,-2.212121212121212,0.07807808106664813
0.5151515151515151,-2.212121212121212,0.07581715669369286
0.5757575757575757,-2.212121212121212,0.07335177896545844
0.6363636363636367,-2.212121212121212,0.07070638016242194
0.6969696969696972,-2.212121212121212,0.06790650082714433
0.7575757575757578,-2.212121212121212,0.06497838240474138
0.8181818181818183,-2.212121212121212,0.061948562686662
0.8787878787878789,-2.212121212121212,0.058843482650746314
0.9393939393939394,-2.212121212121212,0.05568911265025112
1.0,-2.212121212121212,0.05251060506435185
1.0606060606060606,-2.212121212121212,0.04933197951848914
1.121212121212121,-2.212121212121212,0.04617584565494043
1.1818181818181817,-2.212121212121212,0.043063167224670434
1.2424242424242422,-2.212121212121212,0.040013070023980656
1.3030303030303028,-2.212121212121212,0.03704269495576295
1.3636363636363633,-2.212121212121212,0.03416709629462503
1.4242424242424248,-2.212121212121212,0.031399184113114646
1.4848484848484853,-2.212121212121212,0.028749708812908455
1.5454545454545459,-2.212121212121212,0.02622728482436863
1.6060606060606064,-2.212121212121212,0.023838449808076704
1.666666666666667,-2.212121212121212,0.021587755123924
1.7272727272727275,-2.212121212121212,0.01947788293162589
1.787878787878788,-2.212121212121212,0.01750978504948047
1.8484848484848486,-2.212121212121212,0.01568283861856532
1.9090909090909092,-2.212121212121212,0.01399501368529221
1.9696969696969697,-2.212121212121212,0.012443048010333304
2.0303030303030303,-2.212121212121212,0.011022624717482745
2.090909090909091,-2.212121212121212,0.0097285487911901
2.1515151515151514,-2.212121212121212,0.008554918894536185
2.212121212121212,-2.212121212121212,0.00749529148854862
2.2727272727272725,-2.212121212121212,0.0065428347680239925
2.333333333333334,-2.212121212121212,0.005690470469009474
2.3939393939393945,-2.212121212121212,0.004931002131446811
2.454545454545455,-2.212121212121212,0.004257228902331923
2.5151515151515156,-2.212121212121212,0.003662044427972191
2.575757575757576,-2.212121212121212,0.0031385207992602614
2.6363636363636367,-2.212121212121212,0.002679977874897908
2.6969696969696972,-2.212121212121212,0.0022800386104649523
2.757575757575758,-2.212121212121212,0.001932671264887581
2.8181818181818183,-2.212121212121212,0.0016322195411508438
2.878787878787879,-2.212121212121212,0.001373421847797115
2.9393939393939394,-2.212121212121212,0.0011514209461039357
3.0,-2.212121212121212,0.0009617652801876048
-3.0,-2.1515151515151514,0.0010977323537258536
-2.9393939393939394,-2.1515151515151514,0.001314200097813233
-2.878787878787879,-2.1515151515151514,0.0015675858015447924
-2.8181818181818183,-2.1515151515151514,0.0018629703479786112
-2.757575757575758,-2.1515151515151514,0.0022058976553713085
-2.696969696969697,-2.1515151515151514,0.0026023731590345016
-2.6363636363636362,-2.1515151515151514,0.0030588528003121893
-2.5757575757575757,-2.1515151515151514,0.0035822210420379
-2.515151515151515,-2.1515151515151514,0.004179756466757068
-2.4545454545454546,-2.1515151515151514,0.004859083603428657
-2.393939393939394,-2.1515151515151514,0.005628109776352557
-2.333333333333333,-2.1515151515151514,0.006494945981554633
-2.2727272727272725,-2.1515151515151514,0.007467811073967372
-2.212121212121212,-2.1515151515151514,0.008554918894536185
-2.1515151515151514,-2.1515151515151514,0.009764348378432984
-2.090909090909091,-2.1515151515151514,0.011103897159613376
-2.0303030303030303,-2.1515151515151514,0.012580919715669986
-1.9696969696969697,-2.1515151515151514,0.014202151669732321
-1.9090909090909092,-2.1515151515151514,0.015973522469208527
-1.8484848484848484,-2.1515151515151514,0.017899959277488484
-1.7878787878787878,-2.1515151515151514,0.01998518552452906
-1.7272727272727273,-2.1515151515151514,0.02223151814334531
-1.6666666666666665,-2.1515151515151514,0.0246396680479253
-1.606060606060606,-2.1515151515151514,0.02720854885912623
-1.5454545454545454,-2.1515151515151514,0.02993509923385524
-1.4848484848484849,-2.1515151515151514,0.03281412437551379
-1.4242424242424243,-2.1515151515151514,0.03583816237870156
-1.3636363636363635,-2.1515151515151514,0.038997380970292976
-1.303030303030303,-2.1515151515151514,0.04227950993844009
-1.2424242424242424,-2.1515151515151514,0.04566981408255221
-1.1818181818181817,-2.1515151515151514,0.04915111086897055
-1.121212121212121,-2.1515151515151514,0.05270383614408702
-1.0606060606060606,-2.1515151515151514,0.05630616025172312
-1.0,-2.1515151515151514,0.05993415574496069
-0.9393939393939394,-2.1515151515151514,0.06356201660195075
-0.8787878787878789,-2.1515151515151514,0.06716232748496617
-0.8181818181818183,-2.1515151515151514,0.07070638016242194
-0.7575757575757573,-2.1515151515151514,0.07416453278968617
-0.6969696969696968,-2.1515151515151514,0.07750660636421307
-0.6363636363636362,-2.1515151515151514,0.08070231138307496
-0.5757575757575757,-2.1515151515151514,0.08372169658487219
-0.5151515151515151,-2.1515151515151514,0.08653561069904167
-0.4545454545454546,-2.1515151515151514,0.08911616739478369
-0.39393939393939403,-2.1515151515151514,0.09143720315352939
-0.33333333333333304,-2.1515151515151514,0.09347471760906514
-0.2727272727272725,-2.1515151515151514,0.09520728602434066
-0.21212121212121193,-2.1515151515151514,0.09661643400908472
-0.15151515151515138,-2.1515151515151514,0.09768696532177595
-0.09090909090909083,-2.1515151515151514,0.09840723462600422
-0.030303030303030276,-2.1515151515151514,0.09876935835657691
0.030303030303030276,-2.1515151515151514,0.09876935835657691
0.09090909090909083,-2.1515151515151514,0.09840723462600422
0.15151515151515138,-2.1515151515151514,0.09768696532177595
0.21212121212121238,-2.1515151515151514,0.09661643400908472
0.27272727272727293,-2.1515151515151514,0.0952072860243406
0.3333333333333335,-2.1515151515151514,0.0934747176090651
0.39393939393939403,-2.1515151515151514,0.09143720315352939
0.4545454545454546,-2.1515151515151514,0.08911616739478369
0.5151515151515151,-2.1515151515151514,0.08653561069904167
0.5757575757575757,-2.1515151515151514,0.08372169658487219
0.6363636363636367,-2.1515151515151514,0.08070231138307496
0.6969696969696972,-2.1515151515151514,0.07750660636421304
0.7575757575757578,-2.1515151515151514,0.07416453278968614
0.8181818181818183,-2.1515151515151514,0.07070638016242194
0.8787878787878789,-2.1515151515151514,0.06716232748496617
0.9393939393939394,-2.1515151515151514,0.06356201660195075
1.0,-2.1515151515151514,0.05993415574496069
1.0606060606060606,-2.1515151515151514,0.05630616025172312
1.121212121212121,-2.1515151515151514,0.05270383614408702
1.1818181818181817,-2.1515151515151514,0.04915111086897055
1.2424242424242422,-2.1515151515151514,0.04566981408255221
1.3030303030303028,-2.1515151515151514,0.0422795099384401
1.3636363636363633,-2.1515151515151514,0.038997380970293
1.4242424242424248,-2.1515151515151514,0.03583816237870155
1.4848484848484853,-2.1515151515151514,0.03281412437551376
1.5454545454545459,-2.1515151515151514,0.029935099233855216
1.6060606060606064,-2.1515151515151514,0.02720854885912622
1.666666666666667,-2.1515151515151514,0.02463966804792529
1.7272727272727275,-2.1515151515151514,0.02223151814334529
1.787878787878788,-2.1515151515151514,0.019985185524529055
1.8484848484848486,-2.1515151515151514,0.017899959277488484
1.9090909090909092,-2.1515151515151514,0.015973522469208527
1.9696969696969697,-2.1515151515151514,0.014202151669732321
2.0303030303030303,-2.1515151515151514,0.012580919715669986
2.090909090909091,-2.1515151515151514,0.011103897159613376
2.1515151515151514,-2.1515151515151514,0.009764348378432984
2.212121212121212,-2.1515151515151514,0.008554918894536185
2.2727272727272725,-2.1515151515151514,0.007467811073967372
2.333333333333334,-2.1515151515151514,0.006494945981554616
2.3939393939393945,-2.1515151515151514,0.0056281097763525465
2.454545454545455,-2.1515151515151514,0.004859083603428648
2.5151515151515156,-2.1515151515151514,0.00417975646675706
2.575757575757576,-2.1515151515151514,0.0035822210420379
2.6363636363636367,-2.1515151515151514,0.0030588528003121893
2.6969696969696972,-2.1515151515151514,0.0026023731590344968
2.757575757575758,-2.1515151515151514,0.0022058976553713085
2.8181818181818183,-2.1515151515151514,0.0018629703479786112
2.878787878787879,-2.1515151515151514,0.0015675858015447924
2.9393939393939394,-2.1515151515151514,0.001314200097813233
3.0,-2.1515151515151514,0.0010977323537258536
-3.0,-2.090909090909091,0.001248327762605738
-2.9393939393939394,-2.090909090909091,0.0014944922249500773
-2.878787878787879,-2.090909090909091,0.001782639337988973
-2.8181818181818183,-2.090909090909091,0.00211854701958959
-2.757575757575758,-2.090909090909091,0.002508519745565056
-2.696969696969697,-2.090909090909091,0.0029593868232602656
-2.6363636363636362,-2.090909090909091,0.003478489869952061
-2.5757575757575757,-2.090909090909091,0.004073657812296885
-2.515151515151515,-2.090909090909091,0.004753167765051387
-2.4545454545454546,-2.090909090909091,0.005525690248988666
-2.393939393939394,-2.090909090909091,0.006400217376273364
-2.333333333333333,-2.090909090909091,0.007385972872057719
-2.2727272727272725,-2.090909090909091,0.008492303117319046
-2.212121212121212,-2.090909090909091,0.0097285487911901
-2.1515151515151514,-2.090909090909091,0.011103897159613376
-2.090909090909091,-2.090909090909091,0.012627215596240039
-2.0303030303030303,-2.090909090909091,0.014306867522743077
-1.9696969696969697,-2.090909090909091,0.016150512607093947
-1.9090909090909092,-2.090909090909091,0.0181648937441261
-1.8484848484848484,-2.090909090909091,0.02035561404358631
-1.7878787878787878,-2.090909090909091,0.022726907744332052
-1.7272727272727273,-2.090909090909091,0.02528140963415744
-1.6666666666666665,-2.090909090909091,0.02801992815572626
-1.606060606060606,-2.090909090909091,0.030941227892007993
-1.5454545454545454,-2.090909090909091,0.0340418275212026
-1.4848484848484849,-2.090909090909091,0.03731581958436248
-1.4242424242424243,-2.090909090909091,0.04075471849423
-1.3636363636363635,-2.090909090909091,0.0443473431104565
-1.303030303030303,-2.090909090909091,0.04807973989869381
-1.2424242424242424,-2.090909090909091,0.051935152169642874
-1.1818181818181817,-2.090909090909091,0.05589404015687029
-1.121212121212121,-2.090909090909091,0.05993415574496069
-1.0606060606060606,-2.090909090909091,0.0640306745167752
-1.0,-2.090909090909091,0.06815638647328734
-0.9393939393939394,-2.090909090909091,0.0722819453231109
-0.8787878787878789,-2.090909090909091,0.07637617468059063
-0.8181818181818183,-2.090909090909091,0.080406427897041
-0.7575757575757573,-2.090909090909091,0.08433899663047564
-0.6969696969696968,-2.090909090909091,0.08813956168951993
-0.6363636363636362,-2.090909090909091,0.09177367822312087
-0.5757575757575757,-2.090909090909091,0.0952072860243406
-0.5151515151515151,-2.090909090909091,0.09840723462600418
-0.4545454545454546,-2.090909090909091,0.10134181203491363
-0.39393939393939403,-2.090909090909091,0.1039812654187997
-0.33333333333333304,-2.090909090909091,0.1062983018557079
-0.2727272727272725,-2.090909090909091,0.10826855739756322
-0.21212121212121193,-2.090909090909091,0.10987102319444475
-0.15151515151515138,-2.090909090909091,0.11108841826696439
-0.09090909090909083,-2.090909090909091,0.11190749968145407
-0.030303030303030276,-2.090909090909091,0.1123193023443144
0.030303030303030276,-2.090909090909091,0.1123193023443144
0.09090909090909083,-2.090909090909091,0.11190749968145407
0.15151515151515138,-2.090909090909091,0.11108841826696439
0.21212121212121238,-2.090909090909091,0.10987102319444475
0.27272727272727293,-2.090909090909091,0.10826855739756316
0.3333333333333335,-2.090909090909091,0.10629830185570786
0.39393939393939403,-2.090909090909091,0.1039812654187997
0.4545454545454546,-2.090909090909091,0.10134181203491363
0.5151515151515151,-2.090909090909091,0.09840723462600418
0.5757575757575757,-2.090909090909091,0.0952072860243406
0.6363636363636367,-2.090909090909091,0.09177367822312087
0.6969696969696972,-2.090909090909091,0.08813956168951989
0.7575757575757578,-2.090909090909091,0.08433899663047564
0.8181818181818183,-2.090909090909091,0.080406427897041
0.8787878787878789,-2.090909090909091,0.07637617468059063
0.9393939393939394,-2.090909090909091,0.0722819453231109
1.0,-2.090909090909091,0.06815638647328734
1.0606060606060606,-2.090909090909091,0.0640306745167752
1.121212121212121,-2.090909090909091,0.05993415574496069
1.1818181818181817,-2.090909090909091,0.05589404015687029
1.2424242424242422,-2.090909090909091,0.051935152169642895
1.3030303030303028,-2.090909090909091,0.04807973989869381
1.3636363636363633,-2.090909090909091,0.04434734311045652
1.4242424242424248,-2.090909090909091,0.04075471849422996
1.4848484848484853,-2.090909090909091,0.03731581958436247
1.5454545454545459,-2.090909090909091,0.03404182752120258
1.6060606060606064,-2.090909090909091,0.030941227892007966
1.666666666666667,-2.090909090909091,0.028019928155726237
1.7272727272727275,-2.090909090909091,0.02528140963415744
1.787878787878788,-2.090909090909091,0.02272690774433204
1.8484848484848486,-2.090909090909091,0.02035561404358629
1.9090909090909092,-2.090909090909091,0.0181648937441261
1.9696969696969697,-2.090909090909091,0.016150512607093947
2.0303030303030303,-2.090909090909091,0.014306867522743077
2.090909090909091,-2.090909090909091,0.012627215596240039
2.1515151515151514,-2.090909090909091,0.011103897159613376
2.212121212121212,-2.090909090909091,0.0097285487911901
2.2727272727272725,-2.090909090909091,0.008492303117319046
2.333333333333334,-2.090909090909091,0.007385972872057699
2.3939393939393945,-2.090909090909091,0.006400217376273358
2.454545454545455,-2.090909090909091,0.005525690248988657
2.5151515151515156,-2.090909090909091,0.0047531677650513825
2.575757575757576,-2.090909090909091,0.00407365781229688
2.6363636363636367,-2.090909090909091,0.003478489869952058
2.6969696969696972,-2.090909090909091,0.0029593868232602604
2.757575757575758,-2.090909090909091,0.002508519745565056
2.8181818181818183,-2.090909090909091,0.00211854701958959
2.878787878787879,-2.090909090909091,0.001782639337988973
2.9393939393939394,-2.090909090909091,0.0014944922249500773
3.0,-2.090909090909091,0.001248327762605738
-3.0,-2.0303030303030303,0.0014143783155077026
-2.9393939393939394,-2.0303030303030303,0.0016932871790434146
-2.878787878787879,-2.0303030303030303,0.0020197631580023793
-2.8181818181818183,-2.0303030303030303,0.002400352739601255
-2.757575757575758,-2.0303030303030303,0.0028421990108944543
-2.696969696969697,-2.0303030303030303,0.003353039702715094
-2.6363636363636362,-2.0303030303030303,0.00394119300247211
-2.5757575757575757,-2.0303030303030303,0.004615529228064588
-2.515151515151515,-2.0303030303030303,0.005385426502752677
-2.4545454545454546,-2.0303030303030303,0.006260708686049051
-2.393939393939394,-2.0303030303030303,0.007251564006428066
-2.333333333333333,-2.0303030303030303,0.008368443114139043
-2.2727272727272725,-2.0303030303030303,0.009621935630737141
-2.212121212121212,-2.0303030303030303,0.011022624717482745
-2.1515151515151514,-2.0303030303030303,0.012580919715669986
-2.090909090909091,-2.0303030303030303,0.014306867522743077
-2.0303030303030303,-2.0303030303030303,0.01620994404928586
-1.9696969696969697,-2.0303030303030303,0.018298827839994106
-1.9090909090909092,-2.0303030303030303,0.02058115871873614
-1.8484848484848484,-2.0303030303030303,0.023063285111912947
-1.7878787878787878,-2.0303030303030303,0.02575000449003037
-1.7272727272727273,-2.0303030303030303,0.028644302116120738
-1.6666666666666665,-2.0303030303030303,0.03174709397059176
-1.606060606060606,-2.0303030303030303,0.035056980303224926
-1.5454545454545454,-2.0303030303030303,0.03857001671238883
-1.4848484848484849,-2.0303030303030303,0.04227950993844007
-1.4242424242424243,-2.0303030303030303,0.04617584565494039
-1.3636363636363635,-2.0303030303030303,0.05024635542422026
-1.303030303030303,-2.0303030303030303,0.054475229635216026
-1.2424242424242424,-2.0303030303030303,0.058843482650746286
-1.1818181818181817,-2.0303030303030303,0.06332897555604734
-1.121212121212121,-2.0303030303030303,0.06790650082714433
-1.0606060606060606,-2.0303030303030303,0.0725479319428237
-1.0,-2.0303030303030303,0.07722243947371533
-0.9393939393939394,-2.0303030303030303,0.08189677353191271
-0.8787878787878789,-2.0303030303030303,0.08653561069904163
-0.8181818181818183,-2.0303030303030303,0.09110196172167197
-0.7575757575757573,-2.0303030303030303,0.09555763442833615
-0.6969696969696968,-2.0303030303030303,0.09986374454397429
-0.6363636363636362,-2.0303030303030303,0.10398126541879965
-0.5757575757575757,-2.0303030303030303,0.10787160621188278
-0.5151515151515151,-2.0303030303030303,0.1114972068341783
-0.4545454545454546,-2.0303030303030303,0.11482213701411471
-0.39393939393939403,-2.0303030303030303,0.11781268624548749
-0.33333333333333304,-2.0303030303030303,0.12043793114572386
-0.2727272727272725,-2.0303030303030303,0.12267026691352907
-0.21212121212121193,-2.0303030303030303,0.12448589013552724
-0.15151515151515138,-2.0303030303030303,0.12586522114422286
-0.09090909090909083,-2.0303030303030303,0.12679325545219286
-0.030303030303030276,-2.0303030303030303,0.12725983544349437
0.030303030303030276,-2.0303030303030303,0.12725983544349437
0.09090909090909083,-2.0303030303030303,0.12679325545219286
0.15151515151515138,-2.0303030303030303,0.12586522114422286
0.21212121212121238,-2.0303030303030303,0.12448589013552724
0.27272727272727293,-2.0303030303030303,0.12267026691352902
0.3333333333333335,-2.0303030303030303,0.1204379311457238
0.39393939393939403,-2.0303030303030303,0.11781268624548749
0.4545454545454546,-2.0303030303030303,0.11482213701411471
0.5151515151515151,-2.0303030303030303,0.1114972068341783
0.5757575757575757,-2.0303030303030303,0.10787160621188278
0.6363636363636367,-2.0303030303030303,0.10398126541879965
0.6969696969696972,-2.0303030303030303,0.09986374454397424
0.7575757575757578,-2.0303030303030303,0.0955576344283361
0.8181818181818183,-2.0303030303030303,0.09110196172167197
0.8787878787878789,-2.0303030303030303,0.08653561069904163
0.9393939393939394,-2.0303030303030303,0.08189677353191271
1.0,-2.0303030303030303,0.07722243947371533
1.0606060606060606,-2.0303030303030303,0.0725479319428237
1.121212121212121,-2.0303030303030303,0.06790650082714433
1.1818181818181817,-2.0303030303030303,0.06332897555604734
1.2424242424242422,-2.0303030303030303,0.058843482650746286
1.3030303030303028,-2.0303030303030303,0.054475229635216046
1.3636363636363633,-2.0303030303030303,0.05024635542422028
1.4242424242424248,-2.0303030303030303,0.046175845654940366
1.4848484848484853,-2.0303030303030303,0.042279509938440034
1.5454545454545459,-2.0303030303030303,0.03857001671238879
1.6060606060606064,-2.0303030303030303,0.035056980303224905
1.666666666666667,-2.0303030303030303,0.03174709397059174
1.7272727272727275,-2.0303030303030303,0.028644302116120714
1.787878787878788,-2.0303030303030303,0.02575000449003036
1.8484848484848486,-2.0303030303030303,0.023063285111912947
1.9090909090909092,-2.0303030303030303,0.02058115871873614
1.9696969696969697,-2.0303030303030303,0.018298827839994106
2.0303030303030303,-2.0303030303030303,0.01620994404928586
2.090909090909091,-2.0303030303030303,0.014306867522743077
2.1515151515151514,-2.0303030303030303,0.012580919715669986
2.212121212121212,-2.0303030303030303,0.011022624717482745
2.2727272727272725,-2.0303030303030303,0.009621935630737141
2.333333333333334,-2.0303030303030303,0.00836844311413902
2.3939393939393945,-2.0303030303030303,0.007251564006428054
2.454545454545455,-2.0303030303030303,0.00626070868604904
2.5151515151515156,-2.0303030303030303,0.005385426502752667
2.575757575757576,-2.0303030303030303,0.004615529228064588
2.6363636363636367,-2.0303030303030303,0.00394119300247211
2.6969696969696972,-2.0303030303030303,0.0033530397027150883
2.757575757575758,-2.0303030303030303,0.0028421990108944543
2.8181818181818183,-2.0303030303030303,0.002400352739601255
2.878787878787879,-2.0303030303030303,0.0020197631580023793
2.9393939393939394,-2.0303030303030303,0.0016932871790434146
3.0,-2.0303030303030303,0.0014143783155077026
-3.0,-1.9696969696969697,0.001596641247952768
-2.9393939393939394,-1.9696969696969697,0.0019114915189574525
-2.878787878787879,-1.9696969696969697,0.0022800386104649523
-2.8181818181818183,-1.9696969696969697,0.0027096726184663578
-2.757575757575758,-1.9696969696969697,0.00320845711923666
-2.696969696969697,-1.9696969696969697,0.003785126961209446
-2.6363636363636362,-1.9696969696969697,0.004449072249549432
-2.5757575757575757,-1.9696969696969697,0.005210306369844364
-2.515151515151515,-1.9696969696969697,0.006079415951047304
-2.4545454545454546,-1.9696969696969697,0.007067490797873203
-2.393939393939394,-1.9696969696969697,0.008186032038165553
-2.333333333333333,-1.9696969696969697,0.009446837038352446
-2.2727272727272725,-1.9696969696969697,0.010861860044613847
-2.212121212121212,-1.9696969696969697,0.012443048010333304
-2.1515151515151514,-1.9696969696969697,0.014202151669732321
-2.090909090909091,-1.9696969696969697,0.016150512607093947
-2.0303030303030303,-1.9696969696969697,0.018298827839994106
-1.9696969696969697,-1.9696969696969697,0.020656894268089435
-1.9090909090909092,-1.9696969696969697,0.02323333621613199
-1.8484848484848484,-1.9696969696969697,0.02603532019632031
-1.7878787878787878,-1.9696969696969697,0.02906826190204523
-1.7272727272727273,-1.9696969696969697,0.032335531290298584
-1.6666666666666665,-1.9696969696969697,0.03583816237870156
-1.606060606060606,-1.9696969696969697,0.039574575039143293
-1.5454545454545454,-1.9696969696969697,0.043540316577267424
-1.4848484848484849,-1.9696969696969697,0.047727831210923825
-1.4242424242424243,-1.9696969696969697,0.052126265669813945
-1.3636363636363635,-1.9696969696969697,0.056721319006370514
-1.303030303030303,-1.9696969696969697,0.0614951443143864
-1.2424242424242424,-1.9696969696969697,0.06642630938501752
-1.1818181818181817,-1.9696969696969697,0.07148982238679345
-1.121212121212121,-1.9696969696969697,0.07665722744472246
-1.0606060606060606,-1.9696969696969697,0.08189677353191274
-1.0,-1.9696969696969697,0.08717365840483188
-0.9393939393939394,-1.9696969696969697,0.09245034745061195
-0.8787878787878789,-1.9696969696969697,0.09768696532177586
-0.8181818181818183,-1.9696969696969697,0.10284175616905056
-0.7575757575757573,-1.9696969696969697,0.10787160621188283
-0.6969696969696968,-1.9696969696969697,0.11273262037865232
-0.6363636363636362,-1.9696969696969697,0.11738074287598635
-0.5757575757575757,-1.9696969696969697,0.1217724098795915
-0.5151515151515151,-1.9696969696969697,0.12586522114422286
-0.4545454545454546,-1.9696969696969697,0.12961861626746737
-0.39393939393939403,-1.9696969696969697,0.1329945406608849
-0.33333333333333304,-1.9696969696969697,0.13595808602052262
-0.2727272727272725,-1.9696969696969697,0.13847809027050198
-0.21212121212121193,-1.9696969696969697,0.1405276825862203
-0.15151515151515138,-1.9696969696969697,0.1420847601791931
-0.09090909090909083,-1.9696969696969697,0.14313238501858297
-0.030303030303030276,-1.9696969696969697,0.14365909053394155
0.030303030303030276,-1.9696969696969697,0.14365909053394155
0.09090909090909083,-1.9696969696969697,0.14313238501858297
0.15151515151515138,-1.9696969696969697,0.1420847601791931
0.21212121212121238,-1.9696969696969697,0.14052768258622028
0.27272727272727293,-1.9696969696969697,0.13847809027050198
0.3333333333333335,-1.9696969696969697,0.1359580860205226
0.39393939393939403,-1.9696969696969697,0.1329945406608849
0.4545454545454546,-1.9696969696969697,0.12961861626746737
0.5151515151515151,-1.9696969696969697,0.12586522114422286
0.5757575757575757,-1.9696969696969697,0.1217724098795915
0.6363636363636367,-1.9696969696969697,0.1173807428759863
0.6969696969696972,-1.9696969696969697,0.11273262037865227
0.7575757575757578,-1.9696969696969697,0.10787160621188278
0.8181818181818183,-1.9696969696969697,0.10284175616905056
0.8787878787878789,-1.9696969696969697,0.09768696532177586
0.9393939393939394,-1.9696969696969697,0.09245034745061195
1.0,-1.9696969696969697,0.08717365840483188
1.0606060606060606,-1.9696969696969697,0.08189677353191274
1.121212121212121,-1.9696969696969697,0.07665722744472246
1.1818181818181817,-1.9696969696969697,0.07148982238679345
1.2424242424242422,-1.9696969696969697,0.06642630938501756
1.3030303030303028,-1.9696969696969697,0.06149514431438643
1.3636363636363633,-1.9696969696969697,0.056721319006370535
1.4242424242424248,-1.9696969696969697,0.0521262656698139
1.4848484848484853,-1.9696969696969697,0.047727831210923784
1.5454545454545459,-1.9696969696969697,0.04354031657726741
1.6060606060606064,-1.9696969696969697,0.03957457503914326
1.666666666666667,-1.9696969696969697,0.03583816237870155
1.7272727272727275,-1.9696969696969697,0.03233553129029857
1.787878787878788,-1.9696969696969697,0.02906826190204523
1.8484848484848486,-1.9696969696969697,0.0260353201963203
1.9090909090909092,-1.9696969696969697,0.02323333621613199
1.9696969696969697,-1.9696969696969697,0.020656894268089435
2.0303030303030303,-1.9696969696969697,0.018298827839994106
2.090909090909091,-1.9696969696969697,0.016150512607093947
2.1515151515151514,-1.9696969696969697,0.014202151669732321
2.212121212121212,-1.9696969696969697,0.012443048010333304
2.2727272727272725,-1.9696969696969697,0.010861860044613847
2.333333333333334,-1.9696969696969697,0.009446837038352422
2.3939393939393945,-1.9696969696969697,0.008186032038165545
2.454545454545455,-1.9696969696969697,0.007067490797873196
2.5151515151515156,-1.9696969696969697,0.006079415951047298
2.575757575757576,-1.9696969696969697,0.00521030636984436
2.6363636363636367,-1.9696969696969697,0.004449072249549428
2.6969696969696972,-1.9696969696969697,0.0037851269612094425
2.757575757575758,-1.9696969696969697,0.00320845711923666
2.8181818181818183,-1.9696969696969697,0.0027096726184663578
2.878787878787879,-1.9696969696969697,0.0022800386104649523
2.9393939393939394,-1.9696969696969697,0.0019114915189574525
3.0,-1.9696969696969697,0.001596641247952768
-3.0,-1.9090909090909092,0.0017957831631803276
-2.9393939393939394,-1.9090909090909092,0.002149903299007923
-2.878787878787879,-1.9090909090909092,0.00256441761937692
-2.8181818181818183,-1.9090909090909092,0.003047637953868384
-2.757575757575758,-1.9090909090909092,0.00360863361252815
-2.696969696969697,-1.9090909090909092,0.004257228902331927
-2.6363636363636362,-1.9090909090909092,0.005003985114225261
-2.5757575757575757,-1.9090909090909092,0.005860164558553676
-2.515151515151515,-1.9090909090909092,0.006837674287106745
-2.4545454545454546,-1.9090909090909092,0.007948987286296167
-2.393939393939394,-1.9090909090909092,0.009207039168154641
-2.333333333333333,-1.9090909090909092,0.010625098731811968
-2.2727272727272725,-1.9090909090909092,0.012216611223058971
-2.212121212121212,-1.9090909090909092,0.01399501368529221
-2.1515151515151514,-1.9090909090909092,0.015973522469208527
-2.090909090909091,-1.9090909090909092,0.0181648937441261
-2.0303030303030303,-1.9090909090909092,0.02058115871873614
-1.9696969696969697,-1.9090909090909092,0.02323333621613199
-1.9090909090909092,-1.9090909090909092,0.026131126234483826
-1.8484848484848484,-1.9090909090909092,0.02928258913297462
-1.7878787878787878,-1.9090909090909092,0.03269381608018759
-1.7272727272727273,-1.9090909090909092,0.036368597352764
-1.6666666666666665,-1.9090909090909092,0.04030809593671398
-1.606060606060606,-1.9090909090909092,0.044510534621621085
-1.5454545454545454,-1.9090909090909092,0.04897090534849514
-1.4848484848484849,-1.9090909090909092,0.05368070993630312
-1.4242424242424243,-1.9090909090909092,0.058627741434928604
-1.3636363636363635,-1.9090909090909092,0.06379591520363483
-1.303030303030303,-1.9090909090909092,0.06916515837149809
-1.2424242424242424,-1.9090909090909092,0.07471136558621003
-1.1818181818181817,-1.9090909090909092,0.08040642789704096
-1.121212121212121,-1.9090909090909092,0.08621834025509892
-1.0606060606060606,-1.9090909090909092,0.09211139147004664
-1.0,-1.9090909090909092,0.09804643857031387
-0.9393939393939394,-1.9090909090909092,0.10398126541879965
-0.8787878787878789,-1.9090909090909092,0.10987102319444465
-0.8181818181818183,-1.9090909090909092,0.115668748027823
-0.7575757575757573,-1.9090909090909092,0.12132594874953907
-0.6969696969696968,-1.9090909090909092,0.12679325545219286
-0.6363636363636362,-1.9090909090909092,0.13202111746052742
-0.5757575757575757,-1.9090909090909092,0.13696053742946585
-0.5151515151515151,-1.9090909090909092,0.14156382672098566
-0.4545454545454546,-1.9090909090909092,0.14578536601525618
-0.39393939393939403,-1.9090909090909092,0.1495823543453787
-0.33333333333333304,-1.9090909090909092,0.15291552945092127
-0.2727272727272725,-1.9090909090909092,0.15574984254978322
-0.21212121212121193,-1.9090909090909092,0.15805507133970087
-0.15151515151515138,-1.9090909090909092,0.15980635625032885
-0.09090909090909083,-1.9090909090909092,0.1609846466460693
-0.030303030303030276,-1.9090909090909092,0.16157704578247387
0.030303030303030276,-1.9090909090909092,0.16157704578247387
0.09090909090909083,-1.9090909090909092,0.1609846466460693
0.15151515151515138,-1.9090909090909092,0.15980635625032885
0.21212121212121238,-1.9090909090909092,0.15805507133970084
0.27272727272727293,-1.9090909090909092,0.15574984254978322
0.3333333333333335,-1.9090909090909092,0.15291552945092124
0.39393939393939403,-1.9090909090909092,0.1495823543453787
0.4545454545454546,-1.9090909090909092,0.14578536601525618
0.5151515151515151,-1.9090909090909092,0.14156382672098566
0.5757575757575757,-1.9090909090909092,0.13696053742946585
0.6363636363636367,-1.9090909090909092,0.13202111746052736
0.6969696969696972,-1.9090909090909092,0.1267932554521928
0.7575757575757578,-1.9090909090909092,0.12132594874953902
0.8181818181818183,-1.9090909090909092,0.115668748027823
0.8787878787878789,-1.9090909090909092,0.10987102319444465
0.9393939393939394,-1.9090909090909092,0.10398126541879965
1.0,-1.9090909090909092,0.09804643857031387
1.0606060606060606,-1.9090909090909092,0.09211139147004664
1.121212121212121,-1.9090909090909092,0.08621834025509892
1.1818181818181817,-1.9090909090909092,0.08040642789704096
1.2424242424242422,-1.9090909090909092,0.07471136558621005
1.3030303030303028,-1.9090909090909092,0.06916515837149811
1.3636363636363633,-1.9090909090909092,0.06379591520363485
1.4242424242424248,-1.9090909090909092,0.05862774143492855
1.4848484848484853,-1.9090909090909092,0.05368070993630307
1.5454545454545459,-1.9090909090909092,0.04897090534849512
1.6060606060606064,-1.9090909090909092,0.04451053462162105
1.666666666666667,-1.9090909090909092,0.040308095936713965
1.7272727272727275,-1.9090909090909092,0.03636859735276399
1.787878787878788,-1.9090909090909092,0.03269381608018759
1.8484848484848486,-1.9090909090909092,0.029282589132974605
1.9090909090909092,-1.9090909090909092,0.026131126234483826
1.9696969696969697,-1.9090909090909092,0.02323333621613199
2.0303030303030303,-1.9090909090909092,0.02058115871873614
2.090909090909091,-1.9090909090909092,0.0181648937441261
2.1515151515151514,-1.9090909090909092,0.015973522469208527
2.212121212121212,-1.9090909090909092,0.01399501368529221
2.2727272727272725,-1.9090909090909092,0.012216611223058971
2.333333333333334,-1.9090909090909092,0.01062509873181194
2.3939393939393945,-1.9090909090909092,0.009207039168154633
2.454545454545455,-1.9090909090909092,0.00794898728629616
2.5151515151515156,-1.9090909090909092,0.006837674287106739
2.575757575757576,-1.9090909090909092,0.0058601645585536705
2.6363636363636367,-1.9090909090909092,0.005003985114225257
2.6969696969696972,-1.9090909090909092,0.004257228902331923
2.757575757575758,-1.9090909090909092,0.00360863361252815
2.8181818181818183,-1.9090909090909092,0.003047637953868384
2.878787878787879,-1.9090909090909092,0.00256441761937692
2.9393939393939394,-1.9090909090909092,0.002149903299007923
3.0,-1.9090909090909092,0.0017957831631803276
-3.0,-1.8484848484848484,0.0020123579851651875
-2.9393939393939394,-1.8484848484848484,0.0024091856744160437
-2.878787878787879,-1.8484848484848484,0.0028736912002850974
-2.8181818181818183,-1.8484848484848484,0.003415188814610622
-2.757575757575758,-1.8484848484848484,0.004043841603262266
-2.696969696969697,-1.8484848484848484,0.004770658703087193
-2.6363636363636362,-1.8484848484848484,0.00560747511655323
-2.5757575757575757,-1.8484848484848484,0.006566911409784344
-2.515151515151515,-1.8484848484848484,0.007662310647377538
-2.4545454545454546,-1.8484848484848484,0.008907650081330197
-2.393939393939394,-1.8484848484848484,0.010317425382779424
-2.333333333333333,-1.8484848484848484,0.01190650559294906
-2.2727272727272725,-1.8484848484848484,0.01368995747952265
-2.212121212121212,-1.8484848484848484,0.015682838618565335
-2.1515151515151514,-1.8484848484848484,0.017899959277488484
-2.090909090909091,-1.8484848484848484,0.02035561404358631
-2.0303030303030303,-1.8484848484848484,0.023063285111912947
-1.9696969696969697,-1.8484848484848484,0.02603532019632031
-1.9090909090909092,-1.8484848484848484,0.02928258913297462
-1.8484848484848484,-1.8484848484848484,0.03281412437551377
-1.7878787878787878,-1.8484848484848484,0.03663675169889145
-1.7272727272727273,-1.8484848484848484,0.04075471849423
-1.6666666666666665,-1.8484848484848484,0.0451693280058365
-1.606060606060606,-1.8484848484848484,0.049878588688380666
-1.5454545454545454,-1.8484848484848484,0.05487688850155288
-1.4848484848484849,-1.8484848484848484,0.06015470436772786
-1.4242424242424243,-1.8484848484848484,0.06569835715568031
-1.3636363636363635,-1.8484848484848484,0.07148982238679345
-1.303030303030303,-1.8484848484848484,0.07750660636421304
-1.2424242424242424,-1.8484848484848484,0.08372169658487215
-1.1818181818181817,-1.8484848484848484,0.0901035941057941
-1.121212121212121,-1.8484848484848484,0.09661643400908466
-1.0606060606060606,-1.8484848484848484,0.10322019826778576
-1.0,-1.8484848484848484,0.10987102319444475
-0.9393939393939394,-1.8484848484848484,0.11652160130654382
-0.8787878787878789,-1.8484848484848484,0.12312167493097717
-0.8181818181818183,-1.8484848484848484,0.12961861626746737
-0.7575757575757573,-1.8484848484848484,0.13595808602052264
-0.6969696969696968,-1.8484848484848484,0.14208476017919314
-0.6363636363636362,-1.8484848484848484,0.14794311216372913
-0.5757575757575757,-1.8484848484848484,0.15347823545721972
-0.5151515151515151,-1.8484848484848484,0.158636690082337
-0.4545454545454546,-1.8484848484848484,0.16336735494360502
-0.39393939393939403,-1.8484848484848484,0.16762226719713627
-0.33333333333333304,-1.8484848484848484,0.17135742948015564
-0.2727272727272725,-1.8484848484848484,0.17453356606161904
-0.21212121212121193,-1.8484848484848484,0.17711680977285194
-0.15151515151515138,-1.8484848484848484,0.17907930293263863
-0.09090909090909083,-1.8484848484848484,0.18039969736295083
-0.030303030303030276,-1.8484848484848484,0.1810635409477395
0.030303030303030276,-1.8484848484848484,0.1810635409477395
0.09090909090909083,-1.8484848484848484,0.18039969736295083
0.15151515151515138,-1.8484848484848484,0.17907930293263863
0.21212121212121238,-1.8484848484848484,0.1771168097728519
0.27272727272727293,-1.8484848484848484,0.17453356606161904
0.3333333333333335,-1.8484848484848484,0.17135742948015562
0.39393939393939403,-1.8484848484848484,0.16762226719713627
0.4545454545454546,-1.8484848484848484,0.16336735494360502
0.5151515151515151,-1.8484848484848484,0.158636690082337
0.5757575757575757,-1.8484848484848484,0.15347823545721972
0.6363636363636367,-1.8484848484848484,0.14794311216372907
0.6969696969696972,-1.8484848484848484,0.1420847601791931
0.7575757575757578,-1.8484848484848484,0.1359580860205226
0.8181818181818183,-1.8484848484848484,0.12961861626746737
0.8787878787878789,-1.8484848484848484,0.12312167493097717
0.9393939393939394,-1.8484848484848484,0.11652160130654382
1.0,-1.8484848484848484,0.10987102319444475
1.0606060606060606,-1.8484848484848484,0.10322019826778576
1.121212121212121,-1.8484848484848484,0.09661643400908466
1.1818181818181817,-1.8484848484848484,0.0901035941057941
1.2424242424242422,-1.8484848484848484,0.08372169658487219
1.3030303030303028,-1.8484848484848484,0.07750660636421307
1.3636363636363633,-1.8484848484848484,0.07148982238679348
1.4242424242424248,-1.8484848484848484,0.06569835715568026
1.4848484848484853,-1.8484848484848484,0.0601547043677278
1.5454545454545459,-1.8484848484848484,0.054876888501552853
1.6060606060606064,-1.8484848484848484,0.04987858868838062
1.666666666666667,-1.8484848484848484,0.04516932800583648
1.7272727272727275,-1.8484848484848484,0.04075471849422998
1.787878787878788,-1.8484848484848484,0.03663675169889145
1.8484848484848486,-1.8484848484848484,0.03281412437551376
1.9090909090909092,-1.8484848484848484,0.02928258913297462
1.9696969696969697,-1.8484848484848484,0.02603532019632031
2.0303030303030303,-1.8484848484848484,0.023063285111912947
2.090909090909091,-1.8484848484848484,0.02035561404358631
2.1515151515151514,-1.8484848484848484,0.017899959277488484
2.212121212121212,-1.8484848484848484,0.015682838618565335
2.2727272727272725,-1.8484848484848484,0.01368995747952265
2.333333333333334,-1.8484848484848484,0.011906505592949026
2.3939393939393945,-1.8484848484848484,0.010317425382779416
2.454545454545455,-1.8484848484848484,0.00890765008133019
2.5151515151515156,-1.8484848484848484,0.007662310647377531
2.575757575757576,-1.8484848484848484,0.006566911409784339
2.6363636363636367,-1.8484848484848484,0.005607475116553226
2.6969696969696972,-1.8484848484848484,0.004770658703087189
2.757575757575758,-1.8484848484848484,0.004043841603262266
2.8181818181818183,-1.8484848484848484,0.003415188814610622
2.878787878787879,-1.8484848484848484,0.0028736912002850974
2.9393939393939394,-1.8484848484848484,0.0024091856744160437
3.0,-1.8484848484848484,0.0020123579851651875
-3.0,-1.7878787878787878,0.0022467843111728357
-2.9393939393939394,-1.7878787878787878,0.0026898397878924022
-2.878787878787879,-1.7878787878787878,0.0032084571192366627
-2.8181818181818183,-1.7878787878787878,0.0038130356054567665
-2.757575757575758,-1.7878787878787878,0.0045149222643563885
-2.696969696969697,-1.7878787878787878,0.005326408724030579
-2.6363636363636362,-1.7878787878787878,0.006260708686049051
-2.5757575757575757,-1.7878787878787878,0.007331912928580747
-2.515151515151515,-1.7878787878787878,0.008554918894536185
-2.4545454545454546,-1.7878787878787878,0.00994533209284196
-2.393939393939394,-1.7878787878787878,0.01151933684394745
-2.333333333333333,-1.7878787878787878,0.0132935343335215
-2.2727272727272725,-1.7878787878787878,0.01528474650751062
-2.212121212121212,-1.7878787878787878,0.01750978504948047
-2.1515151515151514,-1.7878787878787878,0.01998518552452906
-2.090909090909091,-1.7878787878787878,0.022726907744332052
-2.0303030303030303,-1.7878787878787878,0.02575000449003037
-1.9696969696969697,-1.7878787878787878,0.02906826190204523
-1.9090909090909092,-1.7878787878787878,0.03269381608018759
-1.8484848484848484,-1.7878787878787878,0.03663675169889145
-1.7878787878787878,-1.7878787878787878,0.04090468969051105
-1.7272727272727273,-1.7878787878787878,0.04550237223899552
-1.6666666666666665,-1.7878787878787878,0.05043125440794899
-1.606060606060606,-1.7878787878787878,0.05568911265025112
-1.5454545454545454,-1.7878787878787878,0.06126968116020819
-1.4848484848484849,-1.7878787878787878,0.06716232748496617
-1.4242424242424243,-1.7878787878787878,0.07335177896545841
-1.3636363636363635,-1.7878787878787878,0.07981791139114604
-1.303030303030303,-1.7878787878787878,0.08653561069904167
-1.2424242424242424,-1.7878787878787878,0.0934747176090651
-1.1818181818181817,-1.7878787878787878,0.10060006376080524
-1.121212121212121,-1.7878787878787878,0.10787160621188283
-1.0606060606060606,-1.7878787878787878,0.11524466510126105
-1.0,-1.7878787878787878,0.12267026691352907
-0.9393939393939394,-1.7878787878787878,0.1300955931589819
-0.8787878787878789,-1.7878787878787878,0.13746453147973767
-0.8181818181818183,-1.7878787878787878,0.14471832328668507
-0.7575757575757573,-1.7878787878787878,0.15179629911768514
-0.6969696969696968,-1.7878787878787878,0.158636690082337
-0.6363636363636362,-1.7878787878787878,0.16517750112352125
-0.5757575757575757,-1.7878787878787878,0.17135742948015562
-0.5151515151515151,-1.7878787878787878,0.17711680977285194
-0.4545454545454546,-1.7878787878787878,0.1823985656383925
-0.39393939393939403,-1.7878787878787878,0.18714914688046028
-0.33333333333333304,-1.7878787878787878,0.19131943073603558
-0.2727272727272725,-1.7878787878787878,0.19486556611253436
-0.21212121212121193,-1.7878787878787878,0.1977497405412991
-0.15151515151515138,-1.7878787878787878,0.19994085110646567
-0.09090909090909083,-1.7878787878787878,0.20141506270919993
-0.030303030303030276,-1.7878787878787878,0.20215623965801874
0.030303030303030276,-1.7878787878787878,0.20215623965801874
0.09090909090909083,-1.7878787878787878,0.20141506270919993
0.15151515151515138,-1.7878787878787878,0.19994085110646567
0.21212121212121238,-1.7878787878787878,0.19774974054129907
0.27272727272727293,-1.7878787878787878,0.19486556611253436
0.3333333333333335,-1.7878787878787878,0.19131943073603555
0.39393939393939403,-1.7878787878787878,0.18714914688046028
0.4545454545454546,-1.7878787878787878,0.1823985656383925
0.5151515151515151,-1.7878787878787878,0.17711680977285194
0.5757575757575757,-1.7878787878787878,0.17135742948015562
0.6363636363636367,-1.7878787878787878,0.1651775011235212
0.6969696969696972,-1.7878787878787878,0.15863669008233697
0.7575757575757578,-1.7878787878787878,0.1517962991176851
0.8181818181818183,-1.7878787878787878,0.14471832328668507
0.8787878787878789,-1.7878787878787878,0.13746453147973767
0.9393939393939394,-1.7878787878787878,0.1300955931589819
1.0,-1.7878787878787878,0.12267026691352907
1.0606060606060606,-1.7878787878787878,0.11524466510126105
1.121212121212121,-1.7878787878787878,0.10787160621188283
1.1818181818181817,-1.7878787878787878,0.10060006376080524
1.2424242424242422,-1.7878787878787878,0.0934747176090651
1.3030303030303028,-1.7878787878787878,0.0865356106990417
1.3636363636363633,-1.7878787878787878,0.07981791139114607
1.4242424242424248,-1.7878787878787878,0.07335177896545839
1.4848484848484853,-1.7878787878787878,0.0671623274849661
1.5454545454545459,-1.7878787878787878,0.06126968116020814
1.6060606060606064,-1.7878787878787878,0.055689112650251095
1.666666666666667,-1.7878787878787878,0.05043125440794896
1.7272727272727275,-1.7878787878787878,0.045502372238995475
1.787878787878788,-1.7878787878787878,0.04090468969051103
1.8484848484848486,-1.7878787878787878,0.03663675169889145
1.9090909090909092,-1.7878787878787878,0.03269381608018759
1.9696969696969697,-1.7878787878787878,0.02906826190204523
2.0303030303030303,-1.7878787878787878,0.02575000449003037
2.090909090909091,-1.7878787878787878,0.022726907744332052
2.1515151515151514,-1.7878787878787878,0.01998518552452906
2.212121212121212,-1.7878787878787878,0.01750978504948047
2.2727272727272725,-1.7878787878787878,0.01528474650751062
2.333333333333334,-1.7878787878787878,0.013293534333521463
2.3939393939393945,-1.7878787878787878,0.01151933684394743
2.454545454545455,-1.7878787878787878,0.009945332092841942
2.5151515151515156,-1.7878787878787878,0.008554918894536169
2.575757575757576,-1.7878787878787878,0.007331912928580747
2.6363636363636367,-1.7878787878787878,0.006260708686049051
2.6969696969696972,-1.7878787878787878,0.005326408724030569
2.757575757575758,-1.7878787878787878,0.0045149222643563885
2.8181818181818183,-1.7878787878787878,0.0038130356054567665
2.878787878787879,-1.7878787878787878,0.0032084571192366627
2.9393939393939394,-1.7878787878787878,0.0026898397878924022
3.0,-1.7878787878787878,0.0022467843111728357
-3.0,-1.7272727272727273,0.0024993226165809872
-2.9393939393939394,-1.7272727272727273,0.0029921774793547316
-2.878787878787879,-1.7272727272727273,0.0035690873407659323
-2.8181818181818183,-1.7272727272727273,0.0042416203812514425
-2.757575757575758,-1.7272727272727273,0.00502239902214758
-2.696969696969697,-1.7272727272727273,0.005925096469173203
-2.6363636363636362,-1.7272727272727273,0.0069644116424773025
-2.5757575757575757,-1.7272727272727273,0.008156019122119804
-2.515151515151515,-1.7272727272727273,0.009516490821928974
-2.4545454545454546,-1.7272727272727273,0.011063186308290248
-2.393939393939394,-1.7272727272727273,0.012814109017462235
-2.333333333333333,-1.7272727272727273,0.01478772610652714
-2.2727272727272725,-1.7272727272727273,0.017002750306275335
-2.212121212121212,-1.7272727272727273,0.01947788293162589
-2.1515151515151514,-1.7272727272727273,0.02223151814334531
-2.090909090909091,-1.7272727272727273,0.02528140963415744
-2.0303030303030303,-1.7272727272727273,0.028644302116120738
-1.9696969696969697,-1.7272727272727273,0.032335531290298584
-1.9090909090909092,-1.7272727272727273,0.036368597352764
-1.8484848484848484,-1.7272727272727273,0.04075471849423
-1.7878787878787878,-1.7272727272727273,0.04550237223899552
-1.7272727272727273,-1.7272727272727273,0.05061683379195538
-1.6666666666666665,-1.7272727272727273,0.056099721765700265
-1.606060606060606,-1.7272727272727273,0.06194856268666197
-1.5454545454545454,-1.7272727272727273,0.06815638647328734
-1.4848484848484849,-1.7272727272727273,0.07471136558621005
-1.4242424242424243,-1.7272727272727273,0.0815965107211918
-1.3636363636363635,-1.7272727272727273,0.0887894357086788
-1.303030303030303,-1.7272727272727273,0.09626220366781128
-1.2424242424242424,-1.7272727272727273,0.10398126541879965
-1.1818181818181817,-1.7272727272727273,0.11190749968145407
-1.121212121212121,-1.7272727272727273,0.11999636269114812
-1.0606060606060606,-1.7272727272727273,0.12819815257545938
-1.0,-1.7272727272727273,0.13645839120131942
-0.9393939393939394,-1.7272727272727273,0.14471832328668507
-0.8787878787878789,-1.7272727272727273,0.15291552945092127
-0.8181818181818183,-1.7272727272727273,0.16098464664606932
-0.7575757575757573,-1.7272727272727273,0.168858186169228
-0.6969696969696968,-1.7272727272727273,0.17646743631362044
-0.6363636363636362,-1.7272727272727273,0.1837434337846375
-0.5757575757575757,-1.7272727272727273,0.19061798539770433
-0.5151515151515151,-1.7272727272727273,0.1970247193914595
-0.4545454545454546,-1.7272727272727273,0.2029001440258401
-0.39393939393939403,-1.7272727272727273,0.20818469006844958
-0.33333333333333304,-1.7272727272727273,0.21282371336319617
-0.2727272727272725,-1.7272727272727273,0.21676843395959147
-0.21212121212121193,-1.7272727272727273,0.21997678927172795
-0.15151515151515138,-1.7272727272727273,0.22241418041947533
-0.09090909090909083,-1.7272727272727273,0.22405409324155504
-0.030303030303030276,-1.7272727272727273,0.224878578396565
0.030303030303030276,-1.7272727272727273,0.224878578396565
0.09090909090909083,-1.7272727272727273,0.22405409324155504
0.15151515151515138,-1.7272727272727273,0.22241418041947533
0.21212121212121238,-1.7272727272727273,0.2199767892717279
0.27272727272727293,-1.7272727272727273,0.21676843395959147
0.3333333333333335,-1.7272727272727273,0.2128237133631961
0.39393939393939403,-1.7272727272727273,0.20818469006844958
0.4545454545454546,-1.7272727272727273,0.2029001440258401
0.5151515151515151,-1.7272727272727273,0.1970247193914595
0.5757575757575757,-1.7272727272727273,0.19061798539770433
0.6363636363636367,-1.7272727272727273,0.18374343378463742
0.6969696969696972,-1.7272727272727273,0.17646743631362038
0.7575757575757578,-1.7272727272727273,0.16885818616922793
0.8181818181818183,-1.7272727272727273,0.16098464664606932
0.8787878787878789,-1.7272727272727273,0.15291552945092127
0.9393939393939394,-1.7272727272727273,0.14471832328668507
1.0,-1.7272727272727273,0.13645839120131942
1.0606060606060606,-1.7272727272727273,0.12819815257545938
1.121212121212121,-1.7272727272727273,0.11999636269114812
1.1818181818181817,-1.7272727272727273,0.11190749968145407
1.2424242424242422,-1.7272727272727273,0.1039812654187997
1.3030303030303028,-1.7272727272727273,0.09626220366781132
1.3636363636363633,-1.7272727272727273,0.0887894357086788
1.4242424242424248,-1.7272727272727273,0.08159651072119177
1.4848484848484853,-1.7272727272727273,0.07471136558621003
1.5454545454545459,-1.7272727272727273,0.06815638647328728
1.6060606060606064,-1.7272727272727273,0.06194856268666194
1.666666666666667,-1.7272727272727273,0.05609972176570022
1.7272727272727275,-1.7272727272727273,0.05061683379195536
1.787878787878788,-1.7272727272727273,0.045502372238995475
1.8484848484848486,-1.7272727272727273,0.04075471849422998
1.9090909090909092,-1.7272727272727273,0.036368597352764
1.9696969696969697,-1.7272727272727273,0.032335531290298584
2.0303030303030303,-1.7272727272727273,0.028644302116120738
2.090909090909091,-1.7272727272727273,0.02528140963415744
2.1515151515151514,-1.7272727272727273,0.02223151814334531
2.212121212121212,-1.7272727272727273,0.01947788293162589
2.2727272727272725,-1.7272727272727273,0.017002750306275335
2.333333333333334,-1.7272727272727273,0.014787726106527115
2.3939393939393945,-1.7272727272727273,0.012814109017462225
2.454545454545455,-1.7272727272727273,0.01106318630829023
2.5151515151515156,-1.7272727272727273,0.009516490821928965
2.575757575757576,-1.7272727272727273,0.008156019122119796
2.6363636363636367,-1.7272727272727273,0.0069644116424772955
2.6969696969696972,-1.7272727272727273,0.005925096469173193
2.757575757575758,-1.7272727272727273,0.00502239902214758
2.8181818181818183,-1.7272727272727273,0.0042416203812514425
2.878787878787879,-1.7272727272727273,0.0035690873407659323
2.9393939393939394,-1.7272727272727273,0.0029921774793547316
3.0,-1.7272727272727273,0.0024993226165809872
-3.0,-1.6666666666666665,0.002770052824110058
-2.9393939393939394,-1.6666666666666665,0.0033162944319143324
-2.878787878787879,-1.6666666666666665,0.00395569599626506
-2.8181818181818183,-1.6666666666666665,0.0047010787794820085
-2.757575757575758,-1.6666666666666665,0.005566432481669448
-2.696969696969697,-1.6666666666666665,0.006566911409784344
-2.6363636363636362,-1.6666666666666665,0.007718806692070796
-2.5757575757575757,-1.6666666666666665,0.009039490801563558
-2.515151515151515,-1.6666666666666665,0.01054733074554547
-2.4545454545454546,-1.6666666666666665,0.01226156650351028
-2.393939393939394,-1.6666666666666665,0.014202151669732321
-2.333333333333333,-1.6666666666666665,0.016389553790213618
-2.2727272727272725,-1.6666666666666665,0.01884451258556039
-2.212121212121212,-1.6666666666666665,0.021587755123924017
-2.1515151515151514,-1.6666666666666665,0.0246396680479253
-2.090909090909091,-1.6666666666666665,0.02801992815572626
-2.0303030303030303,-1.6666666666666665,0.03174709397059176
-1.9696969696969697,-1.6666666666666665,0.03583816237870156
-1.9090909090909092,-1.6666666666666665,0.04030809593671398
-1.8484848484848484,-1.6666666666666665,0.0451693280058365
-1.7878787878787878,-1.6666666666666665,0.05043125440794899
-1.7272727272727273,-1.6666666666666665,0.056099721765700265
-1.6666666666666665,-1.6666666666666665,0.06217652402211635
-1.606060606060606,-1.6666666666666665,0.06865891977342752
-1.5454545454545454,-1.6666666666666665,0.07553918392885806
-1.4848484848484849,-1.6666666666666665,0.082804207773028
-1.4242424242424243,-1.6666666666666665,0.090435161695917
-1.3636363636363635,-1.6666666666666665,0.09840723462600418
-1.303030303030303,-1.6666666666666665,0.1066894635194598
-1.2424242424242424,-1.6666666666666665,0.11524466510126105
-1.1818181818181817,-1.6666666666666665,0.12402948041808437
-1.121212121212121,-1.6666666666666665,0.13299454066088495
-1.0606060606060606,-1.6666666666666665,0.1420847601791932
-1.0,-1.6666666666666665,0.1512397596904958
-0.9393939393939394,-1.6666666666666665,0.16039441945639846
-0.8787878787878789,-1.6666666666666665,0.1694795587395043
-0.8181818181818183,-1.6666666666666665,0.1784227342728301
-0.7575757575757573,-1.6666666666666665,0.18714914688046036
-0.6969696969696968,-1.6666666666666665,0.1955826419050716
-0.6363636363636362,-1.6666666666666665,0.2036467858491535
-0.5757575757575757,-1.6666666666666665,0.2112659987446525
-0.5151515151515151,-1.6666666666666665,0.21836671934590116
-0.4545454545454546,-1.6666666666666665,0.22487857839656505
-0.39393939393939403,-1.6666666666666665,0.2307355540396275
-0.33333333333333304,-1.6666666666666665,0.23587708298570012
-0.2727272727272725,-1.6666666666666665,0.2402491013701526
-0.21212121212121193,-1.6666666666666665,0.24380499032749328
-0.15151515151515138,-1.6666666666666665,0.24650640317731362
-0.09090909090909083,-1.6666666666666665,0.24832395370638874
-0.030303030303030276,-1.6666666666666665,0.24923774827493325
0.030303030303030276,-1.6666666666666665,0.24923774827493325
0.09090909090909083,-1.6666666666666665,0.24832395370638874
0.15151515151515138,-1.6666666666666665,0.24650640317731362
0.21212121212121238,-1.6666666666666665,0.24380499032749323
0.27272727272727293,-1.6666666666666665,0.2402491013701526
0.3333333333333335,-1.6666666666666665,0.23587708298570007
0.39393939393939403,-1.6666666666666665,0.2307355540396275
0.4545454545454546,-1.6666666666666665,0.22487857839656505
0.5151515151515151,-1.6666666666666665,0.21836671934590116
0.5757575757575757,-1.6666666666666665,0.2112659987446525
0.6363636363636367,-1.6666666666666665,0.2036467858491534
0.6969696969696972,-1.6666666666666665,0.19558264190507157
0.7575757575757578,-1.6666666666666665,0.18714914688046028
0.8181818181818183,-1.6666666666666665,0.1784227342728301
0.8787878787878789,-1.6666666666666665,0.1694795587395043
0.9393939393939394,-1.6666666666666665,0.16039441945639846
1.0,-1.6666666666666665,0.1512397596904958
1.0606060606060606,-1.6666666666666665,0.1420847601791932
1.121212121212121,-1.6666666666666665,0.13299454066088495
1.1818181818181817,-1.6666666666666665,0.12402948041808437
1.2424242424242422,-1.6666666666666665,0.11524466510126109
1.3030303030303028,-1.6666666666666665,0.10668946351945985
1.3636363636363633,-1.6666666666666665,0.09840723462600422
1.4242424242424248,-1.6666666666666665,0.09043516169591692
1.4848484848484853,-1.6666666666666665,0.08280420777302792
1.5454545454545459,-1.6666666666666665,0.07553918392885803
1.6060606060606064,-1.6666666666666665,0.06865891977342746
1.666666666666667,-1.6666666666666665,0.06217652402211632
1.7272727272727275,-1.6666666666666665,0.056099721765700244
1.787878787878788,-1.6666666666666665,0.05043125440794899
1.8484848484848486,-1.6666666666666665,0.04516932800583648
1.9090909090909092,-1.6666666666666665,0.04030809593671398
1.9696969696969697,-1.6666666666666665,0.03583816237870156
2.0303030303030303,-1.6666666666666665,0.03174709397059176
2.090909090909091,-1.6666666666666665,0.02801992815572626
2.1515151515151514,-1.6666666666666665,0.0246396680479253
2.212121212121212,-1.6666666666666665,0.021587755123924017
2.2727272727272725,-1.6666666666666665,0.01884451258556039
2.333333333333334,-1.6666666666666665,0.016389553790213573
2.3939393939393945,-1.6666666666666665,0.01420215166973231
2.454545454545455,-1.6666666666666665,0.01226156650351027
2.5151515151515156,-1.6666666666666665,0.01054733074554546
2.575757575757576,-1.6666666666666665,0.009039490801563549
2.6363636363636367,-1.6666666666666665,0.0077188066920707895
2.6969696969696972,-1.6666666666666665,0.006566911409784339
2.757575757575758,-1.6666666666666665,0.005566432481669448
2.8181818181818183,-1.6666666666666665,0.0047010787794820085
2.878787878787879,-1.6666666666666665,0.00395569599626506
2.9393939393939394,-1.6666666666666665,0.0033162944319143324
3.0,-1.6666666666666665,0.002770052824110058
-3.0,-1.606060606060606,0.0030588528003121893
-2.9393939393939394,-1.606060606060606,0.003662044427972194
-2.878787878787879,-1.606060606060606,0.0043681086765002255
-2.8181818181818183,-1.606060606060606,0.005191203526498321
-2.757575757575758,-1.606060606060606,0.006146777215258923
-2.696969696969697,-1.606060606060606,0.007251564006428066
-2.6363636363636362,-1.606060606060606,0.008523553507574243
-2.5757575757575757,-1.606060606060606,0.009981929409827159
-2.515151515151515,-1.606060606060606,0.011646973626647622
-2.4545454545454546,-1.606060606060606,0.013539932057983883
-2.393939393939394,-1.606060606060606,0.01568283861856532
-2.333333333333333,-1.606060606060606,0.01809829475839278
-2.2727272727272725,-1.606060606060606,0.020809202478432404
-2.212121212121212,-1.606060606060606,0.023838449808076725
-2.1515151515151514,-1.606060606060606,0.02720854885912623
-2.090909090909091,-1.606060606060606,0.030941227892007993
-2.0303030303030303,-1.606060606060606,0.035056980303224926
-1.9696969696969697,-1.606060606060606,0.039574575039143293
-1.9090909090909092,-1.606060606060606,0.044510534621621085
-1.8484848484848484,-1.606060606060606,0.049878588688380666
-1.7878787878787878,-1.606060606060606,0.05568911265025112
-1.7272727272727273,-1.606060606060606,0.06194856268666197
-1.6666666666666665,-1.606060606060606,0.06865891977342752
-1.606060606060606,-1.606060606060606,0.07581715669369286
-1.5454545454545454,-1.606060606060606,0.08341474295470137
-1.4848484848484849,-1.606060606060606,0.09143720315352935
-1.4242424242424243,-1.606060606060606,0.09986374454397429
-1.3636363636363635,-1.606060606060606,0.10866696930353267
-1.303030303030303,-1.606060606060606,0.11781268624548755
-1.2424242424242424,-1.606060606060606,0.12725983544349442
-1.1818181818181817,-1.606060606060606,0.13696053742946593
-1.121212121212121,-1.606060606060606,0.14686027630447032
-1.0606060606060606,-1.606060606060606,0.15689822330209216
-1.0,-1.606060606060606,0.1670077041207483
-0.9393939393939394,-1.606060606060606,0.1771168097728519
-0.8787878787878789,-1.606060606060606,0.18714914688046028
-0.8181818181818183,-1.606060606060606,0.1970247193914595
-0.7575757575757573,-1.606060606060606,0.20666092972261266
-0.6969696969696968,-1.606060606060606,0.21597368348958784
-0.6363636363636362,-1.606060606060606,0.22487857839656505
-0.5757575757575757,-1.606060606060606,0.23329215466439648
-0.5151515151515151,-1.606060606060606,0.2411331817041397
-0.4545454545454546,-1.606060606060606,0.24832395370638874
-0.39393939393939403,-1.606060606060606,0.2547915655119137
-0.33333333333333304,-1.606060606060606,0.2604691396280799
-0.2727272727272725,-1.606060606060606,0.2652969756035889
-0.21212121212121193,-1.606060606060606,0.2692235941864873
-0.15151515151515138,-1.606060606060606,0.2722066507508064
-0.09090909090909083,-1.606060606060606,0.27421369533753065
-0.030303030303030276,-1.606060606060606,0.2752227602371506
0.030303030303030276,-1.606060606060606,0.2752227602371506
0.09090909090909083,-1.606060606060606,0.27421369533753065
0.15151515151515138,-1.606060606060606,0.2722066507508064
0.21212121212121238,-1.606060606060606,0.2692235941864872
0.27272727272727293,-1.606060606060606,0.2652969756035889
0.3333333333333335,-1.606060606060606,0.2604691396280798
0.39393939393939403,-1.606060606060606,0.2547915655119137
0.4545454545454546,-1.606060606060606,0.24832395370638874
0.5151515151515151,-1.606060606060606,0.2411331817041397
0.5757575757575757,-1.606060606060606,0.23329215466439648
0.6363636363636367,-1.606060606060606,0.224878578396565
0.6969696969696972,-1.606060606060606,0.2159736834895878
0.7575757575757578,-1.606060606060606,0.20666092972261263
0.8181818181818183,-1.606060606060606,0.1970247193914595
0.8787878787878789,-1.606060606060606,0.18714914688046028
0.9393939393939394,-1.606060606060606,0.1771168097728519
1.0,-1.606060606060606,0.1670077041207483
1.0606060606060606,-1.606060606060606,0.15689822330209216
1.121212121212121,-1.606060606060606,0.14686027630447032
1.1818181818181817,-1.606060606060606,0.13696053742946593
1.2424242424242422,-1.606060606060606,0.12725983544349448
1.3030303030303028,-1.606060606060606,0.11781268624548755
1.3636363636363633,-1.606060606060606,0.10866696930353271
1.4242424242424248,-1.606060606060606,0.0998637445439742
1.4848484848484853,-1.606060606060606,0.09143720315352931
1.5454545454545459,-1.606060606060606,0.08341474295470135
1.6060606060606064,-1.606060606060606,0.0758171566936928
1.666666666666667,-1.606060606060606,0.06865891977342746
1.7272727272727275,-1.606060606060606,0.06194856268666197
1.787878787878788,-1.606060606060606,0.055689112650251095
1.8484848484848486,-1.606060606060606,0.04987858868838062
1.9090909090909092,-1.606060606060606,0.044510534621621085
1.9696969696969697,-1.606060606060606,0.039574575039143293
2.0303030303030303,-1.606060606060606,0.035056980303224926
2.090909090909091,-1.606060606060606,0.030941227892007993
2.1515151515151514,-1.606060606060606,0.02720854885912623
2.212121212121212,-1.606060606060606,0.023838449808076725
2.2727272727272725,-1.606060606060606,0.020809202478432404
2.333333333333334,-1.606060606060606,0.01809829475839275
2.3939393939393945,-1.606060606060606,0.015682838618565308
2.454545454545455,-1.606060606060606,0.01353993205798387
2.5151515151515156,-1.606060606060606,0.011646973626647612
2.575757575757576,-1.606060606060606,0.00998192940982715
2.6363636363636367,-1.606060606060606,0.008523553507574236
2.6969696969696972,-1.606060606060606,0.00725156400642806
2.757575757575758,-1.606060606060606,0.006146777215258923
2.8181818181818183,-1.606060606060606,0.005191203526498321
2.878787878787879,-1.606060606060606,0.0043681086765002255
2.9393939393939394,-1.606060606060606,0.003662044427972194
3.0,-1.606060606060606,0.0030588528003121893
-3.0,-1.5454545454545454,0.003365378381375459
-2.9393939393939394,-1.5454545454545454,0.004029015436204147
-2.878787878787879,-1.5454545454545454,0.004805833908023327
-2.8181818181818183,-1.5454545454545454,0.005711410539145412
-2.757575757575758,-1.5454545454545454,0.006762741624328039
-2.696969696969697,-1.5454545454545454,0.00797823835651808
-2.6363636363636362,-1.5454545454545454,0.009377693069754691
-2.5757575757575757,-1.5454545454545454,0.010982211839948531
-2.515151515151515,-1.5454545454545454,0.012814109017462235
-2.4545454545454546,-1.5454545454545454,0.014896759539583245
-2.393939393939394,-1.5454545454545454,0.017254405324811074
-2.333333333333333,-1.5454545454545454,0.0199119126992445
-2.2727272727272725,-1.5454545454545454,0.02289447865795754
-2.212121212121212,-1.5454545454545454,0.026227284824368643
-2.1515151515151514,-1.5454545454545454,0.02993509923385524
-2.090909090909091,-1.5454545454545454,0.0340418275212026
-2.0303030303030303,-1.5454545454545454,0.03857001671238883
-1.9696969696969697,-1.5454545454545454,0.043540316577267424
-1.9090909090909092,-1.5454545454545454,0.04897090534849514
-1.8484848484848484,-1.5454545454545454,0.05487688850155288
-1.7878787878787878,-1.5454545454545454,0.06126968116020819
-1.7272727272727273,-1.5454545454545454,0.06815638647328734
-1.6666666666666665,-1.5454545454545454,0.07553918392885806
-1.606060606060606,-1.5454545454545454,0.08341474295470137
-1.5454545454545454,-1.5454545454545454,0.09177367822312087
-1.4848484848484849,-1.5454545454545454,0.10060006376080524
-1.4242424242424243,-1.5454545454545454,0.10987102319444471
-1.3636363636363635,-1.5454545454545454,0.11955641318417656
-1.303030303030303,-1.5454545454545454,0.12961861626746743
-1.2424242424242424,-1.5454545454545454,0.14001245793037975
-1.1818181818181817,-1.5454545454545454,0.1506852607355434
-1.121212121212121,-1.5454545454545454,0.16157704578247395
-1.0606060606060606,-1.5454545454545454,0.17262088869500034
-1.0,-1.5454545454545454,0.1837434337846375
-0.9393939393939394,-1.5454545454545454,0.19486556611253433
-0.8787878787878789,-1.5454545454545454,0.20590323697174345
-0.8181818181818183,-1.5454545454545454,0.21676843395959147
-0.7575757575757573,-1.5454545454545454,0.22737028244459867
-0.6969696969696968,-1.5454545454545454,0.23761626100075947
-0.6363636363636362,-1.5454545454545454,0.24741350943497734
-0.5757575757575757,-1.5454545454545454,0.25667020451978945
-0.5151515151515151,-1.5454545454545454,0.2652969756035889
-0.4545454545454546,-1.5454545454545454,0.2732083300300912
-0.39393939393939403,-1.5454545454545454,0.280324056863112
-0.33333333333333304,-1.5454545454545454,0.2865705768614763
-0.2727272727272725,-1.5454545454545454,0.2918822070318286
-0.21212121212121193,-1.5454545454545454,0.2962023094210134
-0.15151515151515138,-1.5454545454545454,0.2994842960765841
-0.09090909090909083,-1.5454545454545454,0.30169246525096516
-0.030303030303030276,-1.5454545454545454,0.3028026478652574
0.030303030303030276,-1.5454545454545454,0.3028026478652574
0.09090909090909083,-1.5454545454545454,0.30169246525096516
0.15151515151515138,-1.5454545454545454,0.2994842960765841
0.21212121212121238,-1.5454545454545454,0.29620230942101333
0.27272727272727293,-1.5454545454545454,0.2918822070318286
0.3333333333333335,-1.5454545454545454,0.28657057686147624
0.39393939393939403,-1.5454545454545454,0.280324056863112
0.4545454545454546,-1.5454545454545454,0.2732083300300912
0.5151515151515151,-1.5454545454545454,0.2652969756035889
0.5757575757575757,-1.5454545454545454,0.25667020451978945
0.6363636363636367,-1.5454545454545454,0.24741350943497728
0.6969696969696972,-1.5454545454545454,0.23761626100075942
0.7575757575757578,-1.5454545454545454,0.22737028244459861
0.8181818181818183,-1.5454545454545454,0.21676843395959147
0.8787878787878789,-1.5454545454545454,0.20590323697174345
0.9393939393939394,-1.5454545454545454,0.19486556611253433
1.0,-1.5454545454545454,0.1837434337846375
1.0606060606060606,-1.5454545454545454,0.17262088869500034
1.121212121212121,-1.5454545454545454,0.16157704578247395
1.1818181818181817,-1.5454545454545454,0.1506852607355434
1.2424242424242422,-1.5454545454545454,0.14001245793037978
1.3030303030303028,-1.5454545454545454,0.12961861626746748
1.3636363636363633,-1.5454545454545454,0.11955641318417662
1.4242424242424248,-1.5454545454545454,0.10987102319444465
1.4848484848484853,-1.5454545454545454,0.10060006376080514
1.5454545454545459,-1.5454545454545454,0.09177367822312078
1.6060606060606064,-1.5454545454545454,0.08341474295470135
1.666666666666667,-1.5454545454545454,0.07553918392885803
1.7272727272727275,-1.5454545454545454,0.06815638647328728
1.787878787878788,-1.5454545454545454,0.061269681160208166
1.8484848484848486,-1.5454545454545454,0.05487688850155288
1.9090909090909092,-1.5454545454545454,0.04897090534849514
1.9696969696969697,-1.5454545454545454,0.043540316577267424
2.0303030303030303,-1.5454545454545454,0.03857001671238883
2.090909090909091,-1.5454545454545454,0.0340418275212026
2.1515151515151514,-1.5454545454545454,0.02993509923385524
2.212121212121212,-1.5454545454545454,0.026227284824368643
2.2727272727272725,-1.5454545454545454,0.02289447865795754
2.333333333333334,-1.5454545454545454,0.019911912699244454
2.3939393939393945,-1.5454545454545454,0.017254405324811074
2.454545454545455,-1.5454545454545454,0.014896759539583231
2.5151515151515156,-1.5454545454545454,0.012814109017462235
2.575757575757576,-1.5454545454545454,0.010982211839948512
2.6363636363636367,-1.5454545454545454,0.009377693069754675
2.6969696969696972,-1.5454545454545454,0.007978238356518072
2.757575757575758,-1.5454545454545454,0.006762741624328039
2.8181818181818183,-1.5454545454545454,0.005711410539145412
2.878787878787879,-1.5454545454545454,0.004805833908023327
2.9393939393939394,-1.5454545454545454,0.004029015436204147
3.0,-1.5454545454545454,0.003365378381375459
-3.0,-1.4848484848484849,0.003689045555333455
-2.9393939393939394,-1.4848484848484849,0.004416508280184545
-2.878787878787879,-1.4848484848484849,0.005268037708977703
-2.8181818181818183,-1.4848484848484849,0.006260708686049051
-2.757575757575758,-1.4848484848484849,0.007413152134441244
-2.696969696969697,-1.4848484848484849,0.008745549954021742
-2.6363636363636362,-1.4848484848484849,0.010279598017777928
-2.5757575757575757,-1.4848484848484849,0.012038432290438071
-2.515151515151515,-1.4848484848484849,0.014046513217662914
-2.4545454545454546,-1.4848484848484849,0.016329463834586798
-2.393939393939394,-1.4848484848484849,0.01891385753996582
-2.333333333333333,-1.4848484848484849,0.021826952192910205
-2.2727272727272725,-1.4848484848484849,0.02509636812378162
-2.212121212121212,-1.4848484848484849,0.02874970881290847
-2.1515151515151514,-1.4848484848484849,0.03281412437551379
-2.090909090909091,-1.4848484848484849,0.03731581958436248
-2.0303030303030303,-1.4848484848484849,0.04227950993844007
-1.9696969696969697,-1.4848484848484849,0.047727831210923825
-1.9090909090909092,-1.4848484848484849,0.05368070993630312
-1.8484848484848484,-1.4848484848484849,0.06015470436772786
-1.7878787878787878,-1.4848484848484849,0.06716232748496617
-1.7272727272727273,-1.4848484848484849,0.07471136558621005
-1.6666666666666665,-1.4848484848484849,0.082804207773028
-1.606060606060606,-1.4848484848484849,0.09143720315352935
-1.5454545454545454,-1.4848484848484849,0.10060006376080524
-1.4848484848484849,-1.4848484848484849,0.11027533193203118
-1.4242424242424243,-1.4848484848484849,0.1204379311457238
-1.3636363636363635,-1.4848484848484849,0.13105481900921825
-1.303030303030303,-1.4848484848484849,0.1420847601791931
-1.2424242424242424,-1.4848484848484849,0.1534782354572197
-1.1818181818181817,-1.4848484848484849,0.16517750112352125
-1.121212121212121,-1.4848484848484849,0.1771168097728519
-1.0606060606060606,-1.4848484848484849,0.18922280053921717
-1.0,-1.4848484848484849,0.20141506270919993
-0.9393939393939394,-1.4848484848484849,0.21360687241984802
-0.8787878787878789,-1.4848484848484849,0.2257060975321686
-0.8181818181818183,-1.4848484848484849,0.23761626100075942
-0.7575757575757573,-1.4848484848484849,0.24923774827493325
-0.6969696969696968,-1.4848484848484849,0.2604691396280798
-0.6363636363636362,-1.4848484848484849,0.271208643985381
-0.5757575757575757,-1.4848484848484849,0.2813556069684101
-0.5151515151515151,-1.4848484848484849,0.2908120626524698
-0.4545454545454546,-1.4848484848484849,0.2994842960765841
-0.39393939393939403,-1.4848484848484849,0.30728438197230257
-0.33333333333333304,-1.4848484848484849,0.3141316645732115
-0.2727272727272725,-1.4848484848484849,0.31995414378682807
-0.21212121212121193,-1.4848484848484849,0.324689734472739
-0.15151515151515138,-1.4848484848484849,0.32828736805575637
-0.09090909090909083,-1.4848484848484849,0.33070790915248893
-0.030303030303030276,-1.4848484848484849,0.33192486420917094
0.030303030303030276,-1.4848484848484849,0.33192486420917094
0.09090909090909083,-1.4848484848484849,0.33070790915248893
0.15151515151515138,-1.4848484848484849,0.32828736805575637
0.21212121212121238,-1.4848484848484849,0.32468973447273897
0.27272727272727293,-1.4848484848484849,0.31995414378682807
0.3333333333333335,-1.4848484848484849,0.31413166457321146
0.39393939393939403,-1.4848484848484849,0.30728438197230257
0.4545454545454546,-1.4848484848484849,0.2994842960765841
0.5151515151515151,-1.4848484848484849,0.2908120626524698
0.5757575757575757,-1.4848484848484849,0.2813556069684101
0.6363636363636367,-1.4848484848484849,0.2712086439853809
0.6969696969696972,-1.4848484848484849,0.26046913962807977
0.7575757575757578,-1.4848484848484849,0.24923774827493314
0.8181818181818183,-1.4848484848484849,0.23761626100075942
0.8787878787878789,-1.4848484848484849,0.2257060975321686
0.9393939393939394,-1.4848484848484849,0.21360687241984802
1.0,-1.4848484848484849,0.20141506270919993
1.0606060606060606,-1.4848484848484849,0.18922280053921717
1.121212121212121,-1.4848484848484849,0.1771168097728519
1.1818181818181817,-1.4848484848484849,0.16517750112352125
1.2424242424242422,-1.4848484848484849,0.15347823545721975
1.3030303030303028,-1.4848484848484849,0.1420847601791932
1.3636363636363633,-1.4848484848484849,0.13105481900921825
1.4242424242424248,-1.4848484848484849,0.12043793114572376
1.4848484848484853,-1.4848484848484849,0.11027533193203114
1.5454545454545459,-1.4848484848484849,0.10060006376080514
1.6060606060606064,-1.4848484848484849,0.09143720315352931
1.666666666666667,-1.4848484848484849,0.08280420777302792
1.7272727272727275,-1.4848484848484849,0.07471136558621003
1.787878787878788,-1.4848484848484849,0.0671623274849661
1.8484848484848486,-1.4848484848484849,0.06015470436772783
1.9090909090909092,-1.4848484848484849,0.05368070993630312
1.9696969696969697,-1.4848484848484849,0.047727831210923825
2.0303030303030303,-1.4848484848484849,0.04227950993844007
2.090909090909091,-1.4848484848484849,0.03731581958436248
2.1515151515151514,-1.4848484848484849,0.03281412437551379
2.212121212121212,-1.4848484848484849,0.02874970881290847
2.2727272727272725,-1.4848484848484849,0.02509636812378162
2.333333333333334,-1.4848484848484849,0.021826952192910164
2.3939393939393945,-1.4848484848484849,0.018913857539965804
2.454545454545455,-1.4848484848484849,0.01632946383458677
2.5151515151515156,-1.4848484848484849,0.014046513217662902
2.575757575757576,-1.4848484848484849,0.01203843229043806
2.6363636363636367,-1.4848484848484849,0.010279598017777917
2.6969696969696972,-1.4848484848484849,0.008745549954021726
2.757575757575758,-1.4848484848484849,0.007413152134441244
2.8181818181818183,-1.4848484848484849,0.006260708686049051
2.878787878787879,-1.4848484848484849,0.005268037708977703
2.9393939393939394,-1.4848484848484849,0.004416508280184545
3.0,-1.4848484848484849,0.003689045555333455
-3.0,-1.4242424242424243,0.0040290154362041435
-2.9393939393939394,-1.4242424242424243,0.0048235186494948335
-2.878787878787879,-1.4242424242424243,0.0057535221318399075
-2.8181818181818183,-1.4242424242424243,0.006837674287106739
-2.757575757575758,-1.4242424242424243,0.008096323000785952
-2.696969696969697,-1.4242424242424243,0.009551510067937623
-2.6363636363636362,-1.4242424242424243,0.011226930779350896
-2.5757575757575757,-1.4242424242424243,0.013147853231508596
-2.515151515151515,-1.4242424242424243,0.015340992061480218
-2.4545454545454546,-1.4242424242424243,0.017834331636097284
-2.393939393939394,-1.4242424242424243,0.020656894268089424
-2.333333333333333,-1.4242424242424243,0.023838449808076725
-2.2727272727272725,-1.4242424242424243,0.0274091639820474
-2.212121212121212,-1.4242424242424243,0.031399184113114674
-2.1515151515151514,-1.4242424242424243,0.03583816237870156
-2.090909090909091,-1.4242424242424243,0.04075471849423
-2.0303030303030303,-1.4242424242424243,0.04617584565494039
-1.9696969696969697,-1.4242424242424243,0.052126265669813945
-1.9090909090909092,-1.4242424242424243,0.058627741434928604
-1.8484848484848484,-1.4242424242424243,0.06569835715568031
-1.7878787878787878,-1.4242424242424243,0.07335177896545841
-1.7272727272727273,-1.4242424242424243,0.0815965107211918
-1.6666666666666665,-1.4242424242424243,0.090435161695917
-1.606060606060606,-1.4242424242424243,0.09986374454397429
-1.5454545454545454,-1.4242424242424243,0.10987102319444471
-1.4848484848484849,-1.4242424242424243,0.1204379311457238
-1.4242424242424243,-1.4242424242424243,0.13153708090946883
-1.3636363636363635,-1.4242424242424243,0.14313238501858297
-1.303030303030303,-1.4242424242424243,0.1551788080208697
-1.2424242424242424,-1.4242424242424243,0.16762226719713624
-1.1818181818181817,-1.4242424242424243,0.18039969736295083
-1.121212121212121,-1.4242424242424243,0.1934392920560044
-1.0606060606060606,-1.4242424242424243,0.20666092972261257
-1.0,-1.4242424242424243,0.2199767892717279
-0.9393939393939394,-1.4242424242424243,0.23329215466439637
-0.8787878787878789,-1.4242424242424243,0.2465064031773135
-0.8181818181818183,-1.4242424242424243,0.25951416676898037
-0.7575757575757573,-1.4242424242424243,0.27220665075080636
-0.6969696969696968,-1.4242424242424243,0.2844730888994096
-0.6363636363636362,-1.4242424242424243,0.29620230942101333
-0.5757575757575757,-1.4242424242424243,0.3072843819723025
-0.5151515151515151,-1.4242424242424243,0.3176123124224357
-0.4545454545454546,-1.4242424242424243,0.32708374935863904
-0.39393939393939403,-1.4242424242424243,0.3356026646190192
-0.33333333333333304,-1.4242424242424243,0.3430809694762821
-0.2727272727272725,-1.4242424242424243,0.3494400285545098
-0.21212121212121193,-1.4242424242424243,0.3546120351580865
-0.15151515151515138,-1.4242424242424243,0.3585412144057722
-0.09090909090909083,-1.4242424242424243,0.3611848243304592
-0.030303030303030276,-1.4242424242424243,0.36251392982265074
0.030303030303030276,-1.4242424242424243,0.36251392982265074
0.09090909090909083,-1.4242424242424243,0.3611848243304592
0.15151515151515138,-1.4242424242424243,0.3585412144057722
0.21212121212121238,-1.4242424242424243,0.3546120351580864
0.27272727272727293,-1.4242424242424243,0.3494400285545098
0.3333333333333335,-1.4242424242424243,0.343080969476282
0.39393939393939403,-1.4242424242424243,0.3356026646190192
0.4545454545454546,-1.4242424242424243,0.32708374935863904
0.5151515151515151,-1.4242424242424243,0.3176123124224357
0.5757575757575757,-1.4242424242424243,0.3072843819723025
0.6363636363636367,-1.4242424242424243,0.2962023094210133
0.6969696969696972,-1.4242424242424243,0.28447308889940953
0.7575757575757578,-1.4242424242424243,0.2722066507508063
0.8181818181818183,-1.4242424242424243,0.25951416676898037
0.8787878787878789,-1.4242424242424243,0.2465064031773135
0.9393939393939394,-1.4242424242424243,0.23329215466439637
1.0,-1.4242424242424243,0.2199767892717279
1.0606060606060606,-1.4242424242424243,0.20666092972261257
1.121212121212121,-1.4242424242424243,0.1934392920560044
1.1818181818181817,-1.4242424242424243,0.18039969736295083
1.2424242424242422,-1.4242424242424243,0.16762226719713627
1.3030303030303028,-1.4242424242424243,0.15517880802086972
1.3636363636363633,-1.4242424242424243,0.14313238501858302
1.4242424242424248,-1.4242424242424243,0.1315370809094687
1.4848484848484853,-1.4242424242424243,0.12043793114572376
1.5454545454545459,-1.4242424242424243,0.10987102319444465
1.6060606060606064,-1.4242424242424243,0.0998637445439742
1.666666666666667,-1.4242424242424243,0.09043516169591692
1.7272727272727275,-1.4242424242424243,0.0815965107211918
1.787878787878788,-1.4242424242424243,0.07335177896545839
1.8484848484848486,-1.4242424242424243,0.06569835715568026
1.9090909090909092,-1.4242424242424243,0.058627741434928604
1.9696969696969697,-1.4242424242424243,0.052126265669813945
2.0303030303030303,-1.4242424242424243,0.04617584565494039
2.090909090909091,-1.4242424242424243,0.04075471849423
2.1515151515151514,-1.4242424242424243,0.03583816237870156
2.212121212121212,-1.4242424242424243,0.031399184113114674
2.2727272727272725,-1.4242424242424243,0.0274091639820474
2.333333333333334,-1.4242424242424243,0.02383844980807667
2.3939393939393945,-1.4242424242424243,0.020656894268089407
2.454545454545455,-1.4242424242424243,0.017834331636097253
2.5151515151515156,-1.4242424242424243,0.015340992061480204
2.575757575757576,-1.4242424242424243,0.013147853231508586
2.6363636363636367,-1.4242424242424243,0.011226930779350885
2.6969696969696972,-1.4242424242424243,0.009551510067937606
2.757575757575758,-1.4242424242424243,0.008096323000785952
2.8181818181818183,-1.4242424242424243,0.006837674287106739
2.878787878787879,-1.4242424242424243,0.0057535221318399075
2.9393939393939394,-1.4242424242424243,0.0048235186494948335
3.0,-1.4242424242424243,0.0040290154362041435
-3.0,-1.3636363636363635,0.004384182655364619
-2.9393939393939394,-1.3636363636363635,0.005248723201931041
-2.878787878787879,-1.3636363636363635,0.006260708686049051
-2.8181818181818183,-1.3636363636363635,0.007440431412397071
-2.757575757575758,-1.3636363636363635,0.008810032980592651
-2.696969696969697,-1.3636363636363635,0.010393498221948945
-2.6363636363636362,-1.3636363636363635,0.01221661122305896
-2.5757575757575757,-1.3636363636363635,0.014306867522743077
-2.515151515151515,-1.3636363636363635,0.016693336716374903
-2.4545454545454546,-1.3636363636363635,0.019406470058765106
-2.393939393939394,-1.3636363636363635,0.02247784824800302
-2.333333333333333,-1.3636363636363635,0.02593986541729757
-2.2727272727272725,-1.3636363636363635,0.02982534647257383
-2.212121212121212,-1.3636363636363635,0.03416709629462501
-2.1515151515151514,-1.3636363636363635,0.038997380970292976
-2.090909090909091,-1.3636363636363635,0.0443473431104565
-2.0303030303030303,-1.3636363636363635,0.05024635542422026
-1.9696969696969697,-1.3636363636363635,0.056721319006370514
-1.9090909090909092,-1.3636363636363635,0.06379591520363483
-1.8484848484848484,-1.3636363636363635,0.07148982238679345
-1.7878787878787878,-1.3636363636363635,0.07981791139114604
-1.7272727272727273,-1.3636363636363635,0.0887894357086788
-1.6666666666666665,-1.3636363636363635,0.09840723462600418
-1.606060606060606,-1.3636363636363635,0.10866696930353267
-1.5454545454545454,-1.3636363636363635,0.11955641318417656
-1.4848484848484849,-1.3636363636363635,0.13105481900921825
-1.4242424242424243,-1.3636363636363635,0.14313238501858297
-1.3636363636363635,-1.3636363636363635,0.15574984254978327
-1.303030303030303,-1.3636363636363635,0.168858186169228
-1.2424242424242424,-1.3636363636363635,0.1823985656383925
-1.1818181818181817,-1.3636363636363635,0.1963023564280038
-1.121212121212121,-1.3636363636363635,0.21049142216663738
-1.0606060606060606,-1.3636363636363635,0.224878578396565
-1.0,-1.3636363636363635,0.23936826239030604
-0.9393939393939394,-1.3636363636363635,0.2538574086665432
-0.8787878787878789,-1.3636363636363635,0.2682365243714436
-0.8181818181818183,-1.3636363636363635,0.28239095302198197
-0.7575757575757573,-1.3636363636363635,0.2962023094210134
-0.6969696969696968,-1.3636363636363635,0.30955006304115723
-0.6363636363636362,-1.3636363636363635,0.32231324203265027
-0.5757575757575757,-1.3636363636363635,0.33437222543297906
-0.5151515151515151,-1.3636363636363635,0.34561058732616284
-0.4545454545454546,-1.3636363636363635,0.3559169537808429
-0.39393939393939403,-1.3636363636363635,0.36518683152602893
-0.33333333333333304,-1.3636363636363635,0.3733243666052268
-0.2727272727272725,-1.3636363636363635,0.38024399174855233
-0.21212121212121193,-1.3636363636363635,0.3858719229401476
-0.15151515151515138,-1.3636363636363635,0.39014746861136285
-0.09090909090909083,-1.3636363636363635,0.3930241189898191
-0.030303030303030276,-1.3636363636363635,0.3944703882678305
0.030303030303030276,-1.3636363636363635,0.3944703882678305
0.09090909090909083,-1.3636363636363635,0.3930241189898191
0.15151515151515138,-1.3636363636363635,0.39014746861136285
0.21212121212121238,-1.3636363636363635,0.38587192294014755
0.27272727272727293,-1.3636363636363635,0.3802439917485523
0.3333333333333335,-1.3636363636363635,0.3733243666052267
0.39393939393939403,-1.3636363636363635,0.36518683152602893
0.4545454545454546,-1.3636363636363635,0.3559169537808429
0.5151515151515151,-1.3636363636363635,0.34561058732616284
0.5757575757575757,-1.3636363636363635,0.33437222543297906
0.6363636363636367,-1.3636363636363635,0.3223132420326502
0.6969696969696972,-1.3636363636363635,0.3095500630411572
0.7575757575757578,-1.3636363636363635,0.29620230942101333
0.8181818181818183,-1.3636363636363635,0.28239095302198197
0.8787878787878789,-1.3636363636363635,0.2682365243714436
0.9393939393939394,-1.3636363636363635,0.2538574086665432
1.0,-1.3636363636363635,0.23936826239030604
1.0606060606060606,-1.3636363636363635,0.224878578396565
1.121212121212121,-1.3636363636363635,0.21049142216663738
1.1818181818181817,-1.3636363636363635,0.1963023564280038
1.2424242424242422,-1.3636363636363635,0.18239856563839252
1.3030303030303028,-1.3636363636363635,0.16885818616922804
1.3636363636363633,-1.3636363636363635,0.15574984254978336
1.4242424242424248,-1.3636363636363635,0.14313238501858286
1.4848484848484853,-1.3636363636363635,0.13105481900921812
1.5454545454545459,-1.3636363636363635,0.11955641318417647
1.6060606060606064,-1.3636363636363635,0.10866696930353262
1.666666666666667,-1.3636363636363635,0.09840723462600412
1.7272727272727275,-1.3636363636363635,0.08878943570867871
1.787878787878788,-1.3636363636363635,0.079817911391146
1.8484848484848486,-1.3636363636363635,0.07148982238679345
1.9090909090909092,-1.3636363636363635,0.06379591520363483
1.9696969696969697,-1.3636363636363635,0.056721319006370514
2.0303030303030303,-1.3636363636363635,0.05024635542422026
2.090909090909091,-1.3636363636363635,0.0443473431104565
2.1515151515151514,-1.3636363636363635,0.038997380970292976
2.212121212121212,-1.3636363636363635,0.03416709629462501
2.2727272727272725,-1.3636363636363635,0.02982534647257383
2.333333333333334,-1.3636363636363635,0.025939865417297512
2.3939393939393945,-1.3636363636363635,0.022477848248003
2.454545454545455,-1.3636363636363635,0.01940647005876508
2.5151515151515156,-1.3636363636363635,0.016693336716374872
2.575757575757576,-1.3636363636363635,0.014306867522743077
2.6363636363636367,-1.3636363636363635,0.01221661122305896
2.6969696969696972,-1.3636363636363635,0.010393498221948927
2.757575757575758,-1.3636363636363635,0.008810032980592651
2.8181818181818183,-1.3636363636363635,0.007440431412397071
2.878787878787879,-1.3636363636363635,0.006260708686049051
2.9393939393939394,-1.3636363636363635,0.005248723201931041
3.0,-1.3636363636363635,0.004384182655364619
-3.0,-1.303030303030303,0.004753167765051387
-2.9393939393939394,-1.303030303030303,0.0056904704690094845
-2.878787878787879,-1.303030303030303,0.006787627490039116
-2.8181818181818183,-1.303030303030303,0.008066638990099347
-2.757575757575758,-1.303030303030303,0.009551510067937606
-2.696969696969697,-1.303030303030303,0.011268244185546603
-2.6363636363636362,-1.303030303030303,0.01324479549057009
-2.5757575757575757,-1.303030303030303,0.015510973623499145
-2.515151515151515,-1.303030303030303,0.018098294758392766
-2.4545454545454546,-1.303030303030303,0.02103977301308076
-2.393939393939394,-1.303030303030303,0.024369647005785887
-2.333333333333333,-1.303030303030303,0.02812303725083186
-2.2727272727272725,-1.303030303030303,0.03233553129029861
-2.212121212121212,-1.303030303030303,0.03704269495576295
-2.1515151515151514,-1.303030303030303,0.04227950993844009
-2.090909090909091,-1.303030303030303,0.04807973989869381
-2.0303030303030303,-1.303030303030303,0.054475229635216026
-1.9696969696969697,-1.303030303030303,0.0614951443143864
-1.9090909090909092,-1.303030303030303,0.06916515837149809
-1.8484848484848484,-1.303030303030303,0.07750660636421304
-1.7878787878787878,-1.303030303030303,0.08653561069904167
-1.7272727272727273,-1.303030303030303,0.09626220366781128
-1.6666666666666665,-1.303030303030303,0.1066894635194598
-1.606060606060606,-1.303030303030303,0.11781268624548755
-1.5454545454545454,-1.303030303030303,0.12961861626746743
-1.4848484848484849,-1.303030303030303,0.1420847601791931
-1.4242424242424243,-1.303030303030303,0.1551788080208697
-1.3636363636363635,-1.303030303030303,0.168858186169228
-1.303030303030303,-1.303030303030303,0.18306976475592804
-1.2424242424242424,-1.303030303030303,0.19774974054129907
-1.1818181818181817,-1.303030303030303,0.21282371336319622
-1.121212121212121,-1.303030303030303,0.22820697067400708
-1.0606060606060606,-1.303030303030303,0.24380499032749323
-1.0,-1.303030303030303,0.2595141667689805
-0.9393939393939394,-1.303030303030303,0.27522276023715053
-0.8787878787878789,-1.303030303030303,0.2908120626524697
-0.8181818181818183,-1.303030303030303,0.30615776772069614
-0.7575757575757573,-1.303030303030303,0.3211315266144284
-0.6969696969696968,-1.303030303030303,0.3356026646190194
-0.6363636363636362,-1.303030303030303,0.3494400285545099
-0.5757575757575757,-1.303030303030303,0.3625139298226508
-0.5151515151515151,-1.303030303030303,0.37469814377580335
-0.4545454545454546,-1.303030303030303,0.38587192294014755
-0.39393939393939403,-1.303030303030303,0.39592197959790804
-0.33333333333333304,-1.303030303030303,0.40474439245474675
-0.2727272727272725,-1.303030303030303,0.41224639265933427
-0.21212121212121193,-1.303030303030303,0.41834798632607734
-0.15151515151515138,-1.303030303030303,0.42298337391367213
-0.09090909090909083,-1.303030303030303,0.4261021312568385
-0.030303030303030276,-1.303030303030303,0.4276701226139997
0.030303030303030276,-1.303030303030303,0.4276701226139997
0.09090909090909083,-1.303030303030303,0.4261021312568385
0.15151515151515138,-1.303030303030303,0.42298337391367213
0.21212121212121238,-1.303030303030303,0.4183479863260773
0.27272727272727293,-1.303030303030303,0.41224639265933416
0.3333333333333335,-1.303030303030303,0.4047443924547467
0.39393939393939403,-1.303030303030303,0.39592197959790804
0.4545454545454546,-1.303030303030303,0.38587192294014755
0.5151515151515151,-1.303030303030303,0.37469814377580335
0.5757575757575757,-1.303030303030303,0.3625139298226508
0.6363636363636367,-1.303030303030303,0.3494400285545098
0.6969696969696972,-1.303030303030303,0.3356026646190192
0.7575757575757578,-1.303030303030303,0.32113152661442823
0.8181818181818183,-1.303030303030303,0.30615776772069614
0.8787878787878789,-1.303030303030303,0.2908120626524697
0.9393939393939394,-1.303030303030303,0.27522276023715053
1.0,-1.303030303030303,0.2595141667689805
1.0606060606060606,-1.303030303030303,0.24380499032749323
1.121212121212121,-1.303030303030303,0.22820697067400708
1.1818181818181817,-1.303030303030303,0.21282371336319622
1.2424242424242422,-1.303030303030303,0.1977497405412991
1.3030303030303028,-1.303030303030303,0.18306976475592807
1.3636363636363633,-1.303030303030303,0.16885818616922804
1.4242424242424248,-1.303030303030303,0.15517880802086956
1.4848484848484853,-1.303030303030303,0.14208476017919305
1.5454545454545459,-1.303030303030303,0.12961861626746732
1.6060606060606064,-1.303030303030303,0.11781268624548744
1.666666666666667,-1.303030303030303,0.10668946351945977
1.7272727272727275,-1.303030303030303,0.09626220366781123
1.787878787878788,-1.303030303030303,0.08653561069904163
1.8484848484848486,-1.303030303030303,0.077506606364213
1.9090909090909092,-1.303030303030303,0.06916515837149809
1.9696969696969697,-1.303030303030303,0.0614951443143864
2.0303030303030303,-1.303030303030303,0.054475229635216026
2.090909090909091,-1.303030303030303,0.04807973989869381
2.1515151515151514,-1.303030303030303,0.04227950993844009
2.212121212121212,-1.303030303030303,0.03704269495576295
2.2727272727272725,-1.303030303030303,0.03233553129029861
2.333333333333334,-1.303030303030303,0.028123037250831796
2.3939393939393945,-1.303030303030303,0.024369647005785863
2.454545454545455,-1.303030303030303,0.021039773013080732
2.5151515151515156,-1.303030303030303,0.01809829475839275
2.575757575757576,-1.303030303030303,0.015510973623499132
2.6363636363636367,-1.303030303030303,0.013244795490570078
2.6969696969696972,-1.303030303030303,0.011268244185546594
2.757575757575758,-1.303030303030303,0.009551510067937606
2.8181818181818183,-1.303030303030303,0.008066638990099347
2.878787878787879,-1.303030303030303,0.006787627490039116
2.9393939393939394,-1.303030303030303,0.0056904704690094845
3.0,-1.303030303030303,0.004753167765051387
-3.0,-1.2424242424242424,0.005134314197329744
-2.9393939393939394,-1.2424242424242424,0.006146777215258923
-2.878787878787879,-1.2424242424242424,0.007331912928580741
-2.8181818181818183,-1.2424242424242424,0.00871348564553623
-2.757575757575758,-1.2424242424242424,0.010317425382779416
-2.696969696969697,-1.2424242424242424,0.012171820764715811
-2.6363636363636362,-1.2424242424242424,0.014306867522743077
-2.5757575757575757,-1.2424242424242424,0.01675476566913852
-2.515151515151515,-1.2424242424242424,0.01954955859305124
-2.4545454545454546,-1.2424242424242424,0.02272690774433204
-2.393939393939394,-1.2424242424242424,0.026323797263311643
-2.333333333333333,-1.2424242424242424,0.030378163903797807
-2.2727272727272725,-1.2424242424242424,0.03492844889731881
-2.212121212121212,-1.2424242424242424,0.040013070023980635
-2.1515151515151514,-1.2424242424242424,0.04566981408255221
-2.090909090909091,-1.2424242424242424,0.051935152169642874
-2.0303030303030303,-1.2424242424242424,0.058843482650746286
-1.9696969696969697,-1.2424242424242424,0.06642630938501752
-1.9090909090909092,-1.2424242424242424,0.07471136558621003
-1.8484848484848484,-1.2424242424242424,0.08372169658487215
-1.7878787878787878,-1.2424242424242424,0.0934747176090651
-1.7272727272727273,-1.2424242424242424,0.10398126541879965
-1.6666666666666665,-1.2424242424242424,0.11524466510126105
-1.606060606060606,-1.2424242424242424,0.12725983544349442
-1.5454545454545454,-1.2424242424242424,0.14001245793037975
-1.4848484848484849,-1.2424242424242424,0.1534782354572197
-1.4242424242424243,-1.2424242424242424,0.16762226719713624
-1.3636363636363635,-1.2424242424242424,0.1823985656383925
-1.303030303030303,-1.2424242424242424,0.19774974054129907
-1.2424242424242424,-1.2424242424242424,0.21360687241984797
-1.1818181818181817,-1.2424242424242424,0.22988959512084073
-1.121212121212121,-1.2424242424242424,0.24650640317731357
-1.0606060606060606,-1.2424242424242424,0.26335519491278825
-1.0,-1.2424242424242424,0.280324056863112
-0.9393939393939394,-1.2424242424242424,0.29729228909272587
-0.8787878787878789,-1.2424242424242424,0.3141316645732114
-0.8181818181818183,-1.2424242424242424,0.33070790915248893
-0.7575757575757573,-1.2424242424242424,0.34688238198316773
-0.6969696969696968,-1.2424242424242424,0.3625139298226508
-0.6363636363636362,-1.2424242424242424,0.3774608825959114
-0.5757575757575757,-1.2424242424242424,0.3915831522513309
-0.5151515151515151,-1.2424242424242424,0.40474439245474664
-0.4545454545454546,-1.2424242424242424,0.41681417324875564
-0.39393939393939403,-1.2424242424242424,0.42767012261399967
-0.33333333333333304,-1.2424242424242424,0.43719998602816884
-0.2727272727272725,-1.2424242424242424,0.4453035557026905
-0.21212121212121193,-1.2424242424242424,0.4518944232121098
-0.15151515151515138,-1.2424242424242424,0.45690151268959567
-0.09090909090909083,-1.2424242424242424,0.46027035656310294
-0.030303030303030276,-1.2424242424242424,0.4619640818184067
0.030303030303030276,-1.2424242424242424,0.4619640818184067
0.09090909090909083,-1.2424242424242424,0.46027035656310294
0.15151515151515138,-1.2424242424242424,0.45690151268959567
0.21212121212121238,-1.2424242424242424,0.45189442321210976
0.27272727272727293,-1.2424242424242424,0.4453035557026904
0.3333333333333335,-1.2424242424242424,0.4371999860281688
0.39393939393939403,-1.2424242424242424,0.42767012261399967
0.4545454545454546,-1.2424242424242424,0.41681417324875564
0.5151515151515151,-1.2424242424242424,0.40474439245474664
0.5757575757575757,-1.2424242424242424,0.3915831522513309
0.6363636363636367,-1.2424242424242424,0.3774608825959113
0.6969696969696972,-1.2424242424242424,0.3625139298226506
0.7575757575757578,-1.2424242424242424,0.34688238198316756
0.8181818181818183,-1.2424242424242424,0.33070790915248893
0.8787878787878789,-1.2424242424242424,0.3141316645732114
0.9393939393939394,-1.2424242424242424,0.29729228909272587
1.0,-1.2424242424242424,0.280324056863112
1.0606060606060606,-1.2424242424242424,0.26335519491278825
1.121212121212121,-1.2424242424242424,0.24650640317731357
1.1818181818181817,-1.2424242424242424,0.22988959512084073
1.2424242424242422,-1.2424242424242424,0.21360687241984802
1.3030303030303028,-1.2424242424242424,0.1977497405412991
1.3636363636363633,-1.2424242424242424,0.18239856563839252
1.4242424242424248,-1.2424242424242424,0.16762226719713608
1.4848484848484853,-1.2424242424242424,0.15347823545721961
1.5454545454545459,-1.2424242424242424,0.14001245793037964
1.6060606060606064,-1.2424242424242424,0.1272598354434943
1.666666666666667,-1.2424242424242424,0.115244665101261
1.7272727272727275,-1.2424242424242424,0.10398126541879961
1.787878787878788,-1.2424242424242424,0.09347471760906506
1.8484848484848486,-1.2424242424242424,0.08372169658487211
1.9090909090909092,-1.2424242424242424,0.07471136558621003
1.9696969696969697,-1.2424242424242424,0.06642630938501752
2.0303030303030303,-1.2424242424242424,0.058843482650746286
2.090909090909091,-1.2424242424242424,0.051935152169642874
2.1515151515151514,-1.2424242424242424,0.04566981408255221
2.212121212121212,-1.2424242424242424,0.040013070023980635
2.2727272727272725,-1.2424242424242424,0.03492844889731881
2.333333333333334,-1.2424242424242424,0.03037816390379774
2.3939393939393945,-1.2424242424242424,0.02632379726331162
2.454545454545455,-1.2424242424242424,0.022726907744332014
2.5151515151515156,-1.2424242424242424,0.019549558593051224
2.575757575757576,-1.2424242424242424,0.016754765669138506
2.6363636363636367,-1.2424242424242424,0.014306867522743063
2.6969696969696972,-1.2424242424242424,0.01217182076471579
2.757575757575758,-1.2424242424242424,0.010317425382779416
2.8181818181818183,-1.2424242424242424,0.00871348564553623
2.878787878787879,-1.2424242424242424,0.007331912928580741
2.9393939393939394,-1.2424242424242424,0.006146777215258923
3.0,-1.2424242424242424,0.005134314197329744
-3.0,-1.1818181818181817,0.005525690248988666
-2.9393939393939394,-1.1818181818181817,0.0066153308145275825
-2.878787878787879,-1.1818181818181817,0.007890806487254522
-2.8181818181818183,-1.1818181818181817,0.009377693069754682
-2.757575757575758,-1.1818181818181817,0.011103897159613366
-2.696969696969697,-1.1818181818181817,0.013099648507488553
-2.6363636363636362,-1.1818181818181817,0.015397444590576305
-2.5757575757575757,-1.1818181818181817,0.018031939948318434
-2.515151515151515,-1.1818181818181817,0.02103977301308076
-2.4545454545454546,-1.1818181818181817,0.024459323618689546
-2.393939393939394,-1.1818181818181817,0.028330395114869473
-2.333333333333333,-1.1818181818181817,0.03269381608018764
-2.2727272727272725,-1.1818181818181817,0.03759095802601851
-2.212121212121212,-1.1818181818181817,0.043063167224670434
-2.1515151515151514,-1.1818181818181817,0.04915111086897055
-2.090909090909091,-1.1818181818181817,0.05589404015687029
-2.0303030303030303,-1.1818181818181817,0.06332897555604734
-1.9696969696969697,-1.1818181818181817,0.07148982238679345
-1.9090909090909092,-1.1818181818181817,0.08040642789704096
-1.8484848484848484,-1.1818181818181817,0.0901035941057941
-1.7878787878787878,-1.1818181818181817,0.10060006376080524
-1.7272727272727273,-1.1818181818181817,0.11190749968145407
-1.6666666666666665,-1.1818181818181817,0.12402948041808437
-1.606060606060606,-1.1818181818181817,0.13696053742946593
-1.5454545454545454,-1.1818181818181817,0.1506852607355434
-1.4848484848484849,-1.1818181818181817,0.16517750112352125
-1.4242424242424243,-1.1818181818181817,0.18039969736295083
-1.3636363636363635,-1.1818181818181817,0.1963023564280038
-1.303030303030303,-1.1818181818181817,0.21282371336319622
-1.2424242424242424,-1.1818181818181817,0.22988959512084073
-1.1818181818181817,-1.1818181818181817,0.2474135094349774
-1.121212121212121,-1.1818181818181817,0.26529697560358895
-1.0606060606060606,-1.1818181818181817,0.2834301089923428
-1.0,-1.1818181818181817,0.3016924652509652
-0.9393939393939394,-1.1818181818181817,0.31995414378682807
-0.8787878787878789,-1.1818181818181817,0.33807714314280257
-0.8181818181818183,-1.1818181818181817,0.3559169537808429
-0.7575757575757573,-1.1818181818181817,0.37332436660522683
-0.6969696969696968,-1.1818181818181817,0.39014746861136296
-0.6363636363636362,-1.1818181818181817,0.40623379056537484
-0.5757575757575757,-1.1818181818181817,0.4214325658505189
-0.5151515151515151,-1.1818181818181817,0.43559705478936006
-0.4545454545454546,-1.1818181818181817,0.44858688507196576
-0.39393939393939403,-1.1818181818181817,0.46027035656310306
-0.33333333333333304,-1.1818181818181817,0.4705266578563226
-0.2727272727272725,-1.1818181818181817,0.4792479425715806
-0.21212121212121193,-1.1818181818181817,0.48634121558321586
-0.15151515151515138,-1.1818181818181817,0.4917299830871499
-0.09090909090909083,-1.1818181818181817,0.49535562558325685
-0.030303030303030276,-1.1818181818181817,0.4971784593187858
0.030303030303030276,-1.1818181818181817,0.4971784593187858
0.09090909090909083,-1.1818181818181817,0.49535562558325685
0.15151515151515138,-1.1818181818181817,0.4917299830871499
0.21212121212121238,-1.1818181818181817,0.4863412155832158
0.27272727272727293,-1.1818181818181817,0.47924794257158054
0.3333333333333335,-1.1818181818181817,0.4705266578563225
0.39393939393939403,-1.1818181818181817,0.46027035656310306
0.4545454545454546,-1.1818181818181817,0.44858688507196576
0.5151515151515151,-1.1818181818181817,0.43559705478936006
0.5757575757575757,-1.1818181818181817,0.4214325658505189
0.6363636363636367,-1.1818181818181817,0.40623379056537473
0.6969696969696972,-1.1818181818181817,0.39014746861136285
0.7575757575757578,-1.1818181818181817,0.3733243666052267
0.8181818181818183,-1.1818181818181817,0.3559169537808429
0.8787878787878789,-1.1818181818181817,0.33807714314280257
0.9393939393939394,-1.1818181818181817,0.31995414378682807
1.0,-1.1818181818181817,0.3016924652509652
1.0606060606060606,-1.1818181818181817,0.2834301089923428
1.121212121212121,-1.1818181818181817,0.26529697560358895
1.1818181818181817,-1.1818181818181817,0.2474135094349774
1.2424242424242422,-1.1818181818181817,0.22988959512084078
1.3030303030303028,-1.1818181818181817,0.21282371336319625
1.3636363636363633,-1.1818181818181817,0.1963023564280039
1.4242424242424248,-1.1818181818181817,0.18039969736295072
1.4848484848484853,-1.1818181818181817,0.16517750112352114
1.5454545454545459,-1.1818181818181817,0.15068526073554328
1.6060606060606064,-1.1818181818181817,0.13696053742946585
1.666666666666667,-1.1818181818181817,0.12402948041808431
1.7272727272727275,-1.1818181818181817,0.11190749968145397
1.787878787878788,-1.1818181818181817,0.10060006376080519
1.8484848484848486,-1.1818181818181817,0.0901035941057941
1.9090909090909092,-1.1818181818181817,0.08040642789704096
1.9696969696969697,-1.1818181818181817,0.07148982238679345
2.0303030303030303,-1.1818181818181817,0.06332897555604734
2.090909090909091,-1.1818181818181817,0.05589404015687029
2.1515151515151514,-1.1818181818181817,0.04915111086897055
2.212121212121212,-1.1818181818181817,0.043063167224670434
2.2727272727272725,-1.1818181818181817,0.03759095802601851
2.333333333333334,-1.1818181818181817,0.032693816080187565
2.3939393939393945,-1.1818181818181817,0.02833039511486945
2.454545454545455,-1.1818181818181817,0.024459323618689514
2.5151515151515156,-1.1818181818181817,0.02103977301308074
2.575757575757576,-1.1818181818181817,0.018031939948318434
2.6363636363636367,-1.1818181818181817,0.015397444590576305
2.6969696969696972,-1.1818181818181817,0.01309964850748853
2.757575757575758,-1.1818181818181817,0.011103897159613366
2.8181818181818183,-1.1818181818181817,0.009377693069754682
2.878787878787879,-1.1818181818181817,0.007890806487254522
2.9393939393939394,-1.1818181818181817,0.0066153308145275825
3.0,-1.1818181818181817,0.005525690248988666
-3.0,-1.121212121212121,0.005925096469173198
-2.9393939393939394,-1.121212121212121,0.007093498094422496
-2.878787878787879,-1.121212121212121,0.008461167302151582
-2.8181818181818183,-1.121212121212121,0.010055528557136003
-2.757575757575758,-1.121212121212121,0.011906505592949037
-2.696969696969697,-1.121212121212121,0.014046513217662926
-2.6363636363636362,-1.121212121212121,0.016510397880990745
-2.5757575757575757,-1.121212121212121,0.01933531901099221
-2.515151515151515,-1.121212121212121,0.022560563327780944
-2.4545454545454546,-1.121212121212121,0.02622728482436863
-2.393939393939394,-1.121212121212121,0.03037816390379778
-2.333333333333333,-1.121212121212121,0.035056980303224954
-2.2727272727272725,-1.121212121212121,0.04030809593671402
-2.212121212121212,-1.121212121212121,0.04617584565494043
-2.1515151515151514,-1.121212121212121,0.05270383614408702
-2.090909090909091,-1.121212121212121,0.05993415574496069
-2.0303030303030303,-1.121212121212121,0.06790650082714433
-1.9696969696969697,-1.121212121212121,0.07665722744472246
-1.9090909090909092,-1.121212121212121,0.08621834025509892
-1.8484848484848484,-1.121212121212121,0.09661643400908466
-1.7878787878787878,-1.121212121212121,0.10787160621188283
-1.7272727272727273,-1.121212121212121,0.11999636269114812
-1.6666666666666665,-1.121212121212121,0.13299454066088495
-1.606060606060606,-1.121212121212121,0.14686027630447032
-1.5454545454545454,-1.121212121212121,0.16157704578247395
-1.4848484848484849,-1.121212121212121,0.1771168097728519
-1.4242424242424243,-1.121212121212121,0.1934392920560044
-1.3636363636363635,-1.121212121212121,0.21049142216663738
-1.303030303030303,-1.121212121212121,0.22820697067400708
-1.2424242424242424,-1.121212121212121,0.24650640317731357
-1.1818181818181817,-1.121212121212121,0.26529697560358895
-1.121212121212121,-1.121212121212121,0.28447308889940964
-1.0606060606060606,-1.121212121212121,0.30391691578355623
-1.0,-1.121212121212121,0.3234993059847716
-0.9393939393939394,-1.121212121212121,0.3430809694762821
-0.8787878787878789,-1.121212121212121,0.36251392982265074
-0.8181818181818183,-1.121212121212121,0.38164323209244727
-0.7575757575757573,-1.121212121212121,0.4003088821046018
-0.6969696969696968,-1.121212121212121,0.41834798632607734
-0.6363636363636362,-1.121212121212121,0.43559705478936
-0.5757575757575757,-1.121212121212121,0.4518944232121099
-0.5151515151515151,-1.121212121212121,0.46708274532526683
-0.4545454545454546,-1.121212121212121,0.4810115024713469
-0.39393939393939403,-1.121212121212121,0.4935394750069941
-0.33333333333333304,-1.121212121212121,0.5045371190733356
-0.2727272727272725,-1.121212121212121,0.5138887929719019
-0.21212121212121193,-1.121212121212121,0.5214947797323458
-0.15151515151515138,-1.121212121212121,0.527273056449286
-0.09090909090909083,-1.121212121212121,0.5311607665061607
-0.030303030303030276,-1.121212121212121,0.5331153577415723
0.030303030303030276,-1.121212121212121,0.5331153577415723
0.09090909090909083,-1.121212121212121,0.5311607665061607
0.15151515151515138,-1.121212121212121,0.527273056449286
0.21212121212121238,-1.121212121212121,0.5214947797323457
0.27272727272727293,-1.121212121212121,0.5138887929719018
0.3333333333333335,-1.121212121212121,0.5045371190733355
0.39393939393939403,-1.121212121212121,0.4935394750069941
0.4545454545454546,-1.121212121212121,0.4810115024713469
0.5151515151515151,-1.121212121212121,0.46708274532526683
0.5757575757575757,-1.121212121212121,0.4518944232121099
0.6363636363636367,-1.121212121212121,0.43559705478935995
0.6969696969696972,-1.121212121212121,0.4183479863260772
0.7575757575757578,-1.121212121212121,0.4003088821046017
0.8181818181818183,-1.121212121212121,0.38164323209244727
0.8787878787878789,-1.121212121212121,0.36251392982265074
0.9393939393939394,-1.121212121212121,0.3430809694762821
1.0,-1.121212121212121,0.3234993059847716
1.0606060606060606,-1.121212121212121,0.30391691578355623
1.121212121212121,-1.121212121212121,0.28447308889940964
1.1818181818181817,-1.121212121212121,0.26529697560358895
1.2424242424242422,-1.121212121212121,0.24650640317731362
1.3030303030303028,-1.121212121212121,0.22820697067400714
1.3636363636363633,-1.121212121212121,0.21049142216663744
1.4242424242424248,-1.121212121212121,0.19343929205600424
1.4848484848484853,-1.121212121212121,0.17711680977285182
1.5454545454545459,-1.121212121212121,0.1615770457824738
1.6060606060606064,-1.121212121212121,0.14686027630447018
1.666666666666667,-1.121212121212121,0.1329945406608849
1.7272727272727275,-1.121212121212121,0.11999636269114806
1.787878787878788,-1.121212121212121,0.10787160621188278
1.8484848484848486,-1.121212121212121,0.09661643400908462
1.9090909090909092,-1.121212121212121,0.08621834025509892
1.9696969696969697,-1.121212121212121,0.07665722744472246
2.0303030303030303,-1.121212121212121,0.06790650082714433
2.090909090909091,-1.121212121212121,0.05993415574496069
2.1515151515151514,-1.121212121212121,0.05270383614408702
2.212121212121212,-1.121212121212121,0.04617584565494043
2.2727272727272725,-1.121212121212121,0.04030809593671402
2.333333333333334,-1.121212121212121,0.03505698030322488
2.3939393939393945,-1.121212121212121,0.03037816390379775
2.454545454545455,-1.121212121212121,0.026227284824368594
2.5151515151515156,-1.121212121212121,0.022560563327780923
2.575757575757576,-1.121212121212121,0.019335319010992193
2.6363636363636367,-1.121212121212121,0.01651039788099073
2.6969696969696972,-1.121212121212121,0.014046513217662902
2.757575757575758,-1.121212121212121,0.011906505592949037
2.8181818181818183,-1.121212121212121,0.010055528557136003
2.878787878787879,-1.121212121212121,0.008461167302151582
2.9393939393939394,-1.121212121212121,0.007093498094422496
3.0,-1.121212121212121,0.005925096469173198
-3.0,-1.0606060606060606,0.00633007871358933
-2.9393939393939394,-1.0606060606060606,0.007578340964743162
-2.878787878787879,-1.0606060606060606,0.009039490801563549
-2.8181818181818183,-1.0606060606060606,0.010742827159791102
-2.757575757575758,-1.0606060606060606,0.012720319069788264
-2.696969696969697,-1.0606060606060606,0.015006596902157556
-2.6363636363636362,-1.0606060606060606,0.01763888887262856
-2.5757575757575757,-1.0606060606060606,0.020656894268089435
-2.515151515151515,-1.0606060606060606,0.02410258506857664
-2.4545454545454546,-1.0606060606060606,0.028019928155726237
-2.393939393939394,-1.0606060606060606,0.0324545211518204
-2.333333333333333,-1.0606060606060606,0.03745313615309471
-2.2727272727272725,-1.0606060606060606,0.043063167224670434
-2.212121212121212,-1.0606060606060606,0.04933197951848914
-2.1515151515151514,-1.0606060606060606,0.05630616025172312
-2.090909090909091,-1.0606060606060606,0.0640306745167752
-2.0303030303030303,-1.0606060606060606,0.0725479319428237
-1.9696969696969697,-1.0606060606060606,0.08189677353191274
-1.9090909090909092,-1.0606060606060606,0.09211139147004664
-1.8484848484848484,-1.0606060606060606,0.10322019826778576
-1.7878787878787878,-1.0606060606060606,0.11524466510126105
-1.7272727272727273,-1.0606060606060606,0.12819815257545938
-1.6666666666666665,-1.0606060606060606,0.1420847601791932
-1.606060606060606,-1.0606060606060606,0.15689822330209216
-1.5454545454545454,-1.0606060606060606,0.17262088869500034
-1.4848484848484849,-1.0606060606060606,0.18922280053921717
-1.4242424242424243,-1.0606060606060606,0.20666092972261257
-1.3636363636363635,-1.0606060606060606,0.224878578396565
-1.303030303030303,-1.0606060606060606,0.24380499032749323
-1.2424242424242424,-1.0606060606060606,0.26335519491278825
-1.1818181818181817,-1.0606060606060606,0.2834301089923428
-1.121212121212121,-1.0606060606060606,0.30391691578355623
-1.0606060606060606,-1.0606060606060606,0.324689734472739
-1.0,-1.0606060606060606,0.3456105873261628
-0.9393939393939394,-1.0606060606060606,0.36653066379904037
-0.8787878787878789,-1.0606060606060606,0.3872918732191022
-0.8181818181818183,-1.0606060606060606,0.4077286694356459
-0.7575757575757573,-1.0606060606060606,0.42767012261399984
-0.6969696969696968,-1.0606060606060606,0.4469422053958884
-0.6363636363636362,-1.0606060606060606,0.46537025322207126
-0.5757575757575757,-1.0606060606060606,0.48278155200464906
-0.5151515151515151,-1.0606060606060606,0.4990080008065956
-0.4545454545454546,-1.0606060606060606,0.5138887929719019
-0.39393939393939403,-1.0606060606060606,0.527273056449286
-0.33333333333333304,-1.0606060606060606,0.5390223930155639
-0.2727272727272725,-1.0606060606060606,0.5490132568250782
-0.21212121212121193,-1.0606060606060606,0.5571391152205696
-0.15151515151515138,-1.0606060606060606,0.5633123390047616
-0.09090909090909083,-1.0606060606060606,0.5674657752911861
-0.030303030303030276,-1.0606060606060606,0.5695539634645634
0.030303030303030276,-1.0606060606060606,0.5695539634645634
0.09090909090909083,-1.0606060606060606,0.5674657752911861
0.15151515151515138,-1.0606060606060606,0.5633123390047616
0.21212121212121238,-1.0606060606060606,0.5571391152205696
0.27272727272727293,-1.0606060606060606,0.5490132568250781
0.3333333333333335,-1.0606060606060606,0.5390223930155638
0.39393939393939403,-1.0606060606060606,0.527273056449286
0.4545454545454546,-1.0606060606060606,0.5138887929719019
0.5151515151515151,-1.0606060606060606,0.4990080008065956
0.5757575757575757,-1.0606060606060606,0.48278155200464906
0.6363636363636367,-1.0606060606060606,0.46537025322207115
0.6969696969696972,-1.0606060606060606,0.44694220539588825
0.7575757575757578,-1.0606060606060606,0.42767012261399967
0.8181818181818183,-1.0606060606060606,0.4077286694356459
0.8787878787878789,-1.0606060606060606,0.3872918732191022
0.9393939393939394,-1.0606060606060606,0.36653066379904037
1.0,-1.0606060606060606,0.3456105873261628
1.0606060606060606,-1.0606060606060606,0.324689734472739
1.121212121212121,-1.0606060606060606,0.30391691578355623
1.1818181818181817,-1.0606060606060606,0.2834301089923428
1.2424242424242422,-1.0606060606060606,0.26335519491278836
1.3030303030303028,-1.0606060606060606,0.24380499032749334
1.3636363636363633,-1.0606060606060606,0.2248785783965651
1.4242424242424248,-1.0606060606060606,0.2066609297226125
1.4848484848484853,-1.0606060606060606,0.189222800539217
1.5454545454545459,-1.0606060606060606,0.17262088869500025
1.6060606060606064,-1.0606060606060606,0.1568982233020921
1.666666666666667,-1.0606060606060606,0.14208476017919305
1.7272727272727275,-1.0606060606060606,0.12819815257545933
1.787878787878788,-1.0606060606060606,0.115244665101261
1.8484848484848486,-1.0606060606060606,0.10322019826778571
1.9090909090909092,-1.0606060606060606,0.09211139147004664
1.9696969696969697,-1.0606060606060606,0.08189677353191274
2.0303030303030303,-1.0606060606060606,0.0725479319428237
2.090909090909091,-1.0606060606060606,0.0640306745167752
2.1515151515151514,-1.0606060606060606,0.05630616025172312
2.212121212121212,-1.0606060606060606,0.04933197951848914
2.2727272727272725,-1.0606060606060606,0.043063167224670434
2.333333333333334,-1.0606060606060606,0.037453136153094625
2.3939393939393945,-1.0606060606060606,0.03245452115182037
2.454545454545455,-1.0606060606060606,0.0280199281557262
2.5151515151515156,-1.0606060606060606,0.024102585068576616
2.575757575757576,-1.0606060606060606,0.020656894268089417
2.6363636363636367,-1.0606060606060606,0.017638888872628544
2.6969696969696972,-1.0606060606060606,0.015006596902157542
2.757575757575758,-1.0606060606060606,0.012720319069788264
2.8181818181818183,-1.0606060606060606,0.010742827159791102
2.878787878787879,-1.0606060606060606,0.009039490801563549
2.9393939393939394,-1.0606060606060606,0.007578340964743162
3.0,-1.0606060606060606,0.00633007871358933
-3.0,-1.0,0.006737946999085467
-2.9393939393939394,-1.0,0.008066638990099354
-2.878787878787879,-1.0,0.009621935630737124
-2.8181818181818183,-1.0,0.011435023685821482
-2.757575757575758,-1.0,0.013539932057983883
-2.696969696969697,-1.0,0.015973522469208527
-2.6363636363636362,-1.0,0.018775421874515436
-2.5757575757575757,-1.0,0.021987887519518263
-2.515151515151515,-1.0,0.02565559578025086
-2.4545454545454546,-1.0,0.029825346472573806
-2.393939393939394,-1.0,0.03454567522710446
-2.333333333333333,-1.0,0.03986636782372497
-2.2727272727272725,-1.0,0.04583787208675272
-2.212121212121212,-1.0,0.05251060506435185
-2.1515151515151514,-1.0,0.05993415574496069
-2.090909090909091,-1.0,0.06815638647328734
-2.0303030303030303,-1.0,0.07722243947371533
-1.9696969696969697,-1.0,0.08717365840483188
-1.9090909090909092,-1.0,0.09804643857031387
-1.8484848484848484,-1.0,0.10987102319444475
-1.7878787878787878,-1.0,0.12267026691352907
-1.7272727272727273,-1.0,0.13645839120131942
-1.6666666666666665,-1.0,0.1512397596904958
-1.606060606060606,-1.0,0.1670077041207483
-1.5454545454545454,-1.0,0.1837434337846375
-1.4848484848484849,-1.0,0.20141506270919993
-1.4242424242424243,-1.0,0.2199767892717279
-1.3636363636363635,-1.0,0.23936826239030604
-1.303030303030303,-1.0,0.2595141667689805
-1.2424242424242424,-1.0,0.280324056863112
-1.1818181818181817,-1.0,0.3016924652509652
-1.121212121212121,-1.0,0.3234993059847716
-1.0606060606060606,-1.0,0.3456105873261628
-1.0,-1.0,0.36787944117144233
-0.9393939393939394,-1.0,0.39014746861136285
-0.8787878787878789,-1.0,0.41224639265933416
-0.8181818181818183,-1.0,0.43400000046875437
-0.7575757575757573,-1.0,0.45522634862016703
-0.6969696969696968,-1.0,0.47574019658663597
-0.6363636363636362,-1.0,0.4953556255832568
-0.5757575757575757,-1.0,0.5138887929719018
-0.5151515151515151,-1.0,0.5311607665061606
-0.4545454545454546,-1.0,0.5470003782157261
-0.39393939393939403,-1.0,0.5612470348550513
-0.33333333333333304,-1.0,0.5737534207374329
-0.2727272727272725,-1.0,0.5843880295423868
-0.21212121212121193,-1.0,0.5930374643548411
-0.15151515151515138,-1.0,0.5996084497332825
-0.09090909090909083,-1.0,0.6040295059046581
-0.030303030303030276,-1.0,0.606252243073175
0.030303030303030276,-1.0,0.606252243073175
0.09090909090909083,-1.0,0.6040295059046581
0.15151515151515138,-1.0,0.5996084497332825
0.21212121212121238,-1.0,0.593037464354841
0.27272727272727293,-1.0,0.5843880295423867
0.3333333333333335,-1.0,0.5737534207374327
0.39393939393939403,-1.0,0.5612470348550513
0.4545454545454546,-1.0,0.5470003782157261
0.5151515151515151,-1.0,0.5311607665061606
0.5757575757575757,-1.0,0.5138887929719018
0.6363636363636367,-1.0,0.49535562558325663
0.6969696969696972,-1.0,0.47574019658663586
0.7575757575757578,-1.0,0.45522634862016687
0.8181818181818183,-1.0,0.43400000046875437
0.8787878787878789,-1.0,0.41224639265933416
0.9393939393939394,-1.0,0.39014746861136285
1.0,-1.0,0.36787944117144233
1.0606060606060606,-1.0,0.3456105873261628
1.121212121212121,-1.0,0.3234993059847716
1.1818181818181817,-1.0,0.3016924652509652
1.2424242424242422,-1.0,0.28032405686311207
1.3030303030303028,-1.0,0.25951416676898054
1.3636363636363633,-1.0,0.23936826239030615
1.4242424242424248,-1.0,0.21997678927172776
1.4848484848484853,-1.0,0.2014150627091998
1.5454545454545459,-1.0,0.1837434337846374
1.6060606060606064,-1.0,0.1670077041207482
1.666666666666667,-1.0,0.15123975969049572
1.7272727272727275,-1.0,0.13645839120131933
1.787878787878788,-1.0,0.12267026691352902
1.8484848484848486,-1.0,0.10987102319444465
1.9090909090909092,-1.0,0.09804643857031387
1.9696969696969697,-1.0,0.08717365840483188
2.0303030303030303,-1.0,0.07722243947371533
2.090909090909091,-1.0,0.06815638647328734
2.1515151515151514,-1.0,0.05993415574496069
2.212121212121212,-1.0,0.05251060506435185
2.2727272727272725,-1.0,0.04583787208675272
2.333333333333334,-1.0,0.03986636782372488
2.3939393939393945,-1.0,0.03454567522710442
2.454545454545455,-1.0,0.029825346472573764
2.5151515151515156,-1.0,0.02565559578025084
2.575757575757576,-1.0,0.021987887519518242
2.6363636363636367,-1.0,0.01877542187451542
2.6969696969696972,-1.0,0.015973522469208513
2.757575757575758,-1.0,0.013539932057983883
2.8181818181818183,-1.0,0.011435023685821482
2.878787878787879,-1.0,0.009621935630737124
2.9393939393939394,-1.0,0.008066638990099354
3.0,-1.0,0.006737946999085467
-3.0,-0.9393939393939394,0.007145800148439478
-2.9393939393939394,-0.9393939393939394,0.008554918894536185
-2.878787878787879,-0.9393939393939394,0.010204358845168812
-2.8181818181818183,-0.9393939393939394,0.012127194524184107
-2.757575757575758,-0.9393939393939394,0.014359514630039956
-2.696969696969697,-0.9393939393939394,0.01694041215329598
-2.6363636363636362,-0.9393939393939394,0.019911912699244482
-2.5757575757575757,-0.9393939393939394,0.023318831377297847
-2.515151515151515,-0.9393939393939394,0.02720854885912621
-2.4545454545454546,-0.9393939393939394,0.03163069778968341
-2.393939393939394,-0.9393939393939394,0.036636751698891426
-2.333333333333333,-0.9393939393939394,0.04227950993844009
-2.2727272727272725,-0.9393939393939394,0.048612473978516736
-2.212121212121212,-0.9393939393939394,0.05568911265025112
-2.1515151515151514,-0.9393939393939394,0.06356201660195075
-2.090909090909091,-0.9393939393939394,0.0722819453231109
-2.0303030303030303,-0.9393939393939394,0.08189677353191271
-1.9696969696969697,-0.9393939393939394,0.09245034745061195
-1.9090909090909092,-0.9393939393939394,0.10398126541879965
-1.8484848484848484,-0.9393939393939394,0.11652160130654382
-1.7878787878787878,-0.9393939393939394,0.1300955931589819
-1.7272727272727273,-0.9393939393939394,0.14471832328668507
-1.6666666666666665,-0.9393939393939394,0.16039441945639846
-1.606060606060606,-0.9393939393939394,0.1771168097728519
-1.5454545454545454,-0.9393939393939394,0.19486556611253433
-1.4848484848484849,-0.9393939393939394,0.21360687241984802
-1.4242424242424243,-0.9393939393939394,0.23329215466439637
-1.3636363636363635,-0.9393939393939394,0.2538574086665432
-1.303030303030303,-0.9393939393939394,0.27522276023715053
-1.2424242424242424,-0.9393939393939394,0.29729228909272587
-1.1818181818181817,-0.9393939393939394,0.31995414378682807
-1.121212121212121,-0.9393939393939394,0.3430809694762821
-1.0606060606060606,-0.9393939393939394,0.36653066379904037
-1.0,-0.9393939393939394,0.39014746861136285
-0.9393939393939394,-0.9393939393939394,0.41376339699536996
-0.8787878787878789,-0.9393939393939394,0.43719998602816873
-0.8181818181818183,-0.9393939393939394,0.4602703565631029
-0.7575757575757573,-0.9393939393939394,0.48278155200464906
-0.6969696969696968,-0.9393939393939394,0.5045371190733355
-0.6363636363636362,-0.9393939393939394,0.5253398851762422
-0.5757575757575757,-0.9393939393939394,0.544994879537998
-0.5151515151515151,-0.9393939393939394,0.5633123390047615
-0.4545454545454546,-0.9393939393939394,0.58011073467644
-0.39393939393939403,-0.9393939393939394,0.595219752473979
-0.33333333333333304,-0.9393939393939394,0.6084831595780854
-0.2727272727272725,-0.9393939393939394,0.6197614894888654
-0.21212121212121193,-0.9393939393939394,0.6289344812881689
-0.15151515151515138,-0.9393939393939394,0.635903213499781
-0.09090909090909083,-0.9393939393939394,0.640591879624635
-0.030303030303030276,-0.9393939393939394,0.642949160795129
0.030303030303030276,-0.9393939393939394,0.642949160795129
0.09090909090909083,-0.9393939393939394,0.640591879624635
0.15151515151515138,-0.9393939393939394,0.635903213499781
0.21212121212121238,-0.9393939393939394,0.6289344812881689
0.27272727272727293,-0.9393939393939394,0.6197614894888653
0.3333333333333335,-0.9393939393939394,0.6084831595780854
0.39393939393939403,-0.9393939393939394,0.595219752473979
0.4545454545454546,-0.9393939393939394,0.58011073467644
0.5151515151515151,-0.9393939393939394,0.5633123390047615
0.5757575757575757,-0.9393939393939394,0.544994879537998
0.6363636363636367,-0.9393939393939394,0.5253398851762421
0.6969696969696972,-0.9393939393939394,0.5045371190733354
0.7575757575757578,-0.9393939393939394,0.4827815520046489
0.8181818181818183,-0.9393939393939394,0.4602703565631029
0.8787878787878789,-0.9393939393939394,0.43719998602816873
0.9393939393939394,-0.9393939393939394,0.41376339699536996
1.0,-0.9393939393939394,0.39014746861136285
1.0606060606060606,-0.9393939393939394,0.36653066379904037
1.121212121212121,-0.9393939393939394,0.3430809694762821
1.1818181818181817,-0.9393939393939394,0.31995414378682807
1.2424242424242422,-0.9393939393939394,0.29729228909272604
1.3030303030303028,-0.9393939393939394,0.27522276023715064
1.3636363636363633,-0.9393939393939394,0.2538574086665433
1.4242424242424248,-0.9393939393939394,0.23329215466439626
1.4848484848484853,-0.9393939393939394,0.21360687241984783
1.5454545454545459,-0.9393939393939394,0.19486556611253425
1.6060606060606064,-0.9393939393939394,0.17711680977285182
1.666666666666667,-0.9393939393939394,0.16039441945639832
1.7272727272727275,-0.9393939393939394,0.14471832328668502
1.787878787878788,-0.9393939393939394,0.13009559315898184
1.8484848484848486,-0.9393939393939394,0.11652160130654378
1.9090909090909092,-0.9393939393939394,0.10398126541879965
1.9696969696969697,-0.9393939393939394,0.09245034745061195
2.0303030303030303,-0.9393939393939394,0.08189677353191271
2.090909090909091,-0.9393939393939394,0.0722819453231109
2.1515151515151514,-0.9393939393939394,0.06356201660195075
2.212121212121212,-0.9393939393939394,0.05568911265025112
2.2727272727272725,-0.9393939393939394,0.048612473978516736
2.333333333333334,-0.9393939393939394,0.04227950993843999
2.3939393939393945,-0.9393939393939394,0.0366367516988914
2.454545454545455,-0.9393939393939394,0.03163069778968337
2.5151515151515156,-0.9393939393939394,0.027208548859126186
2.575757575757576,-0.9393939393939394,0.023318831377297827
2.6363636363636367,-0.9393939393939394,0.019911912699244465
2.6969696969696972,-0.9393939393939394,0.016940412153295965
2.757575757575758,-0.9393939393939394,0.014359514630039956
2.8181818181818183,-0.9393939393939394,0.012127194524184107
2.878787878787879,-0.9393939393939394,0.010204358845168812
2.9393939393939394,-0.9393939393939394,0.008554918894536185
3.0,-0.9393939393939394,0.007145800148439478
-3.0,-0.8787878787878789,0.007550556061131679
-2.9393939393939394,-0.8787878787878789,0.009039490801563549
-2.878787878787879,-0.8787878787878789,0.010782359137930572
-2.8181818181818183,-0.8787878787878789,0.012814109017462235
-2.757575757575758,-0.8787878787878789,0.015172873292354097
-2.696969696969697,-0.8787878787878789,0.017899959277488484
-2.6363636363636362,-0.8787878787878789,0.02103977301308076
-2.5757575757575757,-0.8787878787878789,0.02463966804792529
-2.515151515151515,-0.8787878787878789,0.028749708812908455
-2.4545454545454546,-0.8787878787878789,0.0334223392695743
-2.393939393939394,-0.8787878787878789,0.038711948536743236
-2.333333333333333,-0.8787878787878789,0.044674326652849566
-2.2727272727272725,-0.8787878787878789,0.05136600554456504
-2.212121212121212,-0.8787878787878789,0.058843482650746314
-2.1515151515151514,-0.8787878787878789,0.06716232748496617
-2.090909090909091,-0.8787878787878789,0.07637617468059063
-2.0303030303030303,-0.8787878787878789,0.08653561069904163
-1.9696969696969697,-0.8787878787878789,0.09768696532177586
-1.9090909090909092,-0.8787878787878789,0.10987102319444465
-1.8484848484848484,-0.8787878787878789,0.12312167493097717
-1.7878787878787878,-0.8787878787878789,0.13746453147973767
-1.7272727272727273,-0.8787878787878789,0.15291552945092127
-1.6666666666666665,-0.8787878787878789,0.1694795587395043
-1.606060606060606,-0.8787878787878789,0.18714914688046028
-1.5454545454545454,-0.8787878787878789,0.20590323697174345
-1.4848484848484849,-0.8787878787878789,0.2257060975321686
-1.4242424242424243,-0.8787878787878789,0.2465064031773135
-1.3636363636363635,-0.8787878787878789,0.2682365243714436
-1.303030303030303,-0.8787878787878789,0.2908120626524697
-1.2424242424242424,-0.8787878787878789,0.3141316645732114
-1.1818181818181817,-0.8787878787878789,0.33807714314280257
-1.121212121212121,-0.8787878787878789,0.36251392982265074
-1.0606060606060606,-0.8787878787878789,0.3872918732191022
-1.0,-0.8787878787878789,0.41224639265933416
-0.9393939393939394,-0.8787878787878789,0.43719998602816873
-0.8787878787878789,-0.8787878787878789,0.46196408181840665
-0.8181818181818183,-0.8787878787878789,0.48634121558321564
-0.7575757575757573,-0.8787878787878789,0.5101275011850603
-0.6969696969696968,-0.8787878787878789,0.5331153577415723
-0.6363636363636362,-0.8787878787878789,0.5550964443132291
-0.5757575757575757,-0.8787878787878789,0.5758647464944864
-0.5151515151515151,-0.8787878787878789,0.595219752473979
-0.4545454545454546,-0.8787878787878789,0.612969651102725
-0.39393939393939403,-0.8787878787878789,0.6289344812881689
-0.33333333333333304,-0.8787878787878789,0.6429491607951291
-0.2727272727272725,-0.8787878787878789,0.654866323393901
-0.21212121212121193,-0.8787878787878789,0.664558896288494
-0.15151515151515138,-0.8787878787878789,0.6719223548439759
-0.09090909090909083,-0.8787878787878789,0.6768765986924232
-0.030303030303030276,-0.8787878787878789,0.679367402137794
0.030303030303030276,-0.8787878787878789,0.679367402137794
0.09090909090909083,-0.8787878787878789,0.6768765986924232
0.15151515151515138,-0.8787878787878789,0.6719223548439759
0.21212121212121238,-0.8787878787878789,0.6645588962884938
0.27272727272727293,-0.8787878787878789,0.6548663233939009
0.3333333333333335,-0.8787878787878789,0.642949160795129
0.39393939393939403,-0.8787878787878789,0.6289344812881689
0.4545454545454546,-0.8787878787878789,0.612969651102725
0.5151515151515151,-0.8787878787878789,0.595219752473979
0.5757575757575757,-0.8787878787878789,0.5758647464944864
0.6363636363636367,-0.8787878787878789,0.5550964443132289
0.6969696969696972,-0.8787878787878789,0.533115357741572
0.7575757575757578,-0.8787878787878789,0.5101275011850602
0.8181818181818183,-0.8787878787878789,0.48634121558321564
0.8787878787878789,-0.8787878787878789,0.46196408181840665
0.9393939393939394,-0.8787878787878789,0.43719998602816873
1.0,-0.8787878787878789,0.41224639265933416
1.0606060606060606,-0.8787878787878789,0.3872918732191022
1.121212121212121,-0.8787878787878789,0.36251392982265074
1.1818181818181817,-0.8787878787878789,0.33807714314280257
1.2424242424242422,-0.8787878787878789,0.3141316645732115
1.3030303030303028,-0.8787878787878789,0.2908120626524699
1.3636363636363633,-0.8787878787878789,0.26823652437144363
1.4242424242424248,-0.8787878787878789,0.24650640317731334
1.4848484848484853,-0.8787878787878789,0.22570609753216847
1.5454545454545459,-0.8787878787878789,0.20590323697174331
1.6060606060606064,-0.8787878787878789,0.18714914688046014
1.666666666666667,-0.8787878787878789,0.16947955873950418
1.7272727272727275,-0.8787878787878789,0.1529155294509212
1.787878787878788,-0.8787878787878789,0.13746453147973758
1.8484848484848486,-0.8787878787878789,0.12312167493097712
1.9090909090909092,-0.8787878787878789,0.10987102319444465
1.9696969696969697,-0.8787878787878789,0.09768696532177586
2.0303030303030303,-0.8787878787878789,0.08653561069904163
2.090909090909091,-0.8787878787878789,0.07637617468059063
2.1515151515151514,-0.8787878787878789,0.06716232748496617
2.212121212121212,-0.8787878787878789,0.058843482650746314
2.2727272727272725,-0.8787878787878789,0.05136600554456504
2.333333333333334,-0.8787878787878789,0.04467432665284946
2.3939393939393945,-0.8787878787878789,0.0387119485367432
2.454545454545455,-0.8787878787878789,0.03342233926957426
2.5151515151515156,-0.8787878787878789,0.02874970881290843
2.575757575757576,-0.8787878787878789,0.024639668047925268
2.6363636363636367,-0.8787878787878789,0.02103977301308074
2.6969696969696972,-0.8787878787878789,0.017899959277488452
2.757575757575758,-0.8787878787878789,0.015172873292354097
2.8181818181818183,-0.8787878787878789,0.012814109017462235
2.878787878787879,-0.8787878787878789,0.010782359137930572
2.9393939393939394,-0.8787878787878789,0.009039490801563549
3.0,-0.8787878787878789,0.007550556061131679
-3.0,-0.8181818181818183,0.007948987286296174
-2.9393939393939394,-0.8181818181818183,0.009516490821928974
-2.878787878787879,-0.8181818181818183,0.011351327638622078
-2.8181818181818183,-0.8181818181818183,0.013490289833005188
-2.757575757575758,-0.8181818181818183,0.015973522469208513
-2.696969696969697,-0.8181818181818183,0.018844512585560375
-2.6363636363636362,-0.8181818181818183,0.0221500094606899
-2.5757575757575757,-0.8181818181818183,0.025939865417297547
-2.515151515151515,-0.8181818181818183,0.030266786709252497
-2.4545454545454546,-0.8181818181818183,0.035185984685252976
-2.393939393939394,-0.8181818181818183,0.04075471849422998
-2.333333333333333,-0.8181818181818183,0.04703172212910083
-2.2727272727272725,-0.8181818181818183,0.05407651061932102
-2.212121212121212,-0.8181818181818183,0.061948562686662
-2.1515151515151514,-0.8181818181818183,0.07070638016242194
-2.090909090909091,-0.8181818181818183,0.080406427897041
-2.0303030303030303,-0.8181818181818183,0.09110196172167197
-1.9696969696969697,-0.8181818181818183,0.10284175616905056
-1.9090909090909092,-0.8181818181818183,0.115668748027823
-1.8484848484848484,-0.8181818181818183,0.12961861626746737
-1.7878787878787878,-0.8181818181818183,0.14471832328668507
-1.7272727272727273,-0.8181818181818183,0.16098464664606932
-1.6666666666666665,-0.8181818181818183,0.1784227342728301
-1.606060606060606,-0.8181818181818183,0.1970247193914595
-1.5454545454545454,-0.8181818181818183,0.21676843395959147
-1.4848484848484849,-0.8181818181818183,0.23761626100075942
-1.4242424242424243,-0.8181818181818183,0.25951416676898037
-1.3636363636363635,-0.8181818181818183,0.28239095302198197
-1.303030303030303,-0.8181818181818183,0.30615776772069614
-1.2424242424242424,-0.8181818181818183,0.33070790915248893
-1.1818181818181817,-0.8181818181818183,0.3559169537808429
-1.121212121212121,-0.8181818181818183,0.38164323209244727
-1.0606060606060606,-0.8181818181818183,0.4077286694356459
-1.0,-0.8181818181818183,0.43400000046875437
-0.9393939393939394,-0.8181818181818183,0.4602703565631029
-0.8787878787878789,-0.8181818181818183,0.48634121558321564
-0.8181818181818183,-0.8181818181818183,0.5120046931872432
-0.7575757575757573,-0.8181818181818183,0.5370461444798961
-0.6969696969696968,-0.8181818181818183,0.5612470348550513
-0.6363636363636362,-0.8181818181818183,0.5843880295423868
-0.5757575757575757,-0.8181818181818183,0.6062522430731749
-0.5151515151515151,-0.8181818181818183,0.6266285829362968
-0.4545454545454546,-0.8181818181818183,0.6453151164035819
-0.39393939393939403,-0.8181818181818183,0.6621223861125295
-0.33333333333333304,-0.8181818181818183,0.6768765986924232
-0.2727272727272725,-0.8181818181818183,0.6894226116243721
-0.21212121212121193,-0.8181818181818183,0.69962664667647
-0.15151515151515138,-0.8181818181818183,0.7073786636096336
-0.09090909090909083,-0.8181818181818183,0.7125943352827762
-0.030303030303030276,-0.8181818181818183,0.7152165745933134
0.030303030303030276,-0.8181818181818183,0.7152165745933134
0.09090909090909083,-0.8181818181818183,0.7125943352827762
0.15151515151515138,-0.8181818181818183,0.7073786636096336
0.21212121212121238,-0.8181818181818183,0.6996266466764699
0.27272727272727293,-0.8181818181818183,0.689422611624372
0.3333333333333335,-0.8181818181818183,0.6768765986924231
0.39393939393939403,-0.8181818181818183,0.6621223861125295
0.4545454545454546,-0.8181818181818183,0.6453151164035819
0.5151515151515151,-0.8181818181818183,0.6266285829362968
0.5757575757575757,-0.8181818181818183,0.6062522430731749
0.6363636363636367,-0.8181818181818183,0.5843880295423866
0.6969696969696972,-0.8181818181818183,0.5612470348550512
0.7575757575757578,-0.8181818181818183,0.5370461444798958
0.8181818181818183,-0.8181818181818183,0.5120046931872432
0.8787878787878789,-0.8181818181818183,0.48634121558321564
0.9393939393939394,-0.8181818181818183,0.4602703565631029
1.0,-0.8181818181818183,0.43400000046875437
1.0606060606060606,-0.8181818181818183,0.4077286694356459
1.121212121212121,-0.8181818181818183,0.38164323209244727
1.1818181818181817,-0.8181818181818183,0.3559169537808429
1.2424242424242422,-0.8181818181818183,0.330707909152489
1.3030303030303028,-0.8181818181818183,0.3061577677206962
1.3636363636363633,-0.8181818181818183,0.2823909530219821
1.4242424242424248,-0.8181818181818183,0.2595141667689802
1.4848484848484853,-0.8181818181818183,0.23761626100075925
1.5454545454545459,-0.8181818181818183,0.21676843395959133
1.6060606060606064,-0.8181818181818183,0.19702471939145935
1.666666666666667,-0.8181818181818183,0.17842273427282995
1.7272727272727275,-0.8181818181818183,0.16098464664606926
1.787878787878788,-0.8181818181818183,0.14471832328668502
1.8484848484848486,-0.8181818181818183,0.12961861626746737
1.9090909090909092,-0.8181818181818183,0.115668748027823
1.9696969696969697,-0.8181818181818183,0.10284175616905056
2.0303030303030303,-0.8181818181818183,0.09110196172167197
2.090909090909091,-0.8181818181818183,0.080406427897041
2.1515151515151514,-0.8181818181818183,0.07070638016242194
2.212121212121212,-0.8181818181818183,0.061948562686662
2.2727272727272725,-0.8181818181818183,0.05407651061932102
2.333333333333334,-0.8181818181818183,0.04703172212910073
2.3939393939393945,-0.8181818181818183,0.040754718494229944
2.454545454545455,-0.8181818181818183,0.03518598468525293
2.5151515151515156,-0.8181818181818183,0.03026678670925247
2.575757575757576,-0.8181818181818183,0.025939865417297522
2.6363636363636367,-0.8181818181818183,0.02215000946068988
2.6969696969696972,-0.8181818181818183,0.018844512585560348
2.757575757575758,-0.8181818181818183,0.015973522469208513
2.8181818181818183,-0.8181818181818183,0.013490289833005188
2.878787878787879,-0.8181818181818183,0.011351327638622078
2.9393939393939394,-0.8181818181818183,0.009516490821928974
3.0,-0.8181818181818183,0.007948987286296174
-3.0,-0.7575757575757573,0.008337761413963994
-2.9393939393939394,-0.7575757575757573,0.009981929409827159
-2.878787878787879,-0.7575757575757573,0.011906505592949037
-2.8181818181818183,-0.7575757575757573,0.014150081511229963
-2.757575757575758,-0.7575757575757573,0.01675476566913852
-2.696969696969697,-0.7575757575757573,0.019766171996741824
-2.6363636363636362,-0.7575757575757573,0.023233336216132
-2.5757575757575757,-0.7575757575757573,0.02720854885912622
-2.515151515151515,-0.7575757575757573,0.03174709397059176
-2.4545454545454546,-0.7575757575757573,0.036906883210996694
-2.393939393939394,-0.7575757575757573,0.04274797619615853
-2.333333333333333,-0.7575757575757573,0.04933197951848916
-2.2727272727272725,-0.7575757575757573,0.05672131900637056
-2.212121212121212,-0.7575757575757573,0.06497838240474138
-2.1515151515151514,-0.7575757575757573,0.07416453278968617
-2.090909090909091,-0.7575757575757573,0.08433899663047564
-2.0303030303030303,-0.7575757575757573,0.09555763442833615
-1.9696969696969697,-0.7575757575757573,0.10787160621188283
-1.9090909090909092,-0.7575757575757573,0.12132594874953907
-1.8484848484848484,-0.7575757575757573,0.13595808602052264
-1.7878787878787878,-0.7575757575757573,0.15179629911768514
-1.7272727272727273,-0.7575757575757573,0.168858186169228
-1.6666666666666665,-0.7575757575757573,0.18714914688046036
-1.606060606060606,-0.7575757575757573,0.20666092972261266
-1.5454545454545454,-0.7575757575757573,0.22737028244459867
-1.4848484848484849,-0.7575757575757573,0.24923774827493325
-1.4242424242424243,-0.7575757575757573,0.27220665075080636
-1.3636363636363635,-0.7575757575757573,0.2962023094210134
-1.303030303030303,-0.7575757575757573,0.3211315266144284
-1.2424242424242424,-0.7575757575757573,0.34688238198316773
-1.1818181818181817,-0.7575757575757573,0.37332436660522683
-1.121212121212121,-0.7575757575757573,0.4003088821046018
-1.0606060606060606,-0.7575757575757573,0.42767012261399984
-1.0,-0.7575757575757573,0.45522634862016703
-0.9393939393939394,-0.7575757575757573,0.48278155200464906
-0.8787878787878789,-0.7575757575757573,0.5101275011850603
-0.8181818181818183,-0.7575757575757573,0.5370461444798961
-0.7575757575757573,-0.7575757575757573,0.5633123390047617
-0.6969696969696968,-0.7575757575757573,0.588696861923978
-0.6363636363636362,-0.7575757575757573,0.6129696511027254
-0.5757575757575757,-0.7575757575757573,0.6359032134997811
-0.5151515151515151,-0.7575757575757573,0.6572761323571862
-0.4545454545454546,-0.7575757575757573,0.6768765986924233
-0.39393939393939403,-0.7575757575757573,0.6945058890417661
-0.33333333333333304,-0.7575757575757573,0.7099817100377487
-0.2727272727272725,-0.7575757575757573,0.723141331352458
-0.21212121212121193,-0.7575757575757573,0.7338444318431068
-0.15151515151515138,-0.7575757575757573,0.7419755893525868
-0.09090909090909083,-0.7575757575757573,0.7474463524143421
-0.030303030303030276,-0.7575757575757573,0.7501968418734548
0.030303030303030276,-0.7575757575757573,0.7501968418734548
0.09090909090909083,-0.7575757575757573,0.7474463524143421
0.15151515151515138,-0.7575757575757573,0.7419755893525868
0.21212121212121238,-0.7575757575757573,0.7338444318431067
0.27272727272727293,-0.7575757575757573,0.7231413313524578
0.3333333333333335,-0.7575757575757573,0.7099817100377486
0.39393939393939403,-0.7575757575757573,0.6945058890417661
0.4545454545454546,-0.7575757575757573,0.6768765986924233
0.5151515151515151,-0.7575757575757573,0.6572761323571862
0.5757575757575757,-0.7575757575757573,0.6359032134997811
0.6363636363636367,-0.7575757575757573,0.6129696511027252
0.6969696969696972,-0.7575757575757573,0.5886968619239777
0.7575757575757578,-0.7575757575757573,0.5633123390047616
0.8181818181818183,-0.7575757575757573,0.5370461444798961
0.8787878787878789,-0.7575757575757573,0.5101275011850603
0.9393939393939394,-0.7575757575757573,0.48278155200464906
1.0,-0.7575757575757573,0.45522634862016703
1.0606060606060606,-0.7575757575757573,0.42767012261399984
1.121212121212121,-0.7575757575757573,0.4003088821046018
1.1818181818181817,-0.7575757575757573,0.37332436660522683
1.2424242424242422,-0.7575757575757573,0.3468823819831679
1.3030303030303028,-0.7575757575757573,0.3211315266144285
1.3636363636363633,-0.7575757575757573,0.29620230942101355
1.4242424242424248,-0.7575757575757573,0.27220665075080624
1.4848484848484853,-0.7575757575757573,0.24923774827493303
1.5454545454545459,-0.7575757575757573,0.22737028244459856
1.6060606060606064,-0.7575757575757573,0.20666092972261257
1.666666666666667,-0.7575757575757573,0.1871491468804602
1.7272727272727275,-0.7575757575757573,0.16885818616922793
1.787878787878788,-0.7575757575757573,0.15179629911768508
1.8484848484848486,-0.7575757575757573,0.1359580860205226
1.9090909090909092,-0.7575757575757573,0.12132594874953907
1.9696969696969697,-0.7575757575757573,0.10787160621188283
2.0303030303030303,-0.7575757575757573,0.09555763442833615
2.090909090909091,-0.7575757575757573,0.08433899663047564
2.1515151515151514,-0.7575757575757573,0.07416453278968617
2.212121212121212,-0.7575757575757573,0.06497838240474138
2.2727272727272725,-0.7575757575757573,0.05672131900637056
2.333333333333334,-0.7575757575757573,0.04933197951848905
2.3939393939393945,-0.7575757575757573,0.04274797619615849
2.454545454545455,-0.7575757575757573,0.036906883210996645
2.5151515151515156,-0.7575757575757573,0.03174709397059173
2.575757575757576,-0.7575757575757573,0.027208548859126196
2.6363636363636367,-0.7575757575757573,0.02323333621613198
2.6969696969696972,-0.7575757575757573,0.019766171996741796
2.757575757575758,-0.7575757575757573,0.01675476566913852
2.8181818181818183,-0.7575757575757573,0.014150081511229963
2.878787878787879,-0.7575757575757573,0.011906505592949037
2.9393939393939394,-0.7575757575757573,0.009981929409827159
3.0,-0.7575757575757573,0.008337761413963994
-3.0,-0.6969696969696968,0.008713485645536237
-2.9393939393939394,-0.6969696969696968,0.010431744722464251
-2.878787878787879,-0.6969696969696968,0.012443048010333293
-2.8181818181818183,-0.6969696969696968,0.014787726106527128
-2.757575757575758,-0.6969696969696968,0.01750978504948045
-2.696969696969697,-0.6969696969696968,0.020656894268089445
-2.6363636363636362,-0.6969696969696968,0.024280299179361666
-2.5757575757575757,-0.6969696969696968,0.028434646681398962
-2.515151515151515,-0.6969696969696968,0.0331777120819202
-2.4545454545454546,-0.6969696969696968,0.03857001671238883
-2.393939393939394,-0.6969696969696968,0.044674326652849525
-2.333333333333333,-0.6969696969696968,0.05155502467128992
-2.2727272727272725,-0.6969696969696968,0.05927734968886768
-2.212121212121212,-0.6969696969696968,0.06790650082714436
-2.1515151515151514,-0.6969696969696968,0.07750660636421307
-2.090909090909091,-0.6969696969696968,0.08813956168951993
-2.0303030303030303,-0.6969696969696968,0.09986374454397429
-1.9696969696969697,-0.6969696969696968,0.11273262037865232
-1.9090909090909092,-0.6969696969696968,0.12679325545219286
-1.8484848484848484,-0.6969696969696968,0.14208476017919314
-1.7878787878787878,-0.6969696969696968,0.158636690082337
-1.7272727272727273,-0.6969696969696968,0.17646743631362044
-1.6666666666666665,-0.6969696969696968,0.1955826419050716
-1.606060606060606,-0.6969696969696968,0.21597368348958784
-1.5454545454545454,-0.6969696969696968,0.23761626100075947
-1.4848484848484849,-0.6969696969696968,0.2604691396280798
-1.4242424242424243,-0.6969696969696968,0.2844730888994096
-1.3636363636363635,-0.6969696969696968,0.30955006304115723
-1.303030303030303,-0.6969696969696968,0.3356026646190194
-1.2424242424242424,-0.6969696969696968,0.3625139298226508
-1.1818181818181817,-0.6969696969696968,0.39014746861136296
-1.121212121212121,-0.6969696969696968,0.41834798632607734
-1.0606060606060606,-0.6969696969696968,0.4469422053958884
-1.0,-0.6969696969696968,0.47574019658663597
-0.9393939393939394,-0.6969696969696968,0.5045371190733355
-0.8787878787878789,-0.6969696969696968,0.5331153577415723
-0.8181818181818183,-0.6969696969696968,0.5612470348550513
-0.7575757575757573,-0.6969696969696968,0.588696861923978
-0.6969696969696968,-0.6969696969696968,0.6152252866525787
-0.6363636363636362,-0.6969696969696968,0.6405918796246352
-0.5757575757575757,-0.6969696969696968,0.6645588962884941
-0.5151515151515151,-0.6969696969696968,0.6868949421910922
-0.4545454545454546,-0.6969696969696968,0.7073786636096338
-0.39393939393939403,-0.6969696969696968,0.7258023820123599
-0.33333333333333304,-0.6969696969696968,0.7419755893525868
-0.2727272727272725,-0.6969696969696968,0.7557282221917048
-0.21212121212121193,-0.6969696969696968,0.7669136361005038
-0.15151515151515138,-0.6969696969696968,0.7754112076575151
-0.09090909090909083,-0.6969696969696968,0.7811284995110455
-0.030303030303030276,-0.6969696969696968,0.784002934174052
0.030303030303030276,-0.6969696969696968,0.784002934174052
0.09090909090909083,-0.6969696969696968,0.7811284995110455
0.15151515151515138,-0.6969696969696968,0.7754112076575151
0.21212121212121238,-0.6969696969696968,0.7669136361005037
0.27272727272727293,-0.6969696969696968,0.7557282221917047
0.3333333333333335,-0.6969696969696968,0.7419755893525867
0.39393939393939403,-0.6969696969696968,0.7258023820123599
0.4545454545454546,-0.6969696969696968,0.7073786636096338
0.5151515151515151,-0.6969696969696968,0.6868949421910922
0.5757575757575757,-0.6969696969696968,0.6645588962884941
0.6363636363636367,-0.6969696969696968,0.6405918796246349
0.6969696969696972,-0.6969696969696968,0.6152252866525785
0.7575757575757578,-0.6969696969696968,0.5886968619239777
0.8181818181818183,-0.6969696969696968,0.5612470348550513
0.8787878787878789,-0.6969696969696968,0.5331153577415723
0.9393939393939394,-0.6969696969696968,0.5045371190733355
1.0,-0.6969696969696968,0.47574019658663597
1.0606060606060606,-0.6969696969696968,0.4469422053958884
1.121212121212121,-0.6969696969696968,0.41834798632607734
1.1818181818181817,-0.6969696969696968,0.39014746861136296
1.2424242424242422,-0.6969696969696968,0.3625139298226509
1.3030303030303028,-0.6969696969696968,0.33560266461901944
1.3636363636363633,-0.6969696969696968,0.30955006304115734
1.4242424242424248,-0.6969696969696968,0.2844730888994094
1.4848484848484853,-0.6969696969696968,0.26046913962807966
1.5454545454545459,-0.6969696969696968,0.2376162610007593
1.6060606060606064,-0.6969696969696968,0.2159736834895877
1.666666666666667,-0.6969696969696968,0.19558264190507146
1.7272727272727275,-0.6969696969696968,0.17646743631362036
1.787878787878788,-0.6969696969696968,0.15863669008233694
1.8484848484848486,-0.6969696969696968,0.14208476017919308
1.9090909090909092,-0.6969696969696968,0.12679325545219286
1.9696969696969697,-0.6969696969696968,0.11273262037865232
2.0303030303030303,-0.6969696969696968,0.09986374454397429
2.090909090909091,-0.6969696969696968,0.08813956168951993
2.1515151515151514,-0.6969696969696968,0.07750660636421307
2.212121212121212,-0.6969696969696968,0.06790650082714436
2.2727272727272725,-0.6969696969696968,0.05927734968886768
2.333333333333334,-0.6969696969696968,0.0515550246712898
2.3939393939393945,-0.6969696969696968,0.04467432665284948
2.454545454545455,-0.6969696969696968,0.03857001671238877
2.5151515151515156,-0.6969696969696968,0.03317771208192017
2.575757575757576,-0.6969696969696968,0.028434646681398938
2.6363636363636367,-0.6969696969696968,0.024280299179361645
2.6969696969696972,-0.6969696969696968,0.020656894268089417
2.757575757575758,-0.6969696969696968,0.01750978504948045
2.8181818181818183,-0.6969696969696968,0.014787726106527128
2.878787878787879,-0.6969696969696968,0.012443048010333293
2.9393939393939394,-0.6969696969696968,0.010431744722464251
3.0,-0.6969696969696968,0.008713485645536237
-3.0,-0.6363636363636362,0.009072754759685945
-2.9393939393939394,-0.6363636363636362,0.010861860044613836
-2.878787878787879,-0.6363636363636362,0.012956092160269411
-2.8181818181818183,-0.6363636363636362,0.015397444590576305
-2.757575757575758,-0.6363636363636362,0.018231737804047896
-2.696969696969697,-0.6363636363636362,0.021508606706335393
-2.6363636363636362,-0.6363636363636362,0.02528140963415744
-2.5757575757575757,-0.6363636363636362,0.029607046653116312
-2.515151515151515,-0.6363636363636362,0.03454567522710446
-2.4545454545454546,-0.6363636363636362,0.040160312066131465
-2.393939393939394,-0.6363636363636362,0.046516311182889604
-2.333333333333333,-0.6363636363636362,0.05368070993630316
-2.2727272727272725,-0.6363636363636362,0.06172143713885068
-2.212121212121212,-0.6363636363636362,0.07070638016242194
-2.1515151515151514,-0.6363636363636362,0.08070231138307496
-2.090909090909091,-0.6363636363636362,0.09177367822312087
-2.0303030303030303,-0.6363636363636362,0.10398126541879965
-1.9696969696969697,-0.6363636363636362,0.11738074287598635
-1.9090909090909092,-0.6363636363636362,0.13202111746052742
-1.8484848484848484,-0.6363636363636362,0.14794311216372913
-1.7878787878787878,-0.6363636363636362,0.16517750112352125
-1.7272727272727273,-0.6363636363636362,0.1837434337846375
-1.6666666666666665,-0.6363636363636362,0.2036467858491535
-1.606060606060606,-0.6363636363636362,0.22487857839656505
-1.5454545454545454,-0.6363636363636362,0.24741350943497734
-1.4848484848484849,-0.6363636363636362,0.271208643985381
-1.4242424242424243,-0.6363636363636362,0.29620230942101333
-1.3636363636363635,-0.6363636363636362,0.32231324203265027
-1.303030303030303,-0.6363636363636362,0.3494400285545099
-1.2424242424242424,-0.6363636363636362,0.3774608825959114
-1.1818181818181817,-0.6363636363636362,0.40623379056537484
-1.121212121212121,-0.6363636363636362,0.43559705478936
-1.0606060606060606,-0.6363636363636362,0.46537025322207126
-1.0,-0.6363636363636362,0.4953556255832568
-0.9393939393939394,-0.6363636363636362,0.5253398851762422
-0.8787878787878789,-0.6363636363636362,0.5550964443132291
-0.8181818181818183,-0.6363636363636362,0.5843880295423868
-0.7575757575757573,-0.6363636363636362,0.6129696511027254
-0.6969696969696968,-0.6363636363636362,0.6405918796246352
-0.6363636363636362,-0.6363636363636362,0.6670043724531671
-0.5757575757575757,-0.6363636363636362,0.6919595824986318
-0.5151515151515151,-0.6363636363636362,0.7152165745933137
-0.4545454545454546,-0.6363636363636362,0.736544868293018
-0.39393939393939403,-0.6363636363636362,0.7557282221917047
-0.33333333333333304,-0.6363636363636362,0.7725682733313539
-0.2727272727272725,-0.6363636363636362,0.7868879463216045
-0.21212121212121193,-0.6363636363636362,0.798534550379775
-0.15151515151515138,-0.6363636363636362,0.8073824886132124
-0.09090909090909083,-0.6363636363636362,0.8133355123498388
-0.030303030303030276,-0.6363636363636362,0.8163284639459155
0.030303030303030276,-0.6363636363636362,0.8163284639459155
0.09090909090909083,-0.6363636363636362,0.8133355123498388
0.15151515151515138,-0.6363636363636362,0.8073824886132124
0.21212121212121238,-0.6363636363636362,0.7985345503797749
0.27272727272727293,-0.6363636363636362,0.7868879463216044
0.3333333333333335,-0.6363636363636362,0.7725682733313538
0.39393939393939403,-0.6363636363636362,0.7557282221917047
0.4545454545454546,-0.6363636363636362,0.736544868293018
0.5151515151515151,-0.6363636363636362,0.7152165745933137
0.5757575757575757,-0.6363636363636362,0.6919595824986318
0.6363636363636367,-0.6363636363636362,0.6670043724531669
0.6969696969696972,-0.6363636363636362,0.6405918796246349
0.7575757575757578,-0.6363636363636362,0.6129696511027252
0.8181818181818183,-0.6363636363636362,0.5843880295423868
0.8787878787878789,-0.6363636363636362,0.5550964443132291
0.9393939393939394,-0.6363636363636362,0.5253398851762422
1.0,-0.6363636363636362,0.4953556255832568
1.0606060606060606,-0.6363636363636362,0.46537025322207126
1.121212121212121,-0.6363636363636362,0.43559705478936
1.1818181818181817,-0.6363636363636362,0.40623379056537484
1.2424242424242422,-0.6363636363636362,0.37746088259591154
1.3030303030303028,-0.6363636363636362,0.34944002855451006
1.3636363636363633,-0.6363636363636362,0.3223132420326503
1.4242424242424248,-0.6363636363636362,0.29620230942101317
1.4848484848484853,-0.6363636363636362,0.27120864398538086
1.5454545454545459,-0.6363636363636362,0.24741350943497717
1.6060606060606064,-0.6363636363636362,0.2248785783965649
1.666666666666667,-0.6363636363636362,0.20364678584915336
1.7272727272727275,-0.6363636363636362,0.18374343378463742
1.787878787878788,-0.6363636363636362,0.16517750112352117
1.8484848484848486,-0.6363636363636362,0.14794311216372907
1.9090909090909092,-0.6363636363636362,0.13202111746052742
1.9696969696969697,-0.6363636363636362,0.11738074287598635
2.0303030303030303,-0.6363636363636362,0.10398126541879965
2.090909090909091,-0.6363636363636362,0.09177367822312087
2.1515151515151514,-0.6363636363636362,0.08070231138307496
2.212121212121212,-0.6363636363636362,0.07070638016242194
2.2727272727272725,-0.6363636363636362,0.06172143713885068
2.333333333333334,-0.6363636363636362,0.05368070993630304
2.3939393939393945,-0.6363636363636362,0.04651631118288956
2.454545454545455,-0.6363636363636362,0.04016031206613141
2.5151515151515156,-0.6363636363636362,0.03454567522710442
2.575757575757576,-0.6363636363636362,0.029607046653116288
2.6363636363636367,-0.6363636363636362,0.025281409634157415
2.6969696969696972,-0.6363636363636362,0.02150860670633536
2.757575757575758,-0.6363636363636362,0.018231737804047896
2.8181818181818183,-0.6363636363636362,0.015397444590576305
2.878787878787879,-0.6363636363636362,0.012956092160269411
2.9393939393939394,-0.6363636363636362,0.010861860044613836
3.0,-0.6363636363636362,0.009072754759685945
-3.0,-0.5757575757575757,0.009412201561040834
-2.9393939393939394,-0.5757575757575757,0.011268244185546603
-2.878787878787879,-0.5757575757575757,0.013440829614146634
-2.8181818181818183,-0.5757575757575757,0.015973522469208527
-2.757575757575758,-0.5757575757575757,0.01891385753996581
-2.696969696969697,-0.5757575757575757,0.02231332676561743
-2.6363636363636362,-0.5757575757575757,0.02622728482436863
-2.5757575757575757,-0.5757575757575757,0.030714760633066676
-2.515151515151515,-0.5757575757575757,0.03583816237870155
-2.4545454545454546,-0.5757575757575757,0.04166286446982218
-2.393939393939394,-0.5757575757575757,0.048256666065181954
-2.333333333333333,-0.5757575757575757,0.05568911265025115
-2.2727272727272725,-0.5757575757575757,0.06403067451677523
-2.212121212121212,-0.5757575757575757,0.07335177896545844
-2.1515151515151514,-0.5757575757575757,0.08372169658487219
-2.090909090909091,-0.5757575757575757,0.0952072860243406
-2.0303030303030303,-0.5757575757575757,0.10787160621188278
-1.9696969696969697,-0.5757575757575757,0.1217724098795915
-1.9090909090909092,-0.5757575757575757,0.13696053742946585
-1.8484848484848484,-0.5757575757575757,0.15347823545721972
-1.7878787878787878,-0.5757575757575757,0.17135742948015562
-1.7272727272727273,-0.5757575757575757,0.19061798539770433
-1.6666666666666665,-0.5757575757575757,0.2112659987446525
-1.606060606060606,-0.5757575757575757,0.23329215466439648
-1.5454545454545454,-0.5757575757575757,0.25667020451978945
-1.4848484848484849,-0.5757575757575757,0.2813556069684101
-1.4242424242424243,-0.5757575757575757,0.3072843819723025
-1.3636363636363635,-0.5757575757575757,0.33437222543297906
-1.303030303030303,-0.5757575757575757,0.3625139298226508
-1.2424242424242424,-0.5757575757575757,0.3915831522513309
-1.1818181818181817,-0.5757575757575757,0.4214325658505189
-1.121212121212121,-0.5757575757575757,0.4518944232121099
-1.0606060606060606,-0.5757575757575757,0.48278155200464906
-1.0,-0.5757575757575757,0.5138887929719018
-0.9393939393939394,-0.5757575757575757,0.544994879537998
-0.8787878787878789,-0.5757575757575757,0.5758647464944864
-0.8181818181818183,-0.5757575757575757,0.6062522430731749
-0.7575757575757573,-0.5757575757575757,0.6359032134997811
-0.6969696969696968,-0.5757575757575757,0.6645588962884941
-0.6363636363636362,-0.5757575757575757,0.6919595824986318
-0.5757575757575757,-0.5757575757575757,0.7178484633476668
-0.5151515151515151,-0.5757575757575757,0.7419755893525867
-0.4545454545454546,-0.5757575757575757,0.7641018569054907
-0.39393939393939403,-0.5757575757575757,0.784002934174052
-0.33333333333333304,-0.5757575757575757,0.8014730366757645
-0.2727272727272725,-0.5757575757575757,0.8163284639459155
-0.21212121212121193,-0.5757575757575757,0.8284108124498369
-0.15151515151515138,-0.5757575757575757,0.8375897862299719
-0.09090909090909083,-0.5757575757575757,0.8437655355796355
-0.030303030303030276,-0.5757575757575757,0.8468704650559491
0.030303030303030276,-0.5757575757575757,0.8468704650559491
0.09090909090909083,-0.5757575757575757,0.8437655355796355
0.15151515151515138,-0.5757575757575757,0.8375897862299719
0.21212121212121238,-0.5757575757575757,0.8284108124498369
0.27272727272727293,-0.5757575757575757,0.8163284639459154
0.3333333333333335,-0.5757575757575757,0.8014730366757644
0.39393939393939403,-0.5757575757575757,0.784002934174052
0.4545454545454546,-0.5757575757575757,0.7641018569054907
0.5151515151515151,-0.5757575757575757,0.7419755893525867
0.5757575757575757,-0.5757575757575757,0.7178484633476668
0.6363636363636367,-0.5757575757575757,0.6919595824986315
0.6969696969696972,-0.5757575757575757,0.6645588962884938
0.7575757575757578,-0.5757575757575757,0.6359032134997809
0.8181818181818183,-0.5757575757575757,0.6062522430731749
0.8787878787878789,-0.5757575757575757,0.5758647464944864
0.9393939393939394,-0.5757575757575757,0.544994879537998
1.0,-0.5757575757575757,0.5138887929719018
1.0606060606060606,-0.5757575757575757,0.48278155200464906
1.121212121212121,-0.5757575757575757,0.4518944232121099
1.1818181818181817,-0.5757575757575757,0.4214325658505189
1.2424242424242422,-0.5757575757575757,0.39158315225133095
1.3030303030303028,-0.5757575757575757,0.3625139298226509
1.3636363636363633,-0.5757575757575757,0.3343722254329792
1.4242424242424248,-0.5757575757575757,0.3072843819723023
1.4848484848484853,-0.5757575757575757,0.28135560696840994
1.5454545454545459,-0.5757575757575757,0.2566702045197893
1.6060606060606064,-0.5757575757575757,0.23329215466439632
1.666666666666667,-0.5757575757575757,0.21126599874465235
1.7272727272727275,-0.5757575757575757,0.19061798539770425
1.787878787878788,-0.5757575757575757,0.17135742948015553
1.8484848484848486,-0.5757575757575757,0.15347823545721964
1.9090909090909092,-0.5757575757575757,0.13696053742946585
1.9696969696969697,-0.5757575757575757,0.1217724098795915
2.0303030303030303,-0.5757575757575757,0.10787160621188278
2.090909090909091,-0.5757575757575757,0.0952072860243406
2.1515151515151514,-0.5757575757575757,0.08372169658487219
2.212121212121212,-0.5757575757575757,0.07335177896545844
2.2727272727272725,-0.5757575757575757,0.06403067451677523
2.333333333333334,-0.5757575757575757,0.055689112650251026
2.3939393939393945,-0.5757575757575757,0.048256666065181905
2.454545454545455,-0.5757575757575757,0.041662864469822126
2.5151515151515156,-0.5757575757575757,0.035838162378701514
2.575757575757576,-0.5757575757575757,0.03071476063306665
2.6363636363636367,-0.5757575757575757,0.026227284824368608
2.6969696969696972,-0.5757575757575757,0.0223133267656174
2.757575757575758,-0.5757575757575757,0.01891385753996581
2.8181818181818183,-0.5757575757575757,0.015973522469208527
2.878787878787879,-0.5757575757575757,0.013440829614146634
2.9393939393939394,-0.5757575757575757,0.011268244185546603
3.0,-0.5757575757575757,0.009412201561040834
-3.0,-0.5151515151515151,0.009728548791190091
-2.9393939393939394,-0.5151515151515151,0.011646973626647622
-2.878787878787879,-0.5151515151515151,0.013892580375301519
-2.8181818181818183,-0.5151515151515151,0.016510397880990745
-2.757575757575758,-0.5151515151515151,0.019549558593051224
-2.696969696969697,-0.5151515151515151,0.023063285111912957
-2.6363636363636362,-0.5151515151515151,0.027108792604957122
-2.5757575757575757,-0.5151515151515151,0.03174709397059176
-2.515151515151515,-0.5151515151515151,0.037042694955762914
-2.4545454545454546,-0.5151515151515151,0.04306316722467039
-2.393939393939394,-0.5151515151515151,0.04987858868838062
-2.333333333333333,-0.5151515151515151,0.05756084227929967
-2.2727272727272725,-0.5151515151515151,0.06618276681915582
-2.212121212121212,-0.5151515151515151,0.07581715669369286
-2.1515151515151514,-0.5151515151515151,0.08653561069904167
-2.090909090909091,-0.5151515151515151,0.09840723462600418
-2.0303030303030303,-0.5151515151515151,0.1114972068341783
-1.9696969696969697,-0.5151515151515151,0.12586522114422286
-1.9090909090909092,-0.5151515151515151,0.14156382672098566
-1.8484848484848484,-0.5151515151515151,0.158636690082337
-1.7878787878787878,-0.5151515151515151,0.17711680977285194
-1.7272727272727273,-0.5151515151515151,0.1970247193914595
-1.6666666666666665,-0.5151515151515151,0.21836671934590116
-1.606060606060606,-0.5151515151515151,0.2411331817041397
-1.5454545454545454,-0.5151515151515151,0.2652969756035889
-1.4848484848484849,-0.5151515151515151,0.2908120626524698
-1.4242424242424243,-0.5151515151515151,0.3176123124224357
-1.3636363636363635,-0.5151515151515151,0.34561058732616284
-1.303030303030303,-0.5151515151515151,0.37469814377580335
-1.2424242424242424,-0.5151515151515151,0.40474439245474664
-1.1818181818181817,-0.5151515151515151,0.43559705478936006
-1.121212121212121,-0.5151515151515151,0.46708274532526683
-1.0606060606060606,-0.5151515151515151,0.4990080008065956
-1.0,-0.5151515151515151,0.5311607665061606
-0.9393939393939394,-0.5151515151515151,0.5633123390047615
-0.8787878787878789,-0.5151515151515151,0.595219752473979
-0.8181818181818183,-0.5151515151515151,0.6266285829362968
-0.7575757575757573,-0.5151515151515151,0.6572761323571862
-0.6969696969696968,-0.5151515151515151,0.6868949421910922
-0.6363636363636362,-0.5151515151515151,0.7152165745933137
-0.5757575757575757,-0.5151515151515151,0.7419755893525867
-0.5151515151515151,-0.5151515151515151,0.7669136361005037
-0.4545454545454546,-0.5151515151515151,0.789783574877245
-0.39393939393939403,-0.5151515151515151,0.8103535339828628
-0.33333333333333304,-0.5151515151515151,0.828410812449837
-0.2727272727272725,-0.5151515151515151,0.8437655355796355
-0.21212121212121193,-0.5151515151515151,0.8562539758420181
-0.15151515151515138,-0.5151515151515151,0.865741457988886
-0.09090909090909083,-0.5151515151515151,0.8721247763316478
-0.030303030303030276,-0.5151515151515151,0.87533406352207
0.030303030303030276,-0.5151515151515151,0.87533406352207
0.09090909090909083,-0.5151515151515151,0.8721247763316478
0.15151515151515138,-0.5151515151515151,0.865741457988886
0.21212121212121238,-0.5151515151515151,0.856253975842018
0.27272727272727293,-0.5151515151515151,0.8437655355796354
0.3333333333333335,-0.5151515151515151,0.8284108124498368
0.39393939393939403,-0.5151515151515151,0.8103535339828628
0.4545454545454546,-0.5151515151515151,0.789783574877245
0.5151515151515151,-0.5151515151515151,0.7669136361005037
0.5757575757575757,-0.5151515151515151,0.7419755893525867
0.6363636363636367,-0.5151515151515151,0.7152165745933134
0.6969696969696972,-0.5151515151515151,0.6868949421910919
0.7575757575757578,-0.5151515151515151,0.657276132357186
0.8181818181818183,-0.5151515151515151,0.6266285829362968
0.8787878787878789,-0.5151515151515151,0.595219752473979
0.9393939393939394,-0.5151515151515151,0.5633123390047615
1.0,-0.5151515151515151,0.5311607665061606
1.0606060606060606,-0.5151515151515151,0.4990080008065956
1.121212121212121,-0.5151515151515151,0.46708274532526683
1.1818181818181817,-0.5151515151515151,0.43559705478936006
1.2424242424242422,-0.5151515151515151,0.4047443924547468
1.3030303030303028,-0.5151515151515151,0.37469814377580346
1.3636363636363633,-0.5151515151515151,0.34561058732616295
1.4242424242424248,-0.5151515151515151,0.3176123124224355
1.4848484848484853,-0.5151515151515151,0.2908120626524696
1.5454545454545459,-0.5151515151515151,0.2652969756035887
1.6060606060606064,-0.5151515151515151,0.24113318170413953
1.666666666666667,-0.5151515151515151,0.21836671934590102
1.7272727272727275,-0.5151515151515151,0.1970247193914594
1.787878787878788,-0.5151515151515151,0.17711680977285185
1.8484848484848486,-0.5151515151515151,0.15863669008233694
1.9090909090909092,-0.5151515151515151,0.14156382672098566
1.9696969696969697,-0.5151515151515151,0.12586522114422286
2.0303030303030303,-0.5151515151515151,0.1114972068341783
2.090909090909091,-0.5151515151515151,0.09840723462600418
2.1515151515151514,-0.5151515151515151,0.08653561069904167
2.212121212121212,-0.5151515151515151,0.07581715669369286
2.2727272727272725,-0.5151515151515151,0.06618276681915582
2.333333333333334,-0.5151515151515151,0.05756084227929954
2.3939393939393945,-0.5151515151515151,0.049878588688380576
2.454545454545455,-0.5151515151515151,0.04306316722467034
2.5151515151515156,-0.5151515151515151,0.03704269495576288
2.575757575757576,-0.5151515151515151,0.03174709397059173
2.6363636363636367,-0.5151515151515151,0.027108792604957098
2.6969696969696972,-0.5151515151515151,0.023063285111912926
2.757575757575758,-0.5151515151515151,0.019549558593051224
2.8181818181818183,-0.5151515151515151,0.016510397880990745
2.878787878787879,-0.5151515151515151,0.013892580375301519
2.9393939393939394,-0.5151515151515151,0.011646973626647622
3.0,-0.5151515151515151,0.009728548791190091
-3.0,-0.4545454545454546,0.010018661399400254
-2.9393939393939394,-0.4545454545454546,0.011994295099675705
-2.878787878787879,-0.4545454545454546,0.014306867522743063
-2.8181818181818183,-0.4545454545454546,0.017002750306275318
-2.757575757575758,-0.4545454545454546,0.020132541066030504
-2.696969696969697,-0.4545454545454546,0.023751049540228403
-2.6363636363636362,-0.4545454545454546,0.027917197095375525
-2.5757575757575757,-0.4545454545454546,0.03269381608018761
-2.515151515151515,-0.4545454545454546,0.03814733585127672
-2.4545454545454546,-0.4545454545454546,0.04434734311045648
-2.393939393939394,-0.4545454545454546,0.05136600554456499
-2.333333333333333,-0.4545454545454546,0.05927734968886768
-2.2727272727272725,-0.4545454545454546,0.06815638647328738
-2.212121212121212,-0.4545454545454546,0.07807808106664813
-2.1515151515151514,-0.4545454545454546,0.08911616739478369
-2.090909090909091,-0.4545454545454546,0.10134181203491363
-2.0303030303030303,-0.4545454545454546,0.11482213701411471
-1.9696969696969697,-0.4545454545454546,0.12961861626746737
-1.9090909090909092,-0.4545454545454546,0.14578536601525618
-1.8484848484848484,-0.4545454545454546,0.16336735494360502
-1.7878787878787878,-0.4545454545454546,0.1823985656383925
-1.7272727272727273,-0.4545454545454546,0.2029001440258401
-1.6666666666666665,-0.4545454545454546,0.22487857839656505
-1.606060606060606,-0.4545454545454546,0.24832395370638874
-1.5454545454545454,-0.4545454545454546,0.2732083300300912
-1.4848484848484849,-0.4545454545454546,0.2994842960765841
-1.4242424242424243,-0.4545454545454546,0.32708374935863904
-1.3636363636363635,-0.4545454545454546,0.3559169537808429
-1.303030303030303,-0.4545454545454546,0.38587192294014755
-1.2424242424242424,-0.4545454545454546,0.41681417324875564
-1.1818181818181817,-0.4545454545454546,0.44858688507196576
-1.121212121212121,-0.4545454545454546,0.4810115024713469
-1.0606060606060606,-0.4545454545454546,0.5138887929719019
-1.0,-0.4545454545454546,0.5470003782157261
-0.9393939393939394,-0.4545454545454546,0.58011073467644
-0.8787878787878789,-0.4545454545454546,0.612969651102725
-0.8181818181818183,-0.4545454545454546,0.6453151164035819
-0.7575757575757573,-0.4545454545454546,0.6768765986924233
-0.6969696969696968,-0.4545454545454546,0.7073786636096338
-0.6363636363636362,-0.4545454545454546,0.736544868293018
-0.5757575757575757,-0.4545454545454546,0.7641018569054907
-0.5151515151515151,-0.4545454545454546,0.789783574877245
-0.4545454545454546,-0.4545454545454546,0.8133355123498387
-0.39393939393939403,-0.4545454545454546,0.8345188830356411
-0.33333333333333304,-0.4545454545454546,0.8531146430650427
-0.2727272727272725,-0.4545454545454546,0.8689272555338519
-0.21212121212121193,-0.4545454545454546,0.8817881104343023
-0.15151515151515138,-0.4545454545454546,0.8915585164015727
-0.09090909090909083,-0.4545454545454546,0.898132190076173
-0.030303030303030276,-0.4545454545454546,0.9014371806132395
0.030303030303030276,-0.4545454545454546,0.9014371806132395
0.09090909090909083,-0.4545454545454546,0.898132190076173
0.15151515151515138,-0.4545454545454546,0.8915585164015727
0.21212121212121238,-0.4545454545454546,0.8817881104343022
0.27272727272727293,-0.4545454545454546,0.8689272555338518
0.3333333333333335,-0.4545454545454546,0.8531146430650426
0.39393939393939403,-0.4545454545454546,0.8345188830356411
0.4545454545454546,-0.4545454545454546,0.8133355123498387
0.5151515151515151,-0.4545454545454546,0.789783574877245
0.5757575757575757,-0.4545454545454546,0.7641018569054907
0.6363636363636367,-0.4545454545454546,0.7365448682930178
0.6969696969696972,-0.4545454545454546,0.7073786636096335
0.7575757575757578,-0.4545454545454546,0.6768765986924231
0.8181818181818183,-0.4545454545454546,0.6453151164035819
0.8787878787878789,-0.4545454545454546,0.612969651102725
0.9393939393939394,-0.4545454545454546,0.58011073467644
1.0,-0.4545454545454546,0.5470003782157261
1.0606060606060606,-0.4545454545454546,0.5138887929719019
1.121212121212121,-0.4545454545454546,0.4810115024713469
1.1818181818181817,-0.4545454545454546,0.44858688507196576
1.2424242424242422,-0.4545454545454546,0.4168141732487558
1.3030303030303028,-0.4545454545454546,0.38587192294014766
1.3636363636363633,-0.4545454545454546,0.35591695378084304
1.4242424242424248,-0.4545454545454546,0.3270837493586388
1.4848484848484853,-0.4545454545454546,0.29948429607658394
1.5454545454545459,-0.4545454545454546,0.27320833003009104
1.6060606060606064,-0.4545454545454546,0.24832395370638857
1.666666666666667,-0.4545454545454546,0.2248785783965649
1.7272727272727275,-0.4545454545454546,0.20290014402584003
1.787878787878788,-0.4545454545454546,0.1823985656383924
1.8484848484848486,-0.4545454545454546,0.16336735494360494
1.9090909090909092,-0.4545454545454546,0.14578536601525618
1.9696969696969697,-0.4545454545454546,0.12961861626746737
2.0303030303030303,-0.4545454545454546,0.11482213701411471
2.090909090909091,-0.4545454545454546,0.10134181203491363
2.1515151515151514,-0.4545454545454546,0.08911616739478369
2.212121212121212,-0.4545454545454546,0.07807808106664813
2.2727272727272725,-0.4545454545454546,0.06815638647328738
2.333333333333334,-0.4545454545454546,0.059277349688867546
2.3939393939393945,-0.4545454545454546,0.05136600554456495
2.454545454545455,-0.4545454545454546,0.04434734311045642
2.5151515151515156,-0.4545454545454546,0.038147335851276686
2.575757575757576,-0.4545454545454546,0.03269381608018758
2.6363636363636367,-0.4545454545454546,0.0279171970953755
2.6969696969696972,-0.4545454545454546,0.02375104954022837
2.757575757575758,-0.4545454545454546,0.020132541066030504
2.8181818181818183,-0.4545454545454546,0.017002750306275318
2.878787878787879,-0.4545454545454546,0.014306867522743063
2.9393939393939394,-0.4545454545454546,0.011994295099675705
3.0,-0.4545454545454546,0.010018661399400254
-3.0,-0.39393939393939403,0.010279598017777928
-2.9393939393939394,-0.39393939393939403,0.012306687212590175
-2.878787878787879,-0.39393939393939403,0.014679490718810497
-2.8181818181818183,-0.39393939393939403,0.01744558792610993
-2.757575757575758,-0.39393939393939403,0.020656894268089417
-2.696969696969697,-0.39393939393939403,0.024369647005785897
-2.6363636363636362,-0.39393939393939403,0.028644302116120738
-2.5757575757575757,-0.39393939393939403,0.03354532841998346
-2.515151515151515,-0.39393939393939403,0.03914088543043959
-2.4545454545454546,-0.39393939393939403,0.045502372238995496
-2.393939393939394,-0.39393939393939403,0.052703836144086975
-2.333333333333333,-0.39393939393939403,0.06082123170639246
-2.2727272727272725,-0.39393939393939403,0.06993152351986386
-2.212121212121212,-0.39393939393939403,0.08011162922550379
-2.1515151515151514,-0.39393939393939403,0.09143720315352939
-2.090909090909091,-0.39393939393939403,0.1039812654187997
-2.0303030303030303,-0.39393939393939403,0.11781268624548749
-1.9696969696969697,-0.39393939393939403,0.1329945406608849
-1.9090909090909092,-0.39393939393939403,0.1495823543453787
-1.8484848484848484,-0.39393939393939403,0.16762226719713627
-1.7878787878787878,-0.39393939393939403,0.18714914688046028
-1.7272727272727273,-0.39393939393939403,0.20818469006844958
-1.6666666666666665,-0.39393939393939403,0.2307355540396275
-1.606060606060606,-0.39393939393939403,0.2547915655119137
-1.5454545454545454,-0.39393939393939403,0.280324056863112
-1.4848484848484849,-0.39393939393939403,0.30728438197230257
-1.4242424242424243,-0.39393939393939403,0.3356026646190192
-1.3636363636363635,-0.39393939393939403,0.36518683152602893
-1.303030303030303,-0.39393939393939403,0.39592197959790804
-1.2424242424242424,-0.39393939393939403,0.42767012261399967
-1.1818181818181817,-0.39393939393939403,0.46027035656310306
-1.121212121212121,-0.39393939393939403,0.4935394750069941
-1.0606060606060606,-0.39393939393939403,0.527273056449286
-1.0,-0.39393939393939403,0.5612470348550513
-0.9393939393939394,-0.39393939393939403,0.595219752473979
-0.8787878787878789,-0.39393939393939403,0.6289344812881689
-0.8181818181818183,-0.39393939393939403,0.6621223861125295
-0.7575757575757573,-0.39393939393939403,0.6945058890417661
-0.6969696969696968,-0.39393939393939403,0.7258023820123599
-0.6363636363636362,-0.39393939393939403,0.7557282221917047
-0.5757575757575757,-0.39393939393939403,0.784002934174052
-0.5151515151515151,-0.39393939393939403,0.8103535339828628
-0.4545454545454546,-0.39393939393939403,0.8345188830356411
-0.39393939393939403,-0.39393939393939403,0.856253975842018
-0.33333333333333304,-0.39393939393939403,0.8753340635220701
-0.2727272727272725,-0.39393939393939403,0.8915585164015727
-0.21212121212121193,-0.39393939393939403,0.9047543330153085
-0.15151515151515138,-0.39393939393939403,0.9147792097737995
-0.09090909090909083,-0.39393939393939403,0.9215240951612811
-0.030303030303030276,-0.39393939393939403,0.9249151643689536
0.030303030303030276,-0.39393939393939403,0.9249151643689536
0.09090909090909083,-0.39393939393939403,0.9215240951612811
0.15151515151515138,-0.39393939393939403,0.9147792097737995
0.21212121212121238,-0.39393939393939403,0.9047543330153085
0.27272727272727293,-0.39393939393939403,0.8915585164015726
0.3333333333333335,-0.39393939393939403,0.8753340635220699
0.39393939393939403,-0.39393939393939403,0.856253975842018
0.4545454545454546,-0.39393939393939403,0.8345188830356411
0.5151515151515151,-0.39393939393939403,0.8103535339828628
0.5757575757575757,-0.39393939393939403,0.784002934174052
0.6363636363636367,-0.39393939393939403,0.7557282221917044
0.6969696969696972,-0.39393939393939403,0.7258023820123598
0.7575757575757578,-0.39393939393939403,0.6945058890417659
0.8181818181818183,-0.39393939393939403,0.6621223861125295
0.8787878787878789,-0.39393939393939403,0.6289344812881689
0.9393939393939394,-0.39393939393939403,0.595219752473979
1.0,-0.39393939393939403,0.5612470348550513
1.0606060606060606,-0.39393939393939403,0.527273056449286
1.121212121212121,-0.39393939393939403,0.4935394750069941
1.1818181818181817,-0.39393939393939403,0.46027035656310306
1.2424242424242422,-0.39393939393939403,0.42767012261399984
1.3030303030303028,-0.39393939393939403,0.3959219795979082
1.3636363636363633,-0.39393939393939403,0.365186831526029
1.4242424242424248,-0.39393939393939403,0.335602664619019
1.4848484848484853,-0.39393939393939403,0.30728438197230235
1.5454545454545459,-0.39393939393939403,0.28032405686311185
1.6060606060606064,-0.39393939393939403,0.2547915655119135
1.666666666666667,-0.39393939393939403,0.23073555403962734
1.7272727272727275,-0.39393939393939403,0.20818469006844947
1.787878787878788,-0.39393939393939403,0.1871491468804602
1.8484848484848486,-0.39393939393939403,0.1676222671971362
1.9090909090909092,-0.39393939393939403,0.1495823543453787
1.9696969696969697,-0.39393939393939403,0.1329945406608849
2.0303030303030303,-0.39393939393939403,0.11781268624548749
2.090909090909091,-0.39393939393939403,0.1039812654187997
2.1515151515151514,-0.39393939393939403,0.09143720315352939
2.212121212121212,-0.39393939393939403,0.08011162922550379
2.2727272727272725,-0.39393939393939403,0.06993152351986386
2.333333333333334,-0.39393939393939403,0.06082123170639232
2.3939393939393945,-0.39393939393939403,0.05270383614408693
2.454545454545455,-0.39393939393939403,0.045502372238995434
2.5151515151515156,-0.39393939393939403,0.03914088543043955
2.575757575757576,-0.39393939393939403,0.03354532841998342
2.6363636363636367,-0.39393939393939403,0.028644302116120714
2.6969696969696972,-0.39393939393939403,0.024369647005785863
2.757575757575758,-0.39393939393939403,0.020656894268089417
2.8181818181818183,-0.39393939393939403,0.01744558792610993
2.878787878787879,-0.39393939393939403,0.014679490718810497
2.9393939393939394,-0.39393939393939403,0.012306687212590175
3.0,-0.39393939393939403,0.010279598017777928
-3.0,-0.33333333333333304,0.01050866046540279
-2.9393939393939394,-0.33333333333333304,0.012580919715669986
-2.878787878787879,-0.33333333333333304,0.015006596902157542
-2.8181818181818183,-0.33333333333333304,0.01783433163609727
-2.757575757575758,-0.33333333333333304,0.021117196193630994
-2.696969696969697,-0.33333333333333304,0.024912680982527517
-2.6363636363636362,-0.33333333333333304,0.029282589132974633
-2.5757575757575757,-0.33333333333333304,0.03429282603817556
-2.515151515151515,-0.33333333333333304,0.04001307002398062
-2.4545454545454546,-0.33333333333333304,0.046516311182889625
-2.393939393939394,-0.33333333333333304,0.05387824682488458
-2.333333333333333,-0.33333333333333304,0.062176524022116375
-2.2727272727272725,-0.33333333333333304,0.07148982238679351
-2.212121212121212,-0.33333333333333304,0.08189677353191278
-2.1515151515151514,-0.33333333333333304,0.09347471760906514
-2.090909090909091,-0.33333333333333304,0.1062983018557079
-2.0303030303030303,-0.33333333333333304,0.12043793114572386
-1.9696969696969697,-0.33333333333333304,0.13595808602052262
-1.9090909090909092,-0.33333333333333304,0.15291552945092127
-1.8484848484848484,-0.33333333333333304,0.17135742948015564
-1.7878787878787878,-0.33333333333333304,0.19131943073603558
-1.7272727272727273,-0.33333333333333304,0.21282371336319617
-1.6666666666666665,-0.33333333333333304,0.23587708298570012
-1.606060606060606,-0.33333333333333304,0.2604691396280799
-1.5454545454545454,-0.33333333333333304,0.2865705768614763
-1.4848484848484849,-0.33333333333333304,0.3141316645732115
-1.4242424242424243,-0.33333333333333304,0.3430809694762821
-1.3636363636363635,-0.33333333333333304,0.3733243666052268
-1.303030303030303,-0.33333333333333304,0.40474439245474675
-1.2424242424242424,-0.33333333333333304,0.43719998602816884
-1.1818181818181817,-0.33333333333333304,0.4705266578563226
-1.121212121212121,-0.33333333333333304,0.5045371190733356
-1.0606060606060606,-0.33333333333333304,0.5390223930155639
-1.0,-0.33333333333333304,0.5737534207374329
-0.9393939393939394,-0.33333333333333304,0.6084831595780854
-0.8787878787878789,-0.33333333333333304,0.6429491607951291
-0.8181818181818183,-0.33333333333333304,0.6768765986924232
-0.7575757575757573,-0.33333333333333304,0.7099817100377487
-0.6969696969696968,-0.33333333333333304,0.7419755893525868
-0.6363636363636362,-0.33333333333333304,0.7725682733313539
-0.5757575757575757,-0.33333333333333304,0.8014730366757645
-0.5151515151515151,-0.33333333333333304,0.828410812449837
-0.4545454545454546,-0.33333333333333304,0.8531146430650427
-0.39393939393939403,-0.33333333333333304,0.8753340635220701
-0.33333333333333304,-0.33333333333333304,0.8948393168143699
-0.2727272727272725,-0.33333333333333304,0.9114253025944321
-0.21212121212121193,-0.33333333333333304,0.9249151643689537
-0.15151515151515138,-0.33333333333333304,0.9351634275676018
-0.09090909090909083,-0.33333333333333304,0.9420586106567186
-0.030303030303030276,-0.33333333333333304,0.9455252437737416
0.030303030303030276,-0.33333333333333304,0.9455252437737416
0.09090909090909083,-0.33333333333333304,0.9420586106567186
0.15151515151515138,-0.33333333333333304,0.9351634275676018
0.21212121212121238,-0.33333333333333304,0.9249151643689537
0.27272727272727293,-0.33333333333333304,0.911425302594432
0.3333333333333335,-0.33333333333333304,0.8948393168143698
0.39393939393939403,-0.33333333333333304,0.8753340635220701
0.4545454545454546,-0.33333333333333304,0.8531146430650427
0.5151515151515151,-0.33333333333333304,0.828410812449837
0.5757575757575757,-0.33333333333333304,0.8014730366757645
0.6363636363636367,-0.33333333333333304,0.7725682733313537
0.6969696969696972,-0.33333333333333304,0.7419755893525866
0.7575757575757578,-0.33333333333333304,0.7099817100377483
0.8181818181818183,-0.33333333333333304,0.6768765986924232
0.8787878787878789,-0.33333333333333304,0.6429491607951291
0.9393939393939394,-0.33333333333333304,0.6084831595780854
1.0,-0.33333333333333304,0.5737534207374329
1.0606060606060606,-0.33333333333333304,0.5390223930155639
1.121212121212121,-0.33333333333333304,0.5045371190733356
1.1818181818181817,-0.33333333333333304,0.4705266578563226
1.2424242424242422,-0.33333333333333304,0.437199986028169
1.3030303030303028,-0.33333333333333304,0.40474439245474686
1.3636363636363633,-0.33333333333333304,0.3733243666052269
1.4242424242424248,-0.33333333333333304,0.34308096947628186
1.4848484848484853,-0.33333333333333304,0.3141316645732113
1.5454545454545459,-0.33333333333333304,0.28657057686147613
1.6060606060606064,-0.33333333333333304,0.2604691396280797
1.666666666666667,-0.33333333333333304,0.23587708298569995
1.7272727272727275,-0.33333333333333304,0.21282371336319608
1.787878787878788,-0.33333333333333304,0.1913194307360355
1.8484848484848486,-0.33333333333333304,0.17135742948015556
1.9090909090909092,-0.33333333333333304,0.15291552945092127
1.9696969696969697,-0.33333333333333304,0.13595808602052262
2.0303030303030303,-0.33333333333333304,0.12043793114572386
2.090909090909091,-0.33333333333333304,0.1062983018557079
2.1515151515151514,-0.33333333333333304,0.09347471760906514
2.212121212121212,-0.33333333333333304,0.08189677353191278
2.2727272727272725,-0.33333333333333304,0.07148982238679351
2.333333333333334,-0.33333333333333304,0.062176524022116236
2.3939393939393945,-0.33333333333333304,0.05387824682488453
2.454545454545455,-0.33333333333333304,0.04651631118288956
2.5151515151515156,-0.33333333333333304,0.040013070023980586
2.575757575757576,-0.33333333333333304,0.03429282603817553
2.6363636363636367,-0.33333333333333304,0.029282589132974605
2.6969696969696972,-0.33333333333333304,0.024912680982527486
2.757575757575758,-0.33333333333333304,0.021117196193630994
2.8181818181818183,-0.33333333333333304,0.01783433163609727
2.878787878787879,-0.33333333333333304,0.015006596902157542
2.9393939393939394,-0.33333333333333304,0.012580919715669986
3.0,-0.33333333333333304,0.01050866046540279
-3.0,-0.2727272727272725,0.010703440119997281
-2.9393939393939394,-0.2727272727272725,0.012814109017462248
-2.878787878787879,-0.2727272727272725,0.015284746507510593
-2.8181818181818183,-0.2727272727272725,0.018164893744126085
-2.757575757575758,-0.2727272727272725,0.02150860670633537
-2.696969696969697,-0.2727272727272725,0.02537444139554829
-2.6363636363636362,-0.2727272727272725,0.029825346472573816
-2.5757575757575757,-0.2727272727272725,0.03492844889731879
-2.515151515151515,-0.2727272727272725,0.04075471849423
-2.4545454545454546,-0.2727272727272725,0.04737849823851316
-2.393939393939394,-0.2727272727272725,0.05487688850155288
-2.333333333333333,-0.2727272727272725,0.06332897555604741
-2.2727272727272725,-0.2727272727272725,0.07281489735304301
-2.212121212121212,-0.2727272727272725,0.08341474295470142
-2.1515151515151514,-0.2727272727272725,0.09520728602434066
-2.090909090909091,-0.2727272727272725,0.10826855739756322
-2.0303030303030303,-0.2727272727272725,0.12267026691352907
-1.9696969696969697,-0.2727272727272725,0.13847809027050198
-1.9090909090909092,-0.2727272727272725,0.15574984254978322
-1.8484848484848484,-0.2727272727272725,0.17453356606161904
-1.7878787878787878,-0.2727272727272725,0.19486556611253436
-1.7272727272727273,-0.2727272727272725,0.21676843395959147
-1.6666666666666665,-0.2727272727272725,0.2402491013701526
-1.606060606060606,-0.2727272727272725,0.2652969756035889
-1.5454545454545454,-0.2727272727272725,0.2918822070318286
-1.4848484848484849,-0.2727272727272725,0.31995414378682807
-1.4242424242424243,-0.2727272727272725,0.3494400285545098
-1.3636363636363635,-0.2727272727272725,0.38024399174855233
-1.303030303030303,-0.2727272727272725,0.41224639265933427
-1.2424242424242424,-0.2727272727272725,0.4453035557026905
-1.1818181818181817,-0.2727272727272725,0.4792479425715806
-1.121212121212121,-0.2727272727272725,0.5138887929719019
-1.0606060606060606,-0.2727272727272725,0.5490132568250782
-1.0,-0.2727272727272725,0.5843880295423868
-0.9393939393939394,-0.2727272727272725,0.6197614894888654
-0.8787878787878789,-0.2727272727272725,0.654866323393901
-0.8181818181818183,-0.2727272727272725,0.6894226116243721
-0.7575757575757573,-0.2727272727272725,0.723141331352458
-0.6969696969696968,-0.2727272727272725,0.7557282221917048
-0.6363636363636362,-0.2727272727272725,0.7868879463216045
-0.5757575757575757,-0.2727272727272725,0.8163284639459155
-0.5151515151515151,-0.2727272727272725,0.8437655355796355
-0.4545454545454546,-0.2727272727272725,0.8689272555338519
-0.39393939393939403,-0.2727272727272725,0.8915585164015727
-0.33333333333333304,-0.2727272727272725,0.9114253025944321
-0.2727272727272725,-0.2727272727272725,0.9283187121981096
-0.21212121212121193,-0.2727272727272725,0.9420586106567186
-0.15151515151515138,-0.2727272727272725,0.9524968270061605
-0.09090909090909083,-0.2727272727272725,0.959519813385229
-0.030303030303030276,-0.2727272727272725,0.9630507010857322
0.030303030303030276,-0.2727272727272725,0.9630507010857322
0.09090909090909083,-0.2727272727272725,0.959519813385229
0.15151515151515138,-0.2727272727272725,0.9524968270061605
0.21212121212121238,-0.2727272727272725,0.9420586106567185
0.27272727272727293,-0.2727272727272725,0.9283187121981095
0.3333333333333335,-0.2727272727272725,0.911425302594432
0.39393939393939403,-0.2727272727272725,0.8915585164015727
0.4545454545454546,-0.2727272727272725,0.8689272555338519
0.5151515151515151,-0.2727272727272725,0.8437655355796355
0.5757575757575757,-0.2727272727272725,0.8163284639459155
0.6363636363636367,-0.2727272727272725,0.7868879463216043
0.6969696969696972,-0.2727272727272725,0.7557282221917045
0.7575757575757578,-0.2727272727272725,0.7231413313524577
0.8181818181818183,-0.2727272727272725,0.6894226116243721
0.8787878787878789,-0.2727272727272725,0.654866323393901
0.9393939393939394,-0.2727272727272725,0.6197614894888654
1.0,-0.2727272727272725,0.5843880295423868
1.0606060606060606,-0.2727272727272725,0.5490132568250782
1.121212121212121,-0.2727272727272725,0.5138887929719019
1.1818181818181817,-0.2727272727272725,0.4792479425715806
1.2424242424242422,-0.2727272727272725,0.4453035557026906
1.3030303030303028,-0.2727272727272725,0.4122463926593343
1.3636363636363633,-0.2727272727272725,0.3802439917485525
1.4242424242424248,-0.2727272727272725,0.34944002855450956
1.4848484848484853,-0.2727272727272725,0.31995414378682785
1.5454545454545459,-0.2727272727272725,0.2918822070318284
1.6060606060606064,-0.2727272727272725,0.2652969756035887
1.666666666666667,-0.2727272727272725,0.24024910137015246
1.7272727272727275,-0.2727272727272725,0.2167684339595914
1.787878787878788,-0.2727272727272725,0.19486556611253428
1.8484848484848486,-0.2727272727272725,0.17453356606161896
1.9090909090909092,-0.2727272727272725,0.15574984254978322
1.9696969696969697,-0.2727272727272725,0.13847809027050198
2.0303030303030303,-0.2727272727272725,0.12267026691352907
2.090909090909091,-0.2727272727272725,0.10826855739756322
2.1515151515151514,-0.2727272727272725,0.09520728602434066
2.212121212121212,-0.2727272727272725,0.08341474295470142
2.2727272727272725,-0.2727272727272725,0.07281489735304301
2.333333333333334,-0.2727272727272725,0.06332897555604726
2.3939393939393945,-0.2727272727272725,0.05487688850155283
2.454545454545455,-0.2727272727272725,0.047378498238513096
2.5151515151515156,-0.2727272727272725,0.04075471849422996
2.575757575757576,-0.2727272727272725,0.03492844889731876
2.6363636363636367,-0.2727272727272725,0.02982534647257379
2.6969696969696972,-0.2727272727272725,0.025374441395548255
2.757575757575758,-0.2727272727272725,0.02150860670633537
2.8181818181818183,-0.2727272727272725,0.018164893744126085
2.878787878787879,-0.2727272727272725,0.015284746507510593
2.9393939393939394,-0.2727272727272725,0.012814109017462248
3.0,-0.2727272727272725,0.010703440119997281
-3.0,-0.21212121212121193,0.010861860044613836
-2.9393939393939394,-0.21212121212121193,0.013003768618657383
-2.878787878787879,-0.21212121212121193,0.015510973623499132
-2.8181818181818183,-0.21212121212121193,0.018433749463908727
-2.757575757575758,-0.21212121212121193,0.021826952192910174
-2.696969696969697,-0.21212121212121193,0.02575000449003038
-2.6363636363636362,-0.21212121212121193,0.03026678670925251
-2.5757575757575757,-0.21212121212121193,0.03544541934600178
-2.515151515151515,-0.21212121212121193,0.041357922637873724
-2.4545454545454546,-0.21212121212121193,0.04807973989869379
-2.393939393939394,-0.21212121212121193,0.055689112650251095
-2.333333333333333,-0.21212121212121193,0.06426629770865971
-2.2727272727272725,-0.21212121212121193,0.07389261913410664
-2.212121212121212,-0.21212121212121193,0.08464935137429769
-2.1515151515151514,-0.21212121212121193,0.09661643400908472
-2.090909090909091,-0.21212121212121193,0.10987102319444475
-2.0303030303030303,-0.21212121212121193,0.12448589013552724
-1.9696969696969697,-0.21212121212121193,0.1405276825862203
-1.9090909090909092,-0.21212121212121193,0.15805507133970087
-1.8484848484848484,-0.21212121212121193,0.17711680977285194
-1.7878787878787878,-0.21212121212121193,0.1977497405412991
-1.7272727272727273,-0.21212121212121193,0.21997678927172795
-1.6666666666666665,-0.21212121212121193,0.24380499032749328
-1.606060606060606,-0.21212121212121193,0.2692235941864873
-1.5454545454545454,-0.21212121212121193,0.2962023094210134
-1.4848484848484849,-0.21212121212121193,0.324689734472739
-1.4242424242424243,-0.21212121212121193,0.3546120351580865
-1.3636363636363635,-0.21212121212121193,0.3858719229401476
-1.303030303030303,-0.21212121212121193,0.41834798632607734
-1.2424242424242424,-0.21212121212121193,0.4518944232121098
-1.1818181818181817,-0.21212121212121193,0.48634121558321586
-1.121212121212121,-0.21212121212121193,0.5214947797323458
-1.0606060606060606,-0.21212121212121193,0.5571391152205696
-1.0,-0.21212121212121193,0.5930374643548411
-0.9393939393939394,-0.21212121212121193,0.6289344812881689
-0.8787878787878789,-0.21212121212121193,0.664558896288494
-0.8181818181818183,-0.21212121212121193,0.69962664667647
-0.7575757575757573,-0.21212121212121193,0.7338444318431068
-0.6969696969696968,-0.21212121212121193,0.7669136361005038
-0.6363636363636362,-0.21212121212121193,0.798534550379775
-0.5757575757575757,-0.21212121212121193,0.8284108124498369
-0.5151515151515151,-0.21212121212121193,0.8562539758420181
-0.4545454545454546,-0.21212121212121193,0.8817881104343023
-0.39393939393939403,-0.21212121212121193,0.9047543330153085
-0.33333333333333304,-0.21212121212121193,0.9249151643689537
-0.2727272727272725,-0.21212121212121193,0.9420586106567186
-0.21212121212121193,-0.21212121212121193,0.9560018711796404
-0.15151515151515138,-0.21212121212121193,0.9665945819186124
-0.09090909090909083,-0.21212121212121193,0.9737215144084902
-0.030303030303030276,-0.21212121212121193,0.9773046622194881
0.030303030303030276,-0.21212121212121193,0.9773046622194881
0.09090909090909083,-0.21212121212121193,0.9737215144084902
0.15151515151515138,-0.21212121212121193,0.9665945819186124
0.21212121212121238,-0.21212121212121193,0.9560018711796403
0.27272727272727293,-0.21212121212121193,0.9420586106567185
0.3333333333333335,-0.21212121212121193,0.9249151643689536
0.39393939393939403,-0.21212121212121193,0.9047543330153085
0.4545454545454546,-0.21212121212121193,0.8817881104343023
0.5151515151515151,-0.21212121212121193,0.8562539758420181
0.5757575757575757,-0.21212121212121193,0.8284108124498369
0.6363636363636367,-0.21212121212121193,0.7985345503797748
0.6969696969696972,-0.21212121212121193,0.7669136361005036
0.7575757575757578,-0.21212121212121193,0.7338444318431065
0.8181818181818183,-0.21212121212121193,0.69962664667647
0.8787878787878789,-0.21212121212121193,0.664558896288494
0.9393939393939394,-0.21212121212121193,0.6289344812881689
1.0,-0.21212121212121193,0.5930374643548411
1.0606060606060606,-0.21212121212121193,0.5571391152205696
1.121212121212121,-0.21212121212121193,0.5214947797323458
1.1818181818181817,-0.21212121212121193,0.48634121558321586
1.2424242424242422,-0.21212121212121193,0.45189442321210993
1.3030303030303028,-0.21212121212121193,0.4183479863260775
1.3636363636363633,-0.21212121212121193,0.3858719229401477
1.4242424242424248,-0.21212121212121193,0.35461203515808626
1.4848484848484853,-0.21212121212121193,0.3246897344727388
1.5454545454545459,-0.21212121212121193,0.2962023094210132
1.6060606060606064,-0.21212121212121193,0.2692235941864871
1.666666666666667,-0.21212121212121193,0.24380499032749312
1.7272727272727275,-0.21212121212121193,0.21997678927172787
1.787878787878788,-0.21212121212121193,0.197749740541299
1.8484848484848486,-0.21212121212121193,0.17711680977285185
1.9090909090909092,-0.21212121212121193,0.15805507133970087
1.9696969696969697,-0.21212121212121193,0.1405276825862203
2.0303030303030303,-0.21212121212121193,0.12448589013552724
2.090909090909091,-0.21212121212121193,0.10987102319444475
2.1515151515151514,-0.21212121212121193,0.09661643400908472
2.212121212121212,-0.21212121212121193,0.08464935137429769
2.2727272727272725,-0.21212121212121193,0.07389261913410664
2.333333333333334,-0.21212121212121193,0.06426629770865956
2.3939393939393945,-0.21212121212121193,0.055689112650251046
2.454545454545455,-0.21212121212121193,0.04807973989869373
2.5151515151515156,-0.21212121212121193,0.04135792263787369
2.575757575757576,-0.21212121212121193,0.03544541934600175
2.6363636363636367,-0.21212121212121193,0.030266786709252484
2.6969696969696972,-0.21212121212121193,0.02575000449003035
2.757575757575758,-0.21212121212121193,0.021826952192910174
2.8181818181818183,-0.21212121212121193,0.018433749463908727
2.878787878787879,-0.21212121212121193,0.015510973623499132
2.9393939393939394,-0.21212121212121193,0.013003768618657383
3.0,-0.21212121212121193,0.010861860044613836
-3.0,-0.15151515151515138,0.01098221183994852
-2.9393939393939394,-0.15151515151515138,0.013147853231508596
-2.878787878787879,-0.15151515151515138,0.015682838618565308
-2.8181818181818183,-0.15151515151515138,0.01863799945733701
-2.757575757575758,-0.15151515151515138,0.022068799617965502
-2.696969696969697,-0.15151515151515138,0.026035320196320322
-2.6363636363636362,-0.15151515151515138,0.03060214935473946
-2.5757575757575757,-0.15151515151515138,0.03583816237870156
-2.515151515151515,-0.15151515151515138,0.04181617750585553
-2.4545454545454546,-0.15151515151515138,0.048612473978516715
-2.393939393939394,-0.15151515151515138,0.056306160251723095
-2.333333333333333,-0.15151515151515138,0.06497838240474141
-2.2727272727272725,-0.15151515151515138,0.07471136558621012
-2.212121212121212,-0.15151515151515138,0.08558728478256929
-2.1515151515151514,-0.15151515151515138,0.09768696532177595
-2.090909090909091,-0.15151515151515138,0.11108841826696439
-2.0303030303030303,-0.15151515151515138,0.12586522114422286
-1.9696969696969697,-0.15151515151515138,0.1420847601791931
-1.9090909090909092,-0.15151515151515138,0.15980635625032885
-1.8484848484848484,-0.15151515151515138,0.17907930293263863
-1.7878787878787878,-0.15151515151515138,0.19994085110646567
-1.7272727272727273,-0.15151515151515138,0.22241418041947533
-1.6666666666666665,-0.15151515151515138,0.24650640317731362
-1.606060606060606,-0.15151515151515138,0.2722066507508064
-1.5454545454545454,-0.15151515151515138,0.2994842960765841
-1.4848484848484849,-0.15151515151515138,0.32828736805575637
-1.4242424242424243,-0.15151515151515138,0.3585412144057722
-1.3636363636363635,-0.15151515151515138,0.39014746861136285
-1.303030303030303,-0.15151515151515138,0.42298337391367213
-1.2424242424242424,-0.15151515151515138,0.45690151268959567
-1.1818181818181817,-0.15151515151515138,0.4917299830871499
-1.121212121212121,-0.15151515151515138,0.527273056449286
-1.0606060606060606,-0.15151515151515138,0.5633123390047616
-1.0,-0.15151515151515138,0.5996084497332825
-0.9393939393939394,-0.15151515151515138,0.635903213499781
-0.8787878787878789,-0.15151515151515138,0.6719223548439759
-0.8181818181818183,-0.15151515151515138,0.7073786636096336
-0.7575757575757573,-0.15151515151515138,0.7419755893525868
-0.6969696969696968,-0.15151515151515138,0.7754112076575151
-0.6363636363636362,-0.15151515151515138,0.8073824886132124
-0.5757575757575757,-0.15151515151515138,0.8375897862299719
-0.5151515151515151,-0.15151515151515138,0.865741457988886
-0.4545454545454546,-0.15151515151515138,0.8915585164015727
-0.39393939393939403,-0.15151515151515138,0.9147792097737995
-0.33333333333333304,-0.15151515151515138,0.9351634275676018
-0.2727272727272725,-0.15151515151515138,0.9524968270061605
-0.21212121212121193,-0.15151515151515138,0.9665945819186124
-0.15151515151515138,-0.15151515151515138,0.9773046622194881
-0.09090909090909083,-0.15151515151515138,0.9845105626869372
-0.030303030303030276,-0.15151515151515138,0.9881334125627962
0.030303030303030276,-0.15151515151515138,0.9881334125627962
0.09090909090909083,-0.15151515151515138,0.9845105626869372
0.15151515151515138,-0.15151515151515138,0.9773046622194881
0.21212121212121238,-0.15151515151515138,0.9665945819186123
0.27272727272727293,-0.15151515151515138,0.9524968270061603
0.3333333333333335,-0.15151515151515138,0.9351634275676017
0.39393939393939403,-0.15151515151515138,0.9147792097737995
0.4545454545454546,-0.15151515151515138,0.8915585164015727
0.5151515151515151,-0.15151515151515138,0.865741457988886
0.5757575757575757,-0.15151515151515138,0.8375897862299719
0.6363636363636367,-0.15151515151515138,0.8073824886132122
0.6969696969696972,-0.15151515151515138,0.7754112076575149
0.7575757575757578,-0.15151515151515138,0.7419755893525866
0.8181818181818183,-0.15151515151515138,0.7073786636096336
0.8787878787878789,-0.15151515151515138,0.6719223548439759
0.9393939393939394,-0.15151515151515138,0.635903213499781
1.0,-0.15151515151515138,0.5996084497332825
1.0606060606060606,-0.15151515151515138,0.5633123390047616
1.121212121212121,-0.15151515151515138,0.527273056449286
1.1818181818181817,-0.15151515151515138,0.4917299830871499
1.2424242424242422,-0.15151515151515138,0.45690151268959583
1.3030303030303028,-0.15151515151515138,0.42298337391367224
1.3636363636363633,-0.15151515151515138,0.390147468611363
1.4242424242424248,-0.15151515151515138,0.3585412144057719
1.4848484848484853,-0.15151515151515138,0.32828736805575615
1.5454545454545459,-0.15151515151515138,0.29948429607658394
1.6060606060606064,-0.15151515151515138,0.27220665075080624
1.666666666666667,-0.15151515151515138,0.24650640317731345
1.7272727272727275,-0.15151515151515138,0.22241418041947522
1.787878787878788,-0.15151515151515138,0.1999408511064656
1.8484848484848486,-0.15151515151515138,0.17907930293263855
1.9090909090909092,-0.15151515151515138,0.15980635625032885
1.9696969696969697,-0.15151515151515138,0.1420847601791931
2.0303030303030303,-0.15151515151515138,0.12586522114422286
2.090909090909091,-0.15151515151515138,0.11108841826696439
2.1515151515151514,-0.15151515151515138,0.09768696532177595
2.212121212121212,-0.15151515151515138,0.08558728478256929
2.2727272727272725,-0.15151515151515138,0.07471136558621012
2.333333333333334,-0.15151515151515138,0.06497838240474127
2.3939393939393945,-0.15151515151515138,0.056306160251723046
2.454545454545455,-0.15151515151515138,0.048612473978516646
2.5151515151515156,-0.15151515151515138,0.041816177505855485
2.575757575757576,-0.15151515151515138,0.035838162378701535
2.6363636363636367,-0.15151515151515138,0.03060214935473943
2.6969696969696972,-0.15151515151515138,0.026035320196320287
2.757575757575758,-0.15151515151515138,0.022068799617965502
2.8181818181818183,-0.15151515151515138,0.01863799945733701
2.878787878787879,-0.15151515151515138,0.015682838618565308
2.9393939393939394,-0.15151515151515138,0.013147853231508596
3.0,-0.15151515151515138,0.01098221183994852
-3.0,-0.09090909090909083,0.011063186308290248
-2.9393939393939394,-0.09090909090909083,0.01324479549057009
-2.878787878787879,-0.09090909090909083,0.01579847192975387
-2.8181818181818183,-0.09090909090909083,0.01877542187451543
-2.757575757575758,-0.09090909090909083,0.02223151814334528
-2.696969696969697,-0.09090909090909083,0.026227284824368643
-2.6363636363636362,-0.09090909090909083,0.03082778630385568
-2.5757575757575757,-0.09090909090909083,0.036102405701199096
-2.515151515151515,-0.09090909090909083,0.04212449816028898
-2.4545454545454546,-0.09090909090909083,0.04897090534849516
-2.393939393939394,-0.09090909090909083,0.056721319006370514
-2.333333333333333,-0.09090909090909083,0.06545748352258633
-2.2727272727272725,-0.09090909090909083,0.0752622303114216
-2.212121212121212,-0.09090909090909083,0.086218340255099
-2.1515151515151514,-0.09090909090909083,0.09840723462600422
-2.090909090909091,-0.09090909090909083,0.11190749968145407
-2.0303030303030303,-0.09090909090909083,0.12679325545219286
-1.9696969696969697,-0.09090909090909083,0.14313238501858297
-1.9090909090909092,-0.09090909090909083,0.1609846466460693
-1.8484848484848484,-0.09090909090909083,0.18039969736295083
-1.7878787878787878,-0.09090909090909083,0.20141506270919993
-1.7272727272727273,-0.09090909090909083,0.22405409324155504
-1.6666666666666665,-0.09090909090909083,0.24832395370638874
-1.606060606060606,-0.09090909090909083,0.27421369533753065
-1.5454545454545454,-0.09090909090909083,0.30169246525096516
-1.4848484848484849,-0.09090909090909083,0.33070790915248893
-1.4242424242424243,-0.09090909090909083,0.3611848243304592
-1.3636363636363635,-0.09090909090909083,0.3930241189898191
-1.303030303030303,-0.09090909090909083,0.4261021312568385
-1.2424242424242424,-0.09090909090909083,0.46027035656310294
-1.1818181818181817,-0.09090909090909083,0.49535562558325685
-1.121212121212121,-0.09090909090909083,0.5311607665061607
-1.0606060606060606,-0.09090909090909083,0.5674657752911861
-1.0,-0.09090909090909083,0.6040295059046581
-0.9393939393939394,-0.09090909090909083,0.640591879624635
-0.8787878787878789,-0.09090909090909083,0.6768765986924232
-0.8181818181818183,-0.09090909090909083,0.7125943352827762
-0.7575757575757573,-0.09090909090909083,0.7474463524143421
-0.6969696969696968,-0.09090909090909083,0.7811284995110455
-0.6363636363636362,-0.09090909090909083,0.8133355123498388
-0.5757575757575757,-0.09090909090909083,0.8437655355796355
-0.5151515151515151,-0.09090909090909083,0.8721247763316478
-0.4545454545454546,-0.09090909090909083,0.898132190076173
-0.39393939393939403,-0.09090909090909083,0.9215240951612811
-0.33333333333333304,-0.09090909090909083,0.9420586106567186
-0.2727272727272725,-0.09090909090909083,0.959519813385229
-0.21212121212121193,-0.09090909090909083,0.9737215144084902
-0.15151515151515138,-0.09090909090909083,0.9845105626869372
-0.09090909090909083,-0.09090909090909083,0.9917695939779198
-0.030303030303030276,-0.09090909090909083,0.9954191559903551
0.030303030303030276,-0.09090909090909083,0.9954191559903551
0.09090909090909083,-0.09090909090909083,0.9917695939779198
0.15151515151515138,-0.09090909090909083,0.9845105626869372
0.21212121212121238,-0.09090909090909083,0.9737215144084901
0.27272727272727293,-0.09090909090909083,0.9595198133852288
0.3333333333333335,-0.09090909090909083,0.9420586106567184
0.39393939393939403,-0.09090909090909083,0.9215240951612811
0.4545454545454546,-0.09090909090909083,0.898132190076173
0.5151515151515151,-0.09090909090909083,0.8721247763316478
0.5757575757575757,-0.09090909090909083,0.8437655355796355
0.6363636363636367,-0.09090909090909083,0.8133355123498386
0.6969696969696972,-0.09090909090909083,0.7811284995110452
0.7575757575757578,-0.09090909090909083,0.7474463524143419
0.8181818181818183,-0.09090909090909083,0.7125943352827762
0.8787878787878789,-0.09090909090909083,0.6768765986924232
0.9393939393939394,-0.09090909090909083,0.640591879624635
1.0,-0.09090909090909083,0.6040295059046581
1.0606060606060606,-0.09090909090909083,0.5674657752911861
1.121212121212121,-0.09090909090909083,0.5311607665061607
1.1818181818181817,-0.09090909090909083,0.49535562558325685
1.2424242424242422,-0.09090909090909083,0.4602703565631031
1.3030303030303028,-0.09090909090909083,0.42610213125683866
1.3636363636363633,-0.09090909090909083,0.39302411898981926
1.4242424242424248,-0.09090909090909083,0.36118482433045895
1.4848484848484853,-0.09090909090909083,0.3307079091524887
1.5454545454545459,-0.09090909090909083,0.30169246525096494
1.6060606060606064,-0.09090909090909083,0.2742136953375305
1.666666666666667,-0.09090909090909083,0.24832395370638857
1.7272727272727275,-0.09090909090909083,0.22405409324155492
1.787878787878788,-0.09090909090909083,0.20141506270919984
1.8484848484848486,-0.09090909090909083,0.18039969736295075
1.9090909090909092,-0.09090909090909083,0.1609846466460693
1.9696969696969697,-0.09090909090909083,0.14313238501858297
2.0303030303030303,-0.09090909090909083,0.12679325545219286
2.090909090909091,-0.09090909090909083,0.11190749968145407
2.1515151515151514,-0.09090909090909083,0.09840723462600422
2.212121212121212,-0.09090909090909083,0.086218340255099
2.2727272727272725,-0.09090909090909083,0.0752622303114216
2.333333333333334,-0.09090909090909083,0.0654574835225862
2.3939393939393945,-0.09090909090909083,0.05672131900637046
2.454545454545455,-0.09090909090909083,0.04897090534849509
2.5151515151515156,-0.09090909090909083,0.042124498160288945
2.575757575757576,-0.09090909090909083,0.03610240570119906
2.6363636363636367,-0.09090909090909083,0.030827786303855652
2.6969696969696972,-0.09090909090909083,0.026227284824368608
2.757575757575758,-0.09090909090909083,0.02223151814334528
2.8181818181818183,-0.09090909090909083,0.01877542187451543
2.878787878787879,-0.09090909090909083,0.01579847192975387
2.9393939393939394,-0.09090909090909083,0.01324479549057009
3.0,-0.09090909090909083,0.011063186308290248
-3.0,-0.030303030303030276,0.011103897159613376
-2.9393939393939394,-0.030303030303030276,0.013293534333521487
-2.878787878787879,-0.030303030303030276,0.015856607915530663
-2.8181818181818183,-0.030303030303030276,0.018844512585560358
-2.757575757575758,-0.030303030303030276,0.0223133267656174
-2.696969696969697,-0.030303030303030276,0.026323797263311653
-2.6363636363636362,-0.030303030303030276,0.03094122789200798
-2.5757575757575757,-0.030303030303030276,0.03623525709047807
-2.515151515151515,-0.030303030303030276,0.04227950993844005
-2.4545454545454546,-0.030303030303030276,0.04915111086897051
-2.393939393939394,-0.030303030303030276,0.05693004487616711
-2.333333333333333,-0.030303030303030276,0.06569835715568034
-2.2727272727272725,-0.030303030303030276,0.07553918392885808
-2.212121212121212,-0.030303030303030276,0.08653561069904167
-2.1515151515151514,-0.030303030303030276,0.09876935835657691
-2.090909090909091,-0.030303030303030276,0.1123193023443144
-2.0303030303030303,-0.030303030303030276,0.12725983544349437
-1.9696969696969697,-0.030303030303030276,0.14365909053394155
-1.9090909090909092,-0.030303030303030276,0.16157704578247387
-1.8484848484848484,-0.030303030303030276,0.1810635409477395
-1.7878787878787878,-0.030303030303030276,0.20215623965801874
-1.7272727272727273,-0.030303030303030276,0.224878578396565
-1.6666666666666665,-0.030303030303030276,0.24923774827493325
-1.606060606060606,-0.030303030303030276,0.2752227602371506
-1.5454545454545454,-0.030303030303030276,0.3028026478652574
-1.4848484848484849,-0.030303030303030276,0.33192486420917094
-1.4242424242424243,-0.030303030303030276,0.36251392982265074
-1.3636363636363635,-0.030303030303030276,0.3944703882678305
-1.303030303030303,-0.030303030303030276,0.4276701226139997
-1.2424242424242424,-0.030303030303030276,0.4619640818184067
-1.1818181818181817,-0.030303030303030276,0.4971784593187858
-1.121212121212121,-0.030303030303030276,0.5331153577415723
-1.0606060606060606,-0.030303030303030276,0.5695539634645634
-1.0,-0.030303030303030276,0.606252243073175
-0.9393939393939394,-0.030303030303030276,0.642949160795129
-0.8787878787878789,-0.030303030303030276,0.679367402137794
-0.8181818181818183,-0.030303030303030276,0.7152165745933134
-0.7575757575757573,-0.030303030303030276,0.7501968418734548
-0.6969696969696968,-0.030303030303030276,0.784002934174052
-0.6363636363636362,-0.030303030303030276,0.8163284639459155
-0.5757575757575757,-0.030303030303030276,0.8468704650559491
-0.5151515151515151,-0.030303030303030276,0.87533406352207
-0.4545454545454546,-0.030303030303030276,0.9014371806132395
-0.39393939393939403,-0.030303030303030276,0.9249151643689536
-0.33333333333333304,-0.030303030303030276,0.9455252437737416
-0.2727272727272725,-0.030303030303030276,0.9630507010857322
-0.21212121212121193,-0.030303030303030276,0.9773046622194881
-0.15151515151515138,-0.030303030303030276,0.9881334125627962
-0.09090909090909083,-0.030303030303030276,0.9954191559903551
-0.030303030303030276,-0.030303030303030276,0.9990821478386752
0.030303030303030276,-0.030303030303030276,0.9990821478386752
0.09090909090909083,-0.030303030303030276,0.9954191559903551
0.15151515151515138,-0.030303030303030276,0.9881334125627962
0.21212121212121238,-0.030303030303030276,0.977304662219488
0.27272727272727293,-0.030303030303030276,0.9630507010857321
0.3333333333333335,-0.030303030303030276,0.9455252437737415
0.39393939393939403,-0.030303030303030276,0.9249151643689536
0.4545454545454546,-0.030303030303030276,0.9014371806132395
0.5151515151515151,-0.030303030303030276,0.87533406352207
0.5757575757575757,-0.030303030303030276,0.8468704650559491
0.6363636363636367,-0.030303030303030276,0.8163284639459153
0.6969696969696972,-0.030303030303030276,0.7840029341740518
0.7575757575757578,-0.030303030303030276,0.7501968418734545
0.8181818181818183,-0.030303030303030276,0.7152165745933134
0.8787878787878789,-0.030303030303030276,0.679367402137794
0.9393939393939394,-0.030303030303030276,0.642949160795129
1.0,-0.030303030303030276,0.606252243073175
1.0606060606060606,-0.030303030303030276,0.5695539634645634
1.121212121212121,-0.030303030303030276,0.5331153577415723
1.1818181818181817,-0.030303030303030276,0.4971784593187858
1.2424242424242422,-0.030303030303030276,0.46196408181840687
1.3030303030303028,-0.030303030303030276,0.4276701226139999
1.3636363636363633,-0.030303030303030276,0.39447038826783065
1.4242424242424248,-0.030303030303030276,0.36251392982265046
1.4848484848484853,-0.030303030303030276,0.3319248642091707
1.5454545454545459,-0.030303030303030276,0.3028026478652572
1.6060606060606064,-0.030303030303030276,0.27522276023715037
1.666666666666667,-0.030303030303030276,0.24923774827493309
1.7272727272727275,-0.030303030303030276,0.2248785783965649
1.787878787878788,-0.030303030303030276,0.20215623965801863
1.8484848484848486,-0.030303030303030276,0.1810635409477394
1.9090909090909092,-0.030303030303030276,0.16157704578247387
1.9696969696969697,-0.030303030303030276,0.14365909053394155
2.0303030303030303,-0.030303030303030276,0.12725983544349437
2.090909090909091,-0.030303030303030276,0.1123193023443144
2.1515151515151514,-0.030303030303030276,0.09876935835657691
2.212121212121212,-0.030303030303030276,0.08653561069904167
2.2727272727272725,-0.030303030303030276,0.07553918392885808
2.333333333333334,-0.030303030303030276,0.06569835715568019
2.3939393939393945,-0.030303030303030276,0.05693004487616706
2.454545454545455,-0.030303030303030276,0.04915111086897044
2.5151515151515156,-0.030303030303030276,0.04227950993844001
2.575757575757576,-0.030303030303030276,0.03623525709047804
2.6363636363636367,-0.030303030303030276,0.030941227892007952
2.6969696969696972,-0.030303030303030276,0.02632379726331162
2.757575757575758,-0.030303030303030276,0.0223133267656174
2.8181818181818183,-0.030303030303030276,0.018844512585560358
2.878787878787879,-0.030303030303030276,0.015856607915530663
2.9393939393939394,-0.030303030303030276,0.013293534333521487
3.0,-0.030303030303030276,0.011103897159613376
-3.0,0.030303030303030276,0.011103897159613376
-2.9393939393939394,0.030303030303030276,0.013293534333521487
-2.878787878787879,0.030303030303030276,0.015856607915530663
-2.8181818181818183,0.030303030303030276,0.018844512585560358
-2.757575757575758,0.030303030303030276,0.0223133267656174
-2.696969696969697,0.030303030303030276,0.026323797263311653
-2.6363636363636362,0.030303030303030276,0.03094122789200798
-2.5757575757575757,0.030303030303030276,0.03623525709047807
-2.515151515151515,0.030303030303030276,0.04227950993844005
-2.4545454545454546,0.030303030303030276,0.04915111086897051
-2.393939393939394,0.030303030303030276,0.05693004487616711
-2.333333333333333,0.030303030303030276,0.06569835715568034
-2.2727272727272725,0.030303030303030276,0.07553918392885808
-2.212121212121212,0.030303030303030276,0.08653561069904167
-2.1515151515151514,0.030303030303030276,0.09876935835657691
-2.090909090909091,0.030303030303030276,0.1123193023443144
-2.0303030303030303,0.030303030303030276,0.12725983544349437
-1.9696969696969697,0.030303030303030276,0.14365909053394155
-1.9090909090909092,0.030303030303030276,0.16157704578247387
-1.8484848484848484,0.030303030303030276,0.1810635409477395
-1.7878787878787878,0.030303030303030276,0.20215623965801874
-1.7272727272727273,0.030303030303030276,0.224878578396565
-1.6666666666666665,0.030303030303030276,0.24923774827493325
-1.606060606060606,0.030303030303030276,0.2752227602371506
-1.5454545454545454,0.030303030303030276,0.3028026478652574
-1.4848484848484849,0.030303030303030276,0.33192486420917094
-1.4242424242424243,0.030303030303030276,0.36251392982265074
-1.3636363636363635,0.030303030303030276,0.3944703882678305
-1.303030303030303,0.030303030303030276,0.4276701226139997
-1.2424242424242424,0.030303030303030276,0.4619640818184067
-1.1818181818181817,0.030303030303030276,0.4971784593187858
-1.121212121212121,0.030303030303030276,0.5331153577415723
-1.0606060606060606,0.030303030303030276,0.5695539634645634
-1.0,0.030303030303030276,0.606252243073175
-0.9393939393939394,0.030303030303030276,0.642949160795129
-0.8787878787878789,0.030303030303030276,0.679367402137794
-0.8181818181818183,0.030303030303030276,0.7152165745933134
-0.7575757575757573,0.030303030303030276,0.7501968418734548
-0.6969696969696968,0.030303030303030276,0.784002934174052
-0.6363636363636362,0.030303030303030276,0.8163284639459155
-0.5757575757575757,0.030303030303030276,0.8468704650559491
-0.5151515151515151,0.030303030303030276,0.87533406352207
-0.4545454545454546,0.030303030303030276,0.9014371806132395
-0.39393939393939403,0.030303030303030276,0.9249151643689536
-0.33333333333333304,0.030303030303030276,0.9455252437737416
-0.2727272727272725,0.030303030303030276,0.9630507010857322
-0.21212121212121193,0.030303030303030276,0.9773046622194881
-0.15151515151515138,0.030303030303030276,0.9881334125627962
-0.09090909090909083,0.030303030303030276,0.9954191559903551
-0.030303030303030276,0.030303030303030276,0.9990821478386752
0.030303030303030276,0.030303030303030276,0.9990821478386752
0.09090909090909083,0.030303030303030276,0.9954191559903551
0.15151515151515138,0.030303030303030276,0.9881334125627962
0.21212121212121238,0.030303030303030276,0.977304662219488
0.27272727272727293,0.030303030303030276,0.9630507010857321
0.3333333333333335,0.030303030303030276,0.9455252437737415
0.39393939393939403,0.030303030303030276,0.9249151643689536
0.4545454545454546,0.030303030303030276,0.9014371806132395
0.5151515151515151,0.030303030303030276,0.87533406352207
0.5757575757575757,0.030303030303030276,0.8468704650559491
0.6363636363636367,0.030303030303030276,0.8163284639459153
0.6969696969696972,0.030303030303030276,0.7840029341740518
0.7575757575757578,0.030303030303030276,0.7501968418734545
0.8181818181818183,0.030303030303030276,0.7152165745933134
0.8787878787878789,0.030303030303030276,0.679367402137794
0.9393939393939394,0.030303030303030276,0.642949160795129
1.0,0.030303030303030276,0.606252243073175
1.0606060606060606,0.030303030303030276,0.5695539634645634
1.121212121212121,0.030303030303030276,0.5331153577415723
1.1818181818181817,0.030303030303030276,0.4971784593187858
1.2424242424242422,0.030303030303030276,0.46196408181840687
1.3030303030303028,0.030303030303030276,0.4276701226139999
1.3636363636363633,0.030303030303030276,0.39447038826783065
1.4242424242424248,0.030303030303030276,0.36251392982265046
1.4848484848484853,0.030303030303030276,0.3319248642091707
1.5454545454545459,0.030303030303030276,0.3028026478652572
1.6060606060606064,0.030303030303030276,0.27522276023715037
1.666666666666667,0.030303030303030276,0.24923774827493309
1.7272727272727275,0.030303030303030276,0.2248785783965649
1.787878787878788,0.030303030303030276,0.20215623965801863
1.8484848484848486,0.030303030303030276,0.1810635409477394
1.9090909090909092,0.030303030303030276,0.16157704578247387
1.9696969696969697,0.030303030303030276,0.14365909053394155
2.0303030303030303,0.030303030303030276,0.12725983544349437
2.090909090909091,0.030303030303030276,0.1123193023443144
2.1515151515151514,0.030303030303030276,0.09876935835657691
2.212121212121212,0.030303030303030276,0.08653561069904167
2.2727272727272725,0.030303030303030276,0.07553918392885808
2.333333333333334,0.030303030303030276,0.06569835715568019
2.3939393939393945,0.030303030303030276,0.05693004487616706
2.454545454545455,0.030303030303030276,0.04915111086897044
2.5151515151515156,0.030303030303030276,0.04227950993844001
2.575757575757576,0.030303030303030276,0.03623525709047804
2.6363636363636367,0.030303030303030276,0.030941227892007952
2.6969696969696972,0.030303030303030276,0.02632379726331162
2.757575757575758,0.030303030303030276,0.0223133267656174
2.8181818181818183,0.030303030303030276,0.018844512585560358
2.878787878787879,0.030303030303030276,0.015856607915530663
2.9393939393939394,0.030303030303030276,0.013293534333521487
3.0,0.030303030303030276,0.011103897159613376
-3.0,0.09090909090909083,0.011063186308290248
-2.9393939393939394,0.09090909090909083,0.01324479549057009
-2.878787878787879,0.09090909090909083,0.01579847192975387
-2.8181818181818183,0.09090909090909083,0.01877542187451543
-2.757575757575758,0.09090909090909083,0.02223151814334528
-2.696969696969697,0.09090909090909083,0.026227284824368643
-2.6363636363636362,0.09090909090909083,0.03082778630385568
-2.5757575757575757,0.09090909090909083,0.036102405701199096
-2.515151515151515,0.09090909090909083,0.04212449816028898
-2.4545454545454546,0.09090909090909083,0.04897090534849516
-2.393939393939394,0.09090909090909083,0.056721319006370514
-2.333333333333333,0.09090909090909083,0.06545748352258633
-2.2727272727272725,0.09090909090909083,0.0752622303114216
-2.212121212121212,0.09090909090909083,0.086218340255099
-2.1515151515151514,0.09090909090909083,0.09840723462600422
-2.090909090909091,0.09090909090909083,0.11190749968145407
-2.0303030303030303,0.09090909090909083,0.12679325545219286
-1.9696969696969697,0.09090909090909083,0.14313238501858297
-1.9090909090909092,0.09090909090909083,0.1609846466460693
-1.8484848484848484,0.09090909090909083,0.18039969736295083
-1.7878787878787878,0.09090909090909083,0.20141506270919993
-1.7272727272727273,0.09090909090909083,0.22405409324155504
-1.6666666666666665,0.09090909090909083,0.24832395370638874
-1.606060606060606,0.09090909090909083,0.27421369533753065
-1.5454545454545454,0.09090909090909083,0.30169246525096516
-1.4848484848484849,0.09090909090909083,0.33070790915248893
-1.4242424242424243,0.09090909090909083,0.3611848243304592
-1.3636363636363635,0.09090909090909083,0.3930241189898191
-1.303030303030303,0.09090909090909083,0.4261021312568385
-1.2424242424242424,0.09090909090909083,0.46027035656310294
-1.1818181818181817,0.09090909090909083,0.49535562558325685
-1.121212121212121,0.09090909090909083,0.5311607665061607
-1.0606060606060606,0.09090909090909083,0.5674657752911861
-1.0,0.09090909090909083,0.6040295059046581
-0.9393939393939394,0.09090909090909083,0.640591879624635
-0.8787878787878789,0.09090909090909083,0.6768765986924232
-0.8181818181818183,0.09090909090909083,0.7125943352827762
-0.7575757575757573,0.09090909090909083,0.7474463524143421
-0.6969696969696968,0.09090909090909083,0.7811284995110455
-0.6363636363636362,0.09090909090909083,0.8133355123498388
-0.5757575757575757,0.09090909090909083,0.8437655355796355
-0.5151515151515151,0.09090909090909083,0.8721247763316478
-0.4545454545454546,0.09090909090909083,0.898132190076173
-0.39393939393939403,0.09090909090909083,0.9215240951612811
-0.33333333333333304,0.09090909090909083,0.9420586106567186
-0.2727272727272725,0.09090909090909083,0.959519813385229
-0.21212121212121193,0.09090909090909083,0.9737215144084902
-0.15151515151515138,0.09090909090909083,0.9845105626869372
-0.09090909090909083,0.09090909090909083,0.9917695939779198
-0.030303030303030276,0.09090909090909083,0.9954191559903551
0.030303030303030276,0.09090909090909083,0.9954191559903551
0.09090909090909083,0.09090909090909083,0.9917695939779198
0.15151515151515138,0.09090909090909083,0.9845105626869372
0.21212121212121238,0.09090909090909083,0.9737215144084901
0.27272727272727293,0.09090909090909083,0.9595198133852288
0.3333333333333335,0.09090909090909083,0.9420586106567184
0.39393939393939403,0.09090909090909083,0.9215240951612811
0.4545454545454546,0.09090909090909083,0.898132190076173
0.5151515151515151,0.09090909090909083,0.8721247763316478
0.5757575757575757,0.09090909090909083,0.8437655355796355
0.6363636363636367,0.09090909090909083,0.8133355123498386
0.6969696969696972,0.09090909090909083,0.7811284995110452
0.7575757575757578,0.09090909090909083,0.7474463524143419
0.8181818181818183,0.09090909090909083,0.7125943352827762
0.8787878787878789,0.09090909090909083,0.6768765986924232
0.9393939393939394,0.09090909090909083,0.640591879624635
1.0,0.09090909090909083,0.6040295059046581
1.0606060606060606,0.09090909090909083,0.5674657752911861
1.121212121212121,0.09090909090909083,0.5311607665061607
1.1818181818181817,0.09090909090909083,0.49535562558325685
1.2424242424242422,0.09090909090909083,0.4602703565631031
1.3030303030303028,0.09090909090909083,0.42610213125683866
1.3636363636363633,0.09090909090909083,0.39302411898981926
1.4242424242424248,0.09090909090909083,0.36118482433045895
1.4848484848484853,0.09090909090909083,0.3307079091524887
1.5454545454545459,0.09090909090909083,0.30169246525096494
1.6060606060606064,0.09090909090909083,0.2742136953375305
1.666666666666667,0.09090909090909083,0.24832395370638857
1.7272727272727275,0.09090909090909083,0.22405409324155492
1.787878787878788,0.09090909090909083,0.20141506270919984
1.8484848484848486,0.09090909090909083,0.18039969736295075
1.9090909090909092,0.09090909090909083,0.1609846466460693
1.9696969696969697,0.09090909090909083,0.14313238501858297
2.0303030303030303,0.09090909090909083,0.12679325545219286
2.090909090909091,0.09090909090909083,0.11190749968145407
2.1515151515151514,0.09090909090909083,0.09840723462600422
2.212121212121212,0.09090909090909083,0.086218340255099
2.2727272727272725,0.09090909090909083,0.0752622303114216
2.333333333333334,0.09090909090909083,0.0654574835225862
2.3939393939393945,0.09090909090909083,0.05672131900637046
2.454545454545455,0.09090909090909083,0.04897090534849509
2.5151515151515156,0.09090909090909083,0.042124498160288945
2.575757575757576,0.09090909090909083,0.03610240570119906
2.6363636363636367,0.09090909090909083,0.030827786303855652
2.6969696969696972,0.09090909090909083,0.026227284824368608
2.757575757575758,0.09090909090909083,0.02223151814334528
2.8181818181818183,0.09090909090909083,0.01877542187451543
2.878787878787879,0.09090909090909083,0.01579847192975387
2.9393939393939394,0.09090909090909083,0.01324479549057009
3.0,0.09090909090909083,0.011063186308290248
-3.0,0.15151515151515138,0.01098221183994852
-2.9393939393939394,0.15151515151515138,0.013147853231508596
-2.878787878787879,0.15151515151515138,0.015682838618565308
-2.8181818181818183,0.15151515151515138,0.01863799945733701
-2.757575757575758,0.15151515151515138,0.022068799617965502
-2.696969696969697,0.15151515151515138,0.026035320196320322
-2.6363636363636362,0.15151515151515138,0.03060214935473946
-2.5757575757575757,0.15151515151515138,0.03583816237870156
-2.515151515151515,0.15151515151515138,0.04181617750585553
-2.4545454545454546,0.15151515151515138,0.048612473978516715
-2.393939393939394,0.15151515151515138,0.056306160251723095
-2.333333333333333,0.15151515151515138,0.06497838240474141
-2.2727272727272725,0.15151515151515138,0.07471136558621012
-2.212121212121212,0.15151515151515138,0.08558728478256929
-2.1515151515151514,0.15151515151515138,0.09768696532177595
-2.090909090909091,0.15151515151515138,0.11108841826696439
-2.0303030303030303,0.15151515151515138,0.12586522114422286
-1.9696969696969697,0.15151515151515138,0.1420847601791931
-1.9090909090909092,0.15151515151515138,0.15980635625032885
-1.8484848484848484,0.15151515151515138,0.17907930293263863
-1.7878787878787878,0.15151515151515138,0.19994085110646567
-1.7272727272727273,0.15151515151515138,0.22241418041947533
-1.6666666666666665,0.15151515151515138,0.24650640317731362
-1.606060606060606,0.15151515151515138,0.2722066507508064
-1.5454545454545454,0.15151515151515138,0.2994842960765841
-1.4848484848484849,0.15151515151515138,0.32828736805575637
-1.4242424242424243,0.15151515151515138,0.3585412144057722
-1.3636363636363635,0.15151515151515138,0.39014746861136285
-1.303030303030303,0.15151515151515138,0.42298337391367213
-1.2424242424242424,0.15151515151515138,0.45690151268959567
-1.1818181818181817,0.15151515151515138,0.4917299830871499
-1.121212121212121,0.15151515151515138,0.527273056449286
-1.0606060606060606,0.15151515151515138,0.5633123390047616
-1.0,0.15151515151515138,0.5996084497332825
-0.9393939393939394,0.15151515151515138,0.635903213499781
-0.8787878787878789,0.15151515151515138,0.6719223548439759
-0.8181818181818183,0.15151515151515138,0.7073786636096336
-0.7575757575757573,0.15151515151515138,0.7419755893525868
-0.6969696969696968,0.15151515151515138,0.7754112076575151
-0.6363636363636362,0.15151515151515138,0.8073824886132124
-0.5757575757575757,0.15151515151515138,0.8375897862299719
-0.5151515151515151,0.15151515151515138,0.865741457988886
-0.4545454545454546,0.15151515151515138,0.8915585164015727
-0.39393939393939403,0.15151515151515138,0.9147792097737995
-0.33333333333333304,0.15151515151515138,0.9351634275676018
-0.2727272727272725,0.15151515151515138,0.9524968270061605
-0.21212121212121193,0.15151515151515138,0.9665945819186124
-0.15151515151515138,0.15151515151515138,0.9773046622194881
-0.09090909090909083,0.15151515151515138,0.9845105626869372
-0.030303030303030276,0.15151515151515138,0.9881334125627962
0.030303030303030276,0.15151515151515138,0.9881334125627962
0.09090909090909083,0.15151515151515138,0.9845105626869372
0.15151515151515138,0.15151515151515138,0.9773046622194881
0.21212121212121238,0.15151515151515138,0.9665945819186123
0.27272727272727293,0.15151515151515138,0.9524968270061603
0.3333333333333335,0.15151515151515138,0.9351634275676017
0.39393939393939403,0.15151515151515138,0.9147792097737995
0.4545454545454546,0.15151515151515138,0.8915585164015727
0.5151515151515151,0.15151515151515138,0.865741457988886
0.5757575757575757,0.15151515151515138,0.8375897862299719
0.6363636363636367,0.15151515151515138,0.8073824886132122
0.6969696969696972,0.15151515151515138,0.7754112076575149
0.7575757575757578,0.15151515151515138,0.7419755893525866
0.8181818181818183,0.15151515151515138,0.7073786636096336
0.8787878787878789,0.15151515151515138,0.6719223548439759
0.9393939393939394,0.15151515151515138,0.635903213499781
1.0,0.15151515151515138,0.5996084497332825
1.0606060606060606,0.15151515151515138,0.5633123390047616
1.121212121212121,0.15151515151515138,0.527273056449286
1.1818181818181817,0.15151515151515138,0.4917299830871499
1.2424242424242422,0.15151515151515138,0.45690151268959583
1.3030303030303028,0.15151515151515138,0.42298337391367224
1.3636363636363633,0.15151515151515138,0.390147468611363
1.4242424242424248,0.15151515151515138,0.3585412144057719
1.4848484848484853,0.15151515151515138,0.32828736805575615
1.5454545454545459,0.15151515151515138,0.29948429607658394
1.6060606060606064,0.15151515151515138,0.27220665075080624
1.666666666666667,0.15151515151515138,0.24650640317731345
1.7272727272727275,0.15151515151515138,0.22241418041947522
1.787878787878788,0.15151515151515138,0.1999408511064656
1.8484848484848486,0.15151515151515138,0.17907930293263855
1.9090909090909092,0.15151515151515138,0.15980635625032885
1.9696969696969697,0.15151515151515138,0.1420847601791931
2.0303030303030303,0.15151515151515138,0.12586522114422286
2.090909090909091,0.15151515151515138,0.11108841826696439
2.1515151515151514,0.15151515151515138,0.09768696532177595
2.212121212121212,0.15151515151515138,0.08558728478256929
2.2727272727272725,0.15151515151515138,0.07471136558621012
2.333333333333334,0.15151515151515138,0.06497838240474127
2.3939393939393945,0.15151515151515138,0.056306160251723046
2.454545454545455,0.15151515151515138,0.048612473978516646
2.5151515151515156,0.15151515151515138,0.041816177505855485
2.575757575757576,0.15151515151515138,0.035838162378701535
2.6363636363636367,0.15151515151515138,0.03060214935473943
2.6969696969696972,0.15151515151515138,0.026035320196320287
2.757575757575758,0.15151515151515138,0.022068799617965502
2.8181818181818183,0.15151515151515138,0.01863799945733701
2.878787878787879,0.15151515151515138,0.015682838618565308
2.9393939393939394,0.15151515151515138,0.013147853231508596
3.0,0.15151515151515138,0.01098221183994852
-3.0,0.21212121212121238,0.010861860044613836
-2.9393939393939394,0.21212121212121238,0.013003768618657383
-2.878787878787879,0.21212121212121238,0.015510973623499132
-2.8181818181818183,0.21212121212121238,0.018433749463908727
-2.757575757575758,0.21212121212121238,0.021826952192910174
-2.696969696969697,0.21212121212121238,0.02575000449003038
-2.6363636363636362,0.21212121212121238,0.03026678670925251
-2.5757575757575757,0.21212121212121238,0.03544541934600178
-2.515151515151515,0.21212121212121238,0.041357922637873724
-2.4545454545454546,0.21212121212121238,0.04807973989869379
-2.393939393939394,0.21212121212121238,0.055689112650251095
-2.333333333333333,0.21212121212121238,0.06426629770865971
-2.2727272727272725,0.21212121212121238,0.07389261913410664
-2.212121212121212,0.21212121212121238,0.08464935137429769
-2.1515151515151514,0.21212121212121238,0.09661643400908472
-2.090909090909091,0.21212121212121238,0.10987102319444475
-2.0303030303030303,0.21212121212121238,0.12448589013552724
-1.9696969696969697,0.21212121212121238,0.14052768258622028
-1.9090909090909092,0.21212121212121238,0.15805507133970084
-1.8484848484848484,0.21212121212121238,0.1771168097728519
-1.7878787878787878,0.21212121212121238,0.19774974054129907
-1.7272727272727273,0.21212121212121238,0.2199767892717279
-1.6666666666666665,0.21212121212121238,0.24380499032749323
-1.606060606060606,0.21212121212121238,0.2692235941864872
-1.5454545454545454,0.21212121212121238,0.29620230942101333
-1.4848484848484849,0.21212121212121238,0.32468973447273897
-1.4242424242424243,0.21212121212121238,0.3546120351580864
-1.3636363636363635,0.21212121212121238,0.38587192294014755
-1.303030303030303,0.21212121212121238,0.4183479863260773
-1.2424242424242424,0.21212121212121238,0.45189442321210976
-1.1818181818181817,0.21212121212121238,0.4863412155832158
-1.121212121212121,0.21212121212121238,0.5214947797323457
-1.0606060606060606,0.21212121212121238,0.5571391152205696
-1.0,0.21212121212121238,0.593037464354841
-0.9393939393939394,0.21212121212121238,0.6289344812881689
-0.8787878787878789,0.21212121212121238,0.6645588962884938
-0.8181818181818183,0.21212121212121238,0.6996266466764699
-0.7575757575757573,0.21212121212121238,0.7338444318431067
-0.6969696969696968,0.21212121212121238,0.7669136361005037
-0.6363636363636362,0.21212121212121238,0.7985345503797749
-0.5757575757575757,0.21212121212121238,0.8284108124498369
-0.5151515151515151,0.21212121212121238,0.856253975842018
-0.4545454545454546,0.21212121212121238,0.8817881104343022
-0.39393939393939403,0.21212121212121238,0.9047543330153085
-0.33333333333333304,0.21212121212121238,0.9249151643689537
-0.2727272727272725,0.21212121212121238,0.9420586106567185
-0.21212121212121193,0.21212121212121238,0.9560018711796403
-0.15151515151515138,0.21212121212121238,0.9665945819186123
-0.09090909090909083,0.21212121212121238,0.9737215144084901
-0.030303030303030276,0.21212121212121238,0.977304662219488
0.030303030303030276,0.21212121212121238,0.977304662219488
0.09090909090909083,0.21212121212121238,0.9737215144084901
0.15151515151515138,0.21212121212121238,0.9665945819186123
0.21212121212121238,0.21212121212121238,0.9560018711796402
0.27272727272727293,0.21212121212121238,0.9420586106567184
0.3333333333333335,0.21212121212121238,0.9249151643689535
0.39393939393939403,0.21212121212121238,0.9047543330153085
0.4545454545454546,0.21212121212121238,0.8817881104343022
0.5151515151515151,0.21212121212121238,0.856253975842018
0.5757575757575757,0.21212121212121238,0.8284108124498369
0.6363636363636367,0.21212121212121238,0.7985345503797747
0.6969696969696972,0.21212121212121238,0.7669136361005034
0.7575757575757578,0.21212121212121238,0.7338444318431064
0.8181818181818183,0.21212121212121238,0.6996266466764699
0.8787878787878789,0.21212121212121238,0.6645588962884938
0.9393939393939394,0.21212121212121238,0.6289344812881689
1.0,0.21212121212121238,0.593037464354841
1.0606060606060606,0.21212121212121238,0.5571391152205696
1.121212121212121,0.21212121212121238,0.5214947797323457
1.1818181818181817,0.21212121212121238,0.4863412155832158
1.2424242424242422,0.21212121212121238,0.4518944232121099
1.3030303030303028,0.21212121212121238,0.41834798632607745
1.3636363636363633,0.21212121212121238,0.38587192294014766
1.4242424242424248,0.21212121212121238,0.35461203515808615
1.4848484848484853,0.21212121212121238,0.32468973447273874
1.5454545454545459,0.21212121212121238,0.29620230942101317
1.6060606060606064,0.21212121212121238,0.26922359418648706
1.666666666666667,0.21212121212121238,0.24380499032749306
1.7272727272727275,0.21212121212121238,0.2199767892717278
1.787878787878788,0.21212121212121238,0.19774974054129899
1.8484848484848486,0.21212121212121238,0.17711680977285182
1.9090909090909092,0.21212121212121238,0.15805507133970084
1.9696969696969697,0.21212121212121238,0.14052768258622028
2.0303030303030303,0.21212121212121238,0.12448589013552724
2.090909090909091,0.21212121212121238,0.10987102319444475
2.1515151515151514,0.21212121212121238,0.09661643400908472
2.212121212121212,0.21212121212121238,0.08464935137429769
2.2727272727272725,0.21212121212121238,0.07389261913410664
2.333333333333334,0.21212121212121238,0.06426629770865956
2.3939393939393945,0.21212121212121238,0.055689112650251046
2.454545454545455,0.21212121212121238,0.04807973989869373
2.5151515151515156,0.21212121212121238,0.04135792263787369
2.575757575757576,0.21212121212121238,0.03544541934600175
2.6363636363636367,0.21212121212121238,0.030266786709252484
2.6969696969696972,0.21212121212121238,0.02575000449003035
2.757575757575758,0.21212121212121238,0.021826952192910174
2.8181818181818183,0.21212121212121238,0.018433749463908727
2.878787878787879,0.21212121212121238,0.015510973623499132
2.9393939393939394,0.21212121212121238,0.013003768618657383
3.0,0.21212121212121238,0.010861860044613836
-3.0,0.27272727272727293,0.010703440119997281
-2.9393939393939394,0.27272727272727293,0.012814109017462248
-2.878787878787879,0.27272727272727293,0.015284746507510593
-2.8181818181818183,0.27272727272727293,0.018164893744126085
-2.757575757575758,0.27272727272727293,0.02150860670633536
-2.696969696969697,0.27272727272727293,0.025374441395548276
-2.6363636363636362,0.27272727272727293,0.029825346472573806
-2.5757575757575757,0.27272727272727293,0.034928448897318776
-2.515151515151515,0.27272727272727293,0.04075471849422998
-2.4545454545454546,0.27272727272727293,0.04737849823851314
-2.393939393939394,0.27272727272727293,0.054876888501552853
-2.333333333333333,0.27272727272727293,0.06332897555604737
-2.2727272727272725,0.27272727272727293,0.07281489735304299
-2.212121212121212,0.27272727272727293,0.08341474295470137
-2.1515151515151514,0.27272727272727293,0.0952072860243406
-2.090909090909091,0.27272727272727293,0.10826855739756316
-2.0303030303030303,0.27272727272727293,0.12267026691352902
-1.9696969696969697,0.27272727272727293,0.13847809027050198
-1.9090909090909092,0.27272727272727293,0.15574984254978322
-1.8484848484848484,0.27272727272727293,0.17453356606161904
-1.7878787878787878,0.27272727272727293,0.19486556611253436
-1.7272727272727273,0.27272727272727293,0.21676843395959147
-1.6666666666666665,0.27272727272727293,0.2402491013701526
-1.606060606060606,0.27272727272727293,0.2652969756035889
-1.5454545454545454,0.27272727272727293,0.2918822070318286
-1.4848484848484849,0.27272727272727293,0.31995414378682807
-1.4242424242424243,0.27272727272727293,0.3494400285545098
-1.3636363636363635,0.27272727272727293,0.3802439917485523
-1.303030303030303,0.27272727272727293,0.41224639265933416
-1.2424242424242424,0.27272727272727293,0.4453035557026904
-1.1818181818181817,0.27272727272727293,0.47924794257158054
-1.121212121212121,0.27272727272727293,0.5138887929719018
-1.0606060606060606,0.27272727272727293,0.5490132568250781
-1.0,0.27272727272727293,0.5843880295423867
-0.9393939393939394,0.27272727272727293,0.6197614894888653
-0.8787878787878789,0.27272727272727293,0.6548663233939009
-0.8181818181818183,0.27272727272727293,0.689422611624372
-0.7575757575757573,0.27272727272727293,0.7231413313524578
-0.6969696969696968,0.27272727272727293,0.7557282221917047
-0.6363636363636362,0.27272727272727293,0.7868879463216044
-0.5757575757575757,0.27272727272727293,0.8163284639459154
-0.5151515151515151,0.27272727272727293,0.8437655355796354
-0.4545454545454546,0.27272727272727293,0.8689272555338518
-0.39393939393939403,0.27272727272727293,0.8915585164015726
-0.33333333333333304,0.27272727272727293,0.911425302594432
-0.2727272727272725,0.27272727272727293,0.9283187121981095
-0.21212121212121193,0.27272727272727293,0.9420586106567185
-0.15151515151515138,0.27272727272727293,0.9524968270061603
-0.09090909090909083,0.27272727272727293,0.9595198133852288
-0.030303030303030276,0.27272727272727293,0.9630507010857321
0.030303030303030276,0.27272727272727293,0.9630507010857321
0.09090909090909083,0.27272727272727293,0.9595198133852288
0.15151515151515138,0.27272727272727293,0.9524968270061603
0.21212121212121238,0.27272727272727293,0.9420586106567184
0.27272727272727293,0.27272727272727293,0.9283187121981094
0.3333333333333335,0.27272727272727293,0.9114253025944319
0.39393939393939403,0.27272727272727293,0.8915585164015726
0.4545454545454546,0.27272727272727293,0.8689272555338518
0.5151515151515151,0.27272727272727293,0.8437655355796354
0.5757575757575757,0.27272727272727293,0.8163284639459154
0.6363636363636367,0.27272727272727293,0.7868879463216042
0.6969696969696972,0.27272727272727293,0.7557282221917044
0.7575757575757578,0.27272727272727293,0.7231413313524576
0.8181818181818183,0.27272727272727293,0.689422611624372
0.8787878787878789,0.27272727272727293,0.6548663233939009
0.9393939393939394,0.27272727272727293,0.6197614894888653
1.0,0.27272727272727293,0.5843880295423867
1.0606060606060606,0.27272727272727293,0.5490132568250781
1.121212121212121,0.27272727272727293,0.5138887929719018
1.1818181818181817,0.27272727272727293,0.47924794257158054
1.2424242424242422,0.27272727272727293,0.44530355570269053
1.3030303030303028,0.27272727272727293,0.41224639265933427
1.3636363636363633,0.27272727272727293,0.3802439917485524
1.4242424242424248,0.27272727272727293,0.34944002855450956
1.4848484848484853,0.27272727272727293,0.31995414378682785
1.5454545454545459,0.27272727272727293,0.2918822070318284
1.6060606060606064,0.27272727272727293,0.2652969756035887
1.666666666666667,0.27272727272727293,0.24024910137015246
1.7272727272727275,0.27272727272727293,0.2167684339595914
1.787878787878788,0.27272727272727293,0.19486556611253428
1.8484848484848486,0.27272727272727293,0.17453356606161896
1.9090909090909092,0.27272727272727293,0.15574984254978322
1.9696969696969697,0.27272727272727293,0.13847809027050198
2.0303030303030303,0.27272727272727293,0.12267026691352902
2.090909090909091,0.27272727272727293,0.10826855739756316
2.1515151515151514,0.27272727272727293,0.0952072860243406
2.212121212121212,0.27272727272727293,0.08341474295470137
2.2727272727272725,0.27272727272727293,0.07281489735304299
2.333333333333334,0.27272727272727293,0.06332897555604723
2.3939393939393945,0.27272727272727293,0.054876888501552805
2.454545454545455,0.27272727272727293,0.047378498238513075
2.5151515151515156,0.27272727272727293,0.040754718494229944
2.575757575757576,0.27272727272727293,0.03492844889731875
2.6363636363636367,0.27272727272727293,0.029825346472573778
2.6969696969696972,0.27272727272727293,0.025374441395548245
2.757575757575758,0.27272727272727293,0.02150860670633536
2.8181818181818183,0.27272727272727293,0.018164893744126085
2.878787878787879,0.27272727272727293,0.015284746507510593
2.9393939393939394,0.27272727272727293,0.012814109017462248
3.0,0.27272727272727293,0.010703440119997281
-3.0,0.3333333333333335,0.01050866046540279
-2.9393939393939394,0.3333333333333335,0.012580919715669986
-2.878787878787879,0.3333333333333335,0.015006596902157542
-2.8181818181818183,0.3333333333333335,0.01783433163609727
-2.757575757575758,0.3333333333333335,0.021117196193630984
-2.696969696969697,0.3333333333333335,0.024912680982527507
-2.6363636363636362,0.3333333333333335,0.02928258913297462
-2.5757575757575757,0.3333333333333335,0.034292826038175545
-2.515151515151515,0.3333333333333335,0.0400130700239806
-2.4545454545454546,0.3333333333333335,0.046516311182889604
-2.393939393939394,0.3333333333333335,0.053878246824884554
-2.333333333333333,0.3333333333333335,0.06217652402211635
-2.2727272727272725,0.3333333333333335,0.07148982238679348
-2.212121212121212,0.3333333333333335,0.08189677353191274
-2.1515151515151514,0.3333333333333335,0.0934747176090651
-2.090909090909091,0.3333333333333335,0.10629830185570786
-2.0303030303030303,0.3333333333333335,0.1204379311457238
-1.9696969696969697,0.3333333333333335,0.1359580860205226
-1.9090909090909092,0.3333333333333335,0.15291552945092124
-1.8484848484848484,0.3333333333333335,0.17135742948015562
-1.7878787878787878,0.3333333333333335,0.19131943073603555
-1.7272727272727273,0.3333333333333335,0.2128237133631961
-1.6666666666666665,0.3333333333333335,0.23587708298570007
-1.606060606060606,0.3333333333333335,0.2604691396280798
-1.5454545454545454,0.3333333333333335,0.28657057686147624
-1.4848484848484849,0.3333333333333335,0.31413166457321146
-1.4242424242424243,0.3333333333333335,0.343080969476282
-1.3636363636363635,0.3333333333333335,0.3733243666052267
-1.303030303030303,0.3333333333333335,0.4047443924547467
-1.2424242424242424,0.3333333333333335,0.4371999860281688
-1.1818181818181817,0.3333333333333335,0.4705266578563225
-1.121212121212121,0.3333333333333335,0.5045371190733355
-1.0606060606060606,0.3333333333333335,0.5390223930155638
-1.0,0.3333333333333335,0.5737534207374327
-0.9393939393939394,0.3333333333333335,0.6084831595780854
-0.8787878787878789,0.3333333333333335,0.642949160795129
-0.8181818181818183,0.3333333333333335,0.6768765986924231
-0.7575757575757573,0.3333333333333335,0.7099817100377486
-0.6969696969696968,0.3333333333333335,0.7419755893525867
-0.6363636363636362,0.3333333333333335,0.7725682733313538
-0.5757575757575757,0.3333333333333335,0.8014730366757644
-0.5151515151515151,0.3333333333333335,0.8284108124498368
-0.4545454545454546,0.3333333333333335,0.8531146430650426
-0.39393939393939403,0.3333333333333335,0.8753340635220699
-0.33333333333333304,0.3333333333333335,0.8948393168143698
-0.2727272727272725,0.3333333333333335,0.911425302594432
-0.21212121212121193,0.3333333333333335,0.9249151643689536
-0.15151515151515138,0.3333333333333335,0.9351634275676017
-0.09090909090909083,0.3333333333333335,0.9420586106567184
-0.030303030303030276,0.3333333333333335,0.9455252437737415
0.030303030303030276,0.3333333333333335,0.9455252437737415
0.09090909090909083,0.3333333333333335,0.9420586106567184
0.15151515151515138,0.3333333333333335,0.9351634275676017
0.21212121212121238,0.3333333333333335,0.9249151643689535
0.27272727272727293,0.3333333333333335,0.9114253025944319
0.3333333333333335,0.3333333333333335,0.8948393168143697
0.39393939393939403,0.3333333333333335,0.8753340635220699
0.4545454545454546,0.3333333333333335,0.8531146430650426
0.5151515151515151,0.3333333333333335,0.8284108124498368
0.5757575757575757,0.3333333333333335,0.8014730366757644
0.6363636363636367,0.3333333333333335,0.7725682733313536
0.6969696969696972,0.3333333333333335,0.7419755893525863
0.7575757575757578,0.3333333333333335,0.7099817100377483
0.8181818181818183,0.3333333333333335,0.6768765986924231
0.8787878787878789,0.3333333333333335,0.642949160795129
0.9393939393939394,0.3333333333333335,0.6084831595780854
1.0,0.3333333333333335,0.5737534207374327
1.0606060606060606,0.3333333333333335,0.5390223930155638
1.121212121212121,0.3333333333333335,0.5045371190733355
1.1818181818181817,0.3333333333333335,0.4705266578563225
1.2424242424242422,0.3333333333333335,0.43719998602816895
1.3030303030303028,0.3333333333333335,0.40474439245474686
1.3636363636363633,0.3333333333333335,0.37332436660522683
1.4242424242424248,0.3333333333333335,0.3430809694762818
1.4848484848484853,0.3333333333333335,0.31413166457321123
1.5454545454545459,0.3333333333333335,0.2865705768614761
1.6060606060606064,0.3333333333333335,0.26046913962807966
1.666666666666667,0.3333333333333335,0.23587708298569993
1.7272727272727275,0.3333333333333335,0.21282371336319603
1.787878787878788,0.3333333333333335,0.19131943073603547
1.8484848484848486,0.3333333333333335,0.17135742948015553
1.9090909090909092,0.3333333333333335,0.15291552945092124
1.9696969696969697,0.3333333333333335,0.1359580860205226
2.0303030303030303,0.3333333333333335,0.1204379311457238
2.090909090909091,0.3333333333333335,0.10629830185570786
2.1515151515151514,0.3333333333333335,0.0934747176090651
2.212121212121212,0.3333333333333335,0.08189677353191274
2.2727272727272725,0.3333333333333335,0.07148982238679348
2.333333333333334,0.3333333333333335,0.06217652402211621
2.3939393939393945,0.3333333333333335,0.053878246824884506
2.454545454545455,0.3333333333333335,0.04651631118288954
2.5151515151515156,0.3333333333333335,0.040013070023980565
2.575757575757576,0.3333333333333335,0.03429282603817552
2.6363636363636367,0.3333333333333335,0.02928258913297459
2.6969696969696972,0.3333333333333335,0.024912680982527472
2.757575757575758,0.3333333333333335,0.021117196193630984
2.8181818181818183,0.3333333333333335,0.01783433163609727
2.878787878787879,0.3333333333333335,0.015006596902157542
2.9393939393939394,0.3333333333333335,0.012580919715669986
3.0,0.3333333333333335,0.01050866046540279
-3.0,0.39393939393939403,0.010279598017777928
-2.9393939393939394,0.39393939393939403,0.012306687212590175
-2.878787878787879,0.39393939393939403,0.014679490718810497
-2.8181818181818183,0.39393939393939403,0.01744558792610993
-2.757575757575758,0.39393939393939403,0.020656894268089417
-2.696969696969697,0.39393939393939403,0.024369647005785897
-2.6363636363636362,0.39393939393939403,0.028644302116120738
-2.5757575757575757,0.39393939393939403,0.03354532841998346
-2.515151515151515,0.39393939393939403,0.03914088543043959
-2.4545454545454546,0.39393939393939403,0.045502372238995496
-2.393939393939394,0.39393939393939403,0.052703836144086975
-2.333333333333333,0.39393939393939403,0.06082123170639246
-2.2727272727272725,0.39393939393939403,0.06993152351986386
-2.212121212121212,0.39393939393939403,0.08011162922550379
-2.1515151515151514,0.39393939393939403,0.09143720315352939
-2.090909090909091,0.39393939393939403,0.1039812654187997
-2.0303030303030303,0.39393939393939403,0.11781268624548749
-1.9696969696969697,0.39393939393939403,0.1329945406608849
-1.9090909090909092,0.39393939393939403,0.1495823543453787
-1.8484848484848484,0.39393939393939403,0.16762226719713627
-1.7878787878787878,0.39393939393939403,0.18714914688046028
-1.7272727272727273,0.39393939393939403,0.20818469006844958
-1.6666666666666665,0.39393939393939403,0.2307355540396275
-1.606060606060606,0.39393939393939403,0.2547915655119137
-1.5454545454545454,0.39393939393939403,0.280324056863112
-1.4848484848484849,0.39393939393939403,0.30728438197230257
-1.4242424242424243,0.39393939393939403,0.3356026646190192
-1.3636363636363635,0.39393939393939403,0.36518683152602893
-1.303030303030303,0.39393939393939403,0.39592197959790804
-1.2424242424242424,0.39393939393939403,0.42767012261399967
-1.1818181818181817,0.39393939393939403,0.46027035656310306
-1.121212121212121,0.39393939393939403,0.4935394750069941
-1.0606060606060606,0.39393939393939403,0.527273056449286
-1.0,0.39393939393939403,0.5612470348550513
-0.9393939393939394,0.39393939393939403,0.595219752473979
-0.8787878787878789,0.39393939393939403,0.6289344812881689
-0.8181818181818183,0.39393939393939403,0.6621223861125295
-0.7575757575757573,0.39393939393939403,0.6945058890417661
-0.6969696969696968,0.39393939393939403,0.7258023820123599
-0.6363636363636362,0.39393939393939403,0.7557282221917047
-0.5757575757575757,0.39393939393939403,0.784002934174052
-0.5151515151515151,0.39393939393939403,0.8103535339828628
-0.4545454545454546,0.39393939393939403,0.8345188830356411
-0.39393939393939403,0.39393939393939403,0.856253975842018
-0.33333333333333304,0.39393939393939403,0.8753340635220701
-0.2727272727272725,0.39393939393939403,0.8915585164015727
-0.21212121212121193,0.39393939393939403,0.9047543330153085
-0.15151515151515138,0.39393939393939403,0.9147792097737995
-0.09090909090909083,0.39393939393939403,0.9215240951612811
-0.030303030303030276,0.39393939393939403,0.9249151643689536
0.030303030303030276,0.39393939393939403,0.9249151643689536
0.09090909090909083,0.39393939393939403,0.9215240951612811
0.15151515151515138,0.39393939393939403,0.9147792097737995
0.21212121212121238,0.39393939393939403,0.9047543330153085
0.27272727272727293,0.39393939393939403,0.8915585164015726
0.3333333333333335,0.39393939393939403,0.8753340635220699
0.39393939393939403,0.39393939393939403,0.856253975842018
0.4545454545454546,0.39393939393939403,0.8345188830356411
0.5151515151515151,0.39393939393939403,0.8103535339828628
0.5757575757575757,0.39393939393939403,0.784002934174052
0.6363636363636367,0.39393939393939403,0.7557282221917044
0.6969696969696972,0.39393939393939403,0.7258023820123598
0.7575757575757578,0.39393939393939403,0.6945058890417659
0.8181818181818183,0.39393939393939403,0.6621223861125295
0.8787878787878789,0.39393939393939403,0.6289344812881689
0.9393939393939394,0.39393939393939403,0.595219752473979
1.0,0.39393939393939403,0.5612470348550513
1.0606060606060606,0.39393939393939403,0.527273056449286
1.121212121212121,0.39393939393939403,0.4935394750069941
1.1818181818181817,0.39393939393939403,0.46027035656310306
1.2424242424242422,0.39393939393939403,0.42767012261399984
1.3030303030303028,0.39393939393939403,0.3959219795979082
1.3636363636363633,0.39393939393939403,0.365186831526029
1.4242424242424248,0.39393939393939403,0.335602664619019
1.4848484848484853,0.39393939393939403,0.30728438197230235
1.5454545454545459,0.39393939393939403,0.28032405686311185
1.6060606060606064,0.39393939393939403,0.2547915655119135
1.666666666666667,0.39393939393939403,0.23073555403962734
1.7272727272727275,0.39393939393939403,0.20818469006844947
1.787878787878788,0.39393939393939403,0.1871491468804602
1.8484848484848486,0.39393939393939403,0.1676222671971362
1.9090909090909092,0.39393939393939403,0.1495823543453787
1.9696969696969697,0.39393939393939403,0.1329945406608849
2.0303030303030303,0.39393939393939403,0.11781268624548749
2.090909090909091,0.39393939393939403,0.1039812654187997
2.1515151515151514,0.39393939393939403,0.09143720315352939
2.212121212121212,0.39393939393939403,0.08011162922550379
2.2727272727272725,0.39393939393939403,0.06993152351986386
2.333333333333334,0.39393939393939403,0.06082123170639232
2.3939393939393945,0.39393939393939403,0.05270383614408693
2.454545454545455,0.39393939393939403,0.045502372238995434
2.5151515151515156,0.39393939393939403,0.03914088543043955
2.575757575757576,0.39393939393939403,0.03354532841998342
2.6363636363636367,0.39393939393939403,0.028644302116120714
2.6969696969696972,0.39393939393939403,0.024369647005785863
2.757575757575758,0.39393939393939403,0.020656894268089417
2.8181818181818183,0.39393939393939403,0.01744558792610993
2.878787878787879,0.39393939393939403,0.014679490718810497
2.9393939393939394,0.39393939393939403,0.012306687212590175
3.0,0.39393939393939403,0.010279598017777928
-3.0,0.4545454545454546,0.010018661399400254
-2.9393939393939394,0.4545454545454546,0.011994295099675705
-2.878787878787879,0.4545454545454546,0.014306867522743063
-2.8181818181818183,0.4545454545454546,0.017002750306275318
-2.757575757575758,0.4545454545454546,0.020132541066030504
-2.696969696969697,0.4545454545454546,0.023751049540228403
-2.6363636363636362,0.4545454545454546,0.027917197095375525
-2.5757575757575757,0.4545454545454546,0.03269381608018761
-2.515151515151515,0.4545454545454546,0.03814733585127672
-2.4545454545454546,0.4545454545454546,0.04434734311045648
-2.393939393939394,0.4545454545454546,0.05136600554456499
-2.333333333333333,0.4545454545454546,0.05927734968886768
-2.2727272727272725,0.4545454545454546,0.06815638647328738
-2.212121212121212,0.4545454545454546,0.07807808106664813
-2.1515151515151514,0.4545454545454546,0.08911616739478369
-2.090909090909091,0.4545454545454546,0.10134181203491363
-2.0303030303030303,0.4545454545454546,0.11482213701411471
-1.9696969696969697,0.4545454545454546,0.12961861626746737
-1.9090909090909092,0.4545454545454546,0.14578536601525618
-1.8484848484848484,0.4545454545454546,0.16336735494360502
-1.7878787878787878,0.4545454545454546,0.1823985656383925
-1.7272727272727273,0.4545454545454546,0.2029001440258401
-1.6666666666666665,0.4545454545454546,0.22487857839656505
-1.606060606060606,0.4545454545454546,0.24832395370638874
-1.5454545454545454,0.4545454545454546,0.2732083300300912
-1.4848484848484849,0.4545454545454546,0.2994842960765841
-1.4242424242424243,0.4545454545454546,0.32708374935863904
-1.3636363636363635,0.4545454545454546,0.3559169537808429
-1.303030303030303,0.4545454545454546,0.38587192294014755
-1.2424242424242424,0.4545454545454546,0.41681417324875564
-1.1818181818181817,0.4545454545454546,0.44858688507196576
-1.121212121212121,0.4545454545454546,0.4810115024713469
-1.0606060606060606,0.4545454545454546,0.5138887929719019
-1.0,0.4545454545454546,0.5470003782157261
-0.9393939393939394,0.4545454545454546,0.58011073467644
-0.8787878787878789,0.4545454545454546,0.612969651102725
-0.8181818181818183,0.4545454545454546,0.6453151164035819
-0.7575757575757573,0.4545454545454546,0.6768765986924233
-0.6969696969696968,0.4545454545454546,0.7073786636096338
-0.6363636363636362,0.4545454545454546,0.736544868293018
-0.5757575757575757,0.4545454545454546,0.7641018569054907
-0.5151515151515151,0.4545454545454546,0.789783574877245
-0.4545454545454546,0.4545454545454546,0.8133355123498387
-0.39393939393939403,0.4545454545454546,0.8345188830356411
-0.33333333333333304,0.4545454545454546,0.8531146430650427
-0.2727272727272725,0.4545454545454546,0.8689272555338519
-0.21212121212121193,0.4545454545454546,0.8817881104343023
-0.15151515151515138,0.4545454545454546,0.8915585164015727
-0.09090909090909083,0.4545454545454546,0.898132190076173
-0.030303030303030276,0.4545454545454546,0.9014371806132395
0.030303030303030276,0.4545454545454546,0.9014371806132395
0.09090909090909083,0.4545454545454546,0.898132190076173
0.15151515151515138,0.4545454545454546,0.8915585164015727
0.21212121212121238,0.4545454545454546,0.8817881104343022
0.27272727272727293,0.4545454545454546,0.8689272555338518
0.3333333333333335,0.4545454545454546,0.8531146430650426
0.39393939393939403,0.4545454545454546,0.8345188830356411
0.4545454545454546,0.4545454545454546,0.8133355123498387
0.5151515151515151,0.4545454545454546,0.789783574877245
0.5757575757575757,0.4545454545454546,0.7641018569054907
0.6363636363636367,0.4545454545454546,0.7365448682930178
0.6969696969696972,0.4545454545454546,0.7073786636096335
0.7575757575757578,0.4545454545454546,0.6768765986924231
0.8181818181818183,0.4545454545454546,0.6453151164035819
0.8787878787878789,0.4545454545454546,0.612969651102725
0.9393939393939394,0.4545454545454546,0.58011073467644
1.0,0.4545454545454546,0.5470003782157261
1.0606060606060606,0.4545454545454546,0.5138887929719019
1.121212121212121,0.4545454545454546,0.4810115024713469
1.1818181818181817,0.4545454545454546,0.44858688507196576
1.2424242424242422,0.4545454545454546,0.4168141732487558
1.3030303030303028,0.4545454545454546,0.38587192294014766
1.3636363636363633,0.4545454545454546,0.35591695378084304
1.4242424242424248,0.4545454545454546,0.3270837493586388
1.4848484848484853,0.4545454545454546,0.29948429607658394
1.5454545454545459,0.4545454545454546,0.27320833003009104
1.6060606060606064,0.4545454545454546,0.24832395370638857
1.666666666666667,0.4545454545454546,0.2248785783965649
1.7272727272727275,0.4545454545454546,0.20290014402584003
1.787878787878788,0.4545454545454546,0.1823985656383924
1.8484848484848486,0.4545454545454546,0.16336735494360494
1.9090909090909092,0.4545454545454546,0.14578536601525618
1.9696969696969697,0.4545454545454546,0.12961861626746737
2.0303030303030303,0.4545454545454546,0.11482213701411471
2.090909090909091,0.4545454545454546,0.10134181203491363
2.1515151515151514,0.4545454545454546,0.08911616739478369
2.212121212121212,0.4545454545454546,0.07807808106664813
2.2727272727272725,0.4545454545454546,0.06815638647328738
2.333333333333334,0.4545454545454546,0.059277349688867546
2.3939393939393945,0.4545454545454546,0.05136600554456495
2.454545454545455,0.4545454545454546,0.04434734311045642
2.5151515151515156,0.4545454545454546,0.038147335851276686
2.575757575757576,0.4545454545454546,0.03269381608018758
2.6363636363636367,0.4545454545454546,0.0279171970953755
2.6969696969696972,0.4545454545454546,0.02375104954022837
2.757575757575758,0.4545454545454546,0.020132541066030504
2.8181818181818183,0.4545454545454546,0.017002750306275318
2.878787878787879,0.4545454545454546,0.014306867522743063
2.9393939393939394,0.4545454545454546,0.011994295099675705
3.0,0.4545454545454546,0.010018661399400254
-3.0,0.5151515151515151,0.009728548791190091
-2.9393939393939394,0.5151515151515151,0.011646973626647622
-2.878787878787879,0.5151515151515151,0.013892580375301519
-2.8181818181818183,0.5151515151515151,0.016510397880990745
-2.757575757575758,0.5151515151515151,0.019549558593051224
-2.696969696969697,0.5151515151515151,0.023063285111912957
-2.6363636363636362,0.5151515151515151,0.027108792604957122
-2.5757575757575757,0.5151515151515151,0.03174709397059176
-2.515151515151515,0.5151515151515151,0.037042694955762914
-2.4545454545454546,0.5151515151515151,0.04306316722467039
-2.393939393939394,0.5151515151515151,0.04987858868838062
-2.333333333333333,0.5151515151515151,0.05756084227929967
-2.2727272727272725,0.5151515151515151,0.06618276681915582
-2.212121212121212,0.5151515151515151,0.07581715669369286
-2.1515151515151514,0.5151515151515151,0.08653561069904167
-2.090909090909091,0.5151515151515151,0.09840723462600418
-2.0303030303030303,0.5151515151515151,0.1114972068341783
-1.9696969696969697,0.5151515151515151,0.12586522114422286
-1.9090909090909092,0.5151515151515151,0.14156382672098566
-1.8484848484848484,0.5151515151515151,0.158636690082337
-1.7878787878787878,0.5151515151515151,0.17711680977285194
-1.7272727272727273,0.5151515151515151,0.1970247193914595
-1.6666666666666665,0.5151515151515151,0.21836671934590116
-1.606060606060606,0.5151515151515151,0.2411331817041397
-1.5454545454545454,0.5151515151515151,0.2652969756035889
-1.4848484848484849,0.5151515151515151,0.2908120626524698
-1.4242424242424243,0.5151515151515151,0.3176123124224357
-1.3636363636363635,0.5151515151515151,0.34561058732616284
-1.303030303030303,0.5151515151515151,0.37469814377580335
-1.2424242424242424,0.5151515151515151,0.40474439245474664
-1.1818181818181817,0.5151515151515151,0.43559705478936006
-1.121212121212121,0.5151515151515151,0.46708274532526683
-1.0606060606060606,0.5151515151515151,0.4990080008065956
-1.0,0.5151515151515151,0.5311607665061606
-0.9393939393939394,0.5151515151515151,0.5633123390047615
-0.8787878787878789,0.5151515151515151,0.595219752473979
-0.8181818181818183,0.5151515151515151,0.6266285829362968
-0.7575757575757573,0.5151515151515151,0.6572761323571862
-0.6969696969696968,0.5151515151515151,0.6868949421910922
-0.6363636363636362,0.5151515151515151,0.7152165745933137
-0.5757575757575757,0.5151515151515151,0.7419755893525867
-0.5151515151515151,0.5151515151515151,0.7669136361005037
-0.4545454545454546,0.5151515151515151,0.789783574877245
-0.39393939393939403,0.5151515151515151,0.8103535339828628
-0.33333333333333304,0.5151515151515151,0.828410812449837
-0.2727272727272725,0.5151515151515151,0.8437655355796355
-0.21212121212121193,0.5151515151515151,0.8562539758420181
-0.15151515151515138,0.5151515151515151,0.865741457988886
-0.09090909090909083,0.5151515151515151,0.8721247763316478
-0.030303030303030276,0.5151515151515151,0.87533406352207
0.030303030303030276,0.5151515151515151,0.87533406352207
0.09090909090909083,0.5151515151515151,0.8721247763316478
0.15151515151515138,0.5151515151515151,0.865741457988886
0.21212121212121238,0.5151515151515151,0.856253975842018
0.27272727272727293,0.5151515151515151,0.8437655355796354
0.3333333333333335,0.5151515151515151,0.8284108124498368
0.39393939393939403,0.5151515151515151,0.8103535339828628
0.4545454545454546,0.5151515151515151,0.789783574877245
0.5151515151515151,0.5151515151515151,0.7669136361005037
0.5757575757575757,0.5151515151515151,0.7419755893525867
0.6363636363636367,0.5151515151515151,0.7152165745933134
0.6969696969696972,0.5151515151515151,0.6868949421910919
0.7575757575757578,0.5151515151515151,0.657276132357186
0.8181818181818183,0.5151515151515151,0.6266285829362968
0.8787878787878789,0.5151515151515151,0.595219752473979
0.9393939393939394,0.5151515151515151,0.5633123390047615
1.0,0.5151515151515151,0.5311607665061606
1.0606060606060606,0.5151515151515151,0.4990080008065956
1.121212121212121,0.5151515151515151,0.46708274532526683
1.1818181818181817,0.5151515151515151,0.43559705478936006
1.2424242424242422,0.5151515151515151,0.4047443924547468
1.3030303030303028,0.5151515151515151,0.37469814377580346
1.3636363636363633,0.5151515151515151,0.34561058732616295
1.4242424242424248,0.5151515151515151,0.3176123124224355
1.4848484848484853,0.5151515151515151,0.2908120626524696
1.5454545454545459,0.5151515151515151,0.2652969756035887
1.6060606060606064,0.5151515151515151,0.24113318170413953
1.666666666666667,0.5151515151515151,0.21836671934590102
1.7272727272727275,0.5151515151515151,0.1970247193914594
1.787878787878788,0.5151515151515151,0.17711680977285185
1.8484848484848486,0.5151515151515151,0.15863669008233694
1.9090909090909092,0.5151515151515151,0.14156382672098566
1.9696969696969697,0.5151515151515151,0.12586522114422286
2.0303030303030303,0.5151515151515151,0.1114972068341783
2.090909090909091,0.5151515151515151,0.09840723462600418
2.1515151515151514,0.5151515151515151,0.08653561069904167
2.212121212121212,0.5151515151515151,0.07581715669369286
2.2727272727272725,0.5151515151515151,0.06618276681915582
2.333333333333334,0.5151515151515151,0.05756084227929954
2.3939393939393945,0.5151515151515151,0.049878588688380576
2.454545454545455,0.5151515151515151,0.04306316722467034
2.5151515151515156,0.5151515151515151,0.03704269495576288
2.575757575757576,0.5151515151515151,0.03174709397059173
2.6363636363636367,0.5151515151515151,0.027108792604957098
2.6969696969696972,0.5151515151515151,0.023063285111912926
2.757575757575758,0.5151515151515151,0.019549558593051224
2.8181818181818183,0.5151515151515151,0.016510397880990745
2.878787878787879,0.5151515151515151,0.013892580375301519
2.9393939393939394,0.5151515151515151,0.011646973626647622
3.0,0.5151515151515151,0.009728548791190091
-3.0,0.5757575757575757,0.009412201561040834
-2.9393939393939394,0.5757575757575757,0.011268244185546603
-2.878787878787879,0.5757575757575757,0.013440829614146634
-2.8181818181818183,0.5757575757575757,0.015973522469208527
-2.757575757575758,0.5757575757575757,0.01891385753996581
-2.696969696969697,0.5757575757575757,0.02231332676561743
-2.6363636363636362,0.5757575757575757,0.02622728482436863
-2.5757575757575757,0.5757575757575757,0.030714760633066676
-2.515151515151515,0.5757575757575757,0.03583816237870155
-2.4545454545454546,0.5757575757575757,0.04166286446982218
-2.393939393939394,0.5757575757575757,0.048256666065181954
-2.333333333333333,0.5757575757575757,0.05568911265025115
-2.2727272727272725,0.5757575757575757,0.06403067451677523
-2.212121212121212,0.5757575757575757,0.07335177896545844
-2.1515151515151514,0.5757575757575757,0.08372169658487219
-2.090909090909091,0.5757575757575757,0.0952072860243406
-2.0303030303030303,0.5757575757575757,0.10787160621188278
-1.9696969696969697,0.5757575757575757,0.1217724098795915
-1.9090909090909092,0.5757575757575757,0.13696053742946585
-1.8484848484848484,0.5757575757575757,0.15347823545721972
-1.7878787878787878,0.5757575757575757,0.17135742948015562
-1.7272727272727273,0.5757575757575757,0.19061798539770433
-1.6666666666666665,0.5757575757575757,0.2112659987446525
-1.606060606060606,0.5757575757575757,0.23329215466439648
-1.5454545454545454,0.5757575757575757,0.25667020451978945
-1.4848484848484849,0.5757575757575757,0.2813556069684101
-1.4242424242424243,0.5757575757575757,0.3072843819723025
-1.3636363636363635,0.5757575757575757,0.33437222543297906
-1.303030303030303,0.5757575757575757,0.3625139298226508
-1.2424242424242424,0.5757575757575757,0.3915831522513309
-1.1818181818181817,0.5757575757575757,0.4214325658505189
-1.121212121212121,0.5757575757575757,0.4518944232121099
-1.0606060606060606,0.5757575757575757,0.48278155200464906
-1.0,0.5757575757575757,0.5138887929719018
-0.9393939393939394,0.5757575757575757,0.544994879537998
-0.8787878787878789,0.5757575757575757,0.5758647464944864
-0.8181818181818183,0.5757575757575757,0.6062522430731749
-0.7575757575757573,0.5757575757575757,0.6359032134997811
-0.6969696969696968,0.5757575757575757,0.6645588962884941
-0.6363636363636362,0.5757575757575757,0.6919595824986318
-0.5757575757575757,0.5757575757575757,0.7178484633476668
-0.5151515151515151,0.5757575757575757,0.7419755893525867
-0.4545454545454546,0.5757575757575757,0.7641018569054907
-0.39393939393939403,0.5757575757575757,0.784002934174052
-0.33333333333333304,0.5757575757575757,0.8014730366757645
-0.2727272727272725,0.5757575757575757,0.8163284639459155
-0.21212121212121193,0.5757575757575757,0.8284108124498369
-0.15151515151515138,0.5757575757575757,0.8375897862299719
-0.09090909090909083,0.5757575757575757,0.8437655355796355
-0.030303030303030276,0.5757575757575757,0.8468704650559491
0.030303030303030276,0.5757575757575757,0.8468704650559491
0.09090909090909083,0.5757575757575757,0.8437655355796355
0.15151515151515138,0.5757575757575757,0.8375897862299719
0.21212121212121238,0.5757575757575757,0.8284108124498369
0.27272727272727293,0.5757575757575757,0.8163284639459154
0.3333333333333335,0.5757575757575757,0.8014730366757644
0.39393939393939403,0.5757575757575757,0.784002934174052
0.4545454545454546,0.5757575757575757,0.7641018569054907
0.5151515151515151,0.5757575757575757,0.7419755893525867
0.5757575757575757,0.5757575757575757,0.7178484633476668
0.6363636363636367,0.5757575757575757,0.6919595824986315
0.6969696969696972,0.5757575757575757,0.6645588962884938
0.7575757575757578,0.5757575757575757,0.6359032134997809
0.8181818181818183,0.5757575757575757,0.6062522430731749
0.8787878787878789,0.5757575757575757,0.5758647464944864
0.9393939393939394,0.5757575757575757,0.544994879537998
1.0,0.5757575757575757,0.5138887929719018
1.0606060606060606,0.5757575757575757,0.48278155200464906
1.121212121212121,0.5757575757575757,0.4518944232121099
1.1818181818181817,0.5757575757575757,0.4214325658505189
1.2424242424242422,0.5757575757575757,0.39158315225133095
1.3030303030303028,0.5757575757575757,0.3625139298226509
1.3636363636363633,0.5757575757575757,0.3343722254329792
1.4242424242424248,0.5757575757575757,0.3072843819723023
1.4848484848484853,0.5757575757575757,0.28135560696840994
1.5454545454545459,0.5757575757575757,0.2566702045197893
1.6060606060606064,0.5757575757575757,0.23329215466439632
1.666666666666667,0.5757575757575757,0.21126599874465235
1.7272727272727275,0.5757575757575757,0.19061798539770425
1.787878787878788,0.5757575757575757,0.17135742948015553
1.8484848484848486,0.5757575757575757,0.15347823545721964
1.9090909090909092,0.5757575757575757,0.13696053742946585
1.9696969696969697,0.5757575757575757,0.1217724098795915
2.0303030303030303,0.5757575757575757,0.10787160621188278
2.090909090909091,0.5757575757575757,0.0952072860243406
2.1515151515151514,0.5757575757575757,0.08372169658487219
2.212121212121212,0.5757575757575757,0.07335177896545844
2.2727272727272725,0.5757575757575757,0.06403067451677523
2.333333333333334,0.5757575757575757,0.055689112650251026
2.3939393939393945,0.5757575757575757,0.048256666065181905
2.454545454545455,0.5757575757575757,0.041662864469822126
2.5151515151515156,0.5757575757575757,0.035838162378701514
2.575757575757576,0.5757575757575757,0.03071476063306665
2.6363636363636367,0.5757575757575757,0.026227284824368608
2.6969696969696972,0.5757575757575757,0.0223133267656174
2.757575757575758,0.5757575757575757,0.01891385753996581
2.8181818181818183,0.5757575757575757,0.015973522469208527
2.878787878787879,0.5757575757575757,0.013440829614146634
2.9393939393939394,0.5757575757575757,0.011268244185546603
3.0,0.5757575757575757,0.009412201561040834
-3.0,0.6363636363636367,0.009072754759685945
-2.9393939393939394,0.6363636363636367,0.010861860044613836
-2.878787878787879,0.6363636363636367,0.012956092160269411
-2.8181818181818183,0.6363636363636367,0.01539744459057629
-2.757575757575758,0.6363636363636367,0.018231737804047878
-2.696969696969697,0.6363636363636367,0.021508606706335393
-2.6363636363636362,0.6363636363636367,0.02528140963415744
-2.5757575757575757,0.6363636363636367,0.029607046653116312
-2.515151515151515,0.6363636363636367,0.03454567522710446
-2.4545454545454546,0.6363636363636367,0.040160312066131465
-2.393939393939394,0.6363636363636367,0.046516311182889604
-2.333333333333333,0.6363636363636367,0.05368070993630316
-2.2727272727272725,0.6363636363636367,0.06172143713885068
-2.212121212121212,0.6363636363636367,0.07070638016242194
-2.1515151515151514,0.6363636363636367,0.08070231138307496
-2.090909090909091,0.6363636363636367,0.09177367822312087
-2.0303030303030303,0.6363636363636367,0.10398126541879965
-1.9696969696969697,0.6363636363636367,0.1173807428759863
-1.9090909090909092,0.6363636363636367,0.13202111746052736
-1.8484848484848484,0.6363636363636367,0.14794311216372907
-1.7878787878787878,0.6363636363636367,0.1651775011235212
-1.7272727272727273,0.6363636363636367,0.18374343378463742
-1.6666666666666665,0.6363636363636367,0.2036467858491534
-1.606060606060606,0.6363636363636367,0.224878578396565
-1.5454545454545454,0.6363636363636367,0.24741350943497728
-1.4848484848484849,0.6363636363636367,0.2712086439853809
-1.4242424242424243,0.6363636363636367,0.2962023094210133
-1.3636363636363635,0.6363636363636367,0.3223132420326502
-1.303030303030303,0.6363636363636367,0.3494400285545098
-1.2424242424242424,0.6363636363636367,0.3774608825959113
-1.1818181818181817,0.6363636363636367,0.40623379056537473
-1.121212121212121,0.6363636363636367,0.43559705478935995
-1.0606060606060606,0.6363636363636367,0.46537025322207115
-1.0,0.6363636363636367,0.49535562558325663
-0.9393939393939394,0.6363636363636367,0.5253398851762421
-0.8787878787878789,0.6363636363636367,0.5550964443132289
-0.8181818181818183,0.6363636363636367,0.5843880295423866
-0.7575757575757573,0.6363636363636367,0.6129696511027252
-0.6969696969696968,0.6363636363636367,0.6405918796246349
-0.6363636363636362,0.6363636363636367,0.6670043724531669
-0.5757575757575757,0.6363636363636367,0.6919595824986315
-0.5151515151515151,0.6363636363636367,0.7152165745933134
-0.4545454545454546,0.6363636363636367,0.7365448682930178
-0.39393939393939403,0.6363636363636367,0.7557282221917044
-0.33333333333333304,0.6363636363636367,0.7725682733313537
-0.2727272727272725,0.6363636363636367,0.7868879463216043
-0.21212121212121193,0.6363636363636367,0.7985345503797748
-0.15151515151515138,0.6363636363636367,0.8073824886132122
-0.09090909090909083,0.6363636363636367,0.8133355123498386
-0.030303030303030276,0.6363636363636367,0.8163284639459153
0.030303030303030276,0.6363636363636367,0.8163284639459153
0.09090909090909083,0.6363636363636367,0.8133355123498386
0.15151515151515138,0.6363636363636367,0.8073824886132122
0.21212121212121238,0.6363636363636367,0.7985345503797747
0.27272727272727293,0.6363636363636367,0.7868879463216042
0.3333333333333335,0.6363636363636367,0.7725682733313536
0.39393939393939403,0.6363636363636367,0.7557282221917044
0.4545454545454546,0.6363636363636367,0.7365448682930178
0.5151515151515151,0.6363636363636367,0.7152165745933134
0.5757575757575757,0.6363636363636367,0.6919595824986315
0.6363636363636367,0.6363636363636367,0.6670043724531667
0.6969696969696972,0.6363636363636367,0.6405918796246348
0.7575757575757578,0.6363636363636367,0.6129696511027249
0.8181818181818183,0.6363636363636367,0.5843880295423866
0.8787878787878789,0.6363636363636367,0.5550964443132289
0.9393939393939394,0.6363636363636367,0.5253398851762421
1.0,0.6363636363636367,0.49535562558325663
1.0606060606060606,0.6363636363636367,0.46537025322207115
1.121212121212121,0.6363636363636367,0.43559705478935995
1.1818181818181817,0.6363636363636367,0.40623379056537473
1.2424242424242422,0.6363636363636367,0.37746088259591143
1.3030303030303028,0.6363636363636367,0.3494400285545099
1.3636363636363633,0.6363636363636367,0.32231324203265027
1.4242424242424248,0.6363636363636367,0.296202309421013
1.4848484848484853,0.6363636363636367,0.2712086439853808
1.5454545454545459,0.6363636363636367,0.24741350943497706
1.6060606060606064,0.6363636363636367,0.2248785783965648
1.666666666666667,0.6363636363636367,0.20364678584915333
1.7272727272727275,0.6363636363636367,0.18374343378463734
1.787878787878788,0.6363636363636367,0.16517750112352114
1.8484848484848486,0.6363636363636367,0.14794311216372902
1.9090909090909092,0.6363636363636367,0.13202111746052736
1.9696969696969697,0.6363636363636367,0.1173807428759863
2.0303030303030303,0.6363636363636367,0.10398126541879965
2.090909090909091,0.6363636363636367,0.09177367822312087
2.1515151515151514,0.6363636363636367,0.08070231138307496
2.212121212121212,0.6363636363636367,0.07070638016242194
2.2727272727272725,0.6363636363636367,0.06172143713885068
2.333333333333334,0.6363636363636367,0.05368070993630304
2.3939393939393945,0.6363636363636367,0.04651631118288956
2.454545454545455,0.6363636363636367,0.04016031206613141
2.5151515151515156,0.6363636363636367,0.03454567522710442
2.575757575757576,0.6363636363636367,0.029607046653116288
2.6363636363636367,0.6363636363636367,0.025281409634157415
2.6969696969696972,0.6363636363636367,0.02150860670633536
2.757575757575758,0.6363636363636367,0.018231737804047878
2.8181818181818183,0.6363636363636367,0.01539744459057629
2.878787878787879,0.6363636363636367,0.012956092160269411
2.9393939393939394,0.6363636363636367,0.010861860044613836
3.0,0.6363636363636367,0.009072754759685945
-3.0,0.6969696969696972,0.00871348564553623
-2.9393939393939394,0.6969696969696972,0.010431744722464241
-2.878787878787879,0.6969696969696972,0.012443048010333281
-2.8181818181818183,0.6969696969696972,0.014787726106527128
-2.757575757575758,0.6969696969696972,0.01750978504948045
-2.696969696969697,0.6969696969696972,0.020656894268089435
-2.6363636363636362,0.6969696969696972,0.024280299179361656
-2.5757575757575757,0.6969696969696972,0.028434646681398952
-2.515151515151515,0.6969696969696972,0.033177712081920184
-2.4545454545454546,0.6969696969696972,0.038570016712388806
-2.393939393939394,0.6969696969696972,0.044674326652849504
-2.333333333333333,0.6969696969696972,0.0515550246712899
-2.2727272727272725,0.6969696969696972,0.05927734968886765
-2.212121212121212,0.6969696969696972,0.06790650082714433
-2.1515151515151514,0.6969696969696972,0.07750660636421304
-2.090909090909091,0.6969696969696972,0.08813956168951989
-2.0303030303030303,0.6969696969696972,0.09986374454397424
-1.9696969696969697,0.6969696969696972,0.11273262037865227
-1.9090909090909092,0.6969696969696972,0.1267932554521928
-1.8484848484848484,0.6969696969696972,0.1420847601791931
-1.7878787878787878,0.6969696969696972,0.15863669008233697
-1.7272727272727273,0.6969696969696972,0.17646743631362038
-1.6666666666666665,0.6969696969696972,0.19558264190507157
-1.606060606060606,0.6969696969696972,0.2159736834895878
-1.5454545454545454,0.6969696969696972,0.23761626100075942
-1.4848484848484849,0.6969696969696972,0.26046913962807977
-1.4242424242424243,0.6969696969696972,0.28447308889940953
-1.3636363636363635,0.6969696969696972,0.3095500630411572
-1.303030303030303,0.6969696969696972,0.3356026646190192
-1.2424242424242424,0.6969696969696972,0.3625139298226506
-1.1818181818181817,0.6969696969696972,0.39014746861136285
-1.121212121212121,0.6969696969696972,0.4183479863260772
-1.0606060606060606,0.6969696969696972,0.44694220539588825
-1.0,0.6969696969696972,0.47574019658663586
-0.9393939393939394,0.6969696969696972,0.5045371190733354
-0.8787878787878789,0.6969696969696972,0.533115357741572
-0.8181818181818183,0.6969696969696972,0.5612470348550512
-0.7575757575757573,0.6969696969696972,0.5886968619239777
-0.6969696969696968,0.6969696969696972,0.6152252866525785
-0.6363636363636362,0.6969696969696972,0.6405918796246349
-0.5757575757575757,0.6969696969696972,0.6645588962884938
-0.5151515151515151,0.6969696969696972,0.6868949421910919
-0.4545454545454546,0.6969696969696972,0.7073786636096335
-0.39393939393939403,0.6969696969696972,0.7258023820123598
-0.33333333333333304,0.6969696969696972,0.7419755893525866
-0.2727272727272725,0.6969696969696972,0.7557282221917045
-0.21212121212121193,0.6969696969696972,0.7669136361005036
-0.15151515151515138,0.6969696969696972,0.7754112076575149
-0.09090909090909083,0.6969696969696972,0.7811284995110452
-0.030303030303030276,0.6969696969696972,0.7840029341740518
0.030303030303030276,0.6969696969696972,0.7840029341740518
0.09090909090909083,0.6969696969696972,0.7811284995110452
0.15151515151515138,0.6969696969696972,0.7754112076575149
0.21212121212121238,0.6969696969696972,0.7669136361005034
0.27272727272727293,0.6969696969696972,0.7557282221917044
0.3333333333333335,0.6969696969696972,0.7419755893525863
0.39393939393939403,0.6969696969696972,0.7258023820123598
0.4545454545454546,0.6969696969696972,0.7073786636096335
0.5151515151515151,0.6969696969696972,0.6868949421910919
0.5757575757575757,0.6969696969696972,0.6645588962884938
0.6363636363636367,0.6969696969696972,0.6405918796246348
0.6969696969696972,0.6969696969696972,0.6152252866525784
0.7575757575757578,0.6969696969696972,0.5886968619239776
0.8181818181818183,0.6969696969696972,0.5612470348550512
0.8787878787878789,0.6969696969696972,0.533115357741572
0.9393939393939394,0.6969696969696972,0.5045371190733354
1.0,0.6969696969696972,0.47574019658663586
1.0606060606060606,0.6969696969696972,0.44694220539588825
1.121212121212121,0.6969696969696972,0.4183479863260772
1.1818181818181817,0.6969696969696972,0.39014746861136285
1.2424242424242422,0.6969696969696972,0.3625139298226508
1.3030303030303028,0.6969696969696972,0.3356026646190194
1.3636363636363633,0.6969696969696972,0.30955006304115723
1.4242424242424248,0.6969696969696972,0.2844730888994093
1.4848484848484853,0.6969696969696972,0.2604691396280796
1.5454545454545459,0.6969696969696972,0.23761626100075925
1.6060606060606064,0.6969696969696972,0.21597368348958765
1.666666666666667,0.6969696969696972,0.19558264190507144
1.7272727272727275,0.6969696969696972,0.1764674363136203
1.787878787878788,0.6969696969696972,0.1586366900823369
1.8484848484848486,0.6969696969696972,0.14208476017919305
1.9090909090909092,0.6969696969696972,0.1267932554521928
1.9696969696969697,0.6969696969696972,0.11273262037865227
2.0303030303030303,0.6969696969696972,0.09986374454397424
2.090909090909091,0.6969696969696972,0.08813956168951989
2.1515151515151514,0.6969696969696972,0.07750660636421304
2.212121212121212,0.6969696969696972,0.06790650082714433
2.2727272727272725,0.6969696969696972,0.05927734968886765
2.333333333333334,0.6969696969696972,0.05155502467128978
2.3939393939393945,0.6969696969696972,0.04467432665284946
2.454545454545455,0.6969696969696972,0.03857001671238876
2.5151515151515156,0.6969696969696972,0.033177712081920156
2.575757575757576,0.6969696969696972,0.028434646681398928
2.6363636363636367,0.6969696969696972,0.024280299179361635
2.6969696969696972,0.6969696969696972,0.020656894268089407
2.757575757575758,0.6969696969696972,0.01750978504948045
2.8181818181818183,0.6969696969696972,0.014787726106527128
2.878787878787879,0.6969696969696972,0.012443048010333281
2.9393939393939394,0.6969696969696972,0.010431744722464241
3.0,0.6969696969696972,0.00871348564553623
-3.0,0.7575757575757578,0.008337761413963994
-2.9393939393939394,0.7575757575757578,0.009981929409827159
-2.878787878787879,0.7575757575757578,0.011906505592949037
-2.8181818181818183,0.7575757575757578,0.01415008151122995
-2.757575757575758,0.7575757575757578,0.016754765669138506
-2.696969696969697,0.7575757575757578,0.019766171996741813
-2.6363636363636362,0.7575757575757578,0.023233336216132
-2.5757575757575757,0.7575757575757578,0.02720854885912622
-2.515151515151515,0.7575757575757578,0.03174709397059176
-2.4545454545454546,0.7575757575757578,0.03690688321099667
-2.393939393939394,0.7575757575757578,0.04274797619615853
-2.333333333333333,0.7575757575757578,0.04933197951848916
-2.2727272727272725,0.7575757575757578,0.05672131900637056
-2.212121212121212,0.7575757575757578,0.06497838240474138
-2.1515151515151514,0.7575757575757578,0.07416453278968614
-2.090909090909091,0.7575757575757578,0.08433899663047564
-2.0303030303030303,0.7575757575757578,0.0955576344283361
-1.9696969696969697,0.7575757575757578,0.10787160621188278
-1.9090909090909092,0.7575757575757578,0.12132594874953902
-1.8484848484848484,0.7575757575757578,0.1359580860205226
-1.7878787878787878,0.7575757575757578,0.1517962991176851
-1.7272727272727273,0.7575757575757578,0.16885818616922793
-1.6666666666666665,0.7575757575757578,0.18714914688046028
-1.606060606060606,0.7575757575757578,0.20666092972261263
-1.5454545454545454,0.7575757575757578,0.22737028244459861
-1.4848484848484849,0.7575757575757578,0.24923774827493314
-1.4242424242424243,0.7575757575757578,0.2722066507508063
-1.3636363636363635,0.7575757575757578,0.29620230942101333
-1.303030303030303,0.7575757575757578,0.32113152661442823
-1.2424242424242424,0.7575757575757578,0.34688238198316756
-1.1818181818181817,0.7575757575757578,0.3733243666052267
-1.121212121212121,0.7575757575757578,0.4003088821046017
-1.0606060606060606,0.7575757575757578,0.42767012261399967
-1.0,0.7575757575757578,0.45522634862016687
-0.9393939393939394,0.7575757575757578,0.4827815520046489
-0.8787878787878789,0.7575757575757578,0.5101275011850602
-0.8181818181818183,0.7575757575757578,0.5370461444798958
-0.7575757575757573,0.7575757575757578,0.5633123390047616
-0.6969696969696968,0.7575757575757578,0.5886968619239777
-0.6363636363636362,0.7575757575757578,0.6129696511027252
-0.5757575757575757,0.7575757575757578,0.6359032134997809
-0.5151515151515151,0.7575757575757578,0.657276132357186
-0.4545454545454546,0.7575757575757578,0.6768765986924231
-0.39393939393939403,0.7575757575757578,0.6945058890417659
-0.33333333333333304,0.7575757575757578,0.7099817100377483
-0.2727272727272725,0.7575757575757578,0.7231413313524577
-0.21212121212121193,0.7575757575757578,0.7338444318431065
-0.15151515151515138,0.7575757575757578,0.7419755893525866
-0.09090909090909083,0.7575757575757578,0.7474463524143419
-0.030303030303030276,0.7575757575757578,0.7501968418734545
0.030303030303030276,0.7575757575757578,0.7501968418734545
0.09090909090909083,0.7575757575757578,0.7474463524143419
0.15151515151515138,0.7575757575757578,0.7419755893525866
0.21212121212121238,0.7575757575757578,0.7338444318431064
0.27272727272727293,0.7575757575757578,0.7231413313524576
0.3333333333333335,0.7575757575757578,0.7099817100377483
0.39393939393939403,0.7575757575757578,0.6945058890417659
0.4545454545454546,0.7575757575757578,0.6768765986924231
0.5151515151515151,0.7575757575757578,0.657276132357186
0.5757575757575757,0.7575757575757578,0.6359032134997809
0.6363636363636367,0.7575757575757578,0.6129696511027249
0.6969696969696972,0.7575757575757578,0.5886968619239776
0.7575757575757578,0.7575757575757578,0.5633123390047614
0.8181818181818183,0.7575757575757578,0.5370461444798958
0.8787878787878789,0.7575757575757578,0.5101275011850602
0.9393939393939394,0.7575757575757578,0.4827815520046489
1.0,0.7575757575757578,0.45522634862016687
1.0606060606060606,0.7575757575757578,0.42767012261399967
1.121212121212121,0.7575757575757578,0.4003088821046017
1.1818181818181817,0.7575757575757578,0.3733243666052267
1.2424242424242422,0.7575757575757578,0.34688238198316773
1.3030303030303028,0.7575757575757578,0.3211315266144284
1.3636363636363633,0.7575757575757578,0.2962023094210134
1.4242424242424248,0.7575757575757578,0.27220665075080613
1.4848484848484853,0.7575757575757578,0.24923774827493297
1.5454545454545459,0.7575757575757578,0.22737028244459845
1.6060606060606064,0.7575757575757578,0.2066609297226125
1.666666666666667,0.7575757575757578,0.18714914688046014
1.7272727272727275,0.7575757575757578,0.16885818616922785
1.787878787878788,0.7575757575757578,0.15179629911768505
1.8484848484848486,0.7575757575757578,0.13595808602052253
1.9090909090909092,0.7575757575757578,0.12132594874953902
1.9696969696969697,0.7575757575757578,0.10787160621188278
2.0303030303030303,0.7575757575757578,0.0955576344283361
2.090909090909091,0.7575757575757578,0.08433899663047564
2.1515151515151514,0.7575757575757578,0.07416453278968614
2.212121212121212,0.7575757575757578,0.06497838240474138
2.2727272727272725,0.7575757575757578,0.05672131900637056
2.333333333333334,0.7575757575757578,0.04933197951848903
2.3939393939393945,0.7575757575757578,0.04274797619615849
2.454545454545455,0.7575757575757578,0.036906883210996645
2.5151515151515156,0.7575757575757578,0.03174709397059173
2.575757575757576,0.7575757575757578,0.027208548859126196
2.6363636363636367,0.7575757575757578,0.02323333621613198
2.6969696969696972,0.7575757575757578,0.019766171996741796
2.757575757575758,0.7575757575757578,0.016754765669138506
2.8181818181818183,0.7575757575757578,0.01415008151122995
2.878787878787879,0.7575757575757578,0.011906505592949037
2.9393939393939394,0.7575757575757578,0.009981929409827159
3.0,0.7575757575757578,0.008337761413963994
-3.0,0.8181818181818183,0.007948987286296174
-2.9393939393939394,0.8181818181818183,0.009516490821928974
-2.878787878787879,0.8181818181818183,0.011351327638622078
-2.8181818181818183,0.8181818181818183,0.013490289833005188
-2.757575757575758,0.8181818181818183,0.015973522469208513
-2.696969696969697,0.8181818181818183,0.018844512585560375
-2.6363636363636362,0.8181818181818183,0.0221500094606899
-2.5757575757575757,0.8181818181818183,0.025939865417297547
-2.515151515151515,0.8181818181818183,0.030266786709252497
-2.4545454545454546,0.8181818181818183,0.035185984685252976
-2.393939393939394,0.8181818181818183,0.04075471849422998
-2.333333333333333,0.8181818181818183,0.04703172212910083
-2.2727272727272725,0.8181818181818183,0.05407651061932102
-2.212121212121212,0.8181818181818183,0.061948562686662
-2.1515151515151514,0.8181818181818183,0.07070638016242194
-2.090909090909091,0.8181818181818183,0.080406427897041
-2.0303030303030303,0.8181818181818183,0.09110196172167197
-1.9696969696969697,0.8181818181818183,0.10284175616905056
-1.9090909090909092,0.8181818181818183,0.115668748027823
-1.8484848484848484,0.8181818181818183,0.12961861626746737
-1.7878787878787878,0.8181818181818183,0.14471832328668507
-1.7272727272727273,0.8181818181818183,0.16098464664606932
-1.6666666666666665,0.8181818181818183,0.1784227342728301
-1.606060606060606,0.8181818181818183,0.1970247193914595
-1.5454545454545454,0.8181818181818183,0.21676843395959147
-1.4848484848484849,0.8181818181818183,0.23761626100075942
-1.4242424242424243,0.8181818181818183,0.25951416676898037
-1.3636363636363635,0.8181818181818183,0.28239095302198197
-1.303030303030303,0.8181818181818183,0.30615776772069614
-1.2424242424242424,0.8181818181818183,0.33070790915248893
-1.1818181818181817,0.8181818181818183,0.3559169537808429
-1.121212121212121,0.8181818181818183,0.38164323209244727
-1.0606060606060606,0.8181818181818183,0.4077286694356459
-1.0,0.8181818181818183,0.43400000046875437
-0.9393939393939394,0.8181818181818183,0.4602703565631029
-0.8787878787878789,0.8181818181818183,0.48634121558321564
-0.8181818181818183,0.8181818181818183,0.5120046931872432
-0.7575757575757573,0.8181818181818183,0.5370461444798961
-0.6969696969696968,0.8181818181818183,0.5612470348550513
-0.6363636363636362,0.8181818181818183,0.5843880295423868
-0.5757575757575757,0.8181818181818183,0.6062522430731749
-0.5151515151515151,0.8181818181818183,0.6266285829362968
-0.4545454545454546,0.8181818181818183,0.6453151164035819
-0.39393939393939403,0.8181818181818183,0.6621223861125295
-0.33333333333333304,0.8181818181818183,0.6768765986924232
-0.2727272727272725,0.8181818181818183,0.6894226116243721
-0.21212121212121193,0.8181818181818183,0.69962664667647
-0.15151515151515138,0.8181818181818183,0.7073786636096336
-0.09090909090909083,0.8181818181818183,0.7125943352827762
-0.030303030303030276,0.8181818181818183,0.7152165745933134
0.030303030303030276,0.8181818181818183,0.7152165745933134
0.09090909090909083,0.8181818181818183,0.7125943352827762
0.15151515151515138,0.8181818181818183,0.7073786636096336
0.21212121212121238,0.8181818181818183,0.6996266466764699
0.27272727272727293,0.8181818181818183,0.689422611624372
0.3333333333333335,0.8181818181818183,0.6768765986924231
0.39393939393939403,0.8181818181818183,0.6621223861125295
0.4545454545454546,0.8181818181818183,0.6453151164035819
0.5151515151515151,0.8181818181818183,0.6266285829362968
0.5757575757575757,0.8181818181818183,0.6062522430731749
0.6363636363636367,0.8181818181818183,0.5843880295423866
0.6969696969696972,0.8181818181818183,0.5612470348550512
0.7575757575757578,0.8181818181818183,0.5370461444798958
0.8181818181818183,0.8181818181818183,0.5120046931872432
0.8787878787878789,0.8181818181818183,0.48634121558321564
0.9393939393939394,0.8181818181818183,0.4602703565631029
1.0,0.8181818181818183,0.43400000046875437
1.0606060606060606,0.8181818181818183,0.4077286694356459
1.121212121212121,0.8181818181818183,0.38164323209244727
1.1818181818181817,0.8181818181818183,0.3559169537808429
1.2424242424242422,0.8181818181818183,0.330707909152489
1.3030303030303028,0.8181818181818183,0.3061577677206962
1.3636363636363633,0.8181818181818183,0.2823909530219821
1.4242424242424248,0.8181818181818183,0.2595141667689802
1.4848484848484853,0.8181818181818183,0.23761626100075925
1.5454545454545459,0.8181818181818183,0.21676843395959133
1.6060606060606064,0.8181818181818183,0.19702471939145935
1.666666666666667,0.8181818181818183,0.17842273427282995
1.7272727272727275,0.8181818181818183,0.16098464664606926
1.787878787878788,0.8181818181818183,0.14471832328668502
1.8484848484848486,0.8181818181818183,0.12961861626746737
1.9090909090909092,0.8181818181818183,0.115668748027823
1.9696969696969697,0.8181818181818183,0.10284175616905056
2.0303030303030303,0.8181818181818183,0.09110196172167197
2.090909090909091,0.8181818181818183,0.080406427897041
2.1515151515151514,0.8181818181818183,0.07070638016242194
2.212121212121212,0.8181818181818183,0.061948562686662
2.2727272727272725,0.8181818181818183,0.05407651061932102
2.333333333333334,0.8181818181818183,0.04703172212910073
2.3939393939393945,0.8181818181818183,0.040754718494229944
2.454545454545455,0.8181818181818183,0.03518598468525293
2.5151515151515156,0.8181818181818183,0.03026678670925247
2.575757575757576,0.8181818181818183,0.025939865417297522
2.6363636363636367,0.8181818181818183,0.02215000946068988
2.6969696969696972,0.8181818181818183,0.018844512585560348
2.757575757575758,0.8181818181818183,0.015973522469208513
2.8181818181818183,0.8181818181818183,0.013490289833005188
2.878787878787879,0.8181818181818183,0.011351327638622078
2.9393939393939394,0.8181818181818183,0.009516490821928974
3.0,0.8181818181818183,0.007948987286296174
-3.0,0.8787878787878789,0.007550556061131679
-2.9393939393939394,0.8787878787878789,0.009039490801563549
-2.878787878787879,0.8787878787878789,0.010782359137930572
-2.8181818181818183,0.8787878787878789,0.012814109017462235
-2.757575757575758,0.8787878787878789,0.015172873292354097
-2.696969696969697,0.8787878787878789,0.017899959277488484
-2.6363636363636362,0.8787878787878789,0.02103977301308076
-2.5757575757575757,0.8787878787878789,0.02463966804792529
-2.515151515151515,0.8787878787878789,0.028749708812908455
-2.4545454545454546,0.8787878787878789,0.0334223392695743
-2.393939393939394,0.8787878787878789,0.038711948536743236
-2.333333333333333,0.8787878787878789,0.044674326652849566
-2.2727272727272725,0.8787878787878789,0.05136600554456504
-2.212121212121212,0.8787878787878789,0.058843482650746314
-2.1515151515151514,0.8787878787878789,0.06716232748496617
-2.090909090909091,0.8787878787878789,0.07637617468059063
-2.0303030303030303,0.8787878787878789,0.08653561069904163
-1.9696969696969697,0.8787878787878789,0.09768696532177586
-1.9090909090909092,0.8787878787878789,0.10987102319444465
-1.8484848484848484,0.8787878787878789,0.12312167493097717
-1.7878787878787878,0.8787878787878789,0.13746453147973767
-1.7272727272727273,0.8787878787878789,0.15291552945092127
-1.6666666666666665,0.8787878787878789,0.1694795587395043
-1.606060606060606,0.8787878787878789,0.18714914688046028
-1.5454545454545454,0.8787878787878789,0.20590323697174345
-1.4848484848484849,0.8787878787878789,0.2257060975321686
-1.4242424242424243,0.8787878787878789,0.2465064031773135
-1.3636363636363635,0.8787878787878789,0.2682365243714436
-1.303030303030303,0.8787878787878789,0.2908120626524697
-1.2424242424242424,0.8787878787878789,0.3141316645732114
-1.1818181818181817,0.8787878787878789,0.33807714314280257
-1.121212121212121,0.8787878787878789,0.36251392982265074
-1.0606060606060606,0.8787878787878789,0.3872918732191022
-1.0,0.8787878787878789,0.41224639265933416
-0.9393939393939394,0.8787878787878789,0.43719998602816873
-0.8787878787878789,0.8787878787878789,0.46196408181840665
-0.8181818181818183,0.8787878787878789,0.48634121558321564
-0.7575757575757573,0.8787878787878789,0.5101275011850603
-0.6969696969696968,0.8787878787878789,0.5331153577415723
-0.6363636363636362,0.8787878787878789,0.5550964443132291
-0.5757575757575757,0.8787878787878789,0.5758647464944864
-0.5151515151515151,0.8787878787878789,0.595219752473979
-0.4545454545454546,0.8787878787878789,0.612969651102725
-0.39393939393939403,0.8787878787878789,0.6289344812881689
-0.33333333333333304,0.8787878787878789,0.6429491607951291
-0.2727272727272725,0.8787878787878789,0.654866323393901
-0.21212121212121193,0.8787878787878789,0.664558896288494
-0.15151515151515138,0.8787878787878789,0.6719223548439759
-0.09090909090909083,0.8787878787878789,0.6768765986924232
-0.030303030303030276,0.8787878787878789,0.679367402137794
0.030303030303030276,0.8787878787878789,0.679367402137794
0.09090909090909083,0.8787878787878789,0.6768765986924232
0.15151515151515138,0.8787878787878789,0.6719223548439759
0.21212121212121238,0.8787878787878789,0.6645588962884938
0.27272727272727293,0.8787878787878789,0.6548663233939009
0.3333333333333335,0.8787878787878789,0.642949160795129
0.39393939393939403,0.8787878787878789,0.6289344812881689
0.4545454545454546,0.8787878787878789,0.612969651102725
0.5151515151515151,0.8787878787878789,0.595219752473979
0.5757575757575757,0.8787878787878789,0.5758647464944864
0.6363636363636367,0.8787878787878789,0.5550964443132289
0.6969696969696972,0.8787878787878789,0.533115357741572
0.7575757575757578,0.8787878787878789,0.5101275011850602
0.8181818181818183,0.8787878787878789,0.48634121558321564
0.8787878787878789,0.8787878787878789,0.46196408181840665
0.9393939393939394,0.8787878787878789,0.43719998602816873
1.0,0.8787878787878789,0.41224639265933416
1.0606060606060606,0.8787878787878789,0.3872918732191022
1.121212121212121,0.8787878787878789,0.36251392982265074
1.1818181818181817,0.8787878787878789,0.33807714314280257
1.2424242424242422,0.8787878787878789,0.3141316645732115
1.3030303030303028,0.8787878787878789,0.2908120626524699
1.3636363636363633,0.8787878787878789,0.26823652437144363
1.4242424242424248,0.8787878787878789,0.24650640317731334
1.4848484848484853,0.8787878787878789,0.22570609753216847
1.5454545454545459,0.8787878787878789,0.20590323697174331
1.6060606060606064,0.8787878787878789,0.18714914688046014
1.666666666666667,0.8787878787878789,0.16947955873950418
1.7272727272727275,0.8787878787878789,0.1529155294509212
1.787878787878788,0.8787878787878789,0.13746453147973758
1.8484848484848486,0.8787878787878789,0.12312167493097712
1.9090909090909092,0.8787878787878789,0.10987102319444465
1.9696969696969697,0.8787878787878789,0.09768696532177586
2.0303030303030303,0.8787878787878789,0.08653561069904163
2.090909090909091,0.8787878787878789,0.07637617468059063
2.1515151515151514,0.8787878787878789,0.06716232748496617
2.212121212121212,0.8787878787878789,0.058843482650746314
2.2727272727272725,0.8787878787878789,0.05136600554456504
2.333333333333334,0.8787878787878789,0.04467432665284946
2.3939393939393945,0.8787878787878789,0.0387119485367432
2.454545454545455,0.8787878787878789,0.03342233926957426
2.5151515151515156,0.8787878787878789,0.02874970881290843
2.575757575757576,0.8787878787878789,0.024639668047925268
2.6363636363636367,0.8787878787878789,0.02103977301308074
2.6969696969696972,0.8787878787878789,0.017899959277488452
2.757575757575758,0.8787878787878789,0.015172873292354097
2.8181818181818183,0.8787878787878789,0.012814109017462235
2.878787878787879,0.8787878787878789,0.010782359137930572
2.9393939393939394,0.8787878787878789,0.009039490801563549
3.0,0.8787878787878789,0.007550556061131679
-3.0,0.9393939393939394,0.007145800148439478
-2.9393939393939394,0.9393939393939394,0.008554918894536185
-2.878787878787879,0.9393939393939394,0.010204358845168812
-2.8181818181818183,0.9393939393939394,0.012127194524184107
-2.757575757575758,0.9393939393939394,0.014359514630039956
-2.696969696969697,0.9393939393939394,0.01694041215329598
-2.6363636363636362,0.9393939393939394,0.019911912699244482
-2.5757575757575757,0.9393939393939394,0.023318831377297847
-2.515151515151515,0.9393939393939394,0.02720854885912621
-2.4545454545454546,0.9393939393939394,0.03163069778968341
-2.393939393939394,0.9393939393939394,0.036636751698891426
-2.333333333333333,0.9393939393939394,0.04227950993844009
-2.2727272727272725,0.9393939393939394,0.048612473978516736
-2.212121212121212,0.9393939393939394,0.05568911265025112
-2.1515151515151514,0.9393939393939394,0.06356201660195075
-2.090909090909091,0.9393939393939394,0.0722819453231109
-2.0303030303030303,0.9393939393939394,0.08189677353191271
-1.9696969696969697,0.9393939393939394,0.09245034745061195
-1.9090909090909092,0.9393939393939394,0.10398126541879965
-1.8484848484848484,0.9393939393939394,0.11652160130654382
-1.7878787878787878,0.9393939393939394,0.1300955931589819
-1.7272727272727273,0.9393939393939394,0.14471832328668507
-1.6666666666666665,0.9393939393939394,0.16039441945639846
-1.606060606060606,0.9393939393939394,0.1771168097728519
-1.5454545454545454,0.9393939393939394,0.19486556611253433
-1.4848484848484849,0.9393939393939394,0.21360687241984802
-1.4242424242424243,0.9393939393939394,0.23329215466439637
-1.3636363636363635,0.9393939393939394,0.2538574086665432
-1.303030303030303,0.9393939393939394,0.27522276023715053
-1.2424242424242424,0.9393939393939394,0.29729228909272587
-1.1818181818181817,0.9393939393939394,0.31995414378682807
-1.121212121212121,0.9393939393939394,0.3430809694762821
-1.0606060606060606,0.9393939393939394,0.36653066379904037
-1.0,0.9393939393939394,0.39014746861136285
-0.9393939393939394,0.9393939393939394,0.41376339699536996
-0.8787878787878789,0.9393939393939394,0.43719998602816873
-0.8181818181818183,0.9393939393939394,0.4602703565631029
-0.7575757575757573,0.9393939393939394,0.48278155200464906
-0.6969696969696968,0.9393939393939394,0.5045371190733355
-0.6363636363636362,0.9393939393939394,0.5253398851762422
-0.5757575757575757,0.9393939393939394,0.544994879537998
-0.5151515151515151,0.9393939393939394,0.5633123390047615
-0.4545454545454546,0.9393939393939394,0.58011073467644
-0.39393939393939403,0.9393939393939394,0.595219752473979
-0.33333333333333304,0.9393939393939394,0.6084831595780854
-0.2727272727272725,0.9393939393939394,0.6197614894888654
-0.21212121212121193,0.9393939393939394,0.6289344812881689
-0.15151515151515138,0.9393939393939394,0.635903213499781
-0.09090909090909083,0.9393939393939394,0.640591879624635
-0.030303030303030276,0.9393939393939394,0.642949160795129
0.030303030303030276,0.9393939393939394,0.642949160795129
0.09090909090909083,0.9393939393939394,0.640591879624635
0.15151515151515138,0.9393939393939394,0.635903213499781
0.21212121212121238,0.9393939393939394,0.6289344812881689
0.27272727272727293,0.9393939393939394,0.6197614894888653
0.3333333333333335,0.9393939393939394,0.6084831595780854
0.39393939393939403,0.9393939393939394,0.595219752473979
0.4545454545454546,0.9393939393939394,0.58011073467644
0.5151515151515151,0.9393939393939394,0.5633123390047615
0.5757575757575757,0.9393939393939394,0.544994879537998
0.6363636363636367,0.9393939393939394,0.5253398851762421
0.6969696969696972,0.9393939393939394,0.5045371190733354
0.7575757575757578,0.9393939393939394,0.4827815520046489
0.8181818181818183,0.9393939393939394,0.4602703565631029
0.8787878787878789,0.9393939393939394,0.43719998602816873
0.9393939393939394,0.9393939393939394,0.41376339699536996
1.0,0.9393939393939394,0.39014746861136285
1.0606060606060606,0.9393939393939394,0.36653066379904037
1.121212121212121,0.9393939393939394,0.3430809694762821
1.1818181818181817,0.9393939393939394,0.31995414378682807
1.2424242424242422,0.9393939393939394,0.29729228909272604
1.3030303030303028,0.9393939393939394,0.27522276023715064
1.3636363636363633,0.9393939393939394,0.2538574086665433
1.4242424242424248,0.9393939393939394,0.23329215466439626
1.4848484848484853,0.9393939393939394,0.21360687241984783
1.5454545454545459,0.9393939393939394,0.19486556611253425
1.6060606060606064,0.9393939393939394,0.17711680977285182
1.666666666666667,0.9393939393939394,0.16039441945639832
1.7272727272727275,0.9393939393939394,0.14471832328668502
1.787878787878788,0.9393939393939394,0.13009559315898184
1.8484848484848486,0.9393939393939394,0.11652160130654378
1.9090909090909092,0.9393939393939394,0.10398126541879965
1.9696969696969697,0.9393939393939394,0.09245034745061195
2.0303030303030303,0.9393939393939394,0.08189677353191271
2.090909090909091,0.9393939393939394,0.0722819453231109
2.1515151515151514,0.9393939393939394,0.06356201660195075
2.212121212121212,0.9393939393939394,0.05568911265025112
2.2727272727272725,0.9393939393939394,0.048612473978516736
2.333333333333334,0.9393939393939394,0.04227950993843999
2.3939393939393945,0.9393939393939394,0.0366367516988914
2.454545454545455,0.9393939393939394,0.03163069778968337
2.5151515151515156,0.9393939393939394,0.027208548859126186
2.575757575757576,0.9393939393939394,0.023318831377297827
2.6363636363636367,0.9393939393939394,0.019911912699244465
2.6969696969696972,0.9393939393939394,0.016940412153295965
2.757575757575758,0.9393939393939394,0.014359514630039956
2.8181818181818183,0.9393939393939394,0.012127194524184107
2.878787878787879,0.9393939393939394,0.010204358845168812
2.9393939393939394,0.9393939393939394,0.008554918894536185
3.0,0.9393939393939394,0.007145800148439478
-3.0,1.0,0.006737946999085467
-2.9393939393939394,1.0,0.008066638990099354
-2.878787878787879,1.0,0.009621935630737124
-2.8181818181818183,1.0,0.011435023685821482
-2.757575757575758,1.0,0.013539932057983883
-2.696969696969697,1.0,0.015973522469208527
-2.6363636363636362,1.0,0.018775421874515436
-2.5757575757575757,1.0,0.021987887519518263
-2.515151515151515,1.0,0.02565559578025086
-2.4545454545454546,1.0,0.029825346472573806
-2.393939393939394,1.0,0.03454567522710446
-2.333333333333333,1.0,0.03986636782372497
-2.2727272727272725,1.0,0.04583787208675272
-2.212121212121212,1.0,0.05251060506435185
-2.1515151515151514,1.0,0.05993415574496069
-2.090909090909091,1.0,0.06815638647328734
-2.0303030303030303,1.0,0.07722243947371533
-1.9696969696969697,1.0,0.08717365840483188
-1.9090909090909092,1.0,0.09804643857031387
-1.8484848484848484,1.0,0.10987102319444475
-1.7878787878787878,1.0,0.12267026691352907
-1.7272727272727273,1.0,0.13645839120131942
-1.6666666666666665,1.0,0.1512397596904958
-1.606060606060606,1.0,0.1670077041207483
-1.5454545454545454,1.0,0.1837434337846375
-1.4848484848484849,1.0,0.20141506270919993
-1.4242424242424243,1.0,0.2199767892717279
-1.3636363636363635,1.0,0.23936826239030604
-1.303030303030303,1.0,0.2595141667689805
-1.2424242424242424,1.0,0.280324056863112
-1.1818181818181817,1.0,0.3016924652509652
-1.121212121212121,1.0,0.3234993059847716
-1.0606060606060606,1.0,0.3456105873261628
-1.0,1.0,0.36787944117144233
-0.9393939393939394,1.0,0.39014746861136285
-0.8787878787878789,1.0,0.41224639265933416
-0.8181818181818183,1.0,0.43400000046875437
-0.7575757575757573,1.0,0.45522634862016703
-0.6969696969696968,1.0,0.47574019658663597
-0.6363636363636362,1.0,0.4953556255832568
-0.5757575757575757,1.0,0.5138887929719018
-0.5151515151515151,1.0,0.5311607665061606
-0.4545454545454546,1.0,0.5470003782157261
-0.39393939393939403,1.0,0.5612470348550513
-0.33333333333333304,1.0,0.5737534207374329
-0.2727272727272725,1.0,0.5843880295423868
-0.21212121212121193,1.0,0.5930374643548411
-0.15151515151515138,1.0,0.5996084497332825
-0.09090909090909083,1.0,0.6040295059046581
-0.030303030303030276,1.0,0.606252243073175
0.030303030303030276,1.0,0.606252243073175
0.09090909090909083,1.0,0.6040295059046581
0.15151515151515138,1.0,0.5996084497332825
0.21212121212121238,1.0,0.593037464354841
0.27272727272727293,1.0,0.5843880295423867
0.3333333333333335,1.0,0.5737534207374327
0.39393939393939403,1.0,0.5612470348550513
0.4545454545454546,1.0,0.5470003782157261
0.5151515151515151,1.0,0.5311607665061606
0.5757575757575757,1.0,0.5138887929719018
0.6363636363636367,1.0,0.49535562558325663
0.6969696969696972,1.0,0.47574019658663586
0.7575757575757578,1.0,0.45522634862016687
0.8181818181818183,1.0,0.43400000046875437
0.8787878787878789,1.0,0.41224639265933416
0.9393939393939394,1.0,0.39014746861136285
1.0,1.0,0.36787944117144233
1.0606060606060606,1.0,0.3456105873261628
1.121212121212121,1.0,0.3234993059847716
1.1818181818181817,1.0,0.3016924652509652
1.2424242424242422,1.0,0.28032405686311207
1.3030303030303028,1.0,0.25951416676898054
1.3636363636363633,1.0,0.23936826239030615
1.4242424242424248,1.0,0.21997678927172776
1.4848484848484853,1.0,0.2014150627091998
1.5454545454545459,1.0,0.1837434337846374
1.6060606060606064,1.0,0.1670077041207482
1.666666666666667,1.0,0.15123975969049572
1.7272727272727275,1.0,0.13645839120131933
1.787878787878788,1.0,0.12267026691352902
1.8484848484848486,1.0,0.10987102319444465
1.9090909090909092,1.0,0.09804643857031387
1.9696969696969697,1.0,0.08717365840483188
2.0303030303030303,1.0,0.07722243947371533
2.090909090909091,1.0,0.06815638647328734
2.1515151515151514,1.0,0.05993415574496069
2.212121212121212,1.0,0.05251060506435185
2.2727272727272725,1.0,0.04583787208675272
2.333333333333334,1.0,0.03986636782372488
2.3939393939393945,1.0,0.03454567522710442
2.454545454545455,1.0,0.029825346472573764
2.5151515151515156,1.0,0.02565559578025084
2.575757575757576,1.0,0.021987887519518242
2.6363636363636367,1.0,0.01877542187451542
2.6969696969696972,1.0,0.015973522469208513
2.757575757575758,1.0,0.013539932057983883
2.8181818181818183,1.0,0.011435023685821482
2.878787878787879,1.0,0.009621935630737124
2.9393939393939394,1.0,0.008066638990099354
3.0,1.0,0.006737946999085467
-3.0,1.0606060606060606,0.00633007871358933
-2.9393939393939394,1.0606060606060606,0.007578340964743162
-2.878787878787879,1.0606060606060606,0.009039490801563549
-2.8181818181818183,1.0606060606060606,0.010742827159791102
-2.757575757575758,1.0606060606060606,0.012720319069788264
-2.696969696969697,1.0606060606060606,0.015006596902157556
-2.6363636363636362,1.0606060606060606,0.01763888887262856
-2.5757575757575757,1.0606060606060606,0.020656894268089435
-2.515151515151515,1.0606060606060606,0.02410258506857664
-2.4545454545454546,1.0606060606060606,0.028019928155726237
-2.393939393939394,1.0606060606060606,0.0324545211518204
-2.333333333333333,1.0606060606060606,0.03745313615309471
-2.2727272727272725,1.0606060606060606,0.043063167224670434
-2.212121212121212,1.0606060606060606,0.04933197951848914
-2.1515151515151514,1.0606060606060606,0.05630616025172312
-2.090909090909091,1.0606060606060606,0.0640306745167752
-2.0303030303030303,1.0606060606060606,0.0725479319428237
-1.9696969696969697,1.0606060606060606,0.08189677353191274
-1.9090909090909092,1.0606060606060606,0.09211139147004664
-1.8484848484848484,1.0606060606060606,0.10322019826778576
-1.7878787878787878,1.0606060606060606,0.11524466510126105
-1.7272727272727273,1.0606060606060606,0.12819815257545938
-1.6666666666666665,1.0606060606060606,0.1420847601791932
-1.606060606060606,1.0606060606060606,0.15689822330209216
-1.5454545454545454,1.0606060606060606,0.17262088869500034
-1.4848484848484849,1.0606060606060606,0.18922280053921717
-1.4242424242424243,1.0606060606060606,0.20666092972261257
-1.3636363636363635,1.0606060606060606,0.224878578396565
-1.303030303030303,1.0606060606060606,0.24380499032749323
-1.2424242424242424,1.0606060606060606,0.26335519491278825
-1.1818181818181817,1.0606060606060606,0.2834301089923428
-1.121212121212121,1.0606060606060606,0.30391691578355623
-1.0606060606060606,1.0606060606060606,0.324689734472739
-1.0,1.0606060606060606,0.3456105873261628
-0.9393939393939394,1.0606060606060606,0.36653066379904037
-0.8787878787878789,1.0606060606060606,0.3872918732191022
-0.8181818181818183,1.0606060606060606,0.4077286694356459
-0.7575757575757573,1.0606060606060606,0.42767012261399984
-0.6969696969696968,1.0606060606060606,0.4469422053958884
-0.6363636363636362,1.0606060606060606,0.46537025322207126
-0.5757575757575757,1.0606060606060606,0.48278155200464906
-0.5151515151515151,1.0606060606060606,0.4990080008065956
-0.4545454545454546,1.0606060606060606,0.5138887929719019
-0.39393939393939403,1.0606060606060606,0.527273056449286
-0.33333333333333304,1.0606060606060606,0.5390223930155639
-0.2727272727272725,1.0606060606060606,0.5490132568250782
-0.21212121212121193,1.0606060606060606,0.5571391152205696
-0.15151515151515138,1.0606060606060606,0.5633123390047616
-0.09090909090909083,1.0606060606060606,0.5674657752911861
-0.030303030303030276,1.0606060606060606,0.5695539634645634
0.030303030303030276,1.0606060606060606,0.5695539634645634
0.09090909090909083,1.0606060606060606,0.5674657752911861
0.15151515151515138,1.0606060606060606,0.5633123390047616
0.21212121212121238,1.0606060606060606,0.5571391152205696
0.27272727272727293,1.0606060606060606,0.5490132568250781
0.3333333333333335,1.0606060606060606,0.5390223930155638
0.39393939393939403,1.0606060606060606,0.527273056449286
0.4545454545454546,1.0606060606060606,0.5138887929719019
0.5151515151515151,1.0606060606060606,0.4990080008065956
0.5757575757575757,1.0606060606060606,0.48278155200464906
0.6363636363636367,1.0606060606060606,0.46537025322207115
0.6969696969696972,1.0606060606060606,0.44694220539588825
0.7575757575757578,1.0606060606060606,0.42767012261399967
0.8181818181818183,1.0606060606060606,0.4077286694356459
0.8787878787878789,1.0606060606060606,0.3872918732191022
0.9393939393939394,1.0606060606060606,0.36653066379904037
1.0,1.0606060606060606,0.3456105873261628
1.0606060606060606,1.0606060606060606,0.324689734472739
1.121212121212121,1.0606060606060606,0.30391691578355623
1.1818181818181817,1.0606060606060606,0.2834301089923428
1.2424242424242422,1.0606060606060606,0.26335519491278836
1.3030303030303028,1.0606060606060606,0.24380499032749334
1.3636363636363633,1.0606060606060606,0.2248785783965651
1.4242424242424248,1.0606060606060606,0.2066609297226125
1.4848484848484853,1.0606060606060606,0.189222800539217
1.5454545454545459,1.0606060606060606,0.17262088869500025
1.6060606060606064,1.0606060606060606,0.1568982233020921
1.666666666666667,1.0606060606060606,0.14208476017919305
1.7272727272727275,1.0606060606060606,0.12819815257545933
1.787878787878788,1.0606060606060606,0.115244665101261
1.8484848484848486,1.0606060606060606,0.10322019826778571
1.9090909090909092,1.0606060606060606,0.09211139147004664
1.9696969696969697,1.0606060606060606,0.08189677353191274
2.0303030303030303,1.0606060606060606,0.0725479319428237
2.090909090909091,1.0606060606060606,0.0640306745167752
2.1515151515151514,1.0606060606060606,0.05630616025172312
2.212121212121212,1.0606060606060606,0.04933197951848914
2.2727272727272725,1.0606060606060606,0.043063167224670434
2.333333333333334,1.0606060606060606,0.037453136153094625
2.3939393939393945,1.0606060606060606,0.03245452115182037
2.454545454545455,1.0606060606060606,0.0280199281557262
2.5151515151515156,1.0606060606060606,0.024102585068576616
2.575757575757576,1.0606060606060606,0.020656894268089417
2.6363636363636367,1.0606060606060606,0.017638888872628544
2.6969696969696972,1.0606060606060606,0.015006596902157542
2.757575757575758,1.0606060606060606,0.012720319069788264
2.8181818181818183,1.0606060606060606,0.010742827159791102
2.878787878787879,1.0606060606060606,0.009039490801563549
2.9393939393939394,1.0606060606060606,0.007578340964743162
3.0,1.0606060606060606,0.00633007871358933
-3.0,1.121212121212121,0.005925096469173198
-2.9393939393939394,1.121212121212121,0.007093498094422496
-2.878787878787879,1.121212121212121,0.008461167302151582
-2.8181818181818183,1.121212121212121,0.010055528557136003
-2.757575757575758,1.121212121212121,0.011906505592949037
-2.696969696969697,1.121212121212121,0.014046513217662926
-2.6363636363636362,1.121212121212121,0.016510397880990745
-2.5757575757575757,1.121212121212121,0.01933531901099221
-2.515151515151515,1.121212121212121,0.022560563327780944
-2.4545454545454546,1.121212121212121,0.02622728482436863
-2.393939393939394,1.121212121212121,0.03037816390379778
-2.333333333333333,1.121212121212121,0.035056980303224954
-2.2727272727272725,1.121212121212121,0.04030809593671402
-2.212121212121212,1.121212121212121,0.04617584565494043
-2.1515151515151514,1.121212121212121,0.05270383614408702
-2.090909090909091,1.121212121212121,0.05993415574496069
-2.0303030303030303,1.121212121212121,0.06790650082714433
-1.9696969696969697,1.121212121212121,0.07665722744472246
-1.9090909090909092,1.121212121212121,0.08621834025509892
-1.8484848484848484,1.121212121212121,0.09661643400908466
-1.7878787878787878,1.121212121212121,0.10787160621188283
-1.7272727272727273,1.121212121212121,0.11999636269114812
-1.6666666666666665,1.121212121212121,0.13299454066088495
-1.606060606060606,1.121212121212121,0.14686027630447032
-1.5454545454545454,1.121212121212121,0.16157704578247395
-1.4848484848484849,1.121212121212121,0.1771168097728519
-1.4242424242424243,1.121212121212121,0.1934392920560044
-1.3636363636363635,1.121212121212121,0.21049142216663738
-1.303030303030303,1.121212121212121,0.22820697067400708
-1.2424242424242424,1.121212121212121,0.24650640317731357
-1.1818181818181817,1.121212121212121,0.26529697560358895
-1.121212121212121,1.121212121212121,0.28447308889940964
-1.0606060606060606,1.121212121212121,0.30391691578355623
-1.0,1.121212121212121,0.3234993059847716
-0.9393939393939394,1.121212121212121,0.3430809694762821
-0.8787878787878789,1.121212121212121,0.36251392982265074
-0.8181818181818183,1.121212121212121,0.38164323209244727
-0.7575757575757573,1.121212121212121,0.4003088821046018
-0.6969696969696968,1.121212121212121,0.41834798632607734
-0.6363636363636362,1.121212121212121,0.43559705478936
-0.5757575757575757,1.121212121212121,0.4518944232121099
-0.5151515151515151,1.121212121212121,0.46708274532526683
-0.4545454545454546,1.121212121212121,0.4810115024713469
-0.39393939393939403,1.121212121212121,0.4935394750069941
-0.33333333333333304,1.121212121212121,0.5045371190733356
-0.2727272727272725,1.121212121212121,0.5138887929719019
-0.21212121212121193,1.121212121212121,0.5214947797323458
-0.15151515151515138,1.121212121212121,0.527273056449286
-0.09090909090909083,1.121212121212121,0.5311607665061607
-0.030303030303030276,1.121212121212121,0.5331153577415723
0.030303030303030276,1.121212121212121,0.5331153577415723
0.09090909090909083,1.121212121212121,0.5311607665061607
0.15151515151515138,1.121212121212121,0.527273056449286
0.21212121212121238,1.121212121212121,0.5214947797323457
0.27272727272727293,1.121212121212121,0.5138887929719018
0.3333333333333335,1.121212121212121,0.5045371190733355
0.39393939393939403,1.121212121212121,0.4935394750069941
0.4545454545454546,1.121212121212121,0.4810115024713469
0.5151515151515151,1.121212121212121,0.46708274532526683
0.5757575757575757,1.121212121212121,0.4518944232121099
0.6363636363636367,1.121212121212121,0.43559705478935995
0.6969696969696972,1.121212121212121,0.4183479863260772
0.7575757575757578,1.121212121212121,0.4003088821046017
0.8181818181818183,1.121212121212121,0.38164323209244727
0.8787878787878789,1.121212121212121,0.36251392982265074
0.9393939393939394,1.121212121212121,0.3430809694762821
1.0,1.121212121212121,0.3234993059847716
1.0606060606060606,1.121212121212121,0.30391691578355623
1.121212121212121,1.121212121212121,0.28447308889940964
1.1818181818181817,1.121212121212121,0.26529697560358895
1.2424242424242422,1.121212121212121,0.24650640317731362
1.3030303030303028,1.121212121212121,0.22820697067400714
1.3636363636363633,1.121212121212121,0.21049142216663744
1.4242424242424248,1.121212121212121,0.19343929205600424
1.4848484848484853,1.121212121212121,0.17711680977285182
1.5454545454545459,1.121212121212121,0.1615770457824738
1.6060606060606064,1.121212121212121,0.14686027630447018
1.666666666666667,1.121212121212121,0.1329945406608849
1.7272727272727275,1.121212121212121,0.11999636269114806
1.787878787878788,1.121212121212121,0.10787160621188278
1.8484848484848486,1.121212121212121,0.09661643400908462
1.9090909090909092,1.121212121212121,0.08621834025509892
1.9696969696969697,1.121212121212121,0.07665722744472246
2.0303030303030303,1.121212121212121,0.06790650082714433
2.090909090909091,1.121212121212121,0.05993415574496069
2.1515151515151514,1.121212121212121,0.05270383614408702
2.212121212121212,1.121212121212121,0.04617584565494043
2.2727272727272725,1.121212121212121,0.04030809593671402
2.333333333333334,1.121212121212121,0.03505698030322488
2.3939393939393945,1.121212121212121,0.03037816390379775
2.454545454545455,1.121212121212121,0.026227284824368594
2.5151515151515156,1.121212121212121,0.022560563327780923
2.575757575757576,1.121212121212121,0.019335319010992193
2.6363636363636367,1.121212121212121,0.01651039788099073
2.6969696969696972,1.121212121212121,0.014046513217662902
2.757575757575758,1.121212121212121,0.011906505592949037
2.8181818181818183,1.121212121212121,0.010055528557136003
2.878787878787879,1.121212121212121,0.008461167302151582
2.9393939393939394,1.121212121212121,0.007093498094422496
3.0,1.121212121212121,0.005925096469173198
-3.0,1.1818181818181817,0.005525690248988666
-2.9393939393939394,1.1818181818181817,0.0066153308145275825
-2.878787878787879,1.1818181818181817,0.007890806487254522
-2.8181818181818183,1.1818181818181817,0.009377693069754682
-2.757575757575758,1.1818181818181817,0.011103897159613366
-2.696969696969697,1.1818181818181817,0.013099648507488553
-2.6363636363636362,1.1818181818181817,0.015397444590576305
-2.5757575757575757,1.1818181818181817,0.018031939948318434
-2.515151515151515,1.1818181818181817,0.02103977301308076
-2.4545454545454546,1.1818181818181817,0.024459323618689546
-2.393939393939394,1.1818181818181817,0.028330395114869473
-2.333333333333333,1.1818181818181817,0.03269381608018764
-2.2727272727272725,1.1818181818181817,0.03759095802601851
-2.212121212121212,1.1818181818181817,0.043063167224670434
-2.1515151515151514,1.1818181818181817,0.04915111086897055
-2.090909090909091,1.1818181818181817,0.05589404015687029
-2.0303030303030303,1.1818181818181817,0.06332897555604734
-1.9696969696969697,1.1818181818181817,0.07148982238679345
-1.9090909090909092,1.1818181818181817,0.08040642789704096
-1.8484848484848484,1.1818181818181817,0.0901035941057941
-1.7878787878787878,1.1818181818181817,0.10060006376080524
-1.7272727272727273,1.1818181818181817,0.11190749968145407
-1.6666666666666665,1.1818181818181817,0.12402948041808437
-1.606060606060606,1.1818181818181817,0.13696053742946593
-1.5454545454545454,1.1818181818181817,0.1506852607355434
-1.4848484848484849,1.1818181818181817,0.16517750112352125
-1.4242424242424243,1.1818181818181817,0.18039969736295083
-1.3636363636363635,1.1818181818181817,0.1963023564280038
-1.303030303030303,1.1818181818181817,0.21282371336319622
-1.2424242424242424,1.1818181818181817,0.22988959512084073
-1.1818181818181817,1.1818181818181817,0.2474135094349774
-1.121212121212121,1.1818181818181817,0.26529697560358895
-1.0606060606060606,1.1818181818181817,0.2834301089923428
-1.0,1.1818181818181817,0.3016924652509652
-0.9393939393939394,1.1818181818181817,0.31995414378682807
-0.8787878787878789,1.1818181818181817,0.33807714314280257
-0.8181818181818183,1.1818181818181817,0.3559169537808429
-0.7575757575757573,1.1818181818181817,0.37332436660522683
-0.6969696969696968,1.1818181818181817,0.39014746861136296
-0.6363636363636362,1.1818181818181817,0.40623379056537484
-0.5757575757575757,1.1818181818181817,0.4214325658505189
-0.5151515151515151,1.1818181818181817,0.43559705478936006
-0.4545454545454546,1.1818181818181817,0.44858688507196576
-0.39393939393939403,1.1818181818181817,0.46027035656310306
-0.33333333333333304,1.1818181818181817,0.4705266578563226
-0.2727272727272725,1.1818181818181817,0.4792479425715806
-0.21212121212121193,1.1818181818181817,0.48634121558321586
-0.15151515151515138,1.1818181818181817,0.4917299830871499
-0.09090909090909083,1.1818181818181817,0.49535562558325685
-0.030303030303030276,1.1818181818181817,0.4971784593187858
0.030303030303030276,1.1818181818181817,0.4971784593187858
0.09090909090909083,1.1818181818181817,0.49535562558325685
0.15151515151515138,1.1818181818181817,0.4917299830871499
0.21212121212121238,1.1818181818181817,0.4863412155832158
0.27272727272727293,1.1818181818181817,0.47924794257158054
0.3333333333333335,1.1818181818181817,0.4705266578563225
0.39393939393939403,1.1818181818181817,0.46027035656310306
0.4545454545454546,1.1818181818181817,0.44858688507196576
0.5151515151515151,1.1818181818181817,0.43559705478936006
0.5757575757575757,1.1818181818181817,0.4214325658505189
0.6363636363636367,1.1818181818181817,0.40623379056537473
0.6969696969696972,1.1818181818181817,0.39014746861136285
0.7575757575757578,1.1818181818181817,0.3733243666052267
0.8181818181818183,1.1818181818181817,0.3559169537808429
0.8787878787878789,1.1818181818181817,0.33807714314280257
0.9393939393939394,1.1818181818181817,0.31995414378682807
1.0,1.1818181818181817,0.3016924652509652
1.0606060606060606,1.1818181818181817,0.2834301089923428
1.121212121212121,1.1818181818181817,0.26529697560358895
1.1818181818181817,1.1818181818181817,0.2474135094349774
1.2424242424242422,1.1818181818181817,0.22988959512084078
1.3030303030303028,1.1818181818181817,0.21282371336319625
1.3636363636363633,1.1818181818181817,0.1963023564280039
1.4242424242424248,1.1818181818181817,0.18039969736295072
1.4848484848484853,1.1818181818181817,0.16517750112352114
1.5454545454545459,1.1818181818181817,0.15068526073554328
1.6060606060606064,1.1818181818181817,0.13696053742946585
1.666666666666667,1.1818181818181817,0.12402948041808431
1.7272727272727275,1.1818181818181817,0.11190749968145397
1.787878787878788,1.1818181818181817,0.10060006376080519
1.8484848484848486,1.1818181818181817,0.0901035941057941
1.9090909090909092,1.1818181818181817,0.08040642789704096
1.9696969696969697,1.1818181818181817,0.07148982238679345
2.0303030303030303,1.1818181818181817,0.06332897555604734
2.090909090909091,1.1818181818181817,0.05589404015687029
2.1515151515151514,1.1818181818181817,0.04915111086897055
2.212121212121212,1.1818181818181817,0.043063167224670434
2.2727272727272725,1.1818181818181817,0.03759095802601851
2.333333333333334,1.1818181818181817,0.032693816080187565
2.3939393939393945,1.1818181818181817,0.02833039511486945
2.454545454545455,1.1818181818181817,0.024459323618689514
2.5151515151515156,1.1818181818181817,0.02103977301308074
2.575757575757576,1.1818181818181817,0.018031939948318434
2.6363636363636367,1.1818181818181817,0.015397444590576305
2.6969696969696972,1.1818181818181817,0.01309964850748853
2.757575757575758,1.1818181818181817,0.011103897159613366
2.8181818181818183,1.1818181818181817,0.009377693069754682
2.878787878787879,1.1818181818181817,0.007890806487254522
2.9393939393939394,1.1818181818181817,0.0066153308145275825
3.0,1.1818181818181817,0.005525690248988666
-3.0,1.2424242424242422,0.005134314197329749
-2.9393939393939394,1.2424242424242422,0.006146777215258928
-2.878787878787879,1.2424242424242422,0.007331912928580747
-2.8181818181818183,1.2424242424242422,0.00871348564553623
-2.757575757575758,1.2424242424242422,0.010317425382779416
-2.696969696969697,1.2424242424242422,0.012171820764715811
-2.6363636363636362,1.2424242424242422,0.01430686752274309
-2.5757575757575757,1.2424242424242422,0.016754765669138534
-2.515151515151515,1.2424242424242422,0.019549558593051252
-2.4545454545454546,1.2424242424242422,0.02272690774433204
-2.393939393939394,1.2424242424242422,0.026323797263311653
-2.333333333333333,1.2424242424242422,0.03037816390379782
-2.2727272727272725,1.2424242424242422,0.034928448897318824
-2.212121212121212,1.2424242424242422,0.040013070023980656
-2.1515151515151514,1.2424242424242422,0.04566981408255221
-2.090909090909091,1.2424242424242422,0.051935152169642895
-2.0303030303030303,1.2424242424242422,0.058843482650746286
-1.9696969696969697,1.2424242424242422,0.06642630938501756
-1.9090909090909092,1.2424242424242422,0.07471136558621005
-1.8484848484848484,1.2424242424242422,0.08372169658487219
-1.7878787878787878,1.2424242424242422,0.0934747176090651
-1.7272727272727273,1.2424242424242422,0.1039812654187997
-1.6666666666666665,1.2424242424242422,0.11524466510126109
-1.606060606060606,1.2424242424242422,0.12725983544349448
-1.5454545454545454,1.2424242424242422,0.14001245793037978
-1.4848484848484849,1.2424242424242422,0.15347823545721975
-1.4242424242424243,1.2424242424242422,0.16762226719713627
-1.3636363636363635,1.2424242424242422,0.18239856563839252
-1.303030303030303,1.2424242424242422,0.1977497405412991
-1.2424242424242424,1.2424242424242422,0.21360687241984802
-1.1818181818181817,1.2424242424242422,0.22988959512084078
-1.121212121212121,1.2424242424242422,0.24650640317731362
-1.0606060606060606,1.2424242424242422,0.26335519491278836
-1.0,1.2424242424242422,0.28032405686311207
-0.9393939393939394,1.2424242424242422,0.29729228909272604
-0.8787878787878789,1.2424242424242422,0.3141316645732115
-0.8181818181818183,1.2424242424242422,0.330707909152489
-0.7575757575757573,1.2424242424242422,0.3468823819831679
-0.6969696969696968,1.2424242424242422,0.3625139298226509
-0.6363636363636362,1.2424242424242422,0.37746088259591154
-0.5757575757575757,1.2424242424242422,0.39158315225133095
-0.5151515151515151,1.2424242424242422,0.4047443924547468
-0.4545454545454546,1.2424242424242422,0.4168141732487558
-0.39393939393939403,1.2424242424242422,0.42767012261399984
-0.33333333333333304,1.2424242424242422,0.437199986028169
-0.2727272727272725,1.2424242424242422,0.4453035557026906
-0.21212121212121193,1.2424242424242422,0.45189442321210993
-0.15151515151515138,1.2424242424242422,0.45690151268959583
-0.09090909090909083,1.2424242424242422,0.4602703565631031
-0.030303030303030276,1.2424242424242422,0.46196408181840687
0.030303030303030276,1.2424242424242422,0.46196408181840687
0.09090909090909083,1.2424242424242422,0.4602703565631031
0.15151515151515138,1.2424242424242422,0.45690151268959583
0.21212121212121238,1.2424242424242422,0.4518944232121099
0.27272727272727293,1.2424242424242422,0.44530355570269053
0.3333333333333335,1.2424242424242422,0.43719998602816895
0.39393939393939403,1.2424242424242422,0.42767012261399984
0.4545454545454546,1.2424242424242422,0.4168141732487558
0.5151515151515151,1.2424242424242422,0.4047443924547468
0.5757575757575757,1.2424242424242422,0.39158315225133095
0.6363636363636367,1.2424242424242422,0.37746088259591143
0.6969696969696972,1.2424242424242422,0.3625139298226508
0.7575757575757578,1.2424242424242422,0.34688238198316773
0.8181818181818183,1.2424242424242422,0.330707909152489
0.8787878787878789,1.2424242424242422,0.3141316645732115
0.9393939393939394,1.2424242424242422,0.29729228909272604
1.0,1.2424242424242422,0.28032405686311207
1.0606060606060606,1.2424242424242422,0.26335519491278836
1.121212121212121,1.2424242424242422,0.24650640317731362
1.1818181818181817,1.2424242424242422,0.22988959512084078
1.2424242424242422,1.2424242424242422,0.2136068724198481
1.3030303030303028,1.2424242424242422,0.1977497405412992
1.3636363636363633,1.2424242424242422,0.18239856563839257
1.4242424242424248,1.2424242424242422,0.16762226719713616
1.4848484848484853,1.2424242424242422,0.15347823545721964
1.5454545454545459,1.2424242424242422,0.1400124579303797
1.6060606060606064,1.2424242424242422,0.12725983544349437
1.666666666666667,1.2424242424242422,0.11524466510126105
1.7272727272727275,1.2424242424242422,0.10398126541879965
1.787878787878788,1.2424242424242422,0.0934747176090651
1.8484848484848486,1.2424242424242422,0.08372169658487215
1.9090909090909092,1.2424242424242422,0.07471136558621005
1.9696969696969697,1.2424242424242422,0.06642630938501756
2.0303030303030303,1.2424242424242422,0.058843482650746286
2.090909090909091,1.2424242424242422,0.051935152169642895
2.1515151515151514,1.2424242424242422,0.04566981408255221
2.212121212121212,1.2424242424242422,0.040013070023980656
2.2727272727272725,1.2424242424242422,0.034928448897318824
2.333333333333334,1.2424242424242422,0.03037816390379774
2.3939393939393945,1.2424242424242422,0.026323797263311632
2.454545454545455,1.2424242424242422,0.022726907744332024
2.5151515151515156,1.2424242424242422,0.019549558593051235
2.575757575757576,1.2424242424242422,0.01675476566913852
2.6363636363636367,1.2424242424242422,0.014306867522743077
2.6969696969696972,1.2424242424242422,0.012171820764715801
2.757575757575758,1.2424242424242422,0.010317425382779416
2.8181818181818183,1.2424242424242422,0.00871348564553623
2.878787878787879,1.2424242424242422,0.007331912928580747
2.9393939393939394,1.2424242424242422,0.006146777215258928
3.0,1.2424242424242422,0.005134314197329749
-3.0,1.3030303030303028,0.004753167765051387
-2.9393939393939394,1.3030303030303028,0.0056904704690094845
-2.878787878787879,1.3030303030303028,0.006787627490039116
-2.8181818181818183,1.3030303030303028,0.008066638990099354
-2.757575757575758,1.3030303030303028,0.009551510067937615
-2.696969696969697,1.3030303030303028,0.011268244185546613
-2.6363636363636362,1.3030303030303028,0.01324479549057009
-2.5757575757575757,1.3030303030303028,0.015510973623499145
-2.515151515151515,1.3030303030303028,0.018098294758392766
-2.4545454545454546,1.3030303030303028,0.021039773013080767
-2.393939393939394,1.3030303030303028,0.024369647005785887
-2.333333333333333,1.3030303030303028,0.02812303725083186
-2.2727272727272725,1.3030303030303028,0.03233553129029861
-2.212121212121212,1.3030303030303028,0.03704269495576295
-2.1515151515151514,1.3030303030303028,0.0422795099384401
-2.090909090909091,1.3030303030303028,0.04807973989869381
-2.0303030303030303,1.3030303030303028,0.054475229635216046
-1.9696969696969697,1.3030303030303028,0.06149514431438643
-1.9090909090909092,1.3030303030303028,0.06916515837149811
-1.8484848484848484,1.3030303030303028,0.07750660636421307
-1.7878787878787878,1.3030303030303028,0.0865356106990417
-1.7272727272727273,1.3030303030303028,0.09626220366781132
-1.6666666666666665,1.3030303030303028,0.10668946351945985
-1.606060606060606,1.3030303030303028,0.11781268624548755
-1.5454545454545454,1.3030303030303028,0.12961861626746748
-1.4848484848484849,1.3030303030303028,0.1420847601791932
-1.4242424242424243,1.3030303030303028,0.15517880802086972
-1.3636363636363635,1.3030303030303028,0.16885818616922804
-1.303030303030303,1.3030303030303028,0.18306976475592807
-1.2424242424242424,1.3030303030303028,0.1977497405412991
-1.1818181818181817,1.3030303030303028,0.21282371336319625
-1.121212121212121,1.3030303030303028,0.22820697067400714
-1.0606060606060606,1.3030303030303028,0.24380499032749334
-1.0,1.3030303030303028,0.25951416676898054
-0.9393939393939394,1.3030303030303028,0.27522276023715064
-0.8787878787878789,1.3030303030303028,0.2908120626524699
-0.8181818181818183,1.3030303030303028,0.3061577677206962
-0.7575757575757573,1.3030303030303028,0.3211315266144285
-0.6969696969696968,1.3030303030303028,0.33560266461901944
-0.6363636363636362,1.3030303030303028,0.34944002855451006
-0.5757575757575757,1.3030303030303028,0.3625139298226509
-0.5151515151515151,1.3030303030303028,0.37469814377580346
-0.4545454545454546,1.3030303030303028,0.38587192294014766
-0.39393939393939403,1.3030303030303028,0.3959219795979082
-0.33333333333333304,1.3030303030303028,0.40474439245474686
-0.2727272727272725,1.3030303030303028,0.4122463926593343
-0.21212121212121193,1.3030303030303028,0.4183479863260775
-0.15151515151515138,1.3030303030303028,0.42298337391367224
-0.09090909090909083,1.3030303030303028,0.42610213125683866
-0.030303030303030276,1.3030303030303028,0.4276701226139999
0.030303030303030276,1.3030303030303028,0.4276701226139999
0.09090909090909083,1.3030303030303028,0.42610213125683866
0.15151515151515138,1.3030303030303028,0.42298337391367224
0.21212121212121238,1.3030303030303028,0.41834798632607745
0.27272727272727293,1.3030303030303028,0.41224639265933427
0.3333333333333335,1.3030303030303028,0.40474439245474686
0.39393939393939403,1.3030303030303028,0.3959219795979082
0.4545454545454546,1.3030303030303028,0.38587192294014766
0.5151515151515151,1.3030303030303028,0.37469814377580346
0.5757575757575757,1.3030303030303028,0.3625139298226509
0.6363636363636367,1.3030303030303028,0.3494400285545099
0.6969696969696972,1.3030303030303028,0.3356026646190194
0.7575757575757578,1.3030303030303028,0.3211315266144284
0.8181818181818183,1.3030303030303028,0.3061577677206962
0.8787878787878789,1.3030303030303028,0.2908120626524699
0.9393939393939394,1.3030303030303028,0.27522276023715064
1.0,1.3030303030303028,0.25951416676898054
1.0606060606060606,1.3030303030303028,0.24380499032749334
1.121212121212121,1.3030303030303028,0.22820697067400714
1.1818181818181817,1.3030303030303028,0.21282371336319625
1.2424242424242422,1.3030303030303028,0.1977497405412992
1.3030303030303028,1.3030303030303028,0.18306976475592815
1.3636363636363633,1.3030303030303028,0.16885818616922807
1.4242424242424248,1.3030303030303028,0.15517880802086964
1.4848484848484853,1.3030303030303028,0.14208476017919308
1.5454545454545459,1.3030303030303028,0.12961861626746737
1.6060606060606064,1.3030303030303028,0.11781268624548749
1.666666666666667,1.3030303030303028,0.10668946351945977
1.7272727272727275,1.3030303030303028,0.09626220366781128
1.787878787878788,1.3030303030303028,0.08653561069904163
1.8484848484848486,1.3030303030303028,0.07750660636421304
1.9090909090909092,1.3030303030303028,0.06916515837149811
1.9696969696969697,1.3030303030303028,0.06149514431438643
2.0303030303030303,1.3030303030303028,0.054475229635216046
2.090909090909091,1.3030303030303028,0.04807973989869381
2.1515151515151514,1.3030303030303028,0.0422795099384401
2.212121212121212,1.3030303030303028,0.03704269495576295
2.2727272727272725,1.3030303030303028,0.03233553129029861
2.333333333333334,1.3030303030303028,0.02812303725083181
2.3939393939393945,1.3030303030303028,0.024369647005785863
2.454545454545455,1.3030303030303028,0.021039773013080732
2.5151515151515156,1.3030303030303028,0.01809829475839275
2.575757575757576,1.3030303030303028,0.015510973623499132
2.6363636363636367,1.3030303030303028,0.013244795490570078
2.6969696969696972,1.3030303030303028,0.011268244185546594
2.757575757575758,1.3030303030303028,0.009551510067937615
2.8181818181818183,1.3030303030303028,0.008066638990099354
2.878787878787879,1.3030303030303028,0.006787627490039116
2.9393939393939394,1.3030303030303028,0.0056904704690094845
3.0,1.3030303030303028,0.004753167765051387
-3.0,1.3636363636363633,0.004384182655364619
-2.9393939393939394,1.3636363636363633,0.005248723201931045
-2.878787878787879,1.3636363636363633,0.006260708686049051
-2.8181818181818183,1.3636363636363633,0.007440431412397071
-2.757575757575758,1.3636363636363633,0.008810032980592651
-2.696969696969697,1.3636363636363633,0.010393498221948945
-2.6363636363636362,1.3636363636363633,0.012216611223058971
-2.5757575757575757,1.3636363636363633,0.01430686752274309
-2.515151515151515,1.3636363636363633,0.016693336716374903
-2.4545454545454546,1.3636363636363633,0.019406470058765116
-2.393939393939394,1.3636363636363633,0.02247784824800303
-2.333333333333333,1.3636363636363633,0.02593986541729758
-2.2727272727272725,1.3636363636363633,0.029825346472573844
-2.212121212121212,1.3636363636363633,0.03416709629462503
-2.1515151515151514,1.3636363636363633,0.038997380970293
-2.090909090909091,1.3636363636363633,0.04434734311045652
-2.0303030303030303,1.3636363636363633,0.05024635542422028
-1.9696969696969697,1.3636363636363633,0.056721319006370535
-1.9090909090909092,1.3636363636363633,0.06379591520363485
-1.8484848484848484,1.3636363636363633,0.07148982238679348
-1.7878787878787878,1.3636363636363633,0.07981791139114607
-1.7272727272727273,1.3636363636363633,0.0887894357086788
-1.6666666666666665,1.3636363636363633,0.09840723462600422
-1.606060606060606,1.3636363636363633,0.10866696930353271
-1.5454545454545454,1.3636363636363633,0.11955641318417662
-1.4848484848484849,1.3636363636363633,0.13105481900921825
-1.4242424242424243,1.3636363636363633,0.14313238501858302
-1.3636363636363635,1.3636363636363633,0.15574984254978336
-1.303030303030303,1.3636363636363633,0.16885818616922804
-1.2424242424242424,1.3636363636363633,0.18239856563839252
-1.1818181818181817,1.3636363636363633,0.1963023564280039
-1.121212121212121,1.3636363636363633,0.21049142216663744
-1.0606060606060606,1.3636363636363633,0.2248785783965651
-1.0,1.3636363636363633,0.23936826239030615
-0.9393939393939394,1.3636363636363633,0.2538574086665433
-0.8787878787878789,1.3636363636363633,0.26823652437144363
-0.8181818181818183,1.3636363636363633,0.2823909530219821
-0.7575757575757573,1.3636363636363633,0.29620230942101355
-0.6969696969696968,1.3636363636363633,0.30955006304115734
-0.6363636363636362,1.3636363636363633,0.3223132420326503
-0.5757575757575757,1.3636363636363633,0.3343722254329792
-0.5151515151515151,1.3636363636363633,0.34561058732616295
-0.4545454545454546,1.3636363636363633,0.35591695378084304
-0.39393939393939403,1.3636363636363633,0.365186831526029
-0.33333333333333304,1.3636363636363633,0.3733243666052269
-0.2727272727272725,1.3636363636363633,0.3802439917485525
-0.21212121212121193,1.3636363636363633,0.3858719229401477
-0.15151515151515138,1.3636363636363633,0.390147468611363
-0.09090909090909083,1.3636363636363633,0.39302411898981926
-0.030303030303030276,1.3636363636363633,0.39447038826783065
0.030303030303030276,1.3636363636363633,0.39447038826783065
0.09090909090909083,1.3636363636363633,0.39302411898981926
0.15151515151515138,1.3636363636363633,0.390147468611363
0.21212121212121238,1.3636363636363633,0.38587192294014766
0.27272727272727293,1.3636363636363633,0.3802439917485524
0.3333333333333335,1.3636363636363633,0.37332436660522683
0.39393939393939403,1.3636363636363633,0.365186831526029
0.4545454545454546,1.3636363636363633,0.35591695378084304
0.5151515151515151,1.3636363636363633,0.34561058732616295
0.5757575757575757,1.3636363636363633,0.3343722254329792
0.6363636363636367,1.3636363636363633,0.32231324203265027
0.6969696969696972,1.3636363636363633,0.30955006304115723
0.7575757575757578,1.3636363636363633,0.2962023094210134
0.8181818181818183,1.3636363636363633,0.2823909530219821
0.8787878787878789,1.3636363636363633,0.26823652437144363
0.9393939393939394,1.3636363636363633,0.2538574086665433
1.0,1.3636363636363633,0.23936826239030615
1.0606060606060606,1.3636363636363633,0.2248785783965651
1.121212121212121,1.3636363636363633,0.21049142216663744
1.1818181818181817,1.3636363636363633,0.1963023564280039
1.2424242424242422,1.3636363636363633,0.18239856563839257
1.3030303030303028,1.3636363636363633,0.16885818616922807
1.3636363636363633,1.3636363636363633,0.15574984254978338
1.4242424242424248,1.3636363636363633,0.1431323850185829
1.4848484848484853,1.3636363636363633,0.1310548190092182
1.5454545454545459,1.3636363636363633,0.11955641318417651
1.6060606060606064,1.3636363636363633,0.10866696930353262
1.666666666666667,1.3636363636363633,0.09840723462600418
1.7272727272727275,1.3636363636363633,0.08878943570867875
1.787878787878788,1.3636363636363633,0.07981791139114604
1.8484848484848486,1.3636363636363633,0.07148982238679345
1.9090909090909092,1.3636363636363633,0.06379591520363485
1.9696969696969697,1.3636363636363633,0.056721319006370535
2.0303030303030303,1.3636363636363633,0.05024635542422028
2.090909090909091,1.3636363636363633,0.04434734311045652
2.1515151515151514,1.3636363636363633,0.038997380970293
2.212121212121212,1.3636363636363633,0.03416709629462503
2.2727272727272725,1.3636363636363633,0.029825346472573844
2.333333333333334,1.3636363636363633,0.025939865417297522
2.3939393939393945,1.3636363636363633,0.02247784824800301
2.454545454545455,1.3636363636363633,0.01940647005876509
2.5151515151515156,1.3636363636363633,0.016693336716374886
2.575757575757576,1.3636363636363633,0.014306867522743077
2.6363636363636367,1.3636363636363633,0.01221661122305896
2.6969696969696972,1.3636363636363633,0.010393498221948936
2.757575757575758,1.3636363636363633,0.008810032980592651
2.8181818181818183,1.3636363636363633,0.007440431412397071
2.878787878787879,1.3636363636363633,0.006260708686049051
2.9393939393939394,1.3636363636363633,0.005248723201931045
3.0,1.3636363636363633,0.004384182655364619
-3.0,1.4242424242424248,0.00402901543620414
-2.9393939393939394,1.4242424242424248,0.00482351864949483
-2.878787878787879,1.4242424242424248,0.005753522131839902
-2.8181818181818183,1.4242424242424248,0.006837674287106739
-2.757575757575758,1.4242424242424248,0.008096323000785952
-2.696969696969697,1.4242424242424248,0.009551510067937615
-2.6363636363636362,1.4242424242424248,0.011226930779350885
-2.5757575757575757,1.4242424242424248,0.013147853231508586
-2.515151515151515,1.4242424242424248,0.015340992061480204
-2.4545454545454546,1.4242424242424248,0.01783433163609727
-2.393939393939394,1.4242424242424248,0.020656894268089407
-2.333333333333333,1.4242424242424248,0.023838449808076704
-2.2727272727272725,1.4242424242424248,0.027409163982047374
-2.212121212121212,1.4242424242424248,0.031399184113114646
-2.1515151515151514,1.4242424242424248,0.03583816237870155
-2.090909090909091,1.4242424242424248,0.04075471849422996
-2.0303030303030303,1.4242424242424248,0.046175845654940366
-1.9696969696969697,1.4242424242424248,0.0521262656698139
-1.9090909090909092,1.4242424242424248,0.05862774143492855
-1.8484848484848484,1.4242424242424248,0.06569835715568026
-1.7878787878787878,1.4242424242424248,0.07335177896545839
-1.7272727272727273,1.4242424242424248,0.08159651072119177
-1.6666666666666665,1.4242424242424248,0.09043516169591692
-1.606060606060606,1.4242424242424248,0.0998637445439742
-1.5454545454545454,1.4242424242424248,0.10987102319444465
-1.4848484848484849,1.4242424242424248,0.12043793114572376
-1.4242424242424243,1.4242424242424248,0.1315370809094687
-1.3636363636363635,1.4242424242424248,0.14313238501858286
-1.303030303030303,1.4242424242424248,0.15517880802086956
-1.2424242424242424,1.4242424242424248,0.16762226719713608
-1.1818181818181817,1.4242424242424248,0.18039969736295072
-1.121212121212121,1.4242424242424248,0.19343929205600424
-1.0606060606060606,1.4242424242424248,0.2066609297226125
-1.0,1.4242424242424248,0.21997678927172776
-0.9393939393939394,1.4242424242424248,0.23329215466439626
-0.8787878787878789,1.4242424242424248,0.24650640317731334
-0.8181818181818183,1.4242424242424248,0.2595141667689802
-0.7575757575757573,1.4242424242424248,0.27220665075080624
-0.6969696969696968,1.4242424242424248,0.2844730888994094
-0.6363636363636362,1.4242424242424248,0.29620230942101317
-0.5757575757575757,1.4242424242424248,0.3072843819723023
-0.5151515151515151,1.4242424242424248,0.3176123124224355
-0.4545454545454546,1.4242424242424248,0.3270837493586388
-0.39393939393939403,1.4242424242424248,0.335602664619019
-0.33333333333333304,1.4242424242424248,0.34308096947628186
-0.2727272727272725,1.4242424242424248,0.34944002855450956
-0.21212121212121193,1.4242424242424248,0.35461203515808626
-0.15151515151515138,1.4242424242424248,0.3585412144057719
-0.09090909090909083,1.4242424242424248,0.36118482433045895
-0.030303030303030276,1.4242424242424248,0.36251392982265046
0.030303030303030276,1.4242424242424248,0.36251392982265046
0.09090909090909083,1.4242424242424248,0.36118482433045895
0.15151515151515138,1.4242424242424248,0.3585412144057719
0.21212121212121238,1.4242424242424248,0.35461203515808615
0.27272727272727293,1.4242424242424248,0.34944002855450956
0.3333333333333335,1.4242424242424248,0.3430809694762818
0.39393939393939403,1.4242424242424248,0.335602664619019
0.4545454545454546,1.4242424242424248,0.3270837493586388
0.5151515151515151,1.4242424242424248,0.3176123124224355
0.5757575757575757,1.4242424242424248,0.3072843819723023
0.6363636363636367,1.4242424242424248,0.296202309421013
0.6969696969696972,1.4242424242424248,0.2844730888994093
0.7575757575757578,1.4242424242424248,0.27220665075080613
0.8181818181818183,1.4242424242424248,0.2595141667689802
0.8787878787878789,1.4242424242424248,0.24650640317731334
0.9393939393939394,1.4242424242424248,0.23329215466439626
1.0,1.4242424242424248,0.21997678927172776
1.0606060606060606,1.4242424242424248,0.2066609297226125
1.121212121212121,1.4242424242424248,0.19343929205600424
1.1818181818181817,1.4242424242424248,0.18039969736295072
1.2424242424242422,1.4242424242424248,0.16762226719713616
1.3030303030303028,1.4242424242424248,0.15517880802086964
1.3636363636363633,1.4242424242424248,0.1431323850185829
1.4242424242424248,1.4242424242424248,0.13153708090946864
1.4848484848484853,1.4242424242424248,0.12043793114572371
1.5454545454545459,1.4242424242424248,0.10987102319444456
1.6060606060606064,1.4242424242424248,0.09986374454397416
1.666666666666667,1.4242424242424248,0.09043516169591684
1.7272727272727275,1.4242424242424248,0.08159651072119173
1.787878787878788,1.4242424242424248,0.07335177896545832
1.8484848484848486,1.4242424242424248,0.06569835715568022
1.9090909090909092,1.4242424242424248,0.05862774143492855
1.9696969696969697,1.4242424242424248,0.0521262656698139
2.0303030303030303,1.4242424242424248,0.046175845654940366
2.090909090909091,1.4242424242424248,0.04075471849422996
2.1515151515151514,1.4242424242424248,0.03583816237870155
2.212121212121212,1.4242424242424248,0.031399184113114646
2.2727272727272725,1.4242424242424248,0.027409163982047374
2.333333333333334,1.4242424242424248,0.02383844980807666
2.3939393939393945,1.4242424242424248,0.02065689426808939
2.454545454545455,1.4242424242424248,0.01783433163609724
2.5151515151515156,1.4242424242424248,0.01534099206148019
2.575757575757576,1.4242424242424248,0.013147853231508574
2.6363636363636367,1.4242424242424248,0.011226930779350875
2.6969696969696972,1.4242424242424248,0.009551510067937597
2.757575757575758,1.4242424242424248,0.008096323000785952
2.8181818181818183,1.4242424242424248,0.006837674287106739
2.878787878787879,1.4242424242424248,0.005753522131839902
2.9393939393939394,1.4242424242424248,0.00482351864949483
3.0,1.4242424242424248,0.00402901543620414
-3.0,1.4848484848484853,0.003689045555333455
-2.9393939393939394,1.4848484848484853,0.004416508280184541
-2.878787878787879,1.4848484848484853,0.005268037708977703
-2.8181818181818183,1.4848484848484853,0.006260708686049046
-2.757575757575758,1.4848484848484853,0.007413152134441237
-2.696969696969697,1.4848484848484853,0.008745549954021735
-2.6363636363636362,1.4848484848484853,0.010279598017777917
-2.5757575757575757,1.4848484848484853,0.01203843229043806
-2.515151515151515,1.4848484848484853,0.014046513217662914
-2.4545454545454546,1.4848484848484853,0.016329463834586784
-2.393939393939394,1.4848484848484853,0.01891385753996581
-2.333333333333333,1.4848484848484853,0.021826952192910195
-2.2727272727272725,1.4848484848484853,0.02509636812378161
-2.212121212121212,1.4848484848484853,0.028749708812908455
-2.1515151515151514,1.4848484848484853,0.03281412437551376
-2.090909090909091,1.4848484848484853,0.03731581958436247
-2.0303030303030303,1.4848484848484853,0.042279509938440034
-1.9696969696969697,1.4848484848484853,0.047727831210923784
-1.9090909090909092,1.4848484848484853,0.05368070993630307
-1.8484848484848484,1.4848484848484853,0.0601547043677278
-1.7878787878787878,1.4848484848484853,0.0671623274849661
-1.7272727272727273,1.4848484848484853,0.07471136558621003
-1.6666666666666665,1.4848484848484853,0.08280420777302792
-1.606060606060606,1.4848484848484853,0.09143720315352931
-1.5454545454545454,1.4848484848484853,0.10060006376080514
-1.4848484848484849,1.4848484848484853,0.11027533193203114
-1.4242424242424243,1.4848484848484853,0.12043793114572376
-1.3636363636363635,1.4848484848484853,0.13105481900921812
-1.303030303030303,1.4848484848484853,0.14208476017919305
-1.2424242424242424,1.4848484848484853,0.15347823545721961
-1.1818181818181817,1.4848484848484853,0.16517750112352114
-1.121212121212121,1.4848484848484853,0.17711680977285182
-1.0606060606060606,1.4848484848484853,0.189222800539217
-1.0,1.4848484848484853,0.2014150627091998
-0.9393939393939394,1.4848484848484853,0.21360687241984783
-0.8787878787878789,1.4848484848484853,0.22570609753216847
-0.8181818181818183,1.4848484848484853,0.23761626100075925
-0.7575757575757573,1.4848484848484853,0.24923774827493303
-0.6969696969696968,1.4848484848484853,0.26046913962807966
-0.6363636363636362,1.4848484848484853,0.27120864398538086
-0.5757575757575757,1.4848484848484853,0.28135560696840994
-0.5151515151515151,1.4848484848484853,0.2908120626524696
-0.4545454545454546,1.4848484848484853,0.29948429607658394
-0.39393939393939403,1.4848484848484853,0.30728438197230235
-0.33333333333333304,1.4848484848484853,0.3141316645732113
-0.2727272727272725,1.4848484848484853,0.31995414378682785
-0.21212121212121193,1.4848484848484853,0.3246897344727388
-0.15151515151515138,1.4848484848484853,0.32828736805575615
-0.09090909090909083,1.4848484848484853,0.3307079091524887
-0.030303030303030276,1.4848484848484853,0.3319248642091707
0.030303030303030276,1.4848484848484853,0.3319248642091707
0.09090909090909083,1.4848484848484853,0.3307079091524887
0.15151515151515138,1.4848484848484853,0.32828736805575615
0.21212121212121238,1.4848484848484853,0.32468973447273874
0.27272727272727293,1.4848484848484853,0.31995414378682785
0.3333333333333335,1.4848484848484853,0.31413166457321123
0.39393939393939403,1.4848484848484853,0.30728438197230235
0.4545454545454546,1.4848484848484853,0.29948429607658394
0.5151515151515151,1.4848484848484853,0.2908120626524696
0.5757575757575757,1.4848484848484853,0.28135560696840994
0.6363636363636367,1.4848484848484853,0.2712086439853808
0.6969696969696972,1.4848484848484853,0.2604691396280796
0.7575757575757578,1.4848484848484853,0.24923774827493297
0.8181818181818183,1.4848484848484853,0.23761626100075925
0.8787878787878789,1.4848484848484853,0.22570609753216847
0.9393939393939394,1.4848484848484853,0.21360687241984783
1.0,1.4848484848484853,0.2014150627091998
1.0606060606060606,1.4848484848484853,0.189222800539217
1.121212121212121,1.4848484848484853,0.17711680977285182
1.1818181818181817,1.4848484848484853,0.16517750112352114
1.2424242424242422,1.4848484848484853,0.15347823545721964
1.3030303030303028,1.4848484848484853,0.14208476017919308
1.3636363636363633,1.4848484848484853,0.1310548190092182
1.4242424242424248,1.4848484848484853,0.12043793114572371
1.4848484848484853,1.4848484848484853,0.11027533193203103
1.5454545454545459,1.4848484848484853,0.10060006376080506
1.6060606060606064,1.4848484848484853,0.09143720315352927
1.666666666666667,1.4848484848484853,0.08280420777302788
1.7272727272727275,1.4848484848484853,0.07471136558620996
1.787878787878788,1.4848484848484853,0.06716232748496608
1.8484848484848486,1.4848484848484853,0.0601547043677278
1.9090909090909092,1.4848484848484853,0.05368070993630307
1.9696969696969697,1.4848484848484853,0.047727831210923784
2.0303030303030303,1.4848484848484853,0.042279509938440034
2.090909090909091,1.4848484848484853,0.03731581958436247
2.1515151515151514,1.4848484848484853,0.03281412437551376
2.212121212121212,1.4848484848484853,0.028749708812908455
2.2727272727272725,1.4848484848484853,0.02509636812378161
2.333333333333334,1.4848484848484853,0.021826952192910146
2.3939393939393945,1.4848484848484853,0.018913857539965793
2.454545454545455,1.4848484848484853,0.016329463834586756
2.5151515151515156,1.4848484848484853,0.01404651321766289
2.575757575757576,1.4848484848484853,0.01203843229043806
2.6363636363636367,1.4848484848484853,0.010279598017777917
2.6969696969696972,1.4848484848484853,0.00874554995402172
2.757575757575758,1.4848484848484853,0.007413152134441237
2.8181818181818183,1.4848484848484853,0.006260708686049046
2.878787878787879,1.4848484848484853,0.005268037708977703
2.9393939393939394,1.4848484848484853,0.004416508280184541
3.0,1.4848484848484853,0.003689045555333455
-3.0,1.5454545454545459,0.003365378381375459
-2.9393939393939394,1.5454545454545459,0.0040290154362041435
-2.878787878787879,1.5454545454545459,0.004805833908023327
-2.8181818181818183,1.5454545454545459,0.005711410539145406
-2.757575757575758,1.5454545454545459,0.006762741624328033
-2.696969696969697,1.5454545454545459,0.007978238356518072
-2.6363636363636362,1.5454545454545459,0.009377693069754682
-2.5757575757575757,1.5454545454545459,0.01098221183994852
-2.515151515151515,1.5454545454545459,0.012814109017462235
-2.4545454545454546,1.5454545454545459,0.014896759539583231
-2.393939393939394,1.5454545454545459,0.017254405324811074
-2.333333333333333,1.5454545454545459,0.019911912699244493
-2.2727272727272725,1.5454545454545459,0.022894478657957528
-2.212121212121212,1.5454545454545459,0.02622728482436863
-2.1515151515151514,1.5454545454545459,0.029935099233855216
-2.090909090909091,1.5454545454545459,0.03404182752120258
-2.0303030303030303,1.5454545454545459,0.03857001671238879
-1.9696969696969697,1.5454545454545459,0.04354031657726741
-1.9090909090909092,1.5454545454545459,0.04897090534849512
-1.8484848484848484,1.5454545454545459,0.054876888501552853
-1.7878787878787878,1.5454545454545459,0.06126968116020814
-1.7272727272727273,1.5454545454545459,0.06815638647328728
-1.6666666666666665,1.5454545454545459,0.07553918392885803
-1.606060606060606,1.5454545454545459,0.08341474295470135
-1.5454545454545454,1.5454545454545459,0.09177367822312078
-1.4848484848484849,1.5454545454545459,0.10060006376080514
-1.4242424242424243,1.5454545454545459,0.10987102319444465
-1.3636363636363635,1.5454545454545459,0.11955641318417647
-1.303030303030303,1.5454545454545459,0.12961861626746732
-1.2424242424242424,1.5454545454545459,0.14001245793037964
-1.1818181818181817,1.5454545454545459,0.15068526073554328
-1.121212121212121,1.5454545454545459,0.1615770457824738
-1.0606060606060606,1.5454545454545459,0.17262088869500025
-1.0,1.5454545454545459,0.1837434337846374
-0.9393939393939394,1.5454545454545459,0.19486556611253425
-0.8787878787878789,1.5454545454545459,0.20590323697174331
-0.8181818181818183,1.5454545454545459,0.21676843395959133
-0.7575757575757573,1.5454545454545459,0.22737028244459856
-0.6969696969696968,1.5454545454545459,0.2376162610007593
-0.6363636363636362,1.5454545454545459,0.24741350943497717
-0.5757575757575757,1.5454545454545459,0.2566702045197893
-0.5151515151515151,1.5454545454545459,0.2652969756035887
-0.4545454545454546,1.5454545454545459,0.27320833003009104
-0.39393939393939403,1.5454545454545459,0.28032405686311185
-0.33333333333333304,1.5454545454545459,0.28657057686147613
-0.2727272727272725,1.5454545454545459,0.2918822070318284
-0.21212121212121193,1.5454545454545459,0.2962023094210132
-0.15151515151515138,1.5454545454545459,0.29948429607658394
-0.09090909090909083,1.5454545454545459,0.30169246525096494
-0.030303030303030276,1.5454545454545459,0.3028026478652572
0.030303030303030276,1.5454545454545459,0.3028026478652572
0.09090909090909083,1.5454545454545459,0.30169246525096494
0.15151515151515138,1.5454545454545459,0.29948429607658394
0.21212121212121238,1.5454545454545459,0.29620230942101317
0.27272727272727293,1.5454545454545459,0.2918822070318284
0.3333333333333335,1.5454545454545459,0.2865705768614761
0.39393939393939403,1.5454545454545459,0.28032405686311185
0.4545454545454546,1.5454545454545459,0.27320833003009104
0.5151515151515151,1.5454545454545459,0.2652969756035887
0.5757575757575757,1.5454545454545459,0.2566702045197893
0.6363636363636367,1.5454545454545459,0.24741350943497706
0.6969696969696972,1.5454545454545459,0.23761626100075925
0.7575757575757578,1.5454545454545459,0.22737028244459845
0.8181818181818183,1.5454545454545459,0.21676843395959133
0.8787878787878789,1.5454545454545459,0.20590323697174331
0.9393939393939394,1.5454545454545459,0.19486556611253425
1.0,1.5454545454545459,0.1837434337846374
1.0606060606060606,1.5454545454545459,0.17262088869500025
1.121212121212121,1.5454545454545459,0.1615770457824738
1.1818181818181817,1.5454545454545459,0.15068526073554328
1.2424242424242422,1.5454545454545459,0.1400124579303797
1.3030303030303028,1.5454545454545459,0.12961861626746737
1.3636363636363633,1.5454545454545459,0.11955641318417651
1.4242424242424248,1.5454545454545459,0.10987102319444456
1.4848484848484853,1.5454545454545459,0.10060006376080506
1.5454545454545459,1.5454545454545459,0.09177367822312074
1.6060606060606064,1.5454545454545459,0.08341474295470126
1.666666666666667,1.5454545454545459,0.07553918392885799
1.7272727272727275,1.5454545454545459,0.06815638647328726
1.787878787878788,1.5454545454545459,0.06126968116020814
1.8484848484848486,1.5454545454545459,0.05487688850155283
1.9090909090909092,1.5454545454545459,0.04897090534849512
1.9696969696969697,1.5454545454545459,0.04354031657726741
2.0303030303030303,1.5454545454545459,0.03857001671238879
2.090909090909091,1.5454545454545459,0.03404182752120258
2.1515151515151514,1.5454545454545459,0.029935099233855216
2.212121212121212,1.5454545454545459,0.02622728482436863
2.2727272727272725,1.5454545454545459,0.022894478657957528
2.333333333333334,1.5454545454545459,0.019911912699244437
2.3939393939393945,1.5454545454545459,0.01725440532481106
2.454545454545455,1.5454545454545459,0.014896759539583219
2.5151515151515156,1.5454545454545459,0.012814109017462225
2.575757575757576,1.5454545454545459,0.010982211839948512
2.6363636363636367,1.5454545454545459,0.009377693069754675
2.6969696969696972,1.5454545454545459,0.007978238356518065
2.757575757575758,1.5454545454545459,0.006762741624328033
2.8181818181818183,1.5454545454545459,0.005711410539145406
2.878787878787879,1.5454545454545459,0.004805833908023327
2.9393939393939394,1.5454545454545459,0.0040290154362041435
3.0,1.5454545454545459,0.003365378381375459
-3.0,1.6060606060606064,0.0030588528003121867
-2.9393939393939394,1.6060606060606064,0.003662044427972191
-2.878787878787879,1.6060606060606064,0.004368108676500221
-2.8181818181818183,1.6060606060606064,0.005191203526498316
-2.757575757575758,1.6060606060606064,0.006146777215258917
-2.696969696969697,1.6060606060606064,0.007251564006428066
-2.6363636363636362,1.6060606060606064,0.008523553507574236
-2.5757575757575757,1.6060606060606064,0.00998192940982715
-2.515151515151515,1.6060606060606064,0.011646973626647612
-2.4545454545454546,1.6060606060606064,0.013539932057983883
-2.393939393939394,1.6060606060606064,0.015682838618565308
-2.333333333333333,1.6060606060606064,0.018098294758392766
-2.2727272727272725,1.6060606060606064,0.020809202478432386
-2.212121212121212,1.6060606060606064,0.023838449808076704
-2.1515151515151514,1.6060606060606064,0.02720854885912622
-2.090909090909091,1.6060606060606064,0.030941227892007966
-2.0303030303030303,1.6060606060606064,0.035056980303224905
-1.9696969696969697,1.6060606060606064,0.03957457503914326
-1.9090909090909092,1.6060606060606064,0.04451053462162105
-1.8484848484848484,1.6060606060606064,0.04987858868838062
-1.7878787878787878,1.6060606060606064,0.055689112650251095
-1.7272727272727273,1.6060606060606064,0.06194856268666194
-1.6666666666666665,1.6060606060606064,0.06865891977342746
-1.606060606060606,1.6060606060606064,0.0758171566936928
-1.5454545454545454,1.6060606060606064,0.08341474295470135
-1.4848484848484849,1.6060606060606064,0.09143720315352931
-1.4242424242424243,1.6060606060606064,0.0998637445439742
-1.3636363636363635,1.6060606060606064,0.10866696930353262
-1.303030303030303,1.6060606060606064,0.11781268624548744
-1.2424242424242424,1.6060606060606064,0.1272598354434943
-1.1818181818181817,1.6060606060606064,0.13696053742946585
-1.121212121212121,1.6060606060606064,0.14686027630447018
-1.0606060606060606,1.6060606060606064,0.1568982233020921
-1.0,1.6060606060606064,0.1670077041207482
-0.9393939393939394,1.6060606060606064,0.17711680977285182
-0.8787878787878789,1.6060606060606064,0.18714914688046014
-0.8181818181818183,1.6060606060606064,0.19702471939145935
-0.7575757575757573,1.6060606060606064,0.20666092972261257
-0.6969696969696968,1.6060606060606064,0.2159736834895877
-0.6363636363636362,1.6060606060606064,0.2248785783965649
-0.5757575757575757,1.6060606060606064,0.23329215466439632
-0.5151515151515151,1.6060606060606064,0.24113318170413953
-0.4545454545454546,1.6060606060606064,0.24832395370638857
-0.39393939393939403,1.6060606060606064,0.2547915655119135
-0.33333333333333304,1.6060606060606064,0.2604691396280797
-0.2727272727272725,1.6060606060606064,0.2652969756035887
-0.21212121212121193,1.6060606060606064,0.2692235941864871
-0.15151515151515138,1.6060606060606064,0.27220665075080624
-0.09090909090909083,1.6060606060606064,0.2742136953375305
-0.030303030303030276,1.6060606060606064,0.27522276023715037
0.030303030303030276,1.6060606060606064,0.27522276023715037
0.09090909090909083,1.6060606060606064,0.2742136953375305
0.15151515151515138,1.6060606060606064,0.27220665075080624
0.21212121212121238,1.6060606060606064,0.26922359418648706
0.27272727272727293,1.6060606060606064,0.2652969756035887
0.3333333333333335,1.6060606060606064,0.26046913962807966
0.39393939393939403,1.6060606060606064,0.2547915655119135
0.4545454545454546,1.6060606060606064,0.24832395370638857
0.5151515151515151,1.6060606060606064,0.24113318170413953
0.5757575757575757,1.6060606060606064,0.23329215466439632
0.6363636363636367,1.6060606060606064,0.2248785783965648
0.6969696969696972,1.6060606060606064,0.21597368348958765
0.7575757575757578,1.6060606060606064,0.2066609297226125
0.8181818181818183,1.6060606060606064,0.19702471939145935
0.8787878787878789,1.6060606060606064,0.18714914688046014
0.9393939393939394,1.6060606060606064,0.17711680977285182
1.0,1.6060606060606064,0.1670077041207482
1.0606060606060606,1.6060606060606064,0.1568982233020921
1.121212121212121,1.6060606060606064,0.14686027630447018
1.1818181818181817,1.6060606060606064,0.13696053742946585
1.2424242424242422,1.6060606060606064,0.12725983544349437
1.3030303030303028,1.6060606060606064,0.11781268624548749
1.3636363636363633,1.6060606060606064,0.10866696930353262
1.4242424242424248,1.6060606060606064,0.09986374454397416
1.4848484848484853,1.6060606060606064,0.09143720315352927
1.5454545454545459,1.6060606060606064,0.08341474295470126
1.6060606060606064,1.6060606060606064,0.07581715669369277
1.666666666666667,1.6060606060606064,0.06865891977342739
1.7272727272727275,1.6060606060606064,0.061948562686661914
1.787878787878788,1.6060606060606064,0.055689112650251046
1.8484848484848486,1.6060606060606064,0.0498785886883806
1.9090909090909092,1.6060606060606064,0.04451053462162105
1.9696969696969697,1.6060606060606064,0.03957457503914326
2.0303030303030303,1.6060606060606064,0.035056980303224905
2.090909090909091,1.6060606060606064,0.030941227892007966
2.1515151515151514,1.6060606060606064,0.02720854885912622
2.212121212121212,1.6060606060606064,0.023838449808076704
2.2727272727272725,1.6060606060606064,0.020809202478432386
2.333333333333334,1.6060606060606064,0.018098294758392735
2.3939393939393945,1.6060606060606064,0.015682838618565294
2.454545454545455,1.6060606060606064,0.013539932057983858
2.5151515151515156,1.6060606060606064,0.011646973626647602
2.575757575757576,1.6060606060606064,0.009981929409827141
2.6363636363636367,1.6060606060606064,0.008523553507574227
2.6969696969696972,1.6060606060606064,0.007251564006428054
2.757575757575758,1.6060606060606064,0.006146777215258917
2.8181818181818183,1.6060606060606064,0.005191203526498316
2.878787878787879,1.6060606060606064,0.004368108676500221
2.9393939393939394,1.6060606060606064,0.003662044427972191
3.0,1.6060606060606064,0.0030588528003121867
-3.0,1.666666666666667,0.002770052824110055
-2.9393939393939394,1.666666666666667,0.0033162944319143294
-2.878787878787879,1.666666666666667,0.003955695996265057
-2.8181818181818183,1.666666666666667,0.0047010787794820085
-2.757575757575758,1.666666666666667,0.005566432481669448
-2.696969696969697,1.666666666666667,0.006566911409784339
-2.6363636363636362,1.666666666666667,0.0077188066920707895
-2.5757575757575757,1.666666666666667,0.009039490801563549
-2.515151515151515,1.666666666666667,0.01054733074554546
-2.4545454545454546,1.666666666666667,0.01226156650351027
-2.393939393939394,1.666666666666667,0.01420215166973231
-2.333333333333333,1.666666666666667,0.016389553790213604
-2.2727272727272725,1.666666666666667,0.018844512585560375
-2.212121212121212,1.666666666666667,0.021587755123924
-2.1515151515151514,1.666666666666667,0.02463966804792529
-2.090909090909091,1.666666666666667,0.028019928155726237
-2.0303030303030303,1.666666666666667,0.03174709397059174
-1.9696969696969697,1.666666666666667,0.03583816237870155
-1.9090909090909092,1.666666666666667,0.040308095936713965
-1.8484848484848484,1.666666666666667,0.04516932800583648
-1.7878787878787878,1.666666666666667,0.05043125440794896
-1.7272727272727273,1.666666666666667,0.05609972176570022
-1.6666666666666665,1.666666666666667,0.06217652402211632
-1.606060606060606,1.666666666666667,0.06865891977342746
-1.5454545454545454,1.666666666666667,0.07553918392885803
-1.4848484848484849,1.666666666666667,0.08280420777302792
-1.4242424242424243,1.666666666666667,0.09043516169591692
-1.3636363636363635,1.666666666666667,0.09840723462600412
-1.303030303030303,1.666666666666667,0.10668946351945977
-1.2424242424242424,1.666666666666667,0.115244665101261
-1.1818181818181817,1.666666666666667,0.12402948041808431
-1.121212121212121,1.666666666666667,0.1329945406608849
-1.0606060606060606,1.666666666666667,0.14208476017919305
-1.0,1.666666666666667,0.15123975969049572
-0.9393939393939394,1.666666666666667,0.16039441945639832
-0.8787878787878789,1.666666666666667,0.16947955873950418
-0.8181818181818183,1.666666666666667,0.17842273427282995
-0.7575757575757573,1.666666666666667,0.1871491468804602
-0.6969696969696968,1.666666666666667,0.19558264190507146
-0.6363636363636362,1.666666666666667,0.20364678584915336
-0.5757575757575757,1.666666666666667,0.21126599874465235
-0.5151515151515151,1.666666666666667,0.21836671934590102
-0.4545454545454546,1.666666666666667,0.2248785783965649
-0.39393939393939403,1.666666666666667,0.23073555403962734
-0.33333333333333304,1.666666666666667,0.23587708298569995
-0.2727272727272725,1.666666666666667,0.24024910137015246
-0.21212121212121193,1.666666666666667,0.24380499032749312
-0.15151515151515138,1.666666666666667,0.24650640317731345
-0.09090909090909083,1.666666666666667,0.24832395370638857
-0.030303030303030276,1.666666666666667,0.24923774827493309
0.030303030303030276,1.666666666666667,0.24923774827493309
0.09090909090909083,1.666666666666667,0.24832395370638857
0.15151515151515138,1.666666666666667,0.24650640317731345
0.21212121212121238,1.666666666666667,0.24380499032749306
0.27272727272727293,1.666666666666667,0.24024910137015246
0.3333333333333335,1.666666666666667,0.23587708298569993
0.39393939393939403,1.666666666666667,0.23073555403962734
0.4545454545454546,1.666666666666667,0.2248785783965649
0.5151515151515151,1.666666666666667,0.21836671934590102
0.5757575757575757,1.666666666666667,0.21126599874465235
0.6363636363636367,1.666666666666667,0.20364678584915333
0.6969696969696972,1.666666666666667,0.19558264190507144
0.7575757575757578,1.666666666666667,0.18714914688046014
0.8181818181818183,1.666666666666667,0.17842273427282995
0.8787878787878789,1.666666666666667,0.16947955873950418
0.9393939393939394,1.666666666666667,0.16039441945639832
1.0,1.666666666666667,0.15123975969049572
1.0606060606060606,1.666666666666667,0.14208476017919305
1.121212121212121,1.666666666666667,0.1329945406608849
1.1818181818181817,1.666666666666667,0.12402948041808431
1.2424242424242422,1.666666666666667,0.11524466510126105
1.3030303030303028,1.666666666666667,0.10668946351945977
1.3636363636363633,1.666666666666667,0.09840723462600418
1.4242424242424248,1.666666666666667,0.09043516169591684
1.4848484848484853,1.666666666666667,0.08280420777302788
1.5454545454545459,1.666666666666667,0.07553918392885799
1.6060606060606064,1.666666666666667,0.06865891977342739
1.666666666666667,1.666666666666667,0.062176524022116264
1.7272727272727275,1.666666666666667,0.05609972176570022
1.787878787878788,1.666666666666667,0.05043125440794894
1.8484848484848486,1.666666666666667,0.045169328005836444
1.9090909090909092,1.666666666666667,0.040308095936713965
1.9696969696969697,1.666666666666667,0.03583816237870155
2.0303030303030303,1.666666666666667,0.03174709397059174
2.090909090909091,1.666666666666667,0.028019928155726237
2.1515151515151514,1.666666666666667,0.02463966804792529
2.212121212121212,1.666666666666667,0.021587755123924
2.2727272727272725,1.666666666666667,0.018844512585560375
2.333333333333334,1.666666666666667,0.016389553790213573
2.3939393939393945,1.666666666666667,0.014202151669732297
2.454545454545455,1.666666666666667,0.01226156650351026
2.5151515151515156,1.666666666666667,0.01054733074554545
2.575757575757576,1.666666666666667,0.009039490801563542
2.6363636363636367,1.666666666666667,0.0077188066920707826
2.6969696969696972,1.666666666666667,0.006566911409784333
2.757575757575758,1.666666666666667,0.005566432481669448
2.8181818181818183,1.666666666666667,0.0047010787794820085
2.878787878787879,1.666666666666667,0.003955695996265057
2.9393939393939394,1.666666666666667,0.0033162944319143294
3.0,1.666666666666667,0.002770052824110055
-3.0,1.7272727272727275,0.0024993226165809872
-2.9393939393939394,1.7272727272727275,0.0029921774793547316
-2.878787878787879,1.7272727272727275,0.0035690873407659323
-2.8181818181818183,1.7272727272727275,0.004241620381251439
-2.757575757575758,1.7272727272727275,0.005022399022147575
-2.696969696969697,1.7272727272727275,0.005925096469173198
-2.6363636363636362,1.7272727272727275,0.0069644116424773025
-2.5757575757575757,1.7272727272727275,0.008156019122119804
-2.515151515151515,1.7272727272727275,0.009516490821928974
-2.4545454545454546,1.7272727272727275,0.01106318630829024
-2.393939393939394,1.7272727272727275,0.012814109017462235
-2.333333333333333,1.7272727272727275,0.01478772610652714
-2.2727272727272725,1.7272727272727275,0.017002750306275335
-2.212121212121212,1.7272727272727275,0.01947788293162589
-2.1515151515151514,1.7272727272727275,0.02223151814334529
-2.090909090909091,1.7272727272727275,0.02528140963415744
-2.0303030303030303,1.7272727272727275,0.028644302116120714
-1.9696969696969697,1.7272727272727275,0.03233553129029857
-1.9090909090909092,1.7272727272727275,0.03636859735276399
-1.8484848484848484,1.7272727272727275,0.04075471849422998
-1.7878787878787878,1.7272727272727275,0.045502372238995475
-1.7272727272727273,1.7272727272727275,0.05061683379195536
-1.6666666666666665,1.7272727272727275,0.056099721765700244
-1.606060606060606,1.7272727272727275,0.06194856268666197
-1.5454545454545454,1.7272727272727275,0.06815638647328728
-1.4848484848484849,1.7272727272727275,0.07471136558621003
-1.4242424242424243,1.7272727272727275,0.0815965107211918
-1.3636363636363635,1.7272727272727275,0.08878943570867871
-1.303030303030303,1.7272727272727275,0.09626220366781123
-1.2424242424242424,1.7272727272727275,0.10398126541879961
-1.1818181818181817,1.7272727272727275,0.11190749968145397
-1.121212121212121,1.7272727272727275,0.11999636269114806
-1.0606060606060606,1.7272727272727275,0.12819815257545933
-1.0,1.7272727272727275,0.13645839120131933
-0.9393939393939394,1.7272727272727275,0.14471832328668502
-0.8787878787878789,1.7272727272727275,0.1529155294509212
-0.8181818181818183,1.7272727272727275,0.16098464664606926
-0.7575757575757573,1.7272727272727275,0.16885818616922793
-0.6969696969696968,1.7272727272727275,0.17646743631362036
-0.6363636363636362,1.7272727272727275,0.18374343378463742
-0.5757575757575757,1.7272727272727275,0.19061798539770425
-0.5151515151515151,1.7272727272727275,0.1970247193914594
-0.4545454545454546,1.7272727272727275,0.20290014402584003
-0.39393939393939403,1.7272727272727275,0.20818469006844947
-0.33333333333333304,1.7272727272727275,0.21282371336319608
-0.2727272727272725,1.7272727272727275,0.2167684339595914
-0.21212121212121193,1.7272727272727275,0.21997678927172787
-0.15151515151515138,1.7272727272727275,0.22241418041947522
-0.09090909090909083,1.7272727272727275,0.22405409324155492
-0.030303030303030276,1.7272727272727275,0.2248785783965649
0.030303030303030276,1.7272727272727275,0.2248785783965649
0.09090909090909083,1.7272727272727275,0.22405409324155492
0.15151515151515138,1.7272727272727275,0.22241418041947522
0.21212121212121238,1.7272727272727275,0.2199767892717278
0.27272727272727293,1.7272727272727275,0.2167684339595914
0.3333333333333335,1.7272727272727275,0.21282371336319603
0.39393939393939403,1.7272727272727275,0.20818469006844947
0.4545454545454546,1.7272727272727275,0.20290014402584003
0.5151515151515151,1.7272727272727275,0.1970247193914594
0.5757575757575757,1.7272727272727275,0.19061798539770425
0.6363636363636367,1.7272727272727275,0.18374343378463734
0.6969696969696972,1.7272727272727275,0.1764674363136203
0.7575757575757578,1.7272727272727275,0.16885818616922785
0.8181818181818183,1.7272727272727275,0.16098464664606926
0.8787878787878789,1.7272727272727275,0.1529155294509212
0.9393939393939394,1.7272727272727275,0.14471832328668502
1.0,1.7272727272727275,0.13645839120131933
1.0606060606060606,1.7272727272727275,0.12819815257545933
1.121212121212121,1.7272727272727275,0.11999636269114806
1.1818181818181817,1.7272727272727275,0.11190749968145397
1.2424242424242422,1.7272727272727275,0.10398126541879965
1.3030303030303028,1.7272727272727275,0.09626220366781128
1.3636363636363633,1.7272727272727275,0.08878943570867875
1.4242424242424248,1.7272727272727275,0.08159651072119173
1.4848484848484853,1.7272727272727275,0.07471136558620996
1.5454545454545459,1.7272727272727275,0.06815638647328726
1.6060606060606064,1.7272727272727275,0.061948562686661914
1.666666666666667,1.7272727272727275,0.05609972176570022
1.7272727272727275,1.7272727272727275,0.05061683379195534
1.787878787878788,1.7272727272727275,0.045502372238995475
1.8484848484848486,1.7272727272727275,0.04075471849422996
1.9090909090909092,1.7272727272727275,0.03636859735276399
1.9696969696969697,1.7272727272727275,0.03233553129029857
2.0303030303030303,1.7272727272727275,0.028644302116120714
2.090909090909091,1.7272727272727275,0.02528140963415744
2.1515151515151514,1.7272727272727275,0.02223151814334529
2.212121212121212,1.7272727272727275,0.01947788293162589
2.2727272727272725,1.7272727272727275,0.017002750306275335
2.333333333333334,1.7272727272727275,0.014787726106527102
2.3939393939393945,1.7272727272727275,0.012814109017462225
2.454545454545455,1.7272727272727275,0.01106318630829023
2.5151515151515156,1.7272727272727275,0.009516490821928965
2.575757575757576,1.7272727272727275,0.008156019122119796
2.6363636363636367,1.7272727272727275,0.0069644116424772955
2.6969696969696972,1.7272727272727275,0.005925096469173193
2.757575757575758,1.7272727272727275,0.005022399022147575
2.8181818181818183,1.7272727272727275,0.004241620381251439
2.878787878787879,1.7272727272727275,0.0035690873407659323
2.9393939393939394,1.7272727272727275,0.0029921774793547316
3.0,1.7272727272727275,0.0024993226165809872
-3.0,1.787878787878788,0.002246784311172834
-2.9393939393939394,1.787878787878788,0.0026898397878924022
-2.878787878787879,1.787878787878788,0.00320845711923666
-2.8181818181818183,1.787878787878788,0.0038130356054567635
-2.757575757575758,1.787878787878788,0.004514922264356384
-2.696969696969697,1.787878787878788,0.005326408724030579
-2.6363636363636362,1.787878787878788,0.006260708686049051
-2.5757575757575757,1.787878787878788,0.007331912928580747
-2.515151515151515,1.787878787878788,0.008554918894536176
-2.4545454545454546,1.787878787878788,0.00994533209284196
-2.393939393939394,1.787878787878788,0.011519336843947441
-2.333333333333333,1.787878787878788,0.013293534333521487
-2.2727272727272725,1.787878787878788,0.015284746507510607
-2.212121212121212,1.787878787878788,0.01750978504948047
-2.1515151515151514,1.787878787878788,0.019985185524529055
-2.090909090909091,1.787878787878788,0.02272690774433204
-2.0303030303030303,1.787878787878788,0.02575000449003036
-1.9696969696969697,1.787878787878788,0.02906826190204523
-1.9090909090909092,1.787878787878788,0.03269381608018759
-1.8484848484848484,1.787878787878788,0.03663675169889145
-1.7878787878787878,1.787878787878788,0.04090468969051103
-1.7272727272727273,1.787878787878788,0.045502372238995475
-1.6666666666666665,1.787878787878788,0.05043125440794899
-1.606060606060606,1.787878787878788,0.055689112650251095
-1.5454545454545454,1.787878787878788,0.061269681160208166
-1.4848484848484849,1.787878787878788,0.0671623274849661
-1.4242424242424243,1.787878787878788,0.07335177896545839
-1.3636363636363635,1.787878787878788,0.079817911391146
-1.303030303030303,1.787878787878788,0.08653561069904163
-1.2424242424242424,1.787878787878788,0.09347471760906506
-1.1818181818181817,1.787878787878788,0.10060006376080519
-1.121212121212121,1.787878787878788,0.10787160621188278
-1.0606060606060606,1.787878787878788,0.115244665101261
-1.0,1.787878787878788,0.12267026691352902
-0.9393939393939394,1.787878787878788,0.13009559315898184
-0.8787878787878789,1.787878787878788,0.13746453147973758
-0.8181818181818183,1.787878787878788,0.14471832328668502
-0.7575757575757573,1.787878787878788,0.15179629911768508
-0.6969696969696968,1.787878787878788,0.15863669008233694
-0.6363636363636362,1.787878787878788,0.16517750112352117
-0.5757575757575757,1.787878787878788,0.17135742948015553
-0.5151515151515151,1.787878787878788,0.17711680977285185
-0.4545454545454546,1.787878787878788,0.1823985656383924
-0.39393939393939403,1.787878787878788,0.1871491468804602
-0.33333333333333304,1.787878787878788,0.1913194307360355
-0.2727272727272725,1.787878787878788,0.19486556611253428
-0.21212121212121193,1.787878787878788,0.197749740541299
-0.15151515151515138,1.787878787878788,0.1999408511064656
-0.09090909090909083,1.787878787878788,0.20141506270919984
-0.030303030303030276,1.787878787878788,0.20215623965801863
0.030303030303030276,1.787878787878788,0.20215623965801863
0.09090909090909083,1.787878787878788,0.20141506270919984
0.15151515151515138,1.787878787878788,0.1999408511064656
0.21212121212121238,1.787878787878788,0.19774974054129899
0.27272727272727293,1.787878787878788,0.19486556611253428
0.3333333333333335,1.787878787878788,0.19131943073603547
0.39393939393939403,1.787878787878788,0.1871491468804602
0.4545454545454546,1.787878787878788,0.1823985656383924
0.5151515151515151,1.787878787878788,0.17711680977285185
0.5757575757575757,1.787878787878788,0.17135742948015553
0.6363636363636367,1.787878787878788,0.16517750112352114
0.6969696969696972,1.787878787878788,0.1586366900823369
0.7575757575757578,1.787878787878788,0.15179629911768505
0.8181818181818183,1.787878787878788,0.14471832328668502
0.8787878787878789,1.787878787878788,0.13746453147973758
0.9393939393939394,1.787878787878788,0.13009559315898184
1.0,1.787878787878788,0.12267026691352902
1.0606060606060606,1.787878787878788,0.115244665101261
1.121212121212121,1.787878787878788,0.10787160621188278
1.1818181818181817,1.787878787878788,0.10060006376080519
1.2424242424242422,1.787878787878788,0.0934747176090651
1.3030303030303028,1.787878787878788,0.08653561069904163
1.3636363636363633,1.787878787878788,0.07981791139114604
1.4242424242424248,1.787878787878788,0.07335177896545832
1.4848484848484853,1.787878787878788,0.06716232748496608
1.5454545454545459,1.787878787878788,0.06126968116020814
1.6060606060606064,1.787878787878788,0.055689112650251046
1.666666666666667,1.787878787878788,0.05043125440794894
1.7272727272727275,1.787878787878788,0.045502372238995475
1.787878787878788,1.787878787878788,0.04090468969051102
1.8484848484848486,1.787878787878788,0.03663675169889141
1.9090909090909092,1.787878787878788,0.03269381608018759
1.9696969696969697,1.787878787878788,0.02906826190204523
2.0303030303030303,1.787878787878788,0.02575000449003036
2.090909090909091,1.787878787878788,0.02272690774433204
2.1515151515151514,1.787878787878788,0.019985185524529055
2.212121212121212,1.787878787878788,0.01750978504948047
2.2727272727272725,1.787878787878788,0.015284746507510607
2.333333333333334,1.787878787878788,0.013293534333521453
2.3939393939393945,1.787878787878788,0.01151933684394743
2.454545454545455,1.787878787878788,0.009945332092841942
2.5151515151515156,1.787878787878788,0.008554918894536169
2.575757575757576,1.787878787878788,0.007331912928580741
2.6363636363636367,1.787878787878788,0.006260708686049046
2.6969696969696972,1.787878787878788,0.005326408724030569
2.757575757575758,1.787878787878788,0.004514922264356384
2.8181818181818183,1.787878787878788,0.0038130356054567635
2.878787878787879,1.787878787878788,0.00320845711923666
2.9393939393939394,1.787878787878788,0.0026898397878924022
3.0,1.787878787878788,0.002246784311172834
-3.0,1.8484848484848486,0.0020123579851651857
-2.9393939393939394,1.8484848484848486,0.0024091856744160416
-2.878787878787879,1.8484848484848486,0.0028736912002850948
-2.8181818181818183,1.8484848484848486,0.003415188814610622
-2.757575757575758,1.8484848484848486,0.004043841603262266
-2.696969696969697,1.8484848484848486,0.004770658703087193
-2.6363636363636362,1.8484848484848486,0.005607475116553226
-2.5757575757575757,1.8484848484848486,0.006566911409784339
-2.515151515151515,1.8484848484848486,0.007662310647377531
-2.4545454545454546,1.8484848484848486,0.008907650081330197
-2.393939393939394,1.8484848484848486,0.010317425382779416
-2.333333333333333,1.8484848484848486,0.011906505592949047
-2.2727272727272725,1.8484848484848486,0.013689957479522638
-2.212121212121212,1.8484848484848486,0.01568283861856532
-2.1515151515151514,1.8484848484848486,0.017899959277488484
-2.090909090909091,1.8484848484848486,0.02035561404358629
-2.0303030303030303,1.8484848484848486,0.023063285111912947
-1.9696969696969697,1.8484848484848486,0.0260353201963203
-1.9090909090909092,1.8484848484848486,0.029282589132974605
-1.8484848484848484,1.8484848484848486,0.03281412437551376
-1.7878787878787878,1.8484848484848486,0.03663675169889145
-1.7272727272727273,1.8484848484848486,0.04075471849422998
-1.6666666666666665,1.8484848484848486,0.04516932800583648
-1.606060606060606,1.8484848484848486,0.04987858868838062
-1.5454545454545454,1.8484848484848486,0.05487688850155288
-1.4848484848484849,1.8484848484848486,0.06015470436772783
-1.4242424242424243,1.8484848484848486,0.06569835715568026
-1.3636363636363635,1.8484848484848486,0.07148982238679345
-1.303030303030303,1.8484848484848486,0.077506606364213
-1.2424242424242424,1.8484848484848486,0.08372169658487211
-1.1818181818181817,1.8484848484848486,0.0901035941057941
-1.121212121212121,1.8484848484848486,0.09661643400908462
-1.0606060606060606,1.8484848484848486,0.10322019826778571
-1.0,1.8484848484848486,0.10987102319444465
-0.9393939393939394,1.8484848484848486,0.11652160130654378
-0.8787878787878789,1.8484848484848486,0.12312167493097712
-0.8181818181818183,1.8484848484848486,0.12961861626746737
-0.7575757575757573,1.8484848484848486,0.1359580860205226
-0.6969696969696968,1.8484848484848486,0.14208476017919308
-0.6363636363636362,1.8484848484848486,0.14794311216372907
-0.5757575757575757,1.8484848484848486,0.15347823545721964
-0.5151515151515151,1.8484848484848486,0.15863669008233694
-0.4545454545454546,1.8484848484848486,0.16336735494360494
-0.39393939393939403,1.8484848484848486,0.1676222671971362
-0.33333333333333304,1.8484848484848486,0.17135742948015556
-0.2727272727272725,1.8484848484848486,0.17453356606161896
-0.21212121212121193,1.8484848484848486,0.17711680977285185
-0.15151515151515138,1.8484848484848486,0.17907930293263855
-0.09090909090909083,1.8484848484848486,0.18039969736295075
-0.030303030303030276,1.8484848484848486,0.1810635409477394
0.030303030303030276,1.8484848484848486,0.1810635409477394
0.09090909090909083,1.8484848484848486,0.18039969736295075
0.15151515151515138,1.8484848484848486,0.17907930293263855
0.21212121212121238,1.8484848484848486,0.17711680977285182
0.27272727272727293,1.8484848484848486,0.17453356606161896
0.3333333333333335,1.8484848484848486,0.17135742948015553
0.39393939393939403,1.8484848484848486,0.1676222671971362
0.4545454545454546,1.8484848484848486,0.16336735494360494
0.5151515151515151,1.8484848484848486,0.15863669008233694
0.5757575757575757,1.8484848484848486,0.15347823545721964
0.6363636363636367,1.8484848484848486,0.14794311216372902
0.6969696969696972,1.8484848484848486,0.14208476017919305
0.7575757575757578,1.8484848484848486,0.13595808602052253
0.8181818181818183,1.8484848484848486,0.12961861626746737
0.8787878787878789,1.8484848484848486,0.12312167493097712
0.9393939393939394,1.8484848484848486,0.11652160130654378
1.0,1.8484848484848486,0.10987102319444465
1.0606060606060606,1.8484848484848486,0.10322019826778571
1.121212121212121,1.8484848484848486,0.09661643400908462
1.1818181818181817,1.8484848484848486,0.0901035941057941
1.2424242424242422,1.8484848484848486,0.08372169658487215
1.3030303030303028,1.8484848484848486,0.07750660636421304
1.3636363636363633,1.8484848484848486,0.07148982238679345
1.4242424242424248,1.8484848484848486,0.06569835715568022
1.4848484848484853,1.8484848484848486,0.0601547043677278
1.5454545454545459,1.8484848484848486,0.05487688850155283
1.6060606060606064,1.8484848484848486,0.0498785886883806
1.666666666666667,1.8484848484848486,0.045169328005836444
1.7272727272727275,1.8484848484848486,0.04075471849422996
1.787878787878788,1.8484848484848486,0.03663675169889141
1.8484848484848486,1.8484848484848486,0.032814124375513745
1.9090909090909092,1.8484848484848486,0.029282589132974605
1.9696969696969697,1.8484848484848486,0.0260353201963203
2.0303030303030303,1.8484848484848486,0.023063285111912947
2.090909090909091,1.8484848484848486,0.02035561404358629
2.1515151515151514,1.8484848484848486,0.017899959277488484
2.212121212121212,1.8484848484848486,0.01568283861856532
2.2727272727272725,1.8484848484848486,0.013689957479522638
2.333333333333334,1.8484848484848486,0.011906505592949026
2.3939393939393945,1.8484848484848486,0.010317425382779407
2.454545454545455,1.8484848484848486,0.008907650081330182
2.5151515151515156,1.8484848484848486,0.007662310647377524
2.575757575757576,1.8484848484848486,0.006566911409784333
2.6363636363636367,1.8484848484848486,0.005607475116553221
2.6969696969696972,1.8484848484848486,0.0047706587030871845
2.757575757575758,1.8484848484848486,0.004043841603262266
2.8181818181818183,1.8484848484848486,0.003415188814610622
2.878787878787879,1.8484848484848486,0.0028736912002850948
2.9393939393939394,1.8484848484848486,0.0024091856744160416
3.0,1.8484848484848486,0.0020123579851651857
-3.0,1.9090909090909092,0.0017957831631803276
-2.9393939393939394,1.9090909090909092,0.002149903299007923
-2.878787878787879,1.9090909090909092,0.00256441761937692
-2.8181818181818183,1.9090909090909092,0.003047637953868384
-2.757575757575758,1.9090909090909092,0.00360863361252815
-2.696969696969697,1.9090909090909092,0.004257228902331927
-2.6363636363636362,1.9090909090909092,0.005003985114225261
-2.5757575757575757,1.9090909090909092,0.005860164558553676
-2.515151515151515,1.9090909090909092,0.006837674287106745
-2.4545454545454546,1.9090909090909092,0.007948987286296167
-2.393939393939394,1.9090909090909092,0.009207039168154641
-2.333333333333333,1.9090909090909092,0.010625098731811968
-2.2727272727272725,1.9090909090909092,0.012216611223058971
-2.212121212121212,1.9090909090909092,0.01399501368529221
-2.1515151515151514,1.9090909090909092,0.015973522469208527
-2.090909090909091,1.9090909090909092,0.0181648937441261
-2.0303030303030303,1.9090909090909092,0.02058115871873614
-1.9696969696969697,1.9090909090909092,0.02323333621613199
-1.9090909090909092,1.9090909090909092,0.026131126234483826
-1.8484848484848484,1.9090909090909092,0.02928258913297462
-1.7878787878787878,1.9090909090909092,0.03269381608018759
-1.7272727272727273,1.9090909090909092,0.036368597352764
-1.6666666666666665,1.9090909090909092,0.04030809593671398
-1.606060606060606,1.9090909090909092,0.044510534621621085
-1.5454545454545454,1.9090909090909092,0.04897090534849514
-1.4848484848484849,1.9090909090909092,0.05368070993630312
-1.4242424242424243,1.9090909090909092,0.058627741434928604
-1.3636363636363635,1.9090909090909092,0.06379591520363483
-1.303030303030303,1.9090909090909092,0.06916515837149809
-1.2424242424242424,1.9090909090909092,0.07471136558621003
-1.1818181818181817,1.9090909090909092,0.08040642789704096
-1.121212121212121,1.9090909090909092,0.08621834025509892
-1.0606060606060606,1.9090909090909092,0.09211139147004664
-1.0,1.9090909090909092,0.09804643857031387
-0.9393939393939394,1.9090909090909092,0.10398126541879965
-0.8787878787878789,1.9090909090909092,0.10987102319444465
-0.8181818181818183,1.9090909090909092,0.115668748027823
-0.7575757575757573,1.9090909090909092,0.12132594874953907
-0.6969696969696968,1.9090909090909092,0.12679325545219286
-0.6363636363636362,1.9090909090909092,0.13202111746052742
-0.5757575757575757,1.9090909090909092,0.13696053742946585
-0.5151515151515151,1.9090909090909092,0.14156382672098566
-0.4545454545454546,1.9090909090909092,0.14578536601525618
-0.39393939393939403,1.9090909090909092,0.1495823543453787
-0.33333333333333304,1.9090909090909092,0.15291552945092127
-0.2727272727272725,1.9090909090909092,0.15574984254978322
-0.21212121212121193,1.9090909090909092,0.15805507133970087
-0.15151515151515138,1.9090909090909092,0.15980635625032885
-0.09090909090909083,1.9090909090909092,0.1609846466460693
-0.030303030303030276,1.9090909090909092,0.16157704578247387
0.030303030303030276,1.9090909090909092,0.16157704578247387
0.09090909090909083,1.9090909090909092,0.1609846466460693
0.15151515151515138,1.9090909090909092,0.15980635625032885
0.21212121212121238,1.9090909090909092,0.15805507133970084
0.27272727272727293,1.9090909090909092,0.15574984254978322
0.3333333333333335,1.9090909090909092,0.15291552945092124
0.39393939393939403,1.9090909090909092,0.1495823543453787
0.4545454545454546,1.9090909090909092,0.14578536601525618
0.5151515151515151,1.9090909090909092,0.14156382672098566
0.5757575757575757,1.9090909090909092,0.13696053742946585
0.6363636363636367,1.9090909090909092,0.13202111746052736
0.6969696969696972,1.9090909090909092,0.1267932554521928
0.7575757575757578,1.9090909090909092,0.12132594874953902
0.8181818181818183,1.9090909090909092,0.115668748027823
0.8787878787878789,1.9090909090909092,0.10987102319444465
0.9393939393939394,1.9090909090909092,0.10398126541879965
1.0,1.9090909090909092,0.09804643857031387
1.0606060606060606,1.9090909090909092,0.09211139147004664
1.121212121212121,1.9090909090909092,0.08621834025509892
1.1818181818181817,1.9090909090909092,0.08040642789704096
1.2424242424242422,1.9090909090909092,0.07471136558621005
1.3030303030303028,1.9090909090909092,0.06916515837149811
1.3636363636363633,1.9090909090909092,0.06379591520363485
1.4242424242424248,1.9090909090909092,0.05862774143492855
1.4848484848484853,1.9090909090909092,0.05368070993630307
1.5454545454545459,1.9090909090909092,0.04897090534849512
1.6060606060606064,1.9090909090909092,0.04451053462162105
1.666666666666667,1.9090909090909092,0.040308095936713965
1.7272727272727275,1.9090909090909092,0.03636859735276399
1.787878787878788,1.9090909090909092,0.03269381608018759
1.8484848484848486,1.9090909090909092,0.029282589132974605
1.9090909090909092,1.9090909090909092,0.026131126234483826
1.9696969696969697,1.9090909090909092,0.02323333621613199
2.0303030303030303,1.9090909090909092,0.02058115871873614
2.090909090909091,1.9090909090909092,0.0181648937441261
2.1515151515151514,1.9090909090909092,0.015973522469208527
2.212121212121212,1.9090909090909092,0.01399501368529221
2.2727272727272725,1.9090909090909092,0.012216611223058971
2.333333333333334,1.9090909090909092,0.01062509873181194
2.3939393939393945,1.9090909090909092,0.009207039168154633
2.454545454545455,1.9090909090909092,0.00794898728629616
2.5151515151515156,1.9090909090909092,0.006837674287106739
2.575757575757576,1.9090909090909092,0.0058601645585536705
2.6363636363636367,1.9090909090909092,0.005003985114225257
2.6969696969696972,1.9090909090909092,0.004257228902331923
2.757575757575758,1.9090909090909092,0.00360863361252815
2.8181818181818183,1.9090909090909092,0.003047637953868384
2.878787878787879,1.9090909090909092,0.00256441761937692
2.9393939393939394,1.9090909090909092,0.002149903299007923
3.0,1.9090909090909092,0.0017957831631803276
-3.0,1.9696969696969697,0.001596641247952768
-2.9393939393939394,1.9696969696969697,0.0019114915189574525
-2.878787878787879,1.9696969696969697,0.0022800386104649523
-2.8181818181818183,1.9696969696969697,0.0027096726184663578
-2.757575757575758,1.9696969696969697,0.00320845711923666
-2.696969696969697,1.9696969696969697,0.003785126961209446
-2.6363636363636362,1.9696969696969697,0.004449072249549432
-2.5757575757575757,1.9696969696969697,0.005210306369844364
-2.515151515151515,1.9696969696969697,0.006079415951047304
-2.4545454545454546,1.9696969696969697,0.007067490797873203
-2.393939393939394,1.9696969696969697,0.008186032038165553
-2.333333333333333,1.9696969696969697,0.009446837038352446
-2.2727272727272725,1.9696969696969697,0.010861860044613847
-2.212121212121212,1.9696969696969697,0.012443048010333304
-2.1515151515151514,1.9696969696969697,0.014202151669732321
-2.090909090909091,1.9696969696969697,0.016150512607093947
-2.0303030303030303,1.9696969696969697,0.018298827839994106
-1.9696969696969697,1.9696969696969697,0.020656894268089435
-1.9090909090909092,1.9696969696969697,0.02323333621613199
-1.8484848484848484,1.9696969696969697,0.02603532019632031
-1.7878787878787878,1.9696969696969697,0.02906826190204523
-1.7272727272727273,1.9696969696969697,0.032335531290298584
-1.6666666666666665,1.9696969696969697,0.03583816237870156
-1.606060606060606,1.9696969696969697,0.039574575039143293
-1.5454545454545454,1.9696969696969697,0.043540316577267424
-1.4848484848484849,1.9696969696969697,0.047727831210923825
-1.4242424242424243,1.9696969696969697,0.052126265669813945
-1.3636363636363635,1.9696969696969697,0.056721319006370514
-1.303030303030303,1.9696969696969697,0.0614951443143864
-1.2424242424242424,1.9696969696969697,0.06642630938501752
-1.1818181818181817,1.9696969696969697,0.07148982238679345
-1.121212121212121,1.9696969696969697,0.07665722744472246
-1.0606060606060606,1.9696969696969697,0.08189677353191274
-1.0,1.9696969696969697,0.08717365840483188
-0.9393939393939394,1.9696969696969697,0.09245034745061195
-0.8787878787878789,1.9696969696969697,0.09768696532177586
-0.8181818181818183,1.9696969696969697,0.10284175616905056
-0.7575757575757573,1.9696969696969697,0.10787160621188283
-0.6969696969696968,1.9696969696969697,0.11273262037865232
-0.6363636363636362,1.9696969696969697,0.11738074287598635
-0.5757575757575757,1.9696969696969697,0.1217724098795915
-0.5151515151515151,1.9696969696969697,0.12586522114422286
-0.4545454545454546,1.9696969696969697,0.12961861626746737
-0.39393939393939403,1.9696969696969697,0.1329945406608849
-0.33333333333333304,1.9696969696969697,0.13595808602052262
-0.2727272727272725,1.9696969696969697,0.13847809027050198
-0.21212121212121193,1.9696969696969697,0.1405276825862203
-0.15151515151515138,1.9696969696969697,0.1420847601791931
-0.09090909090909083,1.9696969696969697,0.14313238501858297
-0.030303030303030276,1.9696969696969697,0.14365909053394155
0.030303030303030276,1.9696969696969697,0.14365909053394155
0.09090909090909083,1.9696969696969697,0.14313238501858297
0.15151515151515138,1.9696969696969697,0.1420847601791931
0.21212121212121238,1.9696969696969697,0.14052768258622028
0.27272727272727293,1.9696969696969697,0.13847809027050198
0.3333333333333335,1.9696969696969697,0.1359580860205226
0.39393939393939403,1.9696969696969697,0.1329945406608849
0.4545454545454546,1.9696969696969697,0.12961861626746737
0.5151515151515151,1.9696969696969697,0.12586522114422286
0.5757575757575757,1.9696969696969697,0.1217724098795915
0.6363636363636367,1.9696969696969697,0.1173807428759863
0.6969696969696972,1.9696969696969697,0.11273262037865227
0.7575757575757578,1.9696969696969697,0.10787160621188278
0.8181818181818183,1.9696969696969697,0.10284175616905056
0.8787878787878789,1.9696969696969697,0.09768696532177586
0.9393939393939394,1.9696969696969697,0.09245034745061195
1.0,1.9696969696969697,0.08717365840483188
1.0606060606060606,1.9696969696969697,0.08189677353191274
1.121212121212121,1.9696969696969697,0.07665722744472246
1.1818181818181817,1.9696969696969697,0.07148982238679345
1.2424242424242422,1.9696969696969697,0.06642630938501756
1.3030303030303028,1.9696969696969697,0.06149514431438643
1.3636363636363633,1.9696969696969697,0.056721319006370535
1.4242424242424248,1.9696969696969697,0.0521262656698139
1.4848484848484853,1.9696969696969697,0.047727831210923784
1.5454545454545459,1.9696969696969697,0.04354031657726741
1.6060606060606064,1.9696969696969697,0.03957457503914326
1.666666666666667,1.9696969696969697,0.03583816237870155
1.7272727272727275,1.9696969696969697,0.03233553129029857
1.787878787878788,1.9696969696969697,0.02906826190204523
1.8484848484848486,1.9696969696969697,0.0260353201963203
1.9090909090909092,1.9696969696969697,0.02323333621613199
1.9696969696969697,1.9696969696969697,0.020656894268089435
2.0303030303030303,1.9696969696969697,0.018298827839994106
2.090909090909091,1.9696969696969697,0.016150512607093947
2.1515151515151514,1.9696969696969697,0.014202151669732321
2.212121212121212,1.9696969696969697,0.012443048010333304
2.2727272727272725,1.9696969696969697,0.010861860044613847
2.333333333333334,1.9696969696969697,0.009446837038352422
2.3939393939393945,1.9696969696969697,0.008186032038165545
2.454545454545455,1.9696969696969697,0.007067490797873196
2.5151515151515156,1.9696969696969697,0.006079415951047298
2.575757575757576,1.9696969696969697,0.00521030636984436
2.6363636363636367,1.9696969696969697,0.004449072249549428
2.6969696969696972,1.9696969696969697,0.0037851269612094425
2.757575757575758,1.9696969696969697,0.00320845711923666
2.8181818181818183,1.9696969696969697,0.0027096726184663578
2.878787878787879,1.9696969696969697,0.0022800386104649523
2.9393939393939394,1.9696969696969697,0.0019114915189574525
3.0,1.9696969696969697,0.001596641247952768
-3.0,2.0303030303030303,0.0014143783155077026
-2.9393939393939394,2.0303030303030303,0.0016932871790434146
-2.878787878787879,2.0303030303030303,0.0020197631580023793
-2.8181818181818183,2.0303030303030303,0.002400352739601255
-2.757575757575758,2.0303030303030303,0.0028421990108944543
-2.696969696969697,2.0303030303030303,0.003353039702715094
-2.6363636363636362,2.0303030303030303,0.00394119300247211
-2.5757575757575757,2.0303030303030303,0.004615529228064588
-2.515151515151515,2.0303030303030303,0.005385426502752677
-2.4545454545454546,2.0303030303030303,0.006260708686049051
-2.393939393939394,2.0303030303030303,0.007251564006428066
-2.333333333333333,2.0303030303030303,0.008368443114139043
-2.2727272727272725,2.0303030303030303,0.009621935630737141
-2.212121212121212,2.0303030303030303,0.011022624717482745
-2.1515151515151514,2.0303030303030303,0.012580919715669986
-2.090909090909091,2.0303030303030303,0.014306867522743077
-2.0303030303030303,2.0303030303030303,0.01620994404928586
-1.9696969696969697,2.0303030303030303,0.018298827839994106
-1.9090909090909092,2.0303030303030303,0.02058115871873614
-1.8484848484848484,2.0303030303030303,0.023063285111912947
-1.7878787878787878,2.0303030303030303,0.02575000449003037
-1.7272727272727273,2.0303030303030303,0.028644302116120738
-1.6666666666666665,2.0303030303030303,0.03174709397059176
-1.606060606060606,2.0303030303030303,0.035056980303224926
-1.5454545454545454,2.0303030303030303,0.03857001671238883
-1.4848484848484849,2.0303030303030303,0.04227950993844007
-1.4242424242424243,2.0303030303030303,0.04617584565494039
-1.3636363636363635,2.0303030303030303,0.05024635542422026
-1.303030303030303,2.0303030303030303,0.054475229635216026
-1.2424242424242424,2.0303030303030303,0.058843482650746286
-1.1818181818181817,2.0303030303030303,0.06332897555604734
-1.121212121212121,2.0303030303030303,0.06790650082714433
-1.0606060606060606,2.0303030303030303,0.0725479319428237
-1.0,2.0303030303030303,0.07722243947371533
-0.9393939393939394,2.0303030303030303,0.08189677353191271
-0.8787878787878789,2.0303030303030303,0.08653561069904163
-0.8181818181818183,2.0303030303030303,0.09110196172167197
-0.7575757575757573,2.0303030303030303,0.09555763442833615
-0.6969696969696968,2.0303030303030303,0.09986374454397429
-0.6363636363636362,2.0303030303030303,0.10398126541879965
-0.5757575757575757,2.0303030303030303,0.10787160621188278
-0.5151515151515151,2.0303030303030303,0.1114972068341783
-0.4545454545454546,2.0303030303030303,0.11482213701411471
-0.39393939393939403,2.0303030303030303,0.11781268624548749
-0.33333333333333304,2.0303030303030303,0.12043793114572386
-0.2727272727272725,2.0303030303030303,0.12267026691352907
-0.21212121212121193,2.0303030303030303,0.12448589013552724
-0.15151515151515138,2.0303030303030303,0.12586522114422286
-0.09090909090909083,2.0303030303030303,0.12679325545219286
-0.030303030303030276,2.0303030303030303,0.12725983544349437
0.030303030303030276,2.0303030303030303,0.12725983544349437
0.09090909090909083,2.0303030303030303,0.12679325545219286
0.15151515151515138,2.0303030303030303,0.12586522114422286
0.21212121212121238,2.0303030303030303,0.12448589013552724
0.27272727272727293,2.0303030303030303,0.12267026691352902
0.3333333333333335,2.0303030303030303,0.1204379311457238
0.39393939393939403,2.0303030303030303,0.11781268624548749
0.4545454545454546,2.0303030303030303,0.11482213701411471
0.5151515151515151,2.0303030303030303,0.1114972068341783
0.5757575757575757,2.0303030303030303,0.10787160621188278
0.6363636363636367,2.0303030303030303,0.10398126541879965
0.6969696969696972,2.0303030303030303,0.09986374454397424
0.7575757575757578,2.0303030303030303,0.0955576344283361
0.8181818181818183,2.0303030303030303,0.09110196172167197
0.8787878787878789,2.0303030303030303,0.08653561069904163
0.9393939393939394,2.0303030303030303,0.08189677353191271
1.0,2.0303030303030303,0.07722243947371533
1.0606060606060606,2.0303030303030303,0.0725479319428237
1.121212121212121,2.0303030303030303,0.06790650082714433
1.1818181818181817,2.0303030303030303,0.06332897555604734
1.2424242424242422,2.0303030303030303,0.058843482650746286
1.3030303030303028,2.0303030303030303,0.054475229635216046
1.3636363636363633,2.0303030303030303,0.05024635542422028
1.4242424242424248,2.0303030303030303,0.046175845654940366
1.4848484848484853,2.0303030303030303,0.042279509938440034
1.5454545454545459,2.0303030303030303,0.03857001671238879
1.6060606060606064,2.0303030303030303,0.035056980303224905
1.666666666666667,2.0303030303030303,0.03174709397059174
1.7272727272727275,2.0303030303030303,0.028644302116120714
1.787878787878788,2.0303030303030303,0.02575000449003036
1.8484848484848486,2.0303030303030303,0.023063285111912947
1.9090909090909092,2.0303030303030303,0.02058115871873614
1.9696969696969697,2.0303030303030303,0.018298827839994106
2.0303030303030303,2.0303030303030303,0.01620994404928586
2.090909090909091,2.0303030303030303,0.014306867522743077
2.1515151515151514,2.0303030303030303,0.012580919715669986
2.212121212121212,2.0303030303030303,0.011022624717482745
2.2727272727272725,2.0303030303030303,0.009621935630737141
2.333333333333334,2.0303030303030303,0.00836844311413902
2.3939393939393945,2.0303030303030303,0.007251564006428054
2.454545454545455,2.0303030303030303,0.00626070868604904
2.5151515151515156,2.0303030303030303,0.005385426502752667
2.575757575757576,2.0303030303030303,0.004615529228064588
2.6363636363636367,2.0303030303030303,0.00394119300247211
2.6969696969696972,2.0303030303030303,0.0033530397027150883
2.757575757575758,2.0303030303030303,0.0028421990108944543
2.8181818181818183,2.0303030303030303,0.002400352739601255
2.878787878787879,2.0303030303030303,0.0020197631580023793
2.9393939393939394,2.0303030303030303,0.0016932871790434146
3.0,2.0303030303030303,0.0014143783155077026
-3.0,2.090909090909091,0.001248327762605738
-2.9393939393939394,2.090909090909091,0.0014944922249500773
-2.878787878787879,2.090909090909091,0.001782639337988973
-2.8181818181818183,2.090909090909091,0.00211854701958959
-2.757575757575758,2.090909090909091,0.002508519745565056
-2.696969696969697,2.090909090909091,0.0029593868232602656
-2.6363636363636362,2.090909090909091,0.003478489869952061
-2.5757575757575757,2.090909090909091,0.004073657812296885
-2.515151515151515,2.090909090909091,0.004753167765051387
-2.4545454545454546,2.090909090909091,0.005525690248988666
-2.393939393939394,2.090909090909091,0.006400217376273364
-2.333333333333333,2.090909090909091,0.007385972872057719
-2.2727272727272725,2.090909090909091,0.008492303117319046
-2.212121212121212,2.090909090909091,0.0097285487911901
-2.1515151515151514,2.090909090909091,0.011103897159613376
-2.090909090909091,2.090909090909091,0.012627215596240039
-2.0303030303030303,2.090909090909091,0.014306867522743077
-1.9696969696969697,2.090909090909091,0.016150512607093947
-1.9090909090909092,2.090909090909091,0.0181648937441261
-1.8484848484848484,2.090909090909091,0.02035561404358631
-1.7878787878787878,2.090909090909091,0.022726907744332052
-1.7272727272727273,2.090909090909091,0.02528140963415744
-1.6666666666666665,2.090909090909091,0.02801992815572626
-1.606060606060606,2.090909090909091,0.030941227892007993
-1.5454545454545454,2.090909090909091,0.0340418275212026
-1.4848484848484849,2.090909090909091,0.03731581958436248
-1.4242424242424243,2.090909090909091,0.04075471849423
-1.3636363636363635,2.090909090909091,0.0443473431104565
-1.303030303030303,2.090909090909091,0.04807973989869381
-1.2424242424242424,2.090909090909091,0.051935152169642874
-1.1818181818181817,2.090909090909091,0.05589404015687029
-1.121212121212121,2.090909090909091,0.05993415574496069
-1.0606060606060606,2.090909090909091,0.0640306745167752
-1.0,2.090909090909091,0.06815638647328734
-0.9393939393939394,2.090909090909091,0.0722819453231109
-0.8787878787878789,2.090909090909091,0.07637617468059063
-0.8181818181818183,2.090909090909091,0.080406427897041
-0.7575757575757573,2.090909090909091,0.08433899663047564
-0.6969696969696968,2.090909090909091,0.08813956168951993
-0.6363636363636362,2.090909090909091,0.09177367822312087
-0.5757575757575757,2.090909090909091,0.0952072860243406
-0.5151515151515151,2.090909090909091,0.09840723462600418
-0.4545454545454546,2.090909090909091,0.10134181203491363
-0.39393939393939403,2.090909090909091,0.1039812654187997
-0.33333333333333304,2.090909090909091,0.1062983018557079
-0.2727272727272725,2.090909090909091,0.10826855739756322
-0.21212121212121193,2.090909090909091,0.10987102319444475
-0.15151515151515138,2.090909090909091,0.11108841826696439
-0.09090909090909083,2.090909090909091,0.11190749968145407
-0.030303030303030276,2.090909090909091,0.1123193023443144
0.030303030303030276,2.090909090909091,0.1123193023443144
0.09090909090909083,2.090909090909091,0.11190749968145407
0.15151515151515138,2.090909090909091,0.11108841826696439
0.21212121212121238,2.090909090909091,0.10987102319444475
0.27272727272727293,2.090909090909091,0.10826855739756316
0.3333333333333335,2.090909090909091,0.10629830185570786
0.39393939393939403,2.090909090909091,0.1039812654187997
0.4545454545454546,2.090909090909091,0.10134181203491363
0.5151515151515151,2.090909090909091,0.09840723462600418
0.5757575757575757,2.090909090909091,0.0952072860243406
0.6363636363636367,2.090909090909091,0.09177367822312087
0.6969696969696972,2.090909090909091,0.08813956168951989
0.7575757575757578,2.090909090909091,0.08433899663047564
0.8181818181818183,2.090909090909091,0.080406427897041
0.8787878787878789,2.090909090909091,0.07637617468059063
0.9393939393939394,2.090909090909091,0.0722819453231109
1.0,2.090909090909091,0.06815638647328734
1.0606060606060606,2.090909090909091,0.0640306745167752
1.121212121212121,2.090909090909091,0.05993415574496069
1.1818181818181817,2.090909090909091,0.05589404015687029
1.2424242424242422,2.090909090909091,0.051935152169642895
1.3030303030303028,2.090909090909091,0.04807973989869381
1.3636363636363633,2.090909090909091,0.04434734311045652
1.4242424242424248,2.090909090909091,0.04075471849422996
1.4848484848484853,2.090909090909091,0.03731581958436247
1.5454545454545459,2.090909090909091,0.03404182752120258
1.6060606060606064,2.090909090909091,0.030941227892007966
1.666666666666667,2.090909090909091,0.028019928155726237
1.7272727272727275,2.090909090909091,0.02528140963415744
1.787878787878788,2.090909090909091,0.02272690774433204
1.8484848484848486,2.090909090909091,0.02035561404358629
1.9090909090909092,2.090909090909091,0.0181648937441261
1.9696969696969697,2.090909090909091,0.016150512607093947
2.0303030303030303,2.090909090909091,0.014306867522743077
2.090909090909091,2.090909090909091,0.012627215596240039
2.1515151515151514,2.090909090909091,0.011103897159613376
2.212121212121212,2.090909090909091,0.0097285487911901
2.2727272727272725,2.090909090909091,0.008492303117319046
2.333333333333334,2.090909090909091,0.007385972872057699
2.3939393939393945,2.090909090909091,0.006400217376273358
2.454545454545455,2.090909090909091,0.005525690248988657
2.5151515151515156,2.090909090909091,0.0047531677650513825
2.575757575757576,2.090909090909091,0.00407365781229688
2.6363636363636367,2.090909090909091,0.003478489869952058
2.6969696969696972,2.090909090909091,0.0029593868232602604
2.757575757575758,2.090909090909091,0.002508519745565056
2.8181818181818183,2.090909090909091,0.00211854701958959
2.878787878787879,2.090909090909091,0.001782639337988973
2.9393939393939394,2.090909090909091,0.0014944922249500773
3.0,2.090909090909091,0.001248327762605738
-3.0,2.1515151515151514,0.0010977323537258536
-2.9393939393939394,2.1515151515151514,0.001314200097813233
-2.878787878787879,2.1515151515151514,0.0015675858015447924
-2.8181818181818183,2.1515151515151514,0.0018629703479786112
-2.757575757575758,2.1515151515151514,0.0022058976553713085
-2.696969696969697,2.1515151515151514,0.0026023731590345016
-2.6363636363636362,2.1515151515151514,0.0030588528003121893
-2.5757575757575757,2.1515151515151514,0.0035822210420379
-2.515151515151515,2.1515151515151514,0.004179756466757068
-2.4545454545454546,2.1515151515151514,0.004859083603428657
-2.393939393939394,2.1515151515151514,0.005628109776352557
-2.333333333333333,2.1515151515151514,0.006494945981554633
-2.2727272727272725,2.1515151515151514,0.007467811073967372
-2.212121212121212,2.1515151515151514,0.008554918894536185
-2.1515151515151514,2.1515151515151514,0.009764348378432984
-2.090909090909091,2.1515151515151514,0.011103897159613376
-2.0303030303030303,2.1515151515151514,0.012580919715669986
-1.9696969696969697,2.1515151515151514,0.014202151669732321
-1.9090909090909092,2.1515151515151514,0.015973522469208527
-1.8484848484848484,2.1515151515151514,0.017899959277488484
-1.7878787878787878,2.1515151515151514,0.01998518552452906
-1.7272727272727273,2.1515151515151514,0.02223151814334531
-1.6666666666666665,2.1515151515151514,0.0246396680479253
-1.606060606060606,2.1515151515151514,0.02720854885912623
-1.5454545454545454,2.1515151515151514,0.02993509923385524
-1.4848484848484849,2.1515151515151514,0.03281412437551379
-1.4242424242424243,2.1515151515151514,0.03583816237870156
-1.3636363636363635,2.1515151515151514,0.038997380970292976
-1.303030303030303,2.1515151515151514,0.04227950993844009
-1.2424242424242424,2.1515151515151514,0.04566981408255221
-1.1818181818181817,2.1515151515151514,0.04915111086897055
-1.121212121212121,2.1515151515151514,0.05270383614408702
-1.0606060606060606,2.1515151515151514,0.05630616025172312
-1.0,2.1515151515151514,0.05993415574496069
-0.9393939393939394,2.1515151515151514,0.06356201660195075
-0.8787878787878789,2.1515151515151514,0.06716232748496617
-0.8181818181818183,2.1515151515151514,0.07070638016242194
-0.7575757575757573,2.1515151515151514,0.07416453278968617
-0.6969696969696968,2.1515151515151514,0.07750660636421307
-0.6363636363636362,2.1515151515151514,0.08070231138307496
-0.5757575757575757,2.1515151515151514,0.08372169658487219
-0.5151515151515151,2.1515151515151514,0.08653561069904167
-0.4545454545454546,2.1515151515151514,0.08911616739478369
-0.39393939393939403,2.1515151515151514,0.09143720315352939
-0.33333333333333304,2.1515151515151514,0.09347471760906514
-0.2727272727272725,2.1515151515151514,0.09520728602434066
-0.21212121212121193,2.1515151515151514,0.09661643400908472
-0.15151515151515138,2.1515151515151514,0.09768696532177595
-0.09090909090909083,2.1515151515151514,0.09840723462600422
-0.030303030303030276,2.1515151515151514,0.09876935835657691
0.030303030303030276,2.1515151515151514,0.09876935835657691
0.09090909090909083,2.1515151515151514,0.09840723462600422
0.15151515151515138,2.1515151515151514,0.09768696532177595
0.21212121212121238,2.1515151515151514,0.09661643400908472
0.27272727272727293,2.1515151515151514,0.0952072860243406
0.3333333333333335,2.1515151515151514,0.0934747176090651
0.39393939393939403,2.1515151515151514,0.09143720315352939
0.4545454545454546,2.1515151515151514,0.08911616739478369
0.5151515151515151,2.1515151515151514,0.08653561069904167
0.5757575757575757,2.1515151515151514,0.08372169658487219
0.6363636363636367,2.1515151515151514,0.08070231138307496
0.6969696969696972,2.1515151515151514,0.07750660636421304
0.7575757575757578,2.1515151515151514,0.07416453278968614
0.8181818181818183,2.1515151515151514,0.07070638016242194
0.8787878787878789,2.1515151515151514,0.06716232748496617
0.9393939393939394,2.1515151515151514,0.06356201660195075
1.0,2.1515151515151514,0.05993415574496069
1.0606060606060606,2.1515151515151514,0.05630616025172312
1.121212121212121,2.1515151515151514,0.05270383614408702
1.1818181818181817,2.1515151515151514,0.04915111086897055
1.2424242424242422,2.1515151515151514,0.04566981408255221
1.3030303030303028,2.1515151515151514,0.0422795099384401
1.3636363636363633,2.1515151515151514,0.038997380970293
1.4242424242424248,2.1515151515151514,0.03583816237870155
1.4848484848484853,2.1515151515151514,0.03281412437551376
1.5454545454545459,2.1515151515151514,0.029935099233855216
1.6060606060606064,2.1515151515151514,0.02720854885912622
1.666666666666667,2.1515151515151514,0.02463966804792529
1.7272727272727275,2.1515151515151514,0.02223151814334529
1.787878787878788,2.1515151515151514,0.019985185524529055
1.8484848484848486,2.1515151515151514,0.017899959277488484
1.9090909090909092,2.1515151515151514,0.015973522469208527
1.9696969696969697,2.1515151515151514,0.014202151669732321
2.0303030303030303,2.1515151515151514,0.012580919715669986
2.090909090909091,2.1515151515151514,0.011103897159613376
2.1515151515151514,2.1515151515151514,0.009764348378432984
2.212121212121212,2.1515151515151514,0.008554918894536185
2.2727272727272725,2.1515151515151514,0.007467811073967372
2.333333333333334,2.1515151515151514,0.006494945981554616
2.3939393939393945,2.1515151515151514,0.0056281097763525465
2.454545454545455,2.1515151515151514,0.004859083603428648
2.5151515151515156,2.1515151515151514,0.00417975646675706
2.575757575757576,2.1515151515151514,0.0035822210420379
2.6363636363636367,2.1515151515151514,0.0030588528003121893
2.6969696969696972,2.1515151515151514,0.0026023731590344968
2.757575757575758,2.1515151515151514,0.0022058976553713085
2.8181818181818183,2.1515151515151514,0.0018629703479786112
2.878787878787879,2.1515151515151514,0.0015675858015447924
2.9393939393939394,2.1515151515151514,0.001314200097813233
3.0,2.1515151515151514,0.0010977323537258536
-3.0,2.212121212121212,0.0009617652801876048
-2.9393939393939394,2.212121212121212,0.0011514209461039357
-2.878787878787879,2.212121212121212,0.001373421847797115
-2.8181818181818183,2.212121212121212,0.0016322195411508438
-2.757575757575758,2.212121212121212,0.001932671264887581
-2.696969696969697,2.212121212121212,0.0022800386104649567
-2.6363636363636362,2.212121212121212,0.0026799778748979107
-2.5757575757575757,2.212121212121212,0.0031385207992602644
-2.515151515151515,2.212121212121212,0.003662044427972194
-2.4545454545454546,2.212121212121212,0.004257228902331931
-2.393939393939394,2.212121212121212,0.0049310021314468155
-2.333333333333333,2.212121212121212,0.005690470469009489
-2.2727272727272725,2.212121212121212,0.0065428347680239925
-2.212121212121212,2.212121212121212,0.00749529148854862
-2.1515151515151514,2.212121212121212,0.008554918894536185
-2.090909090909091,2.212121212121212,0.0097285487911901
-2.0303030303030303,2.212121212121212,0.011022624717482745
-1.9696969696969697,2.212121212121212,0.012443048010333304
-1.9090909090909092,2.212121212121212,0.01399501368529221
-1.8484848484848484,2.212121212121212,0.015682838618565335
-1.7878787878787878,2.212121212121212,0.01750978504948047
-1.7272727272727273,2.212121212121212,0.01947788293162589
-1.6666666666666665,2.212121212121212,0.021587755123924017
-1.606060606060606,2.212121212121212,0.023838449808076725
-1.5454545454545454,2.212121212121212,0.026227284824368643
-1.4848484848484849,2.212121212121212,0.02874970881290847
-1.4242424242424243,2.212121212121212,0.031399184113114674
-1.3636363636363635,2.212121212121212,0.03416709629462501
-1.303030303030303,2.212121212121212,0.03704269495576295
-1.2424242424242424,2.212121212121212,0.040013070023980635
-1.1818181818181817,2.212121212121212,0.043063167224670434
-1.121212121212121,2.212121212121212,0.04617584565494043
-1.0606060606060606,2.212121212121212,0.04933197951848914
-1.0,2.212121212121212,0.05251060506435185
-0.9393939393939394,2.212121212121212,0.05568911265025112
-0.8787878787878789,2.212121212121212,0.058843482650746314
-0.8181818181818183,2.212121212121212,0.061948562686662
-0.7575757575757573,2.212121212121212,0.06497838240474138
-0.6969696969696968,2.212121212121212,0.06790650082714436
-0.6363636363636362,2.212121212121212,0.07070638016242194
-0.5757575757575757,2.212121212121212,0.07335177896545844
-0.5151515151515151,2.212121212121212,0.07581715669369286
-0.4545454545454546,2.212121212121212,0.07807808106664813
-0.39393939393939403,2.212121212121212,0.08011162922550379
-0.33333333333333304,2.212121212121212,0.08189677353191278
-0.2727272727272725,2.212121212121212,0.08341474295470142
-0.21212121212121193,2.212121212121212,0.08464935137429769
-0.15151515151515138,2.212121212121212,0.08558728478256929
-0.09090909090909083,2.212121212121212,0.086218340255099
-0.030303030303030276,2.212121212121212,0.08653561069904167
0.030303030303030276,2.212121212121212,0.08653561069904167
0.09090909090909083,2.212121212121212,0.086218340255099
0.15151515151515138,2.212121212121212,0.08558728478256929
0.21212121212121238,2.212121212121212,0.08464935137429769
0.27272727272727293,2.212121212121212,0.08341474295470137
0.3333333333333335,2.212121212121212,0.08189677353191274
0.39393939393939403,2.212121212121212,0.08011162922550379
0.4545454545454546,2.212121212121212,0.07807808106664813
0.5151515151515151,2.212121212121212,0.07581715669369286
0.5757575757575757,2.212121212121212,0.07335177896545844
0.6363636363636367,2.212121212121212,0.07070638016242194
0.6969696969696972,2.212121212121212,0.06790650082714433
0.7575757575757578,2.212121212121212,0.06497838240474138
0.8181818181818183,2.212121212121212,0.061948562686662
0.8787878787878789,2.212121212121212,0.058843482650746314
0.9393939393939394,2.212121212121212,0.05568911265025112
1.0,2.212121212121212,0.05251060506435185
1.0606060606060606,2.212121212121212,0.04933197951848914
1.121212121212121,2.212121212121212,0.04617584565494043
1.1818181818181817,2.212121212121212,0.043063167224670434
1.2424242424242422,2.212121212121212,0.040013070023980656
1.3030303030303028,2.212121212121212,0.03704269495576295
1.3636363636363633,2.212121212121212,0.03416709629462503
1.4242424242424248,2.212121212121212,0.031399184113114646
1.4848484848484853,2.212121212121212,0.028749708812908455
1.5454545454545459,2.212121212121212,0.02622728482436863
1.6060606060606064,2.212121212121212,0.023838449808076704
1.666666666666667,2.212121212121212,0.021587755123924
1.7272727272727275,2.212121212121212,0.01947788293162589
1.787878787878788,2.212121212121212,0.01750978504948047
1.8484848484848486,2.212121212121212,0.01568283861856532
1.9090909090909092,2.212121212121212,0.01399501368529221
1.9696969696969697,2.212121212121212,0.012443048010333304
2.0303030303030303,2.212121212121212,0.011022624717482745
2.090909090909091,2.212121212121212,0.0097285487911901
2.1515151515151514,2.212121212121212,0.008554918894536185
2.212121212121212,2.212121212121212,0.00749529148854862
2.2727272727272725,2.212121212121212,0.0065428347680239925
2.333333333333334,2.212121212121212,0.005690470469009474
2.3939393939393945,2.212121212121212,0.004931002131446811
2.454545454545455,2.212121212121212,0.004257228902331923
2.5151515151515156,2.212121212121212,0.003662044427972191
2.575757575757576,2.212121212121212,0.0031385207992602614
2.6363636363636367,2.212121212121212,0.002679977874897908
2.6969696969696972,2.212121212121212,0.0022800386104649523
2.757575757575758,2.212121212121212,0.001932671264887581
2.8181818181818183,2.212121212121212,0.0016322195411508438
2.878787878787879,2.212121212121212,0.001373421847797115
2.9393939393939394,2.212121212121212,0.0011514209461039357
3.0,2.212121212121212,0.0009617652801876048
-3.0,2.2727272727272725,0.000839549912568951
-2.9393939393939394,2.2727272727272725,0.0010051052731317725
-2.878787878787879,2.2727272727272725,0.001198895630764958
-2.8181818181818183,2.2727272727272725,0.0014248068643102035
-2.757575757575758,2.2727272727272725,0.0016870789837042047
-2.696969696969697,2.2727272727272725,0.0019903049688966674
-2.6363636363636362,2.2727272727272725,0.0023394223485779992
-2.5757575757575757,2.2727272727272725,0.0027396963863166378
-2.515151515151515,2.2727272727272725,0.0031966937699476473
-2.4545454545454546,2.2727272727272725,0.0037162457684494442
-2.393939393939394,2.2727272727272725,0.004304399933761343
-2.333333333333333,2.2727272727272725,0.004967359586739515
-2.2727272727272725,2.2727272727272725,0.005711410539145422
-2.212121212121212,2.2727272727272725,0.0065428347680239925
-2.1515151515151514,2.2727272727272725,0.007467811073967372
-2.090909090909091,2.2727272727272725,0.008492303117319046
-2.0303030303030303,2.2727272727272725,0.009621935630737141
-1.9696969696969697,2.2727272727272725,0.010861860044613847
-1.9090909090909092,2.2727272727272725,0.012216611223058971
-1.8484848484848484,2.2727272727272725,0.01368995747952265
-1.7878787878787878,2.2727272727272725,0.01528474650751062
-1.7272727272727273,2.2727272727272725,0.017002750306275335
-1.6666666666666665,2.2727272727272725,0.01884451258556039
-1.606060606060606,2.2727272727272725,0.020809202478432404
-1.5454545454545454,2.2727272727272725,0.02289447865795754
-1.4848484848484849,2.2727272727272725,0.02509636812378162
-1.4242424242424243,2.2727272727272725,0.0274091639820474
-1.3636363636363635,2.2727272727272725,0.02982534647257383
-1.303030303030303,2.2727272727272725,0.03233553129029861
-1.2424242424242424,2.2727272727272725,0.03492844889731881
-1.1818181818181817,2.2727272727272725,0.03759095802601851
-1.121212121212121,2.2727272727272725,0.04030809593671402
-1.0606060606060606,2.2727272727272725,0.043063167224670434
-1.0,2.2727272727272725,0.04583787208675272
-0.9393939393939394,2.2727272727272725,0.048612473978516736
-0.8787878787878789,2.2727272727272725,0.05136600554456504
-0.8181818181818183,2.2727272727272725,0.05407651061932102
-0.7575757575757573,2.2727272727272725,0.05672131900637056
-0.6969696969696968,2.2727272727272725,0.05927734968886768
-0.6363636363636362,2.2727272727272725,0.06172143713885068
-0.5757575757575757,2.2727272727272725,0.06403067451677523
-0.5151515151515151,2.2727272727272725,0.06618276681915582
-0.4545454545454546,2.2727272727272725,0.06815638647328738
-0.39393939393939403,2.2727272727272725,0.06993152351986386
-0.33333333333333304,2.2727272727272725,0.07148982238679351
-0.2727272727272725,2.2727272727272725,0.07281489735304301
-0.21212121212121193,2.2727272727272725,0.07389261913410664
-0.15151515151515138,2.2727272727272725,0.07471136558621012
-0.09090909090909083,2.2727272727272725,0.0752622303114216
-0.030303030303030276,2.2727272727272725,0.07553918392885808
0.030303030303030276,2.2727272727272725,0.07553918392885808
0.09090909090909083,2.2727272727272725,0.0752622303114216
0.15151515151515138,2.2727272727272725,0.07471136558621012
0.21212121212121238,2.2727272727272725,0.07389261913410664
0.27272727272727293,2.2727272727272725,0.07281489735304299
0.3333333333333335,2.2727272727272725,0.07148982238679348
0.39393939393939403,2.2727272727272725,0.06993152351986386
0.4545454545454546,2.2727272727272725,0.06815638647328738
0.5151515151515151,2.2727272727272725,0.06618276681915582
0.5757575757575757,2.2727272727272725,0.06403067451677523
0.6363636363636367,2.2727272727272725,0.06172143713885068
0.6969696969696972,2.2727272727272725,0.05927734968886765
0.7575757575757578,2.2727272727272725,0.05672131900637056
0.8181818181818183,2.2727272727272725,0.05407651061932102
0.8787878787878789,2.2727272727272725,0.05136600554456504
0.9393939393939394,2.2727272727272725,0.048612473978516736
1.0,2.2727272727272725,0.04583787208675272
1.0606060606060606,2.2727272727272725,0.043063167224670434
1.121212121212121,2.2727272727272725,0.04030809593671402
1.1818181818181817,2.2727272727272725,0.03759095802601851
1.2424242424242422,2.2727272727272725,0.034928448897318824
1.3030303030303028,2.2727272727272725,0.03233553129029861
1.3636363636363633,2.2727272727272725,0.029825346472573844
1.4242424242424248,2.2727272727272725,0.027409163982047374
1.4848484848484853,2.2727272727272725,0.02509636812378161
1.5454545454545459,2.2727272727272725,0.022894478657957528
1.6060606060606064,2.2727272727272725,0.020809202478432386
1.666666666666667,2.2727272727272725,0.018844512585560375
1.7272727272727275,2.2727272727272725,0.017002750306275335
1.787878787878788,2.2727272727272725,0.015284746507510607
1.8484848484848486,2.2727272727272725,0.013689957479522638
1.9090909090909092,2.2727272727272725,0.012216611223058971
1.9696969696969697,2.2727272727272725,0.010861860044613847
2.0303030303030303,2.2727272727272725,0.009621935630737141
2.090909090909091,2.2727272727272725,0.008492303117319046
2.1515151515151514,2.2727272727272725,0.007467811073967372
2.212121212121212,2.2727272727272725,0.0065428347680239925
2.2727272727272725,2.2727272727272725,0.005711410539145422
2.333333333333334,2.2727272727272725,0.004967359586739506
2.3939393939393945,2.2727272727272725,0.004304399933761339
2.454545454545455,2.2727272727272725,0.0037162457684494408
2.5151515151515156,2.2727272727272725,0.0031966937699476447
2.575757575757576,2.2727272727272725,0.002739696386316635
2.6363636363636367,2.2727272727272725,0.002339422348577997
2.6969696969696972,2.2727272727272725,0.0019903049688966656
2.757575757575758,2.2727272727272725,0.0016870789837042047
2.8181818181818183,2.2727272727272725,0.0014248068643102035
2.878787878787879,2.2727272727272725,0.001198895630764958
2.9393939393939394,2.2727272727272725,0.0010051052731317725
3.0,2.2727272727272725,0.000839549912568951
-3.0,2.333333333333334,0.0007301779968647968
-2.9393939393939394,2.333333333333334,0.0008741657214017359
-2.878787878787879,2.333333333333334,0.001042710143871307
-2.8181818181818183,2.333333333333334,0.0012391909123280294
-2.757575757575758,2.333333333333334,0.0014672956716824872
-2.696969696969697,2.333333333333334,0.0017310190538786633
-2.6363636363636362,2.333333333333334,0.002034655353698377
-2.5757575757575757,2.333333333333334,0.002382783905315585
-2.515151515151515,2.333333333333334,0.0027802461992857963
-2.4545454545454546,2.333333333333334,0.0032321138391409637
-2.393939393939394,2.333333333333334,0.003743646535226925
-2.333333333333333,2.333333333333334,0.004320239474094066
-2.2727272727272725,2.333333333333334,0.004967359586739506
-2.212121212121212,2.333333333333334,0.005690470469009474
-2.1515151515151514,2.333333333333334,0.006494945981554616
-2.090909090909091,2.333333333333334,0.007385972872057699
-2.0303030303030303,2.333333333333334,0.00836844311413902
-1.9696969696969697,2.333333333333334,0.009446837038352422
-1.9090909090909092,2.333333333333334,0.01062509873181194
-1.8484848484848484,2.333333333333334,0.011906505592949026
-1.7878787878787878,2.333333333333334,0.013293534333521463
-1.7272727272727273,2.333333333333334,0.014787726106527115
-1.6666666666666665,2.333333333333334,0.016389553790213573
-1.606060606060606,2.333333333333334,0.01809829475839275
-1.5454545454545454,2.333333333333334,0.019911912699244454
-1.4848484848484849,2.333333333333334,0.021826952192910164
-1.4242424242424243,2.333333333333334,0.02383844980807667
-1.3636363636363635,2.333333333333334,0.025939865417297512
-1.303030303030303,2.333333333333334,0.028123037250831796
-1.2424242424242424,2.333333333333334,0.03037816390379774
-1.1818181818181817,2.333333333333334,0.032693816080187565
-1.121212121212121,2.333333333333334,0.03505698030322488
-1.0606060606060606,2.333333333333334,0.037453136153094625
-1.0,2.333333333333334,0.03986636782372488
-0.9393939393939394,2.333333333333334,0.04227950993843999
-0.8787878787878789,2.333333333333334,0.04467432665284946
-0.8181818181818183,2.333333333333334,0.04703172212910073
-0.7575757575757573,2.333333333333334,0.04933197951848905
-0.6969696969696968,2.333333333333334,0.0515550246712898
-0.6363636363636362,2.333333333333334,0.05368070993630304
-0.5757575757575757,2.333333333333334,0.055689112650251026
-0.5151515151515151,2.333333333333334,0.05756084227929954
-0.4545454545454546,2.333333333333334,0.059277349688867546
-0.39393939393939403,2.333333333333334,0.06082123170639232
-0.33333333333333304,2.333333333333334,0.062176524022116236
-0.2727272727272725,2.333333333333334,0.06332897555604726
-0.21212121212121193,2.333333333333334,0.06426629770865956
-0.15151515151515138,2.333333333333334,0.06497838240474127
-0.09090909090909083,2.333333333333334,0.0654574835225862
-0.030303030303030276,2.333333333333334,0.06569835715568019
0.030303030303030276,2.333333333333334,0.06569835715568019
0.09090909090909083,2.333333333333334,0.0654574835225862
0.15151515151515138,2.333333333333334,0.06497838240474127
0.21212121212121238,2.333333333333334,0.06426629770865956
0.27272727272727293,2.333333333333334,0.06332897555604723
0.3333333333333335,2.333333333333334,0.06217652402211621
0.39393939393939403,2.333333333333334,0.06082123170639232
0.4545454545454546,2.333333333333334,0.059277349688867546
0.5151515151515151,2.333333333333334,0.05756084227929954
0.5757575757575757,2.333333333333334,0.055689112650251026
0.6363636363636367,2.333333333333334,0.05368070993630304
0.6969696969696972,2.333333333333334,0.05155502467128978
0.7575757575757578,2.333333333333334,0.04933197951848903
0.8181818181818183,2.333333333333334,0.04703172212910073
0.8787878787878789,2.333333333333334,0.04467432665284946
0.9393939393939394,2.333333333333334,0.04227950993843999
1.0,2.333333333333334,0.03986636782372488
1.0606060606060606,2.333333333333334,0.037453136153094625
1.121212121212121,2.333333333333334,0.03505698030322488
1.1818181818181817,2.333333333333334,0.032693816080187565
1.2424242424242422,2.333333333333334,0.03037816390379774
1.3030303030303028,2.333333333333334,0.02812303725083181
1.3636363636363633,2.333333333333334,0.025939865417297522
1.4242424242424248,2.333333333333334,0.02383844980807666
1.4848484848484853,2.333333333333334,0.021826952192910146
1.5454545454545459,2.333333333333334,0.019911912699244437
1.6060606060606064,2.333333333333334,0.018098294758392735
1.666666666666667,2.333333333333334,0.016389553790213573
1.7272727272727275,2.333333333333334,0.014787726106527102
1.787878787878788,2.333333333333334,0.013293534333521453
1.8484848484848486,2.333333333333334,0.011906505592949026
1.9090909090909092,2.333333333333334,0.01062509873181194
1.9696969696969697,2.333333333333334,0.009446837038352422
2.0303030303030303,2.333333333333334,0.00836844311413902
2.090909090909091,2.333333333333334,0.007385972872057699
2.1515151515151514,2.333333333333334,0.006494945981554616
2.212121212121212,2.333333333333334,0.005690470469009474
2.2727272727272725,2.333333333333334,0.004967359586739506
2.333333333333334,2.333333333333334,0.004320239474094054
2.3939393939393945,2.333333333333334,0.003743646535226918
2.454545454545455,2.333333333333334,0.0032321138391409577
2.5151515151515156,2.333333333333334,0.0027802461992857915
2.575757575757576,2.333333333333334,0.002382783905315585
2.6363636363636367,2.333333333333334,0.002034655353698377
2.6969696969696972,2.333333333333334,0.0017310190538786603
2.757575757575758,2.333333333333334,0.0014672956716824872
2.8181818181818183,2.333333333333334,0.0012391909123280294
2.878787878787879,2.333333333333334,0.001042710143871307
2.9393939393939394,2.333333333333334,0.0008741657214017359
3.0,2.333333333333334,0.0007301779968647968
-3.0,2.3939393939393945,0.0006327261126271347
-2.9393939393939394,2.3939393939393945,0.0007574967762234991
-2.878787878787879,2.3939393939393945,0.0009035467225270757
-2.8181818181818183,2.3939393939393945,0.0010738045409842286
-2.757575757575758,2.3939393939393945,0.0012714657116546706
-2.696969696969697,2.3939393939393945,0.0014999917301629566
-2.6363636363636362,2.3939393939393945,0.0017631037610134127
-2.5757575757575757,2.3939393939393945,0.002064769965836149
-2.515151515151515,2.3939393939393945,0.0024091856744160394
-2.4545454545454546,2.3939393939393945,0.0028007456179026686
-2.393939393939394,2.3939393939393945,0.003244007528924176
-2.333333333333333,2.3939393939393945,0.003743646535226928
-2.2727272727272725,2.3939393939393945,0.004304399933761339
-2.212121212121212,2.3939393939393945,0.004931002131446811
-2.1515151515151514,2.3939393939393945,0.0056281097763525465
-2.090909090909091,2.3939393939393945,0.006400217376273358
-2.0303030303030303,2.3939393939393945,0.007251564006428054
-1.9696969696969697,2.3939393939393945,0.008186032038165545
-1.9090909090909092,2.3939393939393945,0.009207039168154633
-1.8484848484848484,2.3939393939393945,0.010317425382779416
-1.7878787878787878,2.3939393939393945,0.01151933684394743
-1.7272727272727273,2.3939393939393945,0.012814109017462225
-1.6666666666666665,2.3939393939393945,0.01420215166973231
-1.606060606060606,2.3939393939393945,0.015682838618565308
-1.5454545454545454,2.3939393939393945,0.017254405324811074
-1.4848484848484849,2.3939393939393945,0.018913857539965804
-1.4242424242424243,2.3939393939393945,0.020656894268089407
-1.3636363636363635,2.3939393939393945,0.022477848248003
-1.303030303030303,2.3939393939393945,0.024369647005785863
-1.2424242424242424,2.3939393939393945,0.02632379726331162
-1.1818181818181817,2.3939393939393945,0.02833039511486945
-1.121212121212121,2.3939393939393945,0.03037816390379775
-1.0606060606060606,2.3939393939393945,0.03245452115182037
-1.0,2.3939393939393945,0.03454567522710442
-0.9393939393939394,2.3939393939393945,0.0366367516988914
-0.8787878787878789,2.3939393939393945,0.0387119485367432
-0.8181818181818183,2.3939393939393945,0.040754718494229944
-0.7575757575757573,2.3939393939393945,0.04274797619615849
-0.6969696969696968,2.3939393939393945,0.04467432665284948
-0.6363636363636362,2.3939393939393945,0.04651631118288956
-0.5757575757575757,2.3939393939393945,0.048256666065181905
-0.5151515151515151,2.3939393939393945,0.049878588688380576
-0.4545454545454546,2.3939393939393945,0.05136600554456495
-0.39393939393939403,2.3939393939393945,0.05270383614408693
-0.33333333333333304,2.3939393939393945,0.05387824682488453
-0.2727272727272725,2.3939393939393945,0.05487688850155283
-0.21212121212121193,2.3939393939393945,0.055689112650251046
-0.15151515151515138,2.3939393939393945,0.056306160251723046
-0.09090909090909083,2.3939393939393945,0.05672131900637046
-0.030303030303030276,2.3939393939393945,0.05693004487616706
0.030303030303030276,2.3939393939393945,0.05693004487616706
0.09090909090909083,2.3939393939393945,0.05672131900637046
0.15151515151515138,2.3939393939393945,0.056306160251723046
0.21212121212121238,2.3939393939393945,0.055689112650251046
0.27272727272727293,2.3939393939393945,0.054876888501552805
0.3333333333333335,2.3939393939393945,0.053878246824884506
0.39393939393939403,2.3939393939393945,0.05270383614408693
0.4545454545454546,2.3939393939393945,0.05136600554456495
0.5151515151515151,2.3939393939393945,0.049878588688380576
0.5757575757575757,2.3939393939393945,0.048256666065181905
0.6363636363636367,2.3939393939393945,0.04651631118288956
0.6969696969696972,2.3939393939393945,0.04467432665284946
0.7575757575757578,2.3939393939393945,0.04274797619615849
0.8181818181818183,2.3939393939393945,0.040754718494229944
0.8787878787878789,2.3939393939393945,0.0387119485367432
0.9393939393939394,2.3939393939393945,0.0366367516988914
1.0,2.3939393939393945,0.03454567522710442
1.0606060606060606,2.3939393939393945,0.03245452115182037
1.121212121212121,2.3939393939393945,0.03037816390379775
1.1818181818181817,2.3939393939393945,0.02833039511486945
1.2424242424242422,2.3939393939393945,0.026323797263311632
1.3030303030303028,2.3939393939393945,0.024369647005785863
1.3636363636363633,2.3939393939393945,0.02247784824800301
1.4242424242424248,2.3939393939393945,0.02065689426808939
1.4848484848484853,2.3939393939393945,0.018913857539965793
1.5454545454545459,2.3939393939393945,0.01725440532481106
1.6060606060606064,2.3939393939393945,0.015682838618565294
1.666666666666667,2.3939393939393945,0.014202151669732297
1.7272727272727275,2.3939393939393945,0.012814109017462225
1.787878787878788,2.3939393939393945,0.01151933684394743
1.8484848484848486,2.3939393939393945,0.010317425382779407
1.9090909090909092,2.3939393939393945,0.009207039168154633
1.9696969696969697,2.3939393939393945,0.008186032038165545
2.0303030303030303,2.3939393939393945,0.007251564006428054
2.090909090909091,2.3939393939393945,0.006400217376273358
2.1515151515151514,2.3939393939393945,0.0056281097763525465
2.212121212121212,2.3939393939393945,0.004931002131446811
2.2727272727272725,2.3939393939393945,0.004304399933761339
2.333333333333334,2.3939393939393945,0.003743646535226918
2.3939393939393945,2.3939393939393945,0.0032440075289241733
2.454545454545455,2.3939393939393945,0.002800745617902664
2.5151515151515156,2.3939393939393945,0.0024091856744160372
2.575757575757576,2.3939393939393945,0.0020647699658361473
2.6363636363636367,2.3939393939393945,0.0017631037610134112
2.6969696969696972,2.3939393939393945,0.001499991730162954
2.757575757575758,2.3939393939393945,0.0012714657116546706
2.8181818181818183,2.3939393939393945,0.0010738045409842286
2.878787878787879,2.3939393939393945,0.0009035467225270757
2.9393939393939394,2.3939393939393945,0.0007574967762234991
3.0,2.3939393939393945,0.0006327261126271347
-3.0,2.454545454545455,0.0005462702757230429
-2.9393939393939394,2.454545454545455,0.0006539922480657565
-2.878787878787879,2.454545454545455,0.0007800858971887956
-2.8181818181818183,2.454545454545455,0.0009270796494245304
-2.757575757575758,2.454545454545455,0.0010977323537258497
-2.696969696969697,2.454545454545455,0.0012950325261844773
-2.6363636363636362,2.454545454545455,0.0015221928705583605
-2.5757575757575757,2.454545454545455,0.0017826393379889714
-2.515151515151515,2.454545454545455,0.0020799940074653
-2.4545454545454546,2.454545454545455,0.002418051113094177
-2.393939393939394,2.454545454545455,0.002800745617902666
-2.333333333333333,2.454545454545455,0.0032321138391409663
-2.2727272727272725,2.454545454545455,0.0037162457684494408
-2.212121212121212,2.454545454545455,0.004257228902331923
-2.1515151515151514,2.454545454545455,0.004859083603428648
-2.090909090909091,2.454545454545455,0.005525690248988657
-2.0303030303030303,2.454545454545455,0.00626070868604904
-1.9696969696969697,2.454545454545455,0.007067490797873196
-1.9090909090909092,2.454545454545455,0.00794898728629616
-1.8484848484848484,2.454545454545455,0.00890765008133019
-1.7878787878787878,2.454545454545455,0.009945332092841942
-1.7272727272727273,2.454545454545455,0.01106318630829023
-1.6666666666666665,2.454545454545455,0.01226156650351027
-1.606060606060606,2.454545454545455,0.01353993205798387
-1.5454545454545454,2.454545454545455,0.014896759539583231
-1.4848484848484849,2.454545454545455,0.01632946383458677
-1.4242424242424243,2.454545454545455,0.017834331636097253
-1.3636363636363635,2.454545454545455,0.01940647005876508
-1.303030303030303,2.454545454545455,0.021039773013080732
-1.2424242424242424,2.454545454545455,0.022726907744332014
-1.1818181818181817,2.454545454545455,0.024459323618689514
-1.121212121212121,2.454545454545455,0.026227284824368594
-1.0606060606060606,2.454545454545455,0.0280199281557262
-1.0,2.454545454545455,0.029825346472573764
-0.9393939393939394,2.454545454545455,0.03163069778968337
-0.8787878787878789,2.454545454545455,0.03342233926957426
-0.8181818181818183,2.454545454545455,0.03518598468525293
-0.7575757575757573,2.454545454545455,0.036906883210996645
-0.6969696969696968,2.454545454545455,0.03857001671238877
-0.6363636363636362,2.454545454545455,0.04016031206613141
-0.5757575757575757,2.454545454545455,0.041662864469822126
-0.5151515151515151,2.454545454545455,0.04306316722467034
-0.4545454545454546,2.454545454545455,0.04434734311045642
-0.39393939393939403,2.454545454545455,0.045502372238995434
-0.33333333333333304,2.454545454545455,0.04651631118288956
-0.2727272727272725,2.454545454545455,0.047378498238513096
-0.21212121212121193,2.454545454545455,0.04807973989869373
-0.15151515151515138,2.454545454545455,0.048612473978516646
-0.09090909090909083,2.454545454545455,0.04897090534849509
-0.030303030303030276,2.454545454545455,0.04915111086897044
0.030303030303030276,2.454545454545455,0.04915111086897044
0.09090909090909083,2.454545454545455,0.04897090534849509
0.15151515151515138,2.454545454545455,0.048612473978516646
0.21212121212121238,2.454545454545455,0.04807973989869373
0.27272727272727293,2.454545454545455,0.047378498238513075
0.3333333333333335,2.454545454545455,0.04651631118288954
0.39393939393939403,2.454545454545455,0.045502372238995434
0.4545454545454546,2.454545454545455,0.04434734311045642
0.5151515151515151,2.454545454545455,0.04306316722467034
0.5757575757575757,2.454545454545455,0.041662864469822126
0.6363636363636367,2.454545454545455,0.04016031206613141
0.6969696969696972,2.454545454545455,0.03857001671238876
0.7575757575757578,2.454545454545455,0.036906883210996645
0.8181818181818183,2.454545454545455,0.03518598468525293
0.8787878787878789,2.454545454545455,0.03342233926957426
0.9393939393939394,2.454545454545455,0.03163069778968337
1.0,2.454545454545455,0.029825346472573764
1.0606060606060606,2.454545454545455,0.0280199281557262
1.121212121212121,2.454545454545455,0.026227284824368594
1.1818181818181817,2.454545454545455,0.024459323618689514
1.2424242424242422,2.454545454545455,0.022726907744332024
1.3030303030303028,2.454545454545455,0.021039773013080732
1.3636363636363633,2.454545454545455,0.01940647005876509
1.4242424242424248,2.454545454545455,0.01783433163609724
1.4848484848484853,2.454545454545455,0.016329463834586756
1.5454545454545459,2.454545454545455,0.014896759539583219
1.6060606060606064,2.454545454545455,0.013539932057983858
1.666666666666667,2.454545454545455,0.01226156650351026
1.7272727272727275,2.454545454545455,0.01106318630829023
1.787878787878788,2.454545454545455,0.009945332092841942
1.8484848484848486,2.454545454545455,0.008907650081330182
1.9090909090909092,2.454545454545455,0.00794898728629616
1.9696969696969697,2.454545454545455,0.007067490797873196
2.0303030303030303,2.454545454545455,0.00626070868604904
2.090909090909091,2.454545454545455,0.005525690248988657
2.1515151515151514,2.454545454545455,0.004859083603428648
2.212121212121212,2.454545454545455,0.004257228902331923
2.2727272727272725,2.454545454545455,0.0037162457684494408
2.333333333333334,2.454545454545455,0.0032321138391409577
2.3939393939393945,2.454545454545455,0.002800745617902664
2.454545454545455,2.454545454545455,0.0024180511130941725
2.5151515151515156,2.454545454545455,0.0020799940074652983
2.575757575757576,2.454545454545455,0.0017826393379889699
2.6363636363636367,2.454545454545455,0.0015221928705583592
2.6969696969696972,2.454545454545455,0.001295032526184475
2.757575757575758,2.454545454545455,0.0010977323537258497
2.8181818181818183,2.454545454545455,0.0009270796494245304
2.878787878787879,2.454545454545455,0.0007800858971887956
2.9393939393939394,2.454545454545455,0.0006539922480657565
3.0,2.454545454545455,0.0005462702757230429
-3.0,2.5151515151515156,0.0004698986277864068
-2.9393939393939394,2.5151515151515156,0.0005625604643091572
-2.878787878787879,2.5151515151515156,0.000671025514173113
-2.8181818181818183,2.5151515151515156,0.0007974687155303953
-2.757575757575758,2.5151515151515156,0.0009442632147791248
-2.696969696969697,2.5151515151515156,0.0011139797167023131
-2.6363636363636362,2.5151515151515156,0.0013093817710562524
-2.5757575757575757,2.5151515151515156,0.0015334163618006865
-2.515151515151515,2.5151515151515156,0.0017891991809699437
-2.4545454545454546,2.5151515151515156,0.0020799940074653018
-2.393939393939394,2.5151515151515156,0.0024091856744160394
-2.333333333333333,2.5151515151515156,0.002780246199285799
-2.2727272727272725,2.5151515151515156,0.0031966937699476447
-2.212121212121212,2.5151515151515156,0.003662044427972191
-2.1515151515151514,2.5151515151515156,0.00417975646675706
-2.090909090909091,2.5151515151515156,0.0047531677650513825
-2.0303030303030303,2.5151515151515156,0.005385426502752667
-1.9696969696969697,2.5151515151515156,0.006079415951047298
-1.9090909090909092,2.5151515151515156,0.006837674287106739
-1.8484848484848484,2.5151515151515156,0.007662310647377531
-1.7878787878787878,2.5151515151515156,0.008554918894536169
-1.7272727272727273,2.5151515151515156,0.009516490821928965
-1.6666666666666665,2.5151515151515156,0.01054733074554546
-1.606060606060606,2.5151515151515156,0.011646973626647612
-1.5454545454545454,2.5151515151515156,0.012814109017462235
-1.4848484848484849,2.5151515151515156,0.014046513217662902
-1.4242424242424243,2.5151515151515156,0.015340992061480204
-1.3636363636363635,2.5151515151515156,0.016693336716374872
-1.303030303030303,2.5151515151515156,0.01809829475839275
-1.2424242424242424,2.5151515151515156,0.019549558593051224
-1.1818181818181817,2.5151515151515156,0.02103977301308074
-1.121212121212121,2.5151515151515156,0.022560563327780923
-1.0606060606060606,2.5151515151515156,0.024102585068576616
-1.0,2.5151515151515156,0.02565559578025084
-0.9393939393939394,2.5151515151515156,0.027208548859126186
-0.8787878787878789,2.5151515151515156,0.02874970881290843
-0.8181818181818183,2.5151515151515156,0.03026678670925247
-0.7575757575757573,2.5151515151515156,0.03174709397059173
-0.6969696969696968,2.5151515151515156,0.03317771208192017
-0.6363636363636362,2.5151515151515156,0.03454567522710442
-0.5757575757575757,2.5151515151515156,0.035838162378701514
-0.5151515151515151,2.5151515151515156,0.03704269495576288
-0.4545454545454546,2.5151515151515156,0.038147335851276686
-0.39393939393939403,2.5151515151515156,0.03914088543043955
-0.33333333333333304,2.5151515151515156,0.040013070023980586
-0.2727272727272725,2.5151515151515156,0.04075471849422996
-0.21212121212121193,2.5151515151515156,0.04135792263787369
-0.15151515151515138,2.5151515151515156,0.041816177505855485
-0.09090909090909083,2.5151515151515156,0.042124498160288945
-0.030303030303030276,2.5151515151515156,0.04227950993844001
0.030303030303030276,2.5151515151515156,0.04227950993844001
0.09090909090909083,2.5151515151515156,0.042124498160288945
0.15151515151515138,2.5151515151515156,0.041816177505855485
0.21212121212121238,2.5151515151515156,0.04135792263787369
0.27272727272727293,2.5151515151515156,0.040754718494229944
0.3333333333333335,2.5151515151515156,0.040013070023980565
0.39393939393939403,2.5151515151515156,0.03914088543043955
0.4545454545454546,2.5151515151515156,0.038147335851276686
0.5151515151515151,2.5151515151515156,0.03704269495576288
0.5757575757575757,2.5151515151515156,0.035838162378701514
0.6363636363636367,2.5151515151515156,0.03454567522710442
0.6969696969696972,2.5151515151515156,0.033177712081920156
0.7575757575757578,2.5151515151515156,0.03174709397059173
0.8181818181818183,2.5151515151515156,0.03026678670925247
0.8787878787878789,2.5151515151515156,0.02874970881290843
0.9393939393939394,2.5151515151515156,0.027208548859126186
1.0,2.5151515151515156,0.02565559578025084
1.0606060606060606,2.5151515151515156,0.024102585068576616
1.121212121212121,2.5151515151515156,0.022560563327780923
1.1818181818181817,2.5151515151515156,0.02103977301308074
1.2424242424242422,2.5151515151515156,0.019549558593051235
1.3030303030303028,2.5151515151515156,0.01809829475839275
1.3636363636363633,2.5151515151515156,0.016693336716374886
1.4242424242424248,2.5151515151515156,0.01534099206148019
1.4848484848484853,2.5151515151515156,0.01404651321766289
1.5454545454545459,2.5151515151515156,0.012814109017462225
1.6060606060606064,2.5151515151515156,0.011646973626647602
1.666666666666667,2.5151515151515156,0.01054733074554545
1.7272727272727275,2.5151515151515156,0.009516490821928965
1.787878787878788,2.5151515151515156,0.008554918894536169
1.8484848484848486,2.5151515151515156,0.007662310647377524
1.9090909090909092,2.5151515151515156,0.006837674287106739
1.9696969696969697,2.5151515151515156,0.006079415951047298
2.0303030303030303,2.5151515151515156,0.005385426502752667
2.090909090909091,2.5151515151515156,0.0047531677650513825
2.1515151515151514,2.5151515151515156,0.00417975646675706
2.212121212121212,2.5151515151515156,0.003662044427972191
2.2727272727272725,2.5151515151515156,0.0031966937699476447
2.333333333333334,2.5151515151515156,0.0027802461992857915
2.3939393939393945,2.5151515151515156,0.0024091856744160372
2.454545454545455,2.5151515151515156,0.0020799940074652983
2.5151515151515156,2.5151515151515156,0.0017891991809699422
2.575757575757576,2.5151515151515156,0.0015334163618006852
2.6363636363636367,2.5151515151515156,0.001309381771056251
2.6969696969696972,2.5151515151515156,0.0011139797167023112
2.757575757575758,2.5151515151515156,0.0009442632147791248
2.8181818181818183,2.5151515151515156,0.0007974687155303953
2.878787878787879,2.5151515151515156,0.000671025514173113
2.9393939393939394,2.5151515151515156,0.0005625604643091572
3.0,2.5151515151515156,0.0004698986277864068
-3.0,2.575757575757576,0.00040272220773360126
-2.9393939393939394,2.575757575757576,0.00048213716485506487
-2.878787878787879,2.575757575757576,0.0005750961176166866
-2.8181818181818183,2.575757575757576,0.0006834630763443375
-2.757575757575758,2.575757575757576,0.000809271923880425
-2.696969696969697,2.575757575757576,0.000954725858626533
-2.6363636363636362,2.575757575757576,0.001122193354958252
-2.5757575757575757,2.575757575757576,0.0013142000978132316
-2.515151515151515,2.575757575757576,0.0015334163618006865
-2.4545454545454546,2.575757575757576,0.0017826393379889714
-2.393939393939394,2.575757575757576,0.002064769965836149
-2.333333333333333,2.575757575757576,0.0023827839053155893
-2.2727272727272725,2.575757575757576,0.002739696386316635
-2.212121212121212,2.575757575757576,0.0031385207992602614
-2.1515151515151514,2.575757575757576,0.0035822210420379
-2.090909090909091,2.575757575757576,0.00407365781229688
-2.0303030303030303,2.575757575757576,0.004615529228064588
-1.9696969696969697,2.575757575757576,0.00521030636984436
-1.9090909090909092,2.575757575757576,0.0058601645585536705
-1.8484848484848484,2.575757575757576,0.006566911409784339
-1.7878787878787878,2.575757575757576,0.007331912928580747
-1.7272727272727273,2.575757575757576,0.008156019122119796
-1.6666666666666665,2.575757575757576,0.009039490801563549
-1.606060606060606,2.575757575757576,0.00998192940982715
-1.5454545454545454,2.575757575757576,0.010982211839948512
-1.4848484848484849,2.575757575757576,0.01203843229043806
-1.4242424242424243,2.575757575757576,0.013147853231508586
-1.3636363636363635,2.575757575757576,0.014306867522743077
-1.303030303030303,2.575757575757576,0.015510973623499132
-1.2424242424242424,2.575757575757576,0.016754765669138506
-1.1818181818181817,2.575757575757576,0.018031939948318434
-1.121212121212121,2.575757575757576,0.019335319010992193
-1.0606060606060606,2.575757575757576,0.020656894268089417
-1.0,2.575757575757576,0.021987887519518242
-0.9393939393939394,2.575757575757576,0.023318831377297827
-0.8787878787878789,2.575757575757576,0.024639668047925268
-0.8181818181818183,2.575757575757576,0.025939865417297522
-0.7575757575757573,2.575757575757576,0.027208548859126196
-0.6969696969696968,2.575757575757576,0.028434646681398938
-0.6363636363636362,2.575757575757576,0.029607046653116288
-0.5757575757575757,2.575757575757576,0.03071476063306665
-0.5151515151515151,2.575757575757576,0.03174709397059173
-0.4545454545454546,2.575757575757576,0.03269381608018758
-0.39393939393939403,2.575757575757576,0.03354532841998342
-0.33333333333333304,2.575757575757576,0.03429282603817553
-0.2727272727272725,2.575757575757576,0.03492844889731876
-0.21212121212121193,2.575757575757576,0.03544541934600175
-0.15151515151515138,2.575757575757576,0.035838162378701535
-0.09090909090909083,2.575757575757576,0.03610240570119906
-0.030303030303030276,2.575757575757576,0.03623525709047804
0.030303030303030276,2.575757575757576,0.03623525709047804
0.09090909090909083,2.575757575757576,0.03610240570119906
0.15151515151515138,2.575757575757576,0.035838162378701535
0.21212121212121238,2.575757575757576,0.03544541934600175
0.27272727272727293,2.575757575757576,0.03492844889731875
0.3333333333333335,2.575757575757576,0.03429282603817552
0.39393939393939403,2.575757575757576,0.03354532841998342
0.4545454545454546,2.575757575757576,0.03269381608018758
0.5151515151515151,2.575757575757576,0.03174709397059173
0.5757575757575757,2.575757575757576,0.03071476063306665
0.6363636363636367,2.575757575757576,0.029607046653116288
0.6969696969696972,2.575757575757576,0.028434646681398928
0.7575757575757578,2.575757575757576,0.027208548859126196
0.8181818181818183,2.575757575757576,0.025939865417297522
0.8787878787878789,2.575757575757576,0.024639668047925268
0.9393939393939394,2.575757575757576,0.023318831377297827
1.0,2.575757575757576,0.021987887519518242
1.0606060606060606,2.575757575757576,0.020656894268089417
1.121212121212121,2.575757575757576,0.019335319010992193
1.1818181818181817,2.575757575757576,0.018031939948318434
1.2424242424242422,2.575757575757576,0.01675476566913852
1.3030303030303028,2.575757575757576,0.015510973623499132
1.3636363636363633,2.575757575757576,0.014306867522743077
1.4242424242424248,2.575757575757576,0.013147853231508574
1.4848484848484853,2.575757575757576,0.01203843229043806
1.5454545454545459,2.575757575757576,0.010982211839948512
1.6060606060606064,2.575757575757576,0.009981929409827141
1.666666666666667,2.575757575757576,0.009039490801563542
1.7272727272727275,2.575757575757576,0.008156019122119796
1.787878787878788,2.575757575757576,0.007331912928580741
1.8484848484848486,2.575757575757576,0.006566911409784333
1.9090909090909092,2.575757575757576,0.0058601645585536705
1.9696969696969697,2.575757575757576,0.00521030636984436
2.0303030303030303,2.575757575757576,0.004615529228064588
2.090909090909091,2.575757575757576,0.00407365781229688
2.1515151515151514,2.575757575757576,0.0035822210420379
2.212121212121212,2.575757575757576,0.0031385207992602614
2.2727272727272725,2.575757575757576,0.002739696386316635
2.333333333333334,2.575757575757576,0.002382783905315585
2.3939393939393945,2.575757575757576,0.0020647699658361473
2.454545454545455,2.575757575757576,0.0017826393379889699
2.5151515151515156,2.575757575757576,0.0015334163618006852
2.575757575757576,2.575757575757576,0.0013142000978132306
2.6363636363636367,2.575757575757576,0.001122193354958251
2.6969696969696972,2.575757575757576,0.0009547258586265321
2.757575757575758,2.575757575757576,0.000809271923880425
2.8181818181818183,2.575757575757576,0.0006834630763443375
2.878787878787879,2.575757575757576,0.0005750961176166866
2.9393939393939394,2.575757575757576,0.00048213716485506487
3.0,2.575757575757576,0.00040272220773360126
-3.0,2.6363636363636367,0.00034388384703726505
-2.9393939393939394,2.6363636363636367,0.00041169615150618935
-2.878787878787879,2.6363636363636367,0.0004910736521216208
-2.8181818181818183,2.6363636363636367,0.0005836080243101149
-2.757575757575758,2.6363636363636367,0.0006910359973675462
-2.696969696969697,2.6363636363636367,0.0008152388788741116
-2.6363636363636362,2.6363636363636367,0.0009582391052990366
-2.5757575757575757,2.6363636363636367,0.001122193354958252
-2.515151515151515,2.6363636363636367,0.0013093817710562524
-2.4545454545454546,2.6363636363636367,0.0015221928705583605
-2.393939393939394,2.6363636363636367,0.0017631037610134127
-2.333333333333333,2.6363636363636367,0.0020346553536983803
-2.2727272727272725,2.6363636363636367,0.002339422348577997
-2.212121212121212,2.6363636363636367,0.002679977874897908
-2.1515151515151514,2.6363636363636367,0.0030588528003121893
-2.090909090909091,2.6363636363636367,0.003478489869952058
-2.0303030303030303,2.6363636363636367,0.00394119300247211
-1.9696969696969697,2.6363636363636367,0.004449072249549428
-1.9090909090909092,2.6363636363636367,0.005003985114225257
-1.8484848484848484,2.6363636363636367,0.005607475116553226
-1.7878787878787878,2.6363636363636367,0.006260708686049051
-1.7272727272727273,2.6363636363636367,0.0069644116424772955
-1.6666666666666665,2.6363636363636367,0.0077188066920707895
-1.606060606060606,2.6363636363636367,0.008523553507574236
-1.5454545454545454,2.6363636363636367,0.009377693069754675
-1.4848484848484849,2.6363636363636367,0.010279598017777917
-1.4242424242424243,2.6363636363636367,0.011226930779350885
-1.3636363636363635,2.6363636363636367,0.01221661122305896
-1.303030303030303,2.6363636363636367,0.013244795490570078
-1.2424242424242424,2.6363636363636367,0.014306867522743063
-1.1818181818181817,2.6363636363636367,0.015397444590576305
-1.121212121212121,2.6363636363636367,0.01651039788099073
-1.0606060606060606,2.6363636363636367,0.017638888872628544
-1.0,2.6363636363636367,0.01877542187451542
-0.9393939393939394,2.6363636363636367,0.019911912699244465
-0.8787878787878789,2.6363636363636367,0.02103977301308074
-0.8181818181818183,2.6363636363636367,0.02215000946068988
-0.7575757575757573,2.6363636363636367,0.02323333621613198
-0.6969696969696968,2.6363636363636367,0.024280299179361645
-0.6363636363636362,2.6363636363636367,0.025281409634157415
-0.5757575757575757,2.6363636363636367,0.026227284824368608
-0.5151515151515151,2.6363636363636367,0.027108792604957098
-0.4545454545454546,2.6363636363636367,0.0279171970953755
-0.39393939393939403,2.6363636363636367,0.028644302116120714
-0.33333333333333304,2.6363636363636367,0.029282589132974605
-0.2727272727272725,2.6363636363636367,0.02982534647257379
-0.21212121212121193,2.6363636363636367,0.030266786709252484
-0.15151515151515138,2.6363636363636367,0.03060214935473943
-0.09090909090909083,2.6363636363636367,0.030827786303855652
-0.030303030303030276,2.6363636363636367,0.030941227892007952
0.030303030303030276,2.6363636363636367,0.030941227892007952
0.09090909090909083,2.6363636363636367,0.030827786303855652
0.15151515151515138,2.6363636363636367,0.03060214935473943
0.21212121212121238,2.6363636363636367,0.030266786709252484
0.27272727272727293,2.6363636363636367,0.029825346472573778
0.3333333333333335,2.6363636363636367,0.02928258913297459
0.39393939393939403,2.6363636363636367,0.028644302116120714
0.4545454545454546,2.6363636363636367,0.0279171970953755
0.5151515151515151,2.6363636363636367,0.027108792604957098
0.5757575757575757,2.6363636363636367,0.026227284824368608
0.6363636363636367,2.6363636363636367,0.025281409634157415
0.6969696969696972,2.6363636363636367,0.024280299179361635
0.7575757575757578,2.6363636363636367,0.02323333621613198
0.8181818181818183,2.6363636363636367,0.02215000946068988
0.8787878787878789,2.6363636363636367,0.02103977301308074
0.9393939393939394,2.6363636363636367,0.019911912699244465
1.0,2.6363636363636367,0.01877542187451542
1.0606060606060606,2.6363636363636367,0.017638888872628544
1.121212121212121,2.6363636363636367,0.01651039788099073
1.1818181818181817,2.6363636363636367,0.015397444590576305
1.2424242424242422,2.6363636363636367,0.014306867522743077
1.3030303030303028,2.6363636363636367,0.013244795490570078
1.3636363636363633,2.6363636363636367,0.01221661122305896
1.4242424242424248,2.6363636363636367,0.011226930779350875
1.4848484848484853,2.6363636363636367,0.010279598017777917
1.5454545454545459,2.6363636363636367,0.009377693069754675
1.6060606060606064,2.6363636363636367,0.008523553507574227
1.666666666666667,2.6363636363636367,0.0077188066920707826
1.7272727272727275,2.6363636363636367,0.0069644116424772955
1.787878787878788,2.6363636363636367,0.006260708686049046
1.8484848484848486,2.6363636363636367,0.005607475116553221
1.9090909090909092,2.6363636363636367,0.005003985114225257
1.9696969696969697,2.6363636363636367,0.004449072249549428
2.0303030303030303,2.6363636363636367,0.00394119300247211
2.090909090909091,2.6363636363636367,0.003478489869952058
2.1515151515151514,2.6363636363636367,0.0030588528003121893
2.212121212121212,2.6363636363636367,0.002679977874897908
2.2727272727272725,2.6363636363636367,0.002339422348577997
2.333333333333334,2.6363636363636367,0.002034655353698377
2.3939393939393945,2.6363636363636367,0.0017631037610134112
2.454545454545455,2.6363636363636367,0.0015221928705583592
2.5151515151515156,2.6363636363636367,0.001309381771056251
2.575757575757576,2.6363636363636367,0.001122193354958251
2.6363636363636367,2.6363636363636367,0.0009582391052990357
2.6969696969696972,2.6363636363636367,0.0008152388788741109
2.757575757575758,2.6363636363636367,0.0006910359973675462
2.8181818181818183,2.6363636363636367,0.0005836080243101149
2.878787878787879,2.6363636363636367,0.0004910736521216208
2.9393939393939394,2.6363636363636367,0.00041169615150618935
3.0,2.6363636363636367,0.00034388384703726505
-3.0,2.6969696969696972,0.0002925652693271049
-2.9393939393939394,2.6969696969696972,0.00035025778757583927
-2.878787878787879,2.6969696969696972,0.00041778960114063733
-2.8181818181818183,2.6969696969696972,0.0004965148560619814
-2.757575757575758,2.6969696969696972,0.0005879111055270119
-2.696969696969697,2.6969696969696972,0.0006935789052571733
-2.6363636363636362,2.6969696969696972,0.0008152388788741116
-2.5757575757575757,2.6969696969696972,0.000954725858626533
-2.515151515151515,2.6969696969696972,0.001113979716702312
-2.4545454545454546,2.6969696969696972,0.0012950325261844773
-2.393939393939394,2.6969696969696972,0.0014999917301629553
-2.333333333333333,2.6969696969696972,0.0017310190538786649
-2.2727272727272725,2.6969696969696972,0.0019903049688966656
-2.212121212121212,2.6969696969696972,0.0022800386104649523
-2.1515151515151514,2.6969696969696972,0.0026023731590344968
-2.090909090909091,2.6969696969696972,0.0029593868232602604
-2.0303030303030303,2.6969696969696972,0.0033530397027150883
-1.9696969696969697,2.6969696969696972,0.0037851269612094425
-1.9090909090909092,2.6969696969696972,0.004257228902331923
-1.8484848484848484,2.6969696969696972,0.004770658703087189
-1.7878787878787878,2.6969696969696972,0.005326408724030569
-1.7272727272727273,2.6969696969696972,0.005925096469173193
-1.6666666666666665,2.6969696969696972,0.006566911409784339
-1.606060606060606,2.6969696969696972,0.00725156400642806
-1.5454545454545454,2.6969696969696972,0.007978238356518072
-1.4848484848484849,2.6969696969696972,0.008745549954021726
-1.4242424242424243,2.6969696969696972,0.009551510067937606
-1.3636363636363635,2.6969696969696972,0.010393498221948927
-1.303030303030303,2.6969696969696972,0.011268244185546594
-1.2424242424242424,2.6969696969696972,0.01217182076471579
-1.1818181818181817,2.6969696969696972,0.01309964850748853
-1.121212121212121,2.6969696969696972,0.014046513217662902
-1.0606060606060606,2.6969696969696972,0.015006596902157542
-1.0,2.6969696969696972,0.015973522469208513
-0.9393939393939394,2.6969696969696972,0.016940412153295965
-0.8787878787878789,2.6969696969696972,0.017899959277488452
-0.8181818181818183,2.6969696969696972,0.018844512585560348
-0.7575757575757573,2.6969696969696972,0.019766171996741796
-0.6969696969696968,2.6969696969696972,0.020656894268089417
-0.6363636363636362,2.6969696969696972,0.02150860670633536
-0.5757575757575757,2.6969696969696972,0.0223133267656174
-0.5151515151515151,2.6969696969696972,0.023063285111912926
-0.4545454545454546,2.6969696969696972,0.02375104954022837
-0.39393939393939403,2.6969696969696972,0.024369647005785863
-0.33333333333333304,2.6969696969696972,0.024912680982527486
-0.2727272727272725,2.6969696969696972,0.025374441395548255
-0.21212121212121193,2.6969696969696972,0.02575000449003035
-0.15151515151515138,2.6969696969696972,0.026035320196320287
-0.09090909090909083,2.6969696969696972,0.026227284824368608
-0.030303030303030276,2.6969696969696972,0.02632379726331162
0.030303030303030276,2.6969696969696972,0.02632379726331162
0.09090909090909083,2.6969696969696972,0.026227284824368608
0.15151515151515138,2.6969696969696972,0.026035320196320287
0.21212121212121238,2.6969696969696972,0.02575000449003035
0.27272727272727293,2.6969696969696972,0.025374441395548245
0.3333333333333335,2.6969696969696972,0.024912680982527472
0.39393939393939403,2.6969696969696972,0.024369647005785863
0.4545454545454546,2.6969696969696972,0.02375104954022837
0.5151515151515151,2.6969696969696972,0.023063285111912926
0.5757575757575757,2.6969696969696972,0.0223133267656174
0.6363636363636367,2.6969696969696972,0.02150860670633536
0.6969696969696972,2.6969696969696972,0.020656894268089407
0.7575757575757578,2.6969696969696972,0.019766171996741796
0.8181818181818183,2.6969696969696972,0.018844512585560348
0.8787878787878789,2.6969696969696972,0.017899959277488452
0.9393939393939394,2.6969696969696972,0.016940412153295965
1.0,2.6969696969696972,0.015973522469208513
1.0606060606060606,2.6969696969696972,0.015006596902157542
1.121212121212121,2.6969696969696972,0.014046513217662902
1.1818181818181817,2.6969696969696972,0.01309964850748853
1.2424242424242422,2.6969696969696972,0.012171820764715801
1.3030303030303028,2.6969696969696972,0.011268244185546594
1.3636363636363633,2.6969696969696972,0.010393498221948936
1.4242424242424248,2.6969696969696972,0.009551510067937597
1.4848484848484853,2.6969696969696972,0.00874554995402172
1.5454545454545459,2.6969696969696972,0.007978238356518065
1.6060606060606064,2.6969696969696972,0.007251564006428054
1.666666666666667,2.6969696969696972,0.006566911409784333
1.7272727272727275,2.6969696969696972,0.005925096469173193
1.787878787878788,2.6969696969696972,0.005326408724030569
1.8484848484848486,2.6969696969696972,0.0047706587030871845
1.9090909090909092,2.6969696969696972,0.004257228902331923
1.9696969696969697,2.6969696969696972,0.0037851269612094425
2.0303030303030303,2.6969696969696972,0.0033530397027150883
2.090909090909091,2.6969696969696972,0.0029593868232602604
2.1515151515151514,2.6969696969696972,0.0026023731590344968
2.212121212121212,2.6969696969696972,0.0022800386104649523
2.2727272727272725,2.6969696969696972,0.0019903049688966656
2.333333333333334,2.6969696969696972,0.0017310190538786603
2.3939393939393945,2.6969696969696972,0.001499991730162954
2.454545454545455,2.6969696969696972,0.001295032526184475
2.5151515151515156,2.6969696969696972,0.0011139797167023112
2.575757575757576,2.6969696969696972,0.0009547258586265321
2.6363636363636367,2.6969696969696972,0.0008152388788741109
2.6969696969696972,2.6969696969696972,0.0006935789052571721
2.757575757575758,2.6969696969696972,0.0005879111055270119
2.8181818181818183,2.6969696969696972,0.0004965148560619814
2.878787878787879,2.6969696969696972,0.00041778960114063733
2.9393939393939394,2.6969696969696972,0.00035025778757583927
3.0,2.6969696969696972,0.0002925652693271049
-3.0,2.757575757575758,0.0002479925061520282
-2.9393939393939394,2.757575757575758,0.00029689548161330505
-2.878787878787879,2.757575757575758,0.00035413872080380975
-2.8181818181818183,2.757575757575758,0.0004208700635578715
-2.757575757575758,2.757575757575758,0.0004983419555902353
-2.696969696969697,2.757575757575758,0.000587911105527013
-2.6363636363636362,2.757575757575758,0.0006910359973675462
-2.5757575757575757,2.757575757575758,0.000809271923880425
-2.515151515151515,2.757575757575758,0.0009442632147791264
-2.4545454545454546,2.757575757575758,0.0010977323537258517
-2.393939393939394,2.757575757575758,0.001271465711654673
-2.333333333333333,2.757575757575758,0.001467295671682491
-2.2727272727272725,2.757575757575758,0.0016870789837042047
-2.212121212121212,2.757575757575758,0.001932671264887581
-2.1515151515151514,2.757575757575758,0.0022058976553713085
-2.090909090909091,2.757575757575758,0.002508519745565056
-2.0303030303030303,2.757575757575758,0.0028421990108944543
-1.9696969696969697,2.757575757575758,0.00320845711923666
-1.9090909090909092,2.757575757575758,0.00360863361252815
-1.8484848484848484,2.757575757575758,0.004043841603262266
-1.7878787878787878,2.757575757575758,0.0045149222643563885
-1.7272727272727273,2.757575757575758,0.00502239902214758
-1.6666666666666665,2.757575757575758,0.005566432481669448
-1.606060606060606,2.757575757575758,0.006146777215258923
-1.5454545454545454,2.757575757575758,0.006762741624328039
-1.4848484848484849,2.757575757575758,0.007413152134441244
-1.4242424242424243,2.757575757575758,0.008096323000785952
-1.3636363636363635,2.757575757575758,0.008810032980592651
-1.303030303030303,2.757575757575758,0.009551510067937606
-1.2424242424242424,2.757575757575758,0.010317425382779416
-1.1818181818181817,2.757575757575758,0.011103897159613366
-1.121212121212121,2.757575757575758,0.011906505592949037
-1.0606060606060606,2.757575757575758,0.012720319069788264
-1.0,2.757575757575758,0.013539932057983883
-0.9393939393939394,2.757575757575758,0.014359514630039956
-0.8787878787878789,2.757575757575758,0.015172873292354097
-0.8181818181818183,2.757575757575758,0.015973522469208513
-0.7575757575757573,2.757575757575758,0.01675476566913852
-0.6969696969696968,2.757575757575758,0.01750978504948045
-0.6363636363636362,2.757575757575758,0.018231737804047896
-0.5757575757575757,2.757575757575758,0.01891385753996581
-0.5151515151515151,2.757575757575758,0.019549558593051224
-0.4545454545454546,2.757575757575758,0.020132541066030504
-0.39393939393939403,2.757575757575758,0.020656894268089417
-0.33333333333333304,2.757575757575758,0.021117196193630994
-0.2727272727272725,2.757575757575758,0.02150860670633537
-0.21212121212121193,2.757575757575758,0.021826952192910174
-0.15151515151515138,2.757575757575758,0.022068799617965502
-0.09090909090909083,2.757575757575758,0.02223151814334528
-0.030303030303030276,2.757575757575758,0.0223133267656174
0.030303030303030276,2.757575757575758,0.0223133267656174
0.09090909090909083,2.757575757575758,0.02223151814334528
0.15151515151515138,2.757575757575758,0.022068799617965502
0.21212121212121238,2.757575757575758,0.021826952192910174
0.27272727272727293,2.757575757575758,0.02150860670633536
0.3333333333333335,2.757575757575758,0.021117196193630984
0.39393939393939403,2.757575757575758,0.020656894268089417
0.4545454545454546,2.757575757575758,0.020132541066030504
0.5151515151515151,2.757575757575758,0.019549558593051224
0.5757575757575757,2.757575757575758,0.01891385753996581
0.6363636363636367,2.757575757575758,0.018231737804047878
0.6969696969696972,2.757575757575758,0.01750978504948045
0.7575757575757578,2.757575757575758,0.016754765669138506
0.8181818181818183,2.757575757575758,0.015973522469208513
0.8787878787878789,2.757575757575758,0.015172873292354097
0.9393939393939394,2.757575757575758,0.014359514630039956
1.0,2.757575757575758,0.013539932057983883
1.0606060606060606,2.757575757575758,0.012720319069788264
1.121212121212121,2.757575757575758,0.011906505592949037
1.1818181818181817,2.757575757575758,0.011103897159613366
1.2424242424242422,2.757575757575758,0.010317425382779416
1.3030303030303028,2.757575757575758,0.009551510067937615
1.3636363636363633,2.757575757575758,0.008810032980592651
1.4242424242424248,2.757575757575758,0.008096323000785952
1.4848484848484853,2.757575757575758,0.007413152134441237
1.5454545454545459,2.757575757575758,0.006762741624328033
1.6060606060606064,2.757575757575758,0.006146777215258917
1.666666666666667,2.757575757575758,0.005566432481669448
1.7272727272727275,2.757575757575758,0.005022399022147575
1.787878787878788,2.757575757575758,0.004514922264356384
1.8484848484848486,2.757575757575758,0.004043841603262266
1.9090909090909092,2.757575757575758,0.00360863361252815
1.9696969696969697,2.757575757575758,0.00320845711923666
2.0303030303030303,2.757575757575758,0.0028421990108944543
2.090909090909091,2.757575757575758,0.002508519745565056
2.1515151515151514,2.757575757575758,0.0022058976553713085
2.212121212121212,2.757575757575758,0.001932671264887581
2.2727272727272725,2.757575757575758,0.0016870789837042047
2.333333333333334,2.757575757575758,0.0014672956716824872
2.3939393939393945,2.757575757575758,0.0012714657116546706
2.454545454545455,2.757575757575758,0.0010977323537258497
2.5151515151515156,2.757575757575758,0.0009442632147791248
2.575757575757576,2.757575757575758,0.000809271923880425
2.6363636363636367,2.757575757575758,0.0006910359973675462
2.6969696969696972,2.757575757575758,0.0005879111055270119
2.757575757575758,2.757575757575758,0.0004983419555902353
2.8181818181818183,2.757575757575758,0.0004208700635578715
2.878787878787879,2.757575757575758,0.00035413872080380975
2.9393939393939394,2.757575757575758,0.00029689548161330505
3.0,2.757575757575758,0.0002479925061520282
-3.0,2.8181818181818183,0.00020943976451362841
-2.9393939393939394,2.8181818181818183,0.00025074031759706193
-2.878787878787879,2.8181818181818183,0.00029908456284093605
-2.8181818181818183,2.8181818181818183,0.0003554418977013734
-2.757575757575758,2.8181818181818183,0.0004208700635578715
-2.696969696969697,2.8181818181818183,0.0004965148560619822
-2.6363636363636362,2.8181818181818183,0.0005836080243101149
-2.5757575757575757,2.8181818181818183,0.0006834630763443375
-2.515151515151515,2.8181818181818183,0.0007974687155303967
-2.4545454545454546,2.8181818181818183,0.0009270796494245321
-2.393939393939394,2.8181818181818183,0.0010738045409842305
-2.333333333333333,2.8181818181818183,0.0012391909123280328
-2.2727272727272725,2.8181818181818183,0.0014248068643102035
-2.212121212121212,2.8181818181818183,0.0016322195411508438
-2.1515151515151514,2.8181818181818183,0.0018629703479786112
-2.090909090909091,2.8181818181818183,0.00211854701958959
-2.0303030303030303,2.8181818181818183,0.002400352739601255
-1.9696969696969697,2.8181818181818183,0.0027096726184663578
-1.9090909090909092,2.8181818181818183,0.003047637953868384
-1.8484848484848484,2.8181818181818183,0.003415188814610622
-1.7878787878787878,2.8181818181818183,0.0038130356054567665
-1.7272727272727273,2.8181818181818183,0.0042416203812514425
-1.6666666666666665,2.8181818181818183,0.0047010787794820085
-1.606060606060606,2.8181818181818183,0.005191203526498321
-1.5454545454545454,2.8181818181818183,0.005711410539145412
-1.4848484848484849,2.8181818181818183,0.006260708686049051
-1.4242424242424243,2.8181818181818183,0.006837674287106739
-1.3636363636363635,2.8181818181818183,0.007440431412397071
-1.303030303030303,2.8181818181818183,0.008066638990099347
-1.2424242424242424,2.8181818181818183,0.00871348564553623
-1.1818181818181817,2.8181818181818183,0.009377693069754682
-1.121212121212121,2.8181818181818183,0.010055528557136003
-1.0606060606060606,2.8181818181818183,0.010742827159791102
-1.0,2.8181818181818183,0.011435023685821482
-0.9393939393939394,2.8181818181818183,0.012127194524184107
-0.8787878787878789,2.8181818181818183,0.012814109017462235
-0.8181818181818183,2.8181818181818183,0.013490289833005188
-0.7575757575757573,2.8181818181818183,0.014150081511229963
-0.6969696969696968,2.8181818181818183,0.014787726106527128
-0.6363636363636362,2.8181818181818183,0.015397444590576305
-0.5757575757575757,2.8181818181818183,0.015973522469208527
-0.5151515151515151,2.8181818181818183,0.016510397880990745
-0.4545454545454546,2.8181818181818183,0.017002750306275318
-0.39393939393939403,2.8181818181818183,0.01744558792610993
-0.33333333333333304,2.8181818181818183,0.01783433163609727
-0.2727272727272725,2.8181818181818183,0.018164893744126085
-0.21212121212121193,2.8181818181818183,0.018433749463908727
-0.15151515151515138,2.8181818181818183,0.01863799945733701
-0.09090909090909083,2.8181818181818183,0.01877542187451543
-0.030303030303030276,2.8181818181818183,0.018844512585560358
0.030303030303030276,2.8181818181818183,0.018844512585560358
0.09090909090909083,2.8181818181818183,0.01877542187451543
0.15151515151515138,2.8181818181818183,0.01863799945733701
0.21212121212121238,2.8181818181818183,0.018433749463908727
0.27272727272727293,2.8181818181818183,0.018164893744126085
0.3333333333333335,2.8181818181818183,0.01783433163609727
0.39393939393939403,2.8181818181818183,0.01744558792610993
0.4545454545454546,2.8181818181818183,0.017002750306275318
0.5151515151515151,2.8181818181818183,0.016510397880990745
0.5757575757575757,2.8181818181818183,0.015973522469208527
0.6363636363636367,2.8181818181818183,0.01539744459057629
0.6969696969696972,2.8181818181818183,0.014787726106527128
0.7575757575757578,2.8181818181818183,0.01415008151122995
0.8181818181818183,2.8181818181818183,0.013490289833005188
0.8787878787878789,2.8181818181818183,0.012814109017462235
0.9393939393939394,2.8181818181818183,0.012127194524184107
1.0,2.8181818181818183,0.011435023685821482
1.0606060606060606,2.8181818181818183,0.010742827159791102
1.121212121212121,2.8181818181818183,0.010055528557136003
1.1818181818181817,2.8181818181818183,0.009377693069754682
1.2424242424242422,2.8181818181818183,0.00871348564553623
1.3030303030303028,2.8181818181818183,0.008066638990099354
1.3636363636363633,2.8181818181818183,0.007440431412397071
1.4242424242424248,2.8181818181818183,0.006837674287106739
1.4848484848484853,2.8181818181818183,0.006260708686049046
1.5454545454545459,2.8181818181818183,0.005711410539145406
1.6060606060606064,2.8181818181818183,0.005191203526498316
1.666666666666667,2.8181818181818183,0.0047010787794820085
1.7272727272727275,2.8181818181818183,0.004241620381251439
1.787878787878788,2.8181818181818183,0.0038130356054567635
1.8484848484848486,2.8181818181818183,0.003415188814610622
1.9090909090909092,2.8181818181818183,0.003047637953868384
1.9696969696969697,2.8181818181818183,0.0027096726184663578
2.0303030303030303,2.8181818181818183,0.002400352739601255
2.090909090909091,2.8181818181818183,0.00211854701958959
2.1515151515151514,2.8181818181818183,0.0018629703479786112
2.212121212121212,2.8181818181818183,0.0016322195411508438
2.2727272727272725,2.8181818181818183,0.0014248068643102035
2.333333333333334,2.8181818181818183,0.0012391909123280294
2.3939393939393945,2.8181818181818183,0.0010738045409842286
2.454545454545455,2.8181818181818183,0.0009270796494245304
2.5151515151515156,2.8181818181818183,0.0007974687155303953
2.575757575757576,2.8181818181818183,0.0006834630763443375
2.6363636363636367,2.8181818181818183,0.0005836080243101149
2.6969696969696972,2.8181818181818183,0.0004965148560619814
2.757575757575758,2.8181818181818183,0.0004208700635578715
2.8181818181818183,2.8181818181818183,0.0003554418977013734
2.878787878787879,2.8181818181818183,0.00029908456284093605
2.9393939393939394,2.8181818181818183,0.00025074031759706193
3.0,2.8181818181818183,0.00020943976451362841
-3.0,2.878787878787879,0.00017623189842322592
-2.9393939393939394,2.878787878787879,0.00021098401387143238
-2.878787878787879,2.878787878787879,0.00025166300401903386
-2.8181818181818183,2.878787878787879,0.00029908456284093605
-2.757575757575758,2.878787878787879,0.00035413872080380975
-2.696969696969697,2.878787878787879,0.00041778960114063766
-2.6363636363636362,2.878787878787879,0.0004910736521216212
-2.5757575757575757,2.878787878787879,0.0005750961176166871
-2.515151515151515,2.878787878787879,0.0006710255141731136
-2.4545454545454546,2.878787878787879,0.0007800858971887963
-2.393939393939394,2.878787878787879,0.0009035467225270766
-2.333333333333333,2.878787878787879,0.0010427101438713088
-2.2727272727272725,2.878787878787879,0.001198895630764958
-2.212121212121212,2.878787878787879,0.001373421847797115
-2.1515151515151514,2.878787878787879,0.0015675858015447924
-2.090909090909091,2.878787878787879,0.001782639337988973
-2.0303030303030303,2.878787878787879,0.0020197631580023793
-1.9696969696969697,2.878787878787879,0.0022800386104649523
-1.9090909090909092,2.878787878787879,0.00256441761937692
-1.8484848484848484,2.878787878787879,0.0028736912002850974
-1.7878787878787878,2.878787878787879,0.0032084571192366627
-1.7272727272727273,2.878787878787879,0.0035690873407659323
-1.6666666666666665,2.878787878787879,0.00395569599626506
-1.606060606060606,2.878787878787879,0.0043681086765002255
-1.5454545454545454,2.878787878787879,0.004805833908023327
-1.4848484848484849,2.878787878787879,0.005268037708977703
-1.4242424242424243,2.878787878787879,0.0057535221318399075
-1.3636363636363635,2.878787878787879,0.006260708686049051
-1.303030303030303,2.878787878787879,0.006787627490039116
-1.2424242424242424,2.878787878787879,0.007331912928580741
-1.1818181818181817,2.878787878787879,0.007890806487254522
-1.121212121212121,2.878787878787879,0.008461167302151582
-1.0606060606060606,2.878787878787879,0.009039490801563549
-1.0,2.878787878787879,0.009621935630737124
-0.9393939393939394,2.878787878787879,0.010204358845168812
-0.8787878787878789,2.878787878787879,0.010782359137930572
-0.8181818181818183,2.878787878787879,0.011351327638622078
-0.7575757575757573,2.878787878787879,0.011906505592949037
-0.6969696969696968,2.878787878787879,0.012443048010333293
-0.6363636363636362,2.878787878787879,0.012956092160269411
-0.5757575757575757,2.878787878787879,0.013440829614146634
-0.5151515151515151,2.878787878787879,0.013892580375301519
-0.4545454545454546,2.878787878787879,0.014306867522743063
-0.39393939393939403,2.878787878787879,0.014679490718810497
-0.33333333333333304,2.878787878787879,0.015006596902157542
-0.2727272727272725,2.878787878787879,0.015284746507510593
-0.21212121212121193,2.878787878787879,0.015510973623499132
-0.15151515151515138,2.878787878787879,0.015682838618565308
-0.09090909090909083,2.878787878787879,0.01579847192975387
-0.030303030303030276,2.878787878787879,0.015856607915530663
0.030303030303030276,2.878787878787879,0.015856607915530663
0.09090909090909083,2.878787878787879,0.01579847192975387
0.15151515151515138,2.878787878787879,0.015682838618565308
0.21212121212121238,2.878787878787879,0.015510973623499132
0.27272727272727293,2.878787878787879,0.015284746507510593
0.3333333333333335,2.878787878787879,0.015006596902157542
0.39393939393939403,2.878787878787879,0.014679490718810497
0.4545454545454546,2.878787878787879,0.014306867522743063
0.5151515151515151,2.878787878787879,0.013892580375301519
0.5757575757575757,2.878787878787879,0.013440829614146634
0.6363636363636367,2.878787878787879,0.012956092160269411
0.6969696969696972,2.878787878787879,0.012443048010333281
0.7575757575757578,2.878787878787879,0.011906505592949037
0.8181818181818183,2.878787878787879,0.011351327638622078
0.8787878787878789,2.878787878787879,0.010782359137930572
0.9393939393939394,2.878787878787879,0.010204358845168812
1.0,2.878787878787879,0.009621935630737124
1.0606060606060606,2.878787878787879,0.009039490801563549
1.121212121212121,2.878787878787879,0.008461167302151582
1.1818181818181817,2.878787878787879,0.007890806487254522
1.2424242424242422,2.878787878787879,0.007331912928580747
1.3030303030303028,2.878787878787879,0.006787627490039116
1.3636363636363633,2.878787878787879,0.006260708686049051
1.4242424242424248,2.878787878787879,0.005753522131839902
1.4848484848484853,2.878787878787879,0.005268037708977703
1.5454545454545459,2.878787878787879,0.004805833908023327
1.6060606060606064,2.878787878787879,0.004368108676500221
1.666666666666667,2.878787878787879,0.003955695996265057
1.7272727272727275,2.878787878787879,0.0035690873407659323
1.787878787878788,2.878787878787879,0.00320845711923666
1.8484848484848486,2.878787878787879,0.0028736912002850948
1.9090909090909092,2.878787878787879,0.00256441761937692
1.9696969696969697,2.878787878787879,0.0022800386104649523
2.0303030303030303,2.878787878787879,0.0020197631580023793
2.090909090909091,2.878787878787879,0.001782639337988973
2.1515151515151514,2.878787878787879,0.0015675858015447924
2.212121212121212,2.878787878787879,0.001373421847797115
2.2727272727272725,2.878787878787879,0.001198895630764958
2.333333333333334,2.878787878787879,0.001042710143871307
2.3939393939393945,2.878787878787879,0.0009035467225270757
2.454545454545455,2.878787878787879,0.0007800858971887956
2.5151515151515156,2.878787878787879,0.000671025514173113
2.575757575757576,2.878787878787879,0.0005750961176166866
2.6363636363636367,2.878787878787879,0.0004910736521216208
2.6969696969696972,2.878787878787879,0.00041778960114063733
2.757575757575758,2.878787878787879,0.00035413872080380975
2.8181818181818183,2.878787878787879,0.00029908456284093605
2.878787878787879,2.878787878787879,0.00025166300401903386
2.9393939393939394,2.878787878787879,0.00021098401387143238
3.0,2.878787878787879,0.00017623189842322592
-3.0,2.9393939393939394,0.00014774564678844302
-2.9393939393939394,2.9393939393939394,0.000176880405138667
-2.878787878787879,2.9393939393939394,0.00021098401387143238
-2.8181818181818183,2.9393939393939394,0.00025074031759706193
-2.757575757575758,2.9393939393939394,0.00029689548161330505
-2.696969696969697,2.9393939393939394,0.00035025778757583986
-2.6363636363636362,2.9393939393939394,0.0004116961515061897
-2.5757575757575757,2.9393939393939394,0.0004821371648550653
-2.515151515151515,2.9393939393939394,0.0005625604643091577
-2.4545454545454546,2.9393939393939394,0.0006539922480657577
-2.393939393939394,2.9393939393939394,0.0007574967762234997
-2.333333333333333,2.9393939393939394,0.0008741657214017382
-2.2727272727272725,2.9393939393939394,0.0010051052731317725
-2.212121212121212,2.9393939393939394,0.0011514209461039357
-2.1515151515151514,2.9393939393939394,0.001314200097813233
-2.090909090909091,2.9393939393939394,0.0014944922249500773
-2.0303030303030303,2.9393939393939394,0.0016932871790434146
-1.9696969696969697,2.9393939393939394,0.0019114915189574525
-1.9090909090909092,2.9393939393939394,0.002149903299007923
-1.8484848484848484,2.9393939393939394,0.0024091856744160437
-1.7878787878787878,2.9393939393939394,0.0026898397878924022
-1.7272727272727273,2.9393939393939394,0.0029921774793547316
-1.6666666666666665,2.9393939393939394,0.0033162944319143324
-1.606060606060606,2.9393939393939394,0.003662044427972194
-1.5454545454545454,2.9393939393939394,0.004029015436204147
-1.4848484848484849,2.9393939393939394,0.004416508280184545
-1.4242424242424243,2.9393939393939394,0.0048235186494948335
-1.3636363636363635,2.9393939393939394,0.005248723201931041
-1.303030303030303,2.9393939393939394,0.0056904704690094845
-1.2424242424242424,2.9393939393939394,0.006146777215258923
-1.1818181818181817,2.9393939393939394,0.0066153308145275825
-1.121212121212121,2.9393939393939394,0.007093498094422496
-1.0606060606060606,2.9393939393939394,0.007578340964743162
-1.0,2.9393939393939394,0.008066638990099354
-0.9393939393939394,2.9393939393939394,0.008554918894536185
-0.8787878787878789,2.9393939393939394,0.009039490801563549
-0.8181818181818183,2.9393939393939394,0.009516490821928974
-0.7575757575757573,2.9393939393939394,0.009981929409827159
-0.6969696969696968,2.9393939393939394,0.010431744722464251
-0.6363636363636362,2.9393939393939394,0.010861860044613836
-0.5757575757575757,2.9393939393939394,0.011268244185546603
-0.5151515151515151,2.9393939393939394,0.011646973626647622
-0.4545454545454546,2.9393939393939394,0.011994295099675705
-0.39393939393939403,2.9393939393939394,0.012306687212590175
-0.33333333333333304,2.9393939393939394,0.012580919715669986
-0.2727272727272725,2.9393939393939394,0.012814109017462248
-0.21212121212121193,2.9393939393939394,0.013003768618657383
-0.15151515151515138,2.9393939393939394,0.013147853231508596
-0.09090909090909083,2.9393939393939394,0.01324479549057009
-0.030303030303030276,2.9393939393939394,0.013293534333521487
0.030303030303030276,2.9393939393939394,0.013293534333521487
0.09090909090909083,2.9393939393939394,0.01324479549057009
0.15151515151515138,2.9393939393939394,0.013147853231508596
0.21212121212121238,2.9393939393939394,0.013003768618657383
0.27272727272727293,2.9393939393939394,0.012814109017462248
0.3333333333333335,2.9393939393939394,0.012580919715669986
0.39393939393939403,2.9393939393939394,0.012306687212590175
0.4545454545454546,2.9393939393939394,0.011994295099675705
0.5151515151515151,2.9393939393939394,0.011646973626647622
0.5757575757575757,2.9393939393939394,0.011268244185546603
0.6363636363636367,2.9393939393939394,0.010861860044613836
0.6969696969696972,2.9393939393939394,0.010431744722464241
0.7575757575757578,2.9393939393939394,0.009981929409827159
0.8181818181818183,2.9393939393939394,0.009516490821928974
0.8787878787878789,2.9393939393939394,0.009039490801563549
0.9393939393939394,2.9393939393939394,0.008554918894536185
1.0,2.9393939393939394,0.008066638990099354
1.0606060606060606,2.9393939393939394,0.007578340964743162
1.121212121212121,2.9393939393939394,0.007093498094422496
1.1818181818181817,2.9393939393939394,0.0066153308145275825
1.2424242424242422,2.9393939393939394,0.006146777215258928
1.3030303030303028,2.9393939393939394,0.0056904704690094845
1.3636363636363633,2.9393939393939394,0.005248723201931045
1.4242424242424248,2.9393939393939394,0.00482351864949483
1.4848484848484853,2.9393939393939394,0.004416508280184541
1.5454545454545459,2.9393939393939394,0.0040290154362041435
1.6060606060606064,2.9393939393939394,0.003662044427972191
1.666666666666667,2.9393939393939394,0.0033162944319143294
1.7272727272727275,2.9393939393939394,0.0029921774793547316
1.787878787878788,2.9393939393939394,0.0026898397878924022
1.8484848484848486,2.9393939393939394,0.0024091856744160416
1.9090909090909092,2.9393939393939394,0.002149903299007923
1.9696969696969697,2.9393939393939394,0.0019114915189574525
2.0303030303030303,2.9393939393939394,0.0016932871790434146
2.090909090909091,2.9393939393939394,0.0014944922249500773
2.1515151515151514,2.9393939393939394,0.001314200097813233
2.212121212121212,2.9393939393939394,0.0011514209461039357
2.2727272727272725,2.9393939393939394,0.0010051052731317725
2.333333333333334,2.9393939393939394,0.0008741657214017359
2.3939393939393945,2.9393939393939394,0.0007574967762234991
2.454545454545455,2.9393939393939394,0.0006539922480657565
2.5151515151515156,2.9393939393939394,0.0005625604643091572
2.575757575757576,2.9393939393939394,0.00048213716485506487
2.6363636363636367,2.9393939393939394,0.00041169615150618935
2.6969696969696972,2.9393939393939394,0.00035025778757583927
2.757575757575758,2.9393939393939394,0.00029689548161330505
2.8181818181818183,2.9393939393939394,0.00025074031759706193
2.878787878787879,2.9393939393939394,0.00021098401387143238
2.9393939393939394,2.9393939393939394,0.000176880405138667
3.0,2.9393939393939394,0.00014774564678844302
-3.0,3.0,0.00012340980408667956
-2.9393939393939394,3.0,0.00014774564678844302
-2.878787878787879,3.0,0.00017623189842322592
-2.8181818181818183,3.0,0.00020943976451362841
-2.757575757575758,3.0,0.0002479925061520282
-2.696969696969697,3.0,0.0002925652693271049
-2.6363636363636362,3.0,0.0003438838470372653
-2.5757575757575757,3.0,0.00040272220773360164
-2.515151515151515,3.0,0.0004698986277864072
-2.4545454545454546,3.0,0.0005462702757230433
-2.393939393939394,3.0,0.0006327261126271354
-2.333333333333333,3.0,0.0007301779968647981
-2.2727272727272725,3.0,0.000839549912568951
-2.212121212121212,3.0,0.0009617652801876048
-2.1515151515151514,3.0,0.0010977323537258536
-2.090909090909091,3.0,0.001248327762605738
-2.0303030303030303,3.0,0.0014143783155077026
-1.9696969696969697,3.0,0.001596641247952768
-1.9090909090909092,3.0,0.0017957831631803276
-1.8484848484848484,3.0,0.0020123579851651875
-1.7878787878787878,3.0,0.0022467843111728357
-1.7272727272727273,3.0,0.0024993226165809872
-1.6666666666666665,3.0,0.002770052824110058
-1.606060606060606,3.0,0.0030588528003121893
-1.5454545454545454,3.0,0.003365378381375459
-1.4848484848484849,3.0,0.003689045555333455
-1.4242424242424243,3.0,0.0040290154362041435
-1.3636363636363635,3.0,0.004384182655364619
-1.303030303030303,3.0,0.004753167765051387
-1.2424242424242424,3.0,0.005134314197329744
-1.1818181818181817,3.0,0.005525690248988666
-1.121212121212121,3.0,0.005925096469173198
-1.0606060606060606,3.0,0.00633007871358933
-1.0,3.0,0.006737946999085467
-0.9393939393939394,3.0,0.007145800148439478
-0.8787878787878789,3.0,0.007550556061131679
-0.8181818181818183,3.0,0.007948987286296174
-0.7575757575757573,3.0,0.008337761413963994
-0.6969696969696968,3.0,0.008713485645536237
-0.6363636363636362,3.0,0.009072754759685945
-0.5757575757575757,3.0,0.009412201561040834
-0.5151515151515151,3.0,0.009728548791190091
-0.4545454545454546,3.0,0.010018661399400254
-0.39393939393939403,3.0,0.010279598017777928
-0.33333333333333304,3.0,0.01050866046540279
-0.2727272727272725,3.0,0.010703440119997281
-0.21212121212121193,3.0,0.010861860044613836
-0.15151515151515138,3.0,0.01098221183994852
-0.09090909090909083,3.0,0.011063186308290248
-0.030303030303030276,3.0,0.011103897159613376
0.030303030303030276,3.0,0.011103897159613376
0.09090909090909083,3.0,0.011063186308290248
0.15151515151515138,3.0,0.01098221183994852
0.21212121212121238,3.0,0.010861860044613836
0.27272727272727293,3.0,0.010703440119997281
0.3333333333333335,3.0,0.01050866046540279
0.39393939393939403,3.0,0.010279598017777928
0.4545454545454546,3.0,0.010018661399400254
0.5151515151515151,3.0,0.009728548791190091
0.5757575757575757,3.0,0.009412201561040834
0.6363636363636367,3.0,0.009072754759685945
0.6969696969696972,3.0,0.00871348564553623
0.7575757575757578,3.0,0.008337761413963994
0.8181818181818183,3.0,0.007948987286296174
0.8787878787878789,3.0,0.007550556061131679
0.9393939393939394,3.0,0.007145800148439478
1.0,3.0,0.006737946999085467
1.0606060606060606,3.0,0.00633007871358933
1.121212121212121,3.0,0.005925096469173198
1.1818181818181817,3.0,0.005525690248988666
1.2424242424242422,3.0,0.005134314197329749
1.3030303030303028,3.0,0.004753167765051387
1.3636363636363633,3.0,0.004384182655364619
1.4242424242424248,3.0,0.00402901543620414
1.4848484848484853,3.0,0.003689045555333455
1.5454545454545459,3.0,0.003365378381375459
1.6060606060606064,3.0,0.0030588528003121867
1.666666666666667,3.0,0.002770052824110055
1.7272727272727275,3.0,0.0024993226165809872
1.787878787878788,3.0,0.002246784311172834
1.8484848484848486,3.0,0.0020123579851651857
1.9090909090909092,3.0,0.0017957831631803276
1.9696969696969697,3.0,0.001596641247952768
2.0303030303030303,3.0,0.0014143783155077026
2.090909090909091,3.0,0.001248327762605738
2.1515151515151514,3.0,0.0010977323537258536
2.212121212121212,3.0,0.0009617652801876048
2.2727272727272725,3.0,0.000839549912568951
2.333333333333334,3.0,0.0007301779968647968
2.3939393939393945,3.0,0.0006327261126271347
2.454545454545455,3.0,0.0005462702757230429
2.5151515151515156,3.0,0.0004698986277864068
2.575757575757576,3.0,0.00040272220773360126
2.6363636363636367,3.0,0.00034388384703726505
2.6969696969696972,3.0,0.0002925652693271049
2.757575757575758,3.0,0.0002479925061520282
2.8181818181818183,3.0,0.00020943976451362841
2.878787878787879,3.0,0.00017623189842322592
2.9393939393939394,3.0,0.00014774564678844302
3.0,3.0,0.00012340980408667956
