[90mINFO: ============================================================[0m
[90mINFO: Injected Global Variables (available in your function):[0m
[90mINFO:   • CONFIG - Session configuration dict[0m
[90mINFO:       - CONFIG['ID']: 2025Y-11M-19D-18h38m27s_H8Fl[0m
[90mINFO:       - CONFIG['SDIR_RUN']: /home/ywatanabe/proj/scitex-code/examples/demo_plot_all_types_publication_out/RUNNING/2025Y-11M-19D-18h38m27s_H8Fl-main[0m
[90mINFO:       - CONFIG['PID']: 312738[0m
[90mINFO:   • plt - matplotlib.pyplot (configured for session)[0m
[90mINFO:   • COLORS - CustomColors (for consistent plotting)[0m
[90mINFO:   • rng_manager - RandomStateManager (for reproducibility)[0m
[90mINFO:   • logger - SciTeX logger (configured for your script)[0m
[90mINFO: ============================================================[0m
[90mINFO: Running main with injected parameters:[0m
[90mINFO:     {'verbose': 'bool'}[0m
[90mINFO:   • Auto-collected metadata from figure[0m
[90mINFO: 📝 Saving figure with metadata to: /home/ywatanabe/proj/scitex-code/examples/demo_plot_all_types_publication_out/publication/01_matplotlib_basic/01_plot.png[0m
[90mINFO:   • Auto-added URL: https://scitex.ai[0m
/home/ywatanabe/proj/scitex-code/src/scitex/io/_save_modules/_image.py:57: UserWarning: This figure includes Axes that are not compatible with tight_layout, so results might be incorrect.
  obj.savefig(spath, **kwargs)
[90mINFO:   • Embedded metadata: {'metadata_version': '1.0.0', 'scitex': {'version': '2.2.2', 'created_at': '2025-11-19T18:38:30.820561', 'created_with': 'scitex.plt.subplots (mm-control)', 'mode': 'publication', 'axes_size_mm': (40, 28), 'position_in_grid': (0, 0), 'style_mm': {'axis_thickness_mm': 0.2, 'tick_length_mm': 0.8, 'tick_thickness_mm': 0.2, 'trace_thickness_mm': 0.2, 'axis_font_size_pt': 7, 'tick_font_size_pt': 7, 'title_font_size_pt': 8, 'legend_font_size_pt': 6, 'label_pad_pt': 0.5, 'tick_pad_pt': 2.0, 'title_pad_pt': 1.0, 'font_family': 'Arial', 'n_ticks': 4, 'font_family_requested': 'Arial', 'font_family_actual': 'Arial'}}, 'matplotlib': {'version': '3.10.3'}, 'dimensions': {'figure_size_mm': (np.float64(80.0), np.float64(68.0)), 'figure_size_inch': (np.float64(3.1496062992125986), np.float64(2.677165354330709)), 'figure_size_px': (944, 803), 'axes_size_mm': (np.float64(40.0), np.float64(27.999999999999993)), 'axes_size_inch': (np.float64(1.5748031496062993), np.float64(1.1023622047244093)), 'axes_size_px': (472, 330), 'axes_position': (np.float64(0.25), np.float64(0.29411764705882354), np.float64(0.5), np.float64(0.41176470588235287)), 'dpi': 300}, 'margins_mm': {'left': np.float64(20.0), 'bottom': np.float64(20.0), 'right': np.float64(20.0), 'top': np.float64(20.000000000000007)}, 'axes_bbox_px': {'x0': 236, 'y0': 236, 'x1': 708, 'y1': 566, 'width': 472, 'height': 330}, 'axes_bbox_mm': {'x0': np.float64(20.0), 'y0': np.float64(20.0), 'x1': np.float64(60.0), 'y1': np.float64(47.99999999999999), 'width': np.float64(40.0), 'height': np.float64(27.999999999999993)}, 'url': 'https://scitex.ai'}[0m
[90mINFO:   • Auto-cropped with 1.0mm margin (11px at 300 DPI)[0m
/home/ywatanabe/proj/scitex-code/src/scitex/plt/_subplots/_AxisWrapperMixins/_TrackingMixin.py:113: UserWarning: Matplotlib method 'plot()' does not support full data tracking for CSV export. Consider using 'ax.plot()' instead for better data export support.
  df = _export_as_csv(self.history)
[32mSUCC: Saved to: ./../scitex-code/examples/demo_plot_all_types_publication_out/publication/01_matplotlib_basic/01_plot.png (1.1 MiB)[0m
[90mINFO:   • Auto-collected metadata from figure[0m
[90mINFO: 📝 Saving figure with metadata to: /home/ywatanabe/proj/scitex-code/examples/demo_plot_all_types_publication_out/publication/01_matplotlib_basic/01_plot.pdf[0m
[90mINFO:   • Auto-added URL: https://scitex.ai[0m
/home/ywatanabe/proj/scitex-code/src/scitex/io/_save_modules/_image.py:174: UserWarning: This figure includes Axes that are not compatible with tight_layout, so results might be incorrect.
  obj.savefig(spath, **save_kwargs)
[90mINFO:   • Embedded metadata: {'metadata_version': '1.0.0', 'scitex': {'version': '2.2.2', 'created_at': '2025-11-19T18:38:31.133150', 'created_with': 'scitex.plt.subplots (mm-control)', 'mode': 'publication', 'axes_size_mm': (40, 28), 'position_in_grid': (0, 0), 'style_mm': {'axis_thickness_mm': 0.2, 'tick_length_mm': 0.8, 'tick_thickness_mm': 0.2, 'trace_thickness_mm': 0.2, 'axis_font_size_pt': 7, 'tick_font_size_pt': 7, 'title_font_size_pt': 8, 'legend_font_size_pt': 6, 'label_pad_pt': 0.5, 'tick_pad_pt': 2.0, 'title_pad_pt': 1.0, 'font_family': 'Arial', 'n_ticks': 4, 'font_family_requested': 'Arial', 'font_family_actual': 'Arial'}}, 'matplotlib': {'version': '3.10.3'}, 'dimensions': {'figure_size_mm': (np.float64(80.0), np.float64(68.0)), 'figure_size_inch': (np.float64(3.1496062992125986), np.float64(2.677165354330709)), 'figure_size_px': (944, 803), 'axes_size_mm': (np.float64(40.0), np.float64(27.999999999999993)), 'axes_size_inch': (np.float64(1.5748031496062993), np.float64(1.1023622047244093)), 'axes_size_px': (472, 330), 'axes_position': (np.float64(0.25), np.float64(0.29411764705882354), np.float64(0.5), np.float64(0.41176470588235287)), 'dpi': 300}, 'margins_mm': {'left': np.float64(20.0), 'bottom': np.float64(20.0), 'right': np.float64(20.0), 'top': np.float64(20.000000000000007)}, 'axes_bbox_px': {'x0': 236, 'y0': 236, 'x1': 708, 'y1': 566, 'width': 472, 'height': 330}, 'axes_bbox_mm': {'x0': np.float64(20.0), 'y0': np.float64(20.0), 'x1': np.float64(60.0), 'y1': np.float64(47.99999999999999), 'width': np.float64(40.0), 'height': np.float64(27.999999999999993)}, 'url': 'https://scitex.ai'}[0m
[32mSUCC: Saved to: ./../scitex-code/examples/demo_plot_all_types_publication_out/publication/01_matplotlib_basic/01_plot.pdf (18.0 KiB)[0m
[90mINFO:   • Auto-collected metadata from figure[0m
[90mINFO: 📝 Saving figure with metadata to: /home/ywatanabe/proj/scitex-code/examples/demo_plot_all_types_publication_out/publication/01_matplotlib_basic/01_plot.jpg[0m
[90mINFO:   • Auto-added URL: https://scitex.ai[0m
/home/ywatanabe/proj/scitex-code/src/scitex/io/_save_modules/_image.py:103: UserWarning: This figure includes Axes that are not compatible with tight_layout, so results might be incorrect.
  obj.figure.savefig(buf, **save_kwargs)
[90mINFO:   • Embedded metadata: {'metadata_version': '1.0.0', 'scitex': {'version': '2.2.2', 'created_at': '2025-11-19T18:38:31.383663', 'created_with': 'scitex.plt.subplots (mm-control)', 'mode': 'publication', 'axes_size_mm': (40, 28), 'position_in_grid': (0, 0), 'style_mm': {'axis_thickness_mm': 0.2, 'tick_length_mm': 0.8, 'tick_thickness_mm': 0.2, 'trace_thickness_mm': 0.2, 'axis_font_size_pt': 7, 'tick_font_size_pt': 7, 'title_font_size_pt': 8, 'legend_font_size_pt': 6, 'label_pad_pt': 0.5, 'tick_pad_pt': 2.0, 'title_pad_pt': 1.0, 'font_family': 'Arial', 'n_ticks': 4, 'font_family_requested': 'Arial', 'font_family_actual': 'Arial'}}, 'matplotlib': {'version': '3.10.3'}, 'dimensions': {'figure_size_mm': (np.float64(80.0), np.float64(68.0)), 'figure_size_inch': (np.float64(3.1496062992125986), np.float64(2.677165354330709)), 'figure_size_px': (944, 803), 'axes_size_mm': (np.float64(40.0), np.float64(27.999999999999993)), 'axes_size_inch': (np.float64(1.5748031496062993), np.float64(1.1023622047244093)), 'axes_size_px': (472, 330), 'axes_position': (np.float64(0.25), np.float64(0.29411764705882354), np.float64(0.5), np.float64(0.41176470588235287)), 'dpi': 300}, 'margins_mm': {'left': np.float64(20.0), 'bottom': np.float64(20.0), 'right': np.float64(20.0), 'top': np.float64(20.000000000000007)}, 'axes_bbox_px': {'x0': 236, 'y0': 236, 'x1': 708, 'y1': 566, 'width': 472, 'height': 330}, 'axes_bbox_mm': {'x0': np.float64(20.0), 'y0': np.float64(20.0), 'x1': np.float64(60.0), 'y1': np.float64(47.99999999999999), 'width': np.float64(40.0), 'height': np.float64(27.999999999999993)}, 'url': 'https://scitex.ai'}[0m
[90mINFO:   • Auto-cropped with 1.0mm margin (23px at 600 DPI)[0m
[32mSUCC: Saved to: ./../scitex-code/examples/demo_plot_all_types_publication_out/publication/01_matplotlib_basic/01_plot.jpg (316.8 KiB)[0m
[90mINFO:   • Auto-collected metadata from figure[0m
[90mINFO: 📝 Saving figure with metadata to: /home/ywatanabe/proj/scitex-code/examples/demo_plot_all_types_publication_out/publication/01_matplotlib_basic/02_scatter.png[0m
[90mINFO:   • Auto-added URL: https://scitex.ai[0m
/home/ywatanabe/proj/scitex-code/src/scitex/io/_save_modules/_image.py:57: UserWarning: This figure includes Axes that are not compatible with tight_layout, so results might be incorrect.
  obj.savefig(spath, **kwargs)
[90mINFO:   • Embedded metadata: {'metadata_version': '1.0.0', 'scitex': {'version': '2.2.2', 'created_at': '2025-11-19T18:38:31.929285', 'created_with': 'scitex.plt.subplots (mm-control)', 'mode': 'publication', 'axes_size_mm': (40, 28), 'position_in_grid': (0, 0), 'style_mm': {'axis_thickness_mm': 0.2, 'tick_length_mm': 0.8, 'tick_thickness_mm': 0.2, 'trace_thickness_mm': 0.2, 'axis_font_size_pt': 7, 'tick_font_size_pt': 7, 'title_font_size_pt': 8, 'legend_font_size_pt': 6, 'label_pad_pt': 0.5, 'tick_pad_pt': 2.0, 'title_pad_pt': 1.0, 'font_family': 'Arial', 'n_ticks': 4, 'font_family_requested': 'Arial', 'font_family_actual': 'Arial'}}, 'matplotlib': {'version': '3.10.3'}, 'dimensions': {'figure_size_mm': (np.float64(80.0), np.float64(68.0)), 'figure_size_inch': (np.float64(3.1496062992125986), np.float64(2.677165354330709)), 'figure_size_px': (944, 803), 'axes_size_mm': (np.float64(40.0), np.float64(27.999999999999993)), 'axes_size_inch': (np.float64(1.5748031496062993), np.float64(1.1023622047244093)), 'axes_size_px': (472, 330), 'axes_position': (np.float64(0.25), np.float64(0.29411764705882354), np.float64(0.5), np.float64(0.41176470588235287)), 'dpi': 300}, 'margins_mm': {'left': np.float64(20.0), 'bottom': np.float64(20.0), 'right': np.float64(20.0), 'top': np.float64(20.000000000000007)}, 'axes_bbox_px': {'x0': 236, 'y0': 236, 'x1': 708, 'y1': 566, 'width': 472, 'height': 330}, 'axes_bbox_mm': {'x0': np.float64(20.0), 'y0': np.float64(20.0), 'x1': np.float64(60.0), 'y1': np.float64(47.99999999999999), 'width': np.float64(40.0), 'height': np.float64(27.999999999999993)}, 'url': 'https://scitex.ai'}[0m
[90mINFO:   • Auto-cropped with 1.0mm margin (11px at 300 DPI)[0m
[32mSUCC: Saved to: ./../scitex-code/examples/demo_plot_all_types_publication_out/publication/01_matplotlib_basic/02_scatter.csv (3.9 KiB)[0m
[32mSUCC: Saved to: ./../scitex-code/examples/demo_plot_all_types_publication_out/publication/01_matplotlib_basic/02_scatter.png (1.1 MiB)[0m
[90mINFO:   • Auto-collected metadata from figure[0m
[90mINFO: 📝 Saving figure with metadata to: /home/ywatanabe/proj/scitex-code/examples/demo_plot_all_types_publication_out/publication/01_matplotlib_basic/02_scatter.pdf[0m
[90mINFO:   • Auto-added URL: https://scitex.ai[0m
/home/ywatanabe/proj/scitex-code/src/scitex/io/_save_modules/_image.py:174: UserWarning: This figure includes Axes that are not compatible with tight_layout, so results might be incorrect.
  obj.savefig(spath, **save_kwargs)
[90mINFO:   • Embedded metadata: {'metadata_version': '1.0.0', 'scitex': {'version': '2.2.2', 'created_at': '2025-11-19T18:38:32.192282', 'created_with': 'scitex.plt.subplots (mm-control)', 'mode': 'publication', 'axes_size_mm': (40, 28), 'position_in_grid': (0, 0), 'style_mm': {'axis_thickness_mm': 0.2, 'tick_length_mm': 0.8, 'tick_thickness_mm': 0.2, 'trace_thickness_mm': 0.2, 'axis_font_size_pt': 7, 'tick_font_size_pt': 7, 'title_font_size_pt': 8, 'legend_font_size_pt': 6, 'label_pad_pt': 0.5, 'tick_pad_pt': 2.0, 'title_pad_pt': 1.0, 'font_family': 'Arial', 'n_ticks': 4, 'font_family_requested': 'Arial', 'font_family_actual': 'Arial'}}, 'matplotlib': {'version': '3.10.3'}, 'dimensions': {'figure_size_mm': (np.float64(80.0), np.float64(68.0)), 'figure_size_inch': (np.float64(3.1496062992125986), np.float64(2.677165354330709)), 'figure_size_px': (944, 803), 'axes_size_mm': (np.float64(40.0), np.float64(27.999999999999993)), 'axes_size_inch': (np.float64(1.5748031496062993), np.float64(1.1023622047244093)), 'axes_size_px': (472, 330), 'axes_position': (np.float64(0.25), np.float64(0.29411764705882354), np.float64(0.5), np.float64(0.41176470588235287)), 'dpi': 300}, 'margins_mm': {'left': np.float64(20.0), 'bottom': np.float64(20.0), 'right': np.float64(20.0), 'top': np.float64(20.000000000000007)}, 'axes_bbox_px': {'x0': 236, 'y0': 236, 'x1': 708, 'y1': 566, 'width': 472, 'height': 330}, 'axes_bbox_mm': {'x0': np.float64(20.0), 'y0': np.float64(20.0), 'x1': np.float64(60.0), 'y1': np.float64(47.99999999999999), 'width': np.float64(40.0), 'height': np.float64(27.999999999999993)}, 'url': 'https://scitex.ai'}[0m
[32mSUCC: Saved to: ./../scitex-code/examples/demo_plot_all_types_publication_out/publication/01_matplotlib_basic/02_scatter.csv (3.9 KiB)[0m
[32mSUCC: Saved to: ./../scitex-code/examples/demo_plot_all_types_publication_out/publication/01_matplotlib_basic/02_scatter.pdf (19.2 KiB)[0m
[90mINFO:   • Auto-collected metadata from figure[0m
[90mINFO: 📝 Saving figure with metadata to: /home/ywatanabe/proj/scitex-code/examples/demo_plot_all_types_publication_out/publication/01_matplotlib_basic/02_scatter.jpg[0m
[90mINFO:   • Auto-added URL: https://scitex.ai[0m
/home/ywatanabe/proj/scitex-code/src/scitex/io/_save_modules/_image.py:103: UserWarning: This figure includes Axes that are not compatible with tight_layout, so results might be incorrect.
  obj.figure.savefig(buf, **save_kwargs)
[90mINFO:   • Embedded metadata: {'metadata_version': '1.0.0', 'scitex': {'version': '2.2.2', 'created_at': '2025-11-19T18:38:32.316819', 'created_with': 'scitex.plt.subplots (mm-control)', 'mode': 'publication', 'axes_size_mm': (40, 28), 'position_in_grid': (0, 0), 'style_mm': {'axis_thickness_mm': 0.2, 'tick_length_mm': 0.8, 'tick_thickness_mm': 0.2, 'trace_thickness_mm': 0.2, 'axis_font_size_pt': 7, 'tick_font_size_pt': 7, 'title_font_size_pt': 8, 'legend_font_size_pt': 6, 'label_pad_pt': 0.5, 'tick_pad_pt': 2.0, 'title_pad_pt': 1.0, 'font_family': 'Arial', 'n_ticks': 4, 'font_family_requested': 'Arial', 'font_family_actual': 'Arial'}}, 'matplotlib': {'version': '3.10.3'}, 'dimensions': {'figure_size_mm': (np.float64(80.0), np.float64(68.0)), 'figure_size_inch': (np.float64(3.1496062992125986), np.float64(2.677165354330709)), 'figure_size_px': (944, 803), 'axes_size_mm': (np.float64(40.0), np.float64(27.999999999999993)), 'axes_size_inch': (np.float64(1.5748031496062993), np.float64(1.1023622047244093)), 'axes_size_px': (472, 330), 'axes_position': (np.float64(0.25), np.float64(0.29411764705882354), np.float64(0.5), np.float64(0.41176470588235287)), 'dpi': 300}, 'margins_mm': {'left': np.float64(20.0), 'bottom': np.float64(20.0), 'right': np.float64(20.0), 'top': np.float64(20.000000000000007)}, 'axes_bbox_px': {'x0': 236, 'y0': 236, 'x1': 708, 'y1': 566, 'width': 472, 'height': 330}, 'axes_bbox_mm': {'x0': np.float64(20.0), 'y0': np.float64(20.0), 'x1': np.float64(60.0), 'y1': np.float64(47.99999999999999), 'width': np.float64(40.0), 'height': np.float64(27.999999999999993)}, 'url': 'https://scitex.ai'}[0m
[90mINFO:   • Auto-cropped with 1.0mm margin (23px at 600 DPI)[0m
[32mSUCC: Saved to: ./../scitex-code/examples/demo_plot_all_types_publication_out/publication/01_matplotlib_basic/02_scatter.csv (3.9 KiB)[0m
[32mSUCC: Saved to: ./../scitex-code/examples/demo_plot_all_types_publication_out/publication/01_matplotlib_basic/02_scatter.jpg (257.1 KiB)[0m
[90mINFO:   • Auto-collected metadata from figure[0m
[90mINFO: 📝 Saving figure with metadata to: /home/ywatanabe/proj/scitex-code/examples/demo_plot_all_types_publication_out/publication/01_matplotlib_basic/03_bar.png[0m
[90mINFO:   • Auto-added URL: https://scitex.ai[0m
/home/ywatanabe/proj/scitex-code/src/scitex/io/_save_modules/_image.py:57: UserWarning: This figure includes Axes that are not compatible with tight_layout, so results might be incorrect.
  obj.savefig(spath, **kwargs)
[90mINFO:   • Embedded metadata: {'metadata_version': '1.0.0', 'scitex': {'version': '2.2.2', 'created_at': '2025-11-19T18:38:32.880129', 'created_with': 'scitex.plt.subplots (mm-control)', 'mode': 'publication', 'axes_size_mm': (40, 28), 'position_in_grid': (0, 0), 'style_mm': {'axis_thickness_mm': 0.2, 'tick_length_mm': 0.8, 'tick_thickness_mm': 0.2, 'trace_thickness_mm': 0.2, 'axis_font_size_pt': 7, 'tick_font_size_pt': 7, 'title_font_size_pt': 8, 'legend_font_size_pt': 6, 'label_pad_pt': 0.5, 'tick_pad_pt': 2.0, 'title_pad_pt': 1.0, 'font_family': 'Arial', 'n_ticks': 4, 'font_family_requested': 'Arial', 'font_family_actual': 'Arial'}}, 'matplotlib': {'version': '3.10.3'}, 'dimensions': {'figure_size_mm': (np.float64(80.0), np.float64(68.0)), 'figure_size_inch': (np.float64(3.1496062992125986), np.float64(2.677165354330709)), 'figure_size_px': (944, 803), 'axes_size_mm': (np.float64(40.0), np.float64(27.999999999999993)), 'axes_size_inch': (np.float64(1.5748031496062993), np.float64(1.1023622047244093)), 'axes_size_px': (472, 330), 'axes_position': (np.float64(0.25), np.float64(0.29411764705882354), np.float64(0.5), np.float64(0.41176470588235287)), 'dpi': 300}, 'margins_mm': {'left': np.float64(20.0), 'bottom': np.float64(20.0), 'right': np.float64(20.0), 'top': np.float64(20.000000000000007)}, 'axes_bbox_px': {'x0': 236, 'y0': 236, 'x1': 708, 'y1': 566, 'width': 472, 'height': 330}, 'axes_bbox_mm': {'x0': np.float64(20.0), 'y0': np.float64(20.0), 'x1': np.float64(60.0), 'y1': np.float64(47.99999999999999), 'width': np.float64(40.0), 'height': np.float64(27.999999999999993)}, 'url': 'https://scitex.ai'}[0m
[90mINFO:   • Auto-cropped with 1.0mm margin (11px at 300 DPI)[0m
[32mSUCC: Saved to: ./../scitex-code/examples/demo_plot_all_types_publication_out/publication/01_matplotlib_basic/03_bar.csv (142.0 B)[0m
[32mSUCC: Saved to: ./../scitex-code/examples/demo_plot_all_types_publication_out/publication/01_matplotlib_basic/03_bar.png (1.1 MiB)[0m
[90mINFO:   • Auto-collected metadata from figure[0m
[90mINFO: 📝 Saving figure with metadata to: /home/ywatanabe/proj/scitex-code/examples/demo_plot_all_types_publication_out/publication/01_matplotlib_basic/03_bar.pdf[0m
[90mINFO:   • Auto-added URL: https://scitex.ai[0m
/home/ywatanabe/proj/scitex-code/src/scitex/io/_save_modules/_image.py:174: UserWarning: This figure includes Axes that are not compatible with tight_layout, so results might be incorrect.
  obj.savefig(spath, **save_kwargs)
[90mINFO:   • Embedded metadata: {'metadata_version': '1.0.0', 'scitex': {'version': '2.2.2', 'created_at': '2025-11-19T18:38:33.159524', 'created_with': 'scitex.plt.subplots (mm-control)', 'mode': 'publication', 'axes_size_mm': (40, 28), 'position_in_grid': (0, 0), 'style_mm': {'axis_thickness_mm': 0.2, 'tick_length_mm': 0.8, 'tick_thickness_mm': 0.2, 'trace_thickness_mm': 0.2, 'axis_font_size_pt': 7, 'tick_font_size_pt': 7, 'title_font_size_pt': 8, 'legend_font_size_pt': 6, 'label_pad_pt': 0.5, 'tick_pad_pt': 2.0, 'title_pad_pt': 1.0, 'font_family': 'Arial', 'n_ticks': 4, 'font_family_requested': 'Arial', 'font_family_actual': 'Arial'}}, 'matplotlib': {'version': '3.10.3'}, 'dimensions': {'figure_size_mm': (np.float64(80.0), np.float64(68.0)), 'figure_size_inch': (np.float64(3.1496062992125986), np.float64(2.677165354330709)), 'figure_size_px': (944, 803), 'axes_size_mm': (np.float64(40.0), np.float64(27.999999999999993)), 'axes_size_inch': (np.float64(1.5748031496062993), np.float64(1.1023622047244093)), 'axes_size_px': (472, 330), 'axes_position': (np.float64(0.25), np.float64(0.29411764705882354), np.float64(0.5), np.float64(0.41176470588235287)), 'dpi': 300}, 'margins_mm': {'left': np.float64(20.0), 'bottom': np.float64(20.0), 'right': np.float64(20.0), 'top': np.float64(20.000000000000007)}, 'axes_bbox_px': {'x0': 236, 'y0': 236, 'x1': 708, 'y1': 566, 'width': 472, 'height': 330}, 'axes_bbox_mm': {'x0': np.float64(20.0), 'y0': np.float64(20.0), 'x1': np.float64(60.0), 'y1': np.float64(47.99999999999999), 'width': np.float64(40.0), 'height': np.float64(27.999999999999993)}, 'url': 'https://scitex.ai'}[0m
[32mSUCC: Saved to: ./../scitex-code/examples/demo_plot_all_types_publication_out/publication/01_matplotlib_basic/03_bar.csv (142.0 B)[0m
[32mSUCC: Saved to: ./../scitex-code/examples/demo_plot_all_types_publication_out/publication/01_matplotlib_basic/03_bar.pdf (16.0 KiB)[0m
[90mINFO:   • Auto-collected metadata from figure[0m
[90mINFO: 📝 Saving figure with metadata to: /home/ywatanabe/proj/scitex-code/examples/demo_plot_all_types_publication_out/publication/01_matplotlib_basic/03_bar.jpg[0m
[90mINFO:   • Auto-added URL: https://scitex.ai[0m
/home/ywatanabe/proj/scitex-code/src/scitex/io/_save_modules/_image.py:103: UserWarning: This figure includes Axes that are not compatible with tight_layout, so results might be incorrect.
  obj.figure.savefig(buf, **save_kwargs)
[90mINFO:   • Embedded metadata: {'metadata_version': '1.0.0', 'scitex': {'version': '2.2.2', 'created_at': '2025-11-19T18:38:33.271337', 'created_with': 'scitex.plt.subplots (mm-control)', 'mode': 'publication', 'axes_size_mm': (40, 28), 'position_in_grid': (0, 0), 'style_mm': {'axis_thickness_mm': 0.2, 'tick_length_mm': 0.8, 'tick_thickness_mm': 0.2, 'trace_thickness_mm': 0.2, 'axis_font_size_pt': 7, 'tick_font_size_pt': 7, 'title_font_size_pt': 8, 'legend_font_size_pt': 6, 'label_pad_pt': 0.5, 'tick_pad_pt': 2.0, 'title_pad_pt': 1.0, 'font_family': 'Arial', 'n_ticks': 4, 'font_family_requested': 'Arial', 'font_family_actual': 'Arial'}}, 'matplotlib': {'version': '3.10.3'}, 'dimensions': {'figure_size_mm': (np.float64(80.0), np.float64(68.0)), 'figure_size_inch': (np.float64(3.1496062992125986), np.float64(2.677165354330709)), 'figure_size_px': (944, 803), 'axes_size_mm': (np.float64(40.0), np.float64(27.999999999999993)), 'axes_size_inch': (np.float64(1.5748031496062993), np.float64(1.1023622047244093)), 'axes_size_px': (472, 330), 'axes_position': (np.float64(0.25), np.float64(0.29411764705882354), np.float64(0.5), np.float64(0.41176470588235287)), 'dpi': 300}, 'margins_mm': {'left': np.float64(20.0), 'bottom': np.float64(20.0), 'right': np.float64(20.0), 'top': np.float64(20.000000000000007)}, 'axes_bbox_px': {'x0': 236, 'y0': 236, 'x1': 708, 'y1': 566, 'width': 472, 'height': 330}, 'axes_bbox_mm': {'x0': np.float64(20.0), 'y0': np.float64(20.0), 'x1': np.float64(60.0), 'y1': np.float64(47.99999999999999), 'width': np.float64(40.0), 'height': np.float64(27.999999999999993)}, 'url': 'https://scitex.ai'}[0m
[90mINFO:   • Auto-cropped with 1.0mm margin (23px at 600 DPI)[0m
[32mSUCC: Saved to: ./../scitex-code/examples/demo_plot_all_types_publication_out/publication/01_matplotlib_basic/03_bar.csv (142.0 B)[0m
[32mSUCC: Saved to: ./../scitex-code/examples/demo_plot_all_types_publication_out/publication/01_matplotlib_basic/03_bar.jpg (249.3 KiB)[0m
[90mINFO:   • Auto-collected metadata from figure[0m
[90mINFO: 📝 Saving figure with metadata to: /home/ywatanabe/proj/scitex-code/examples/demo_plot_all_types_publication_out/publication/01_matplotlib_basic/04_hist.png[0m
[90mINFO:   • Auto-added URL: https://scitex.ai[0m
/home/ywatanabe/proj/scitex-code/src/scitex/io/_save_modules/_image.py:57: UserWarning: This figure includes Axes that are not compatible with tight_layout, so results might be incorrect.
  obj.savefig(spath, **kwargs)
[90mINFO:   • Embedded metadata: {'metadata_version': '1.0.0', 'scitex': {'version': '2.2.2', 'created_at': '2025-11-19T18:38:33.969670', 'created_with': 'scitex.plt.subplots (mm-control)', 'mode': 'publication', 'axes_size_mm': (40, 28), 'position_in_grid': (0, 0), 'style_mm': {'axis_thickness_mm': 0.2, 'tick_length_mm': 0.8, 'tick_thickness_mm': 0.2, 'trace_thickness_mm': 0.2, 'axis_font_size_pt': 7, 'tick_font_size_pt': 7, 'title_font_size_pt': 8, 'legend_font_size_pt': 6, 'label_pad_pt': 0.5, 'tick_pad_pt': 2.0, 'title_pad_pt': 1.0, 'font_family': 'Arial', 'n_ticks': 4, 'font_family_requested': 'Arial', 'font_family_actual': 'Arial'}}, 'matplotlib': {'version': '3.10.3'}, 'dimensions': {'figure_size_mm': (np.float64(80.0), np.float64(68.0)), 'figure_size_inch': (np.float64(3.1496062992125986), np.float64(2.677165354330709)), 'figure_size_px': (944, 803), 'axes_size_mm': (np.float64(40.0), np.float64(27.999999999999993)), 'axes_size_inch': (np.float64(1.5748031496062993), np.float64(1.1023622047244093)), 'axes_size_px': (472, 330), 'axes_position': (np.float64(0.25), np.float64(0.29411764705882354), np.float64(0.5), np.float64(0.41176470588235287)), 'dpi': 300}, 'margins_mm': {'left': np.float64(20.0), 'bottom': np.float64(20.0), 'right': np.float64(20.0), 'top': np.float64(20.000000000000007)}, 'axes_bbox_px': {'x0': 236, 'y0': 236, 'x1': 708, 'y1': 566, 'width': 472, 'height': 330}, 'axes_bbox_mm': {'x0': np.float64(20.0), 'y0': np.float64(20.0), 'x1': np.float64(60.0), 'y1': np.float64(47.99999999999999), 'width': np.float64(40.0), 'height': np.float64(27.999999999999993)}, 'url': 'https://scitex.ai'}[0m
[90mINFO:   • Auto-cropped with 1.0mm margin (11px at 300 DPI)[0m
[32mSUCC: Saved to: ./../scitex-code/examples/demo_plot_all_types_publication_out/publication/01_matplotlib_basic/04_hist.csv (31.4 KiB)[0m
[32mSUCC: Saved to: ./../scitex-code/examples/demo_plot_all_types_publication_out/publication/01_matplotlib_basic/04_hist.png (1.1 MiB)[0m
[90mINFO:   • Auto-collected metadata from figure[0m
[90mINFO: 📝 Saving figure with metadata to: /home/ywatanabe/proj/scitex-code/examples/demo_plot_all_types_publication_out/publication/01_matplotlib_basic/04_hist.pdf[0m
[90mINFO:   • Auto-added URL: https://scitex.ai[0m
/home/ywatanabe/proj/scitex-code/src/scitex/io/_save_modules/_image.py:174: UserWarning: This figure includes Axes that are not compatible with tight_layout, so results might be incorrect.
  obj.savefig(spath, **save_kwargs)
[90mINFO:   • Embedded metadata: {'metadata_version': '1.0.0', 'scitex': {'version': '2.2.2', 'created_at': '2025-11-19T18:38:34.517038', 'created_with': 'scitex.plt.subplots (mm-control)', 'mode': 'publication', 'axes_size_mm': (40, 28), 'position_in_grid': (0, 0), 'style_mm': {'axis_thickness_mm': 0.2, 'tick_length_mm': 0.8, 'tick_thickness_mm': 0.2, 'trace_thickness_mm': 0.2, 'axis_font_size_pt': 7, 'tick_font_size_pt': 7, 'title_font_size_pt': 8, 'legend_font_size_pt': 6, 'label_pad_pt': 0.5, 'tick_pad_pt': 2.0, 'title_pad_pt': 1.0, 'font_family': 'Arial', 'n_ticks': 4, 'font_family_requested': 'Arial', 'font_family_actual': 'Arial'}}, 'matplotlib': {'version': '3.10.3'}, 'dimensions': {'figure_size_mm': (np.float64(80.0), np.float64(68.0)), 'figure_size_inch': (np.float64(3.1496062992125986), np.float64(2.677165354330709)), 'figure_size_px': (944, 803), 'axes_size_mm': (np.float64(40.0), np.float64(27.999999999999993)), 'axes_size_inch': (np.float64(1.5748031496062993), np.float64(1.1023622047244093)), 'axes_size_px': (472, 330), 'axes_position': (np.float64(0.25), np.float64(0.29411764705882354), np.float64(0.5), np.float64(0.41176470588235287)), 'dpi': 300}, 'margins_mm': {'left': np.float64(20.0), 'bottom': np.float64(20.0), 'right': np.float64(20.0), 'top': np.float64(20.000000000000007)}, 'axes_bbox_px': {'x0': 236, 'y0': 236, 'x1': 708, 'y1': 566, 'width': 472, 'height': 330}, 'axes_bbox_mm': {'x0': np.float64(20.0), 'y0': np.float64(20.0), 'x1': np.float64(60.0), 'y1': np.float64(47.99999999999999), 'width': np.float64(40.0), 'height': np.float64(27.999999999999993)}, 'url': 'https://scitex.ai'}[0m
[32mSUCC: Saved to: ./../scitex-code/examples/demo_plot_all_types_publication_out/publication/01_matplotlib_basic/04_hist.csv (31.4 KiB)[0m
[32mSUCC: Saved to: ./../scitex-code/examples/demo_plot_all_types_publication_out/publication/01_matplotlib_basic/04_hist.pdf (17.6 KiB)[0m
[90mINFO:   • Auto-collected metadata from figure[0m
[90mINFO: 📝 Saving figure with metadata to: /home/ywatanabe/proj/scitex-code/examples/demo_plot_all_types_publication_out/publication/01_matplotlib_basic/04_hist.jpg[0m
[90mINFO:   • Auto-added URL: https://scitex.ai[0m
/home/ywatanabe/proj/scitex-code/src/scitex/io/_save_modules/_image.py:103: UserWarning: This figure includes Axes that are not compatible with tight_layout, so results might be incorrect.
  obj.figure.savefig(buf, **save_kwargs)
[90mINFO:   • Embedded metadata: {'metadata_version': '1.0.0', 'scitex': {'version': '2.2.2', 'created_at': '2025-11-19T18:38:34.770598', 'created_with': 'scitex.plt.subplots (mm-control)', 'mode': 'publication', 'axes_size_mm': (40, 28), 'position_in_grid': (0, 0), 'style_mm': {'axis_thickness_mm': 0.2, 'tick_length_mm': 0.8, 'tick_thickness_mm': 0.2, 'trace_thickness_mm': 0.2, 'axis_font_size_pt': 7, 'tick_font_size_pt': 7, 'title_font_size_pt': 8, 'legend_font_size_pt': 6, 'label_pad_pt': 0.5, 'tick_pad_pt': 2.0, 'title_pad_pt': 1.0, 'font_family': 'Arial', 'n_ticks': 4, 'font_family_requested': 'Arial', 'font_family_actual': 'Arial'}}, 'matplotlib': {'version': '3.10.3'}, 'dimensions': {'figure_size_mm': (np.float64(80.0), np.float64(68.0)), 'figure_size_inch': (np.float64(3.1496062992125986), np.float64(2.677165354330709)), 'figure_size_px': (944, 803), 'axes_size_mm': (np.float64(40.0), np.float64(27.999999999999993)), 'axes_size_inch': (np.float64(1.5748031496062993), np.float64(1.1023622047244093)), 'axes_size_px': (472, 330), 'axes_position': (np.float64(0.25), np.float64(0.29411764705882354), np.float64(0.5), np.float64(0.41176470588235287)), 'dpi': 300}, 'margins_mm': {'left': np.float64(20.0), 'bottom': np.float64(20.0), 'right': np.float64(20.0), 'top': np.float64(20.000000000000007)}, 'axes_bbox_px': {'x0': 236, 'y0': 236, 'x1': 708, 'y1': 566, 'width': 472, 'height': 330}, 'axes_bbox_mm': {'x0': np.float64(20.0), 'y0': np.float64(20.0), 'x1': np.float64(60.0), 'y1': np.float64(47.99999999999999), 'width': np.float64(40.0), 'height': np.float64(27.999999999999993)}, 'url': 'https://scitex.ai'}[0m
[90mINFO:   • Auto-cropped with 1.0mm margin (23px at 600 DPI)[0m
[32mSUCC: Saved to: ./../scitex-code/examples/demo_plot_all_types_publication_out/publication/01_matplotlib_basic/04_hist.csv (31.4 KiB)[0m
[32mSUCC: Saved to: ./../scitex-code/examples/demo_plot_all_types_publication_out/publication/01_matplotlib_basic/04_hist.jpg (221.9 KiB)[0m
[90mINFO:   • Auto-collected metadata from figure[0m
[90mINFO: 📝 Saving figure with metadata to: /home/ywatanabe/proj/scitex-code/examples/demo_plot_all_types_publication_out/publication/01_matplotlib_basic/05_boxplot.png[0m
[90mINFO:   • Auto-added URL: https://scitex.ai[0m
/home/ywatanabe/proj/scitex-code/src/scitex/io/_save_modules/_image.py:57: UserWarning: This figure includes Axes that are not compatible with tight_layout, so results might be incorrect.
  obj.savefig(spath, **kwargs)
[90mINFO:   • Embedded metadata: {'metadata_version': '1.0.0', 'scitex': {'version': '2.2.2', 'created_at': '2025-11-19T18:38:35.719489', 'created_with': 'scitex.plt.subplots (mm-control)', 'mode': 'publication', 'axes_size_mm': (40, 28), 'position_in_grid': (0, 0), 'style_mm': {'axis_thickness_mm': 0.2, 'tick_length_mm': 0.8, 'tick_thickness_mm': 0.2, 'trace_thickness_mm': 0.2, 'axis_font_size_pt': 7, 'tick_font_size_pt': 7, 'title_font_size_pt': 8, 'legend_font_size_pt': 6, 'label_pad_pt': 0.5, 'tick_pad_pt': 2.0, 'title_pad_pt': 1.0, 'font_family': 'Arial', 'n_ticks': 4, 'font_family_requested': 'Arial', 'font_family_actual': 'Arial'}}, 'matplotlib': {'version': '3.10.3'}, 'dimensions': {'figure_size_mm': (np.float64(80.0), np.float64(68.0)), 'figure_size_inch': (np.float64(3.1496062992125986), np.float64(2.677165354330709)), 'figure_size_px': (944, 803), 'axes_size_mm': (np.float64(40.0), np.float64(27.999999999999993)), 'axes_size_inch': (np.float64(1.5748031496062993), np.float64(1.1023622047244093)), 'axes_size_px': (472, 330), 'axes_position': (np.float64(0.25), np.float64(0.29411764705882354), np.float64(0.5), np.float64(0.41176470588235287)), 'dpi': 300}, 'margins_mm': {'left': np.float64(20.0), 'bottom': np.float64(20.0), 'right': np.float64(20.0), 'top': np.float64(20.000000000000007)}, 'axes_bbox_px': {'x0': 236, 'y0': 236, 'x1': 708, 'y1': 566, 'width': 472, 'height': 330}, 'axes_bbox_mm': {'x0': np.float64(20.0), 'y0': np.float64(20.0), 'x1': np.float64(60.0), 'y1': np.float64(47.99999999999999), 'width': np.float64(40.0), 'height': np.float64(27.999999999999993)}, 'url': 'https://scitex.ai'}[0m
[90mINFO:   • Auto-cropped with 1.0mm margin (11px at 300 DPI)[0m
[32mSUCC: Saved to: ./../scitex-code/examples/demo_plot_all_types_publication_out/publication/01_matplotlib_basic/05_boxplot.csv (5.6 KiB)[0m
[32mSUCC: Saved to: ./../scitex-code/examples/demo_plot_all_types_publication_out/publication/01_matplotlib_basic/05_boxplot.png (1.0 MiB)[0m
[90mINFO:   • Auto-collected metadata from figure[0m
[90mINFO: 📝 Saving figure with metadata to: /home/ywatanabe/proj/scitex-code/examples/demo_plot_all_types_publication_out/publication/01_matplotlib_basic/05_boxplot.pdf[0m
[90mINFO:   • Auto-added URL: https://scitex.ai[0m
/home/ywatanabe/proj/scitex-code/src/scitex/io/_save_modules/_image.py:174: UserWarning: This figure includes Axes that are not compatible with tight_layout, so results might be incorrect.
  obj.savefig(spath, **save_kwargs)
[90mINFO:   • Embedded metadata: {'metadata_version': '1.0.0', 'scitex': {'version': '2.2.2', 'created_at': '2025-11-19T18:38:36.077982', 'created_with': 'scitex.plt.subplots (mm-control)', 'mode': 'publication', 'axes_size_mm': (40, 28), 'position_in_grid': (0, 0), 'style_mm': {'axis_thickness_mm': 0.2, 'tick_length_mm': 0.8, 'tick_thickness_mm': 0.2, 'trace_thickness_mm': 0.2, 'axis_font_size_pt': 7, 'tick_font_size_pt': 7, 'title_font_size_pt': 8, 'legend_font_size_pt': 6, 'label_pad_pt': 0.5, 'tick_pad_pt': 2.0, 'title_pad_pt': 1.0, 'font_family': 'Arial', 'n_ticks': 4, 'font_family_requested': 'Arial', 'font_family_actual': 'Arial'}}, 'matplotlib': {'version': '3.10.3'}, 'dimensions': {'figure_size_mm': (np.float64(80.0), np.float64(68.0)), 'figure_size_inch': (np.float64(3.1496062992125986), np.float64(2.677165354330709)), 'figure_size_px': (944, 803), 'axes_size_mm': (np.float64(40.0), np.float64(27.999999999999993)), 'axes_size_inch': (np.float64(1.5748031496062993), np.float64(1.1023622047244093)), 'axes_size_px': (472, 330), 'axes_position': (np.float64(0.25), np.float64(0.29411764705882354), np.float64(0.5), np.float64(0.41176470588235287)), 'dpi': 300}, 'margins_mm': {'left': np.float64(20.0), 'bottom': np.float64(20.0), 'right': np.float64(20.0), 'top': np.float64(20.000000000000007)}, 'axes_bbox_px': {'x0': 236, 'y0': 236, 'x1': 708, 'y1': 566, 'width': 472, 'height': 330}, 'axes_bbox_mm': {'x0': np.float64(20.0), 'y0': np.float64(20.0), 'x1': np.float64(60.0), 'y1': np.float64(47.99999999999999), 'width': np.float64(40.0), 'height': np.float64(27.999999999999993)}, 'url': 'https://scitex.ai'}[0m
[32mSUCC: Saved to: ./../scitex-code/examples/demo_plot_all_types_publication_out/publication/01_matplotlib_basic/05_boxplot.csv (5.6 KiB)[0m
[32mSUCC: Saved to: ./../scitex-code/examples/demo_plot_all_types_publication_out/publication/01_matplotlib_basic/05_boxplot.pdf (15.0 KiB)[0m
[90mINFO:   • Auto-collected metadata from figure[0m
[90mINFO: 📝 Saving figure with metadata to: /home/ywatanabe/proj/scitex-code/examples/demo_plot_all_types_publication_out/publication/01_matplotlib_basic/05_boxplot.jpg[0m
[90mINFO:   • Auto-added URL: https://scitex.ai[0m
/home/ywatanabe/proj/scitex-code/src/scitex/io/_save_modules/_image.py:103: UserWarning: This figure includes Axes that are not compatible with tight_layout, so results might be incorrect.
  obj.figure.savefig(buf, **save_kwargs)
[90mINFO:   • Embedded metadata: {'metadata_version': '1.0.0', 'scitex': {'version': '2.2.2', 'created_at': '2025-11-19T18:38:36.325426', 'created_with': 'scitex.plt.subplots (mm-control)', 'mode': 'publication', 'axes_size_mm': (40, 28), 'position_in_grid': (0, 0), 'style_mm': {'axis_thickness_mm': 0.2, 'tick_length_mm': 0.8, 'tick_thickness_mm': 0.2, 'trace_thickness_mm': 0.2, 'axis_font_size_pt': 7, 'tick_font_size_pt': 7, 'title_font_size_pt': 8, 'legend_font_size_pt': 6, 'label_pad_pt': 0.5, 'tick_pad_pt': 2.0, 'title_pad_pt': 1.0, 'font_family': 'Arial', 'n_ticks': 4, 'font_family_requested': 'Arial', 'font_family_actual': 'Arial'}}, 'matplotlib': {'version': '3.10.3'}, 'dimensions': {'figure_size_mm': (np.float64(80.0), np.float64(68.0)), 'figure_size_inch': (np.float64(3.1496062992125986), np.float64(2.677165354330709)), 'figure_size_px': (944, 803), 'axes_size_mm': (np.float64(40.0), np.float64(27.999999999999993)), 'axes_size_inch': (np.float64(1.5748031496062993), np.float64(1.1023622047244093)), 'axes_size_px': (472, 330), 'axes_position': (np.float64(0.25), np.float64(0.29411764705882354), np.float64(0.5), np.float64(0.41176470588235287)), 'dpi': 300}, 'margins_mm': {'left': np.float64(20.0), 'bottom': np.float64(20.0), 'right': np.float64(20.0), 'top': np.float64(20.000000000000007)}, 'axes_bbox_px': {'x0': 236, 'y0': 236, 'x1': 708, 'y1': 566, 'width': 472, 'height': 330}, 'axes_bbox_mm': {'x0': np.float64(20.0), 'y0': np.float64(20.0), 'x1': np.float64(60.0), 'y1': np.float64(47.99999999999999), 'width': np.float64(40.0), 'height': np.float64(27.999999999999993)}, 'url': 'https://scitex.ai'}[0m
[90mINFO:   • Auto-cropped with 1.0mm margin (23px at 600 DPI)[0m
[32mSUCC: Saved to: ./../scitex-code/examples/demo_plot_all_types_publication_out/publication/01_matplotlib_basic/05_boxplot.csv (5.6 KiB)[0m
[32mSUCC: Saved to: ./../scitex-code/examples/demo_plot_all_types_publication_out/publication/01_matplotlib_basic/05_boxplot.jpg (142.0 KiB)[0m
[90mINFO:   • Auto-collected metadata from figure[0m
[90mINFO: 📝 Saving figure with metadata to: /home/ywatanabe/proj/scitex-code/examples/demo_plot_all_types_publication_out/publication/01_matplotlib_basic/06_errorbar.png[0m
[90mINFO:   • Auto-added URL: https://scitex.ai[0m
/home/ywatanabe/proj/scitex-code/src/scitex/io/_save_modules/_image.py:57: UserWarning: This figure includes Axes that are not compatible with tight_layout, so results might be incorrect.
  obj.savefig(spath, **kwargs)
[90mINFO:   • Embedded metadata: {'metadata_version': '1.0.0', 'scitex': {'version': '2.2.2', 'created_at': '2025-11-19T18:38:37.027183', 'created_with': 'scitex.plt.subplots (mm-control)', 'mode': 'publication', 'axes_size_mm': (40, 28), 'position_in_grid': (0, 0), 'style_mm': {'axis_thickness_mm': 0.2, 'tick_length_mm': 0.8, 'tick_thickness_mm': 0.2, 'trace_thickness_mm': 0.2, 'axis_font_size_pt': 7, 'tick_font_size_pt': 7, 'title_font_size_pt': 8, 'legend_font_size_pt': 6, 'label_pad_pt': 0.5, 'tick_pad_pt': 2.0, 'title_pad_pt': 1.0, 'font_family': 'Arial', 'n_ticks': 4, 'font_family_requested': 'Arial', 'font_family_actual': 'Arial'}}, 'matplotlib': {'version': '3.10.3'}, 'dimensions': {'figure_size_mm': (np.float64(80.0), np.float64(68.0)), 'figure_size_inch': (np.float64(3.1496062992125986), np.float64(2.677165354330709)), 'figure_size_px': (944, 803), 'axes_size_mm': (np.float64(40.0), np.float64(27.999999999999993)), 'axes_size_inch': (np.float64(1.5748031496062993), np.float64(1.1023622047244093)), 'axes_size_px': (472, 330), 'axes_position': (np.float64(0.25), np.float64(0.29411764705882354), np.float64(0.5), np.float64(0.41176470588235287)), 'dpi': 300}, 'margins_mm': {'left': np.float64(20.0), 'bottom': np.float64(20.0), 'right': np.float64(20.0), 'top': np.float64(20.000000000000007)}, 'axes_bbox_px': {'x0': 236, 'y0': 236, 'x1': 708, 'y1': 566, 'width': 472, 'height': 330}, 'axes_bbox_mm': {'x0': np.float64(20.0), 'y0': np.float64(20.0), 'x1': np.float64(60.0), 'y1': np.float64(47.99999999999999), 'width': np.float64(40.0), 'height': np.float64(27.999999999999993)}, 'url': 'https://scitex.ai'}[0m
[90mINFO:   • Auto-cropped with 1.0mm margin (11px at 300 DPI)[0m
[32mSUCC: Saved to: ./../scitex-code/examples/demo_plot_all_types_publication_out/publication/01_matplotlib_basic/06_errorbar.csv (885.0 B)[0m
[32mSUCC: Saved to: ./../scitex-code/examples/demo_plot_all_types_publication_out/publication/01_matplotlib_basic/06_errorbar.png (1.0 MiB)[0m
[90mINFO:   • Auto-collected metadata from figure[0m
[90mINFO: 📝 Saving figure with metadata to: /home/ywatanabe/proj/scitex-code/examples/demo_plot_all_types_publication_out/publication/01_matplotlib_basic/06_errorbar.pdf[0m
[90mINFO:   • Auto-added URL: https://scitex.ai[0m
/home/ywatanabe/proj/scitex-code/src/scitex/io/_save_modules/_image.py:174: UserWarning: This figure includes Axes that are not compatible with tight_layout, so results might be incorrect.
  obj.savefig(spath, **save_kwargs)
[90mINFO:   • Embedded metadata: {'metadata_version': '1.0.0', 'scitex': {'version': '2.2.2', 'created_at': '2025-11-19T18:38:37.306005', 'created_with': 'scitex.plt.subplots (mm-control)', 'mode': 'publication', 'axes_size_mm': (40, 28), 'position_in_grid': (0, 0), 'style_mm': {'axis_thickness_mm': 0.2, 'tick_length_mm': 0.8, 'tick_thickness_mm': 0.2, 'trace_thickness_mm': 0.2, 'axis_font_size_pt': 7, 'tick_font_size_pt': 7, 'title_font_size_pt': 8, 'legend_font_size_pt': 6, 'label_pad_pt': 0.5, 'tick_pad_pt': 2.0, 'title_pad_pt': 1.0, 'font_family': 'Arial', 'n_ticks': 4, 'font_family_requested': 'Arial', 'font_family_actual': 'Arial'}}, 'matplotlib': {'version': '3.10.3'}, 'dimensions': {'figure_size_mm': (np.float64(80.0), np.float64(68.0)), 'figure_size_inch': (np.float64(3.1496062992125986), np.float64(2.677165354330709)), 'figure_size_px': (944, 803), 'axes_size_mm': (np.float64(40.0), np.float64(27.999999999999993)), 'axes_size_inch': (np.float64(1.5748031496062993), np.float64(1.1023622047244093)), 'axes_size_px': (472, 330), 'axes_position': (np.float64(0.25), np.float64(0.29411764705882354), np.float64(0.5), np.float64(0.41176470588235287)), 'dpi': 300}, 'margins_mm': {'left': np.float64(20.0), 'bottom': np.float64(20.0), 'right': np.float64(20.0), 'top': np.float64(20.000000000000007)}, 'axes_bbox_px': {'x0': 236, 'y0': 236, 'x1': 708, 'y1': 566, 'width': 472, 'height': 330}, 'axes_bbox_mm': {'x0': np.float64(20.0), 'y0': np.float64(20.0), 'x1': np.float64(60.0), 'y1': np.float64(47.99999999999999), 'width': np.float64(40.0), 'height': np.float64(27.999999999999993)}, 'url': 'https://scitex.ai'}[0m
[32mSUCC: Saved to: ./../scitex-code/examples/demo_plot_all_types_publication_out/publication/01_matplotlib_basic/06_errorbar.csv (885.0 B)[0m
[32mSUCC: Saved to: ./../scitex-code/examples/demo_plot_all_types_publication_out/publication/01_matplotlib_basic/06_errorbar.pdf (17.4 KiB)[0m
[90mINFO:   • Auto-collected metadata from figure[0m
[90mINFO: 📝 Saving figure with metadata to: /home/ywatanabe/proj/scitex-code/examples/demo_plot_all_types_publication_out/publication/01_matplotlib_basic/06_errorbar.jpg[0m
[90mINFO:   • Auto-added URL: https://scitex.ai[0m
/home/ywatanabe/proj/scitex-code/src/scitex/io/_save_modules/_image.py:103: UserWarning: This figure includes Axes that are not compatible with tight_layout, so results might be incorrect.
  obj.figure.savefig(buf, **save_kwargs)
[90mINFO:   • Embedded metadata: {'metadata_version': '1.0.0', 'scitex': {'version': '2.2.2', 'created_at': '2025-11-19T18:38:37.468944', 'created_with': 'scitex.plt.subplots (mm-control)', 'mode': 'publication', 'axes_size_mm': (40, 28), 'position_in_grid': (0, 0), 'style_mm': {'axis_thickness_mm': 0.2, 'tick_length_mm': 0.8, 'tick_thickness_mm': 0.2, 'trace_thickness_mm': 0.2, 'axis_font_size_pt': 7, 'tick_font_size_pt': 7, 'title_font_size_pt': 8, 'legend_font_size_pt': 6, 'label_pad_pt': 0.5, 'tick_pad_pt': 2.0, 'title_pad_pt': 1.0, 'font_family': 'Arial', 'n_ticks': 4, 'font_family_requested': 'Arial', 'font_family_actual': 'Arial'}}, 'matplotlib': {'version': '3.10.3'}, 'dimensions': {'figure_size_mm': (np.float64(80.0), np.float64(68.0)), 'figure_size_inch': (np.float64(3.1496062992125986), np.float64(2.677165354330709)), 'figure_size_px': (944, 803), 'axes_size_mm': (np.float64(40.0), np.float64(27.999999999999993)), 'axes_size_inch': (np.float64(1.5748031496062993), np.float64(1.1023622047244093)), 'axes_size_px': (472, 330), 'axes_position': (np.float64(0.25), np.float64(0.29411764705882354), np.float64(0.5), np.float64(0.41176470588235287)), 'dpi': 300}, 'margins_mm': {'left': np.float64(20.0), 'bottom': np.float64(20.0), 'right': np.float64(20.0), 'top': np.float64(20.000000000000007)}, 'axes_bbox_px': {'x0': 236, 'y0': 236, 'x1': 708, 'y1': 566, 'width': 472, 'height': 330}, 'axes_bbox_mm': {'x0': np.float64(20.0), 'y0': np.float64(20.0), 'x1': np.float64(60.0), 'y1': np.float64(47.99999999999999), 'width': np.float64(40.0), 'height': np.float64(27.999999999999993)}, 'url': 'https://scitex.ai'}[0m
[90mINFO:   • Auto-cropped with 1.0mm margin (23px at 600 DPI)[0m
[32mSUCC: Saved to: ./../scitex-code/examples/demo_plot_all_types_publication_out/publication/01_matplotlib_basic/06_errorbar.csv (885.0 B)[0m
[32mSUCC: Saved to: ./../scitex-code/examples/demo_plot_all_types_publication_out/publication/01_matplotlib_basic/06_errorbar.jpg (204.7 KiB)[0m
[90mINFO:   • Auto-collected metadata from figure[0m
[90mINFO: 📝 Saving figure with metadata to: /home/ywatanabe/proj/scitex-code/examples/demo_plot_all_types_publication_out/publication/01_matplotlib_basic/07_barh.png[0m
[90mINFO:   • Auto-added URL: https://scitex.ai[0m
/home/ywatanabe/proj/scitex-code/src/scitex/io/_save_modules/_image.py:57: UserWarning: This figure includes Axes that are not compatible with tight_layout, so results might be incorrect.
  obj.savefig(spath, **kwargs)
[90mINFO:   • Embedded metadata: {'metadata_version': '1.0.0', 'scitex': {'version': '2.2.2', 'created_at': '2025-11-19T18:38:37.985923', 'created_with': 'scitex.plt.subplots (mm-control)', 'mode': 'publication', 'axes_size_mm': (40, 28), 'position_in_grid': (0, 0), 'style_mm': {'axis_thickness_mm': 0.2, 'tick_length_mm': 0.8, 'tick_thickness_mm': 0.2, 'trace_thickness_mm': 0.2, 'axis_font_size_pt': 7, 'tick_font_size_pt': 7, 'title_font_size_pt': 8, 'legend_font_size_pt': 6, 'label_pad_pt': 0.5, 'tick_pad_pt': 2.0, 'title_pad_pt': 1.0, 'font_family': 'Arial', 'n_ticks': 4, 'font_family_requested': 'Arial', 'font_family_actual': 'Arial'}}, 'matplotlib': {'version': '3.10.3'}, 'dimensions': {'figure_size_mm': (np.float64(80.0), np.float64(68.0)), 'figure_size_inch': (np.float64(3.1496062992125986), np.float64(2.677165354330709)), 'figure_size_px': (944, 803), 'axes_size_mm': (np.float64(40.0), np.float64(27.999999999999993)), 'axes_size_inch': (np.float64(1.5748031496062993), np.float64(1.1023622047244093)), 'axes_size_px': (472, 330), 'axes_position': (np.float64(0.25), np.float64(0.29411764705882354), np.float64(0.5), np.float64(0.41176470588235287)), 'dpi': 300}, 'margins_mm': {'left': np.float64(20.0), 'bottom': np.float64(20.0), 'right': np.float64(20.0), 'top': np.float64(20.000000000000007)}, 'axes_bbox_px': {'x0': 236, 'y0': 236, 'x1': 708, 'y1': 566, 'width': 472, 'height': 330}, 'axes_bbox_mm': {'x0': np.float64(20.0), 'y0': np.float64(20.0), 'x1': np.float64(60.0), 'y1': np.float64(47.99999999999999), 'width': np.float64(40.0), 'height': np.float64(27.999999999999993)}, 'url': 'https://scitex.ai'}[0m
[90mINFO:   • Auto-cropped with 1.0mm margin (11px at 300 DPI)[0m
[32mSUCC: Saved to: ./../scitex-code/examples/demo_plot_all_types_publication_out/publication/01_matplotlib_basic/07_barh.csv (84.0 B)[0m
[32mSUCC: Saved to: ./../scitex-code/examples/demo_plot_all_types_publication_out/publication/01_matplotlib_basic/07_barh.png (1.2 MiB)[0m
[90mINFO:   • Auto-collected metadata from figure[0m
[90mINFO: 📝 Saving figure with metadata to: /home/ywatanabe/proj/scitex-code/examples/demo_plot_all_types_publication_out/publication/01_matplotlib_basic/07_barh.pdf[0m
[90mINFO:   • Auto-added URL: https://scitex.ai[0m
/home/ywatanabe/proj/scitex-code/src/scitex/io/_save_modules/_image.py:174: UserWarning: This figure includes Axes that are not compatible with tight_layout, so results might be incorrect.
  obj.savefig(spath, **save_kwargs)
[90mINFO:   • Embedded metadata: {'metadata_version': '1.0.0', 'scitex': {'version': '2.2.2', 'created_at': '2025-11-19T18:38:38.265910', 'created_with': 'scitex.plt.subplots (mm-control)', 'mode': 'publication', 'axes_size_mm': (40, 28), 'position_in_grid': (0, 0), 'style_mm': {'axis_thickness_mm': 0.2, 'tick_length_mm': 0.8, 'tick_thickness_mm': 0.2, 'trace_thickness_mm': 0.2, 'axis_font_size_pt': 7, 'tick_font_size_pt': 7, 'title_font_size_pt': 8, 'legend_font_size_pt': 6, 'label_pad_pt': 0.5, 'tick_pad_pt': 2.0, 'title_pad_pt': 1.0, 'font_family': 'Arial', 'n_ticks': 4, 'font_family_requested': 'Arial', 'font_family_actual': 'Arial'}}, 'matplotlib': {'version': '3.10.3'}, 'dimensions': {'figure_size_mm': (np.float64(80.0), np.float64(68.0)), 'figure_size_inch': (np.float64(3.1496062992125986), np.float64(2.677165354330709)), 'figure_size_px': (944, 803), 'axes_size_mm': (np.float64(40.0), np.float64(27.999999999999993)), 'axes_size_inch': (np.float64(1.5748031496062993), np.float64(1.1023622047244093)), 'axes_size_px': (472, 330), 'axes_position': (np.float64(0.25), np.float64(0.29411764705882354), np.float64(0.5), np.float64(0.41176470588235287)), 'dpi': 300}, 'margins_mm': {'left': np.float64(20.0), 'bottom': np.float64(20.0), 'right': np.float64(20.0), 'top': np.float64(20.000000000000007)}, 'axes_bbox_px': {'x0': 236, 'y0': 236, 'x1': 708, 'y1': 566, 'width': 472, 'height': 330}, 'axes_bbox_mm': {'x0': np.float64(20.0), 'y0': np.float64(20.0), 'x1': np.float64(60.0), 'y1': np.float64(47.99999999999999), 'width': np.float64(40.0), 'height': np.float64(27.999999999999993)}, 'url': 'https://scitex.ai'}[0m
[32mSUCC: Saved to: ./../scitex-code/examples/demo_plot_all_types_publication_out/publication/01_matplotlib_basic/07_barh.csv (84.0 B)[0m
[32mSUCC: Saved to: ./../scitex-code/examples/demo_plot_all_types_publication_out/publication/01_matplotlib_basic/07_barh.pdf (15.3 KiB)[0m
[90mINFO:   • Auto-collected metadata from figure[0m
[90mINFO: 📝 Saving figure with metadata to: /home/ywatanabe/proj/scitex-code/examples/demo_plot_all_types_publication_out/publication/01_matplotlib_basic/07_barh.jpg[0m
[90mINFO:   • Auto-added URL: https://scitex.ai[0m
/home/ywatanabe/proj/scitex-code/src/scitex/io/_save_modules/_image.py:103: UserWarning: This figure includes Axes that are not compatible with tight_layout, so results might be incorrect.
  obj.figure.savefig(buf, **save_kwargs)
[90mINFO:   • Embedded metadata: {'metadata_version': '1.0.0', 'scitex': {'version': '2.2.2', 'created_at': '2025-11-19T18:38:38.392990', 'created_with': 'scitex.plt.subplots (mm-control)', 'mode': 'publication', 'axes_size_mm': (40, 28), 'position_in_grid': (0, 0), 'style_mm': {'axis_thickness_mm': 0.2, 'tick_length_mm': 0.8, 'tick_thickness_mm': 0.2, 'trace_thickness_mm': 0.2, 'axis_font_size_pt': 7, 'tick_font_size_pt': 7, 'title_font_size_pt': 8, 'legend_font_size_pt': 6, 'label_pad_pt': 0.5, 'tick_pad_pt': 2.0, 'title_pad_pt': 1.0, 'font_family': 'Arial', 'n_ticks': 4, 'font_family_requested': 'Arial', 'font_family_actual': 'Arial'}}, 'matplotlib': {'version': '3.10.3'}, 'dimensions': {'figure_size_mm': (np.float64(80.0), np.float64(68.0)), 'figure_size_inch': (np.float64(3.1496062992125986), np.float64(2.677165354330709)), 'figure_size_px': (944, 803), 'axes_size_mm': (np.float64(40.0), np.float64(27.999999999999993)), 'axes_size_inch': (np.float64(1.5748031496062993), np.float64(1.1023622047244093)), 'axes_size_px': (472, 330), 'axes_position': (np.float64(0.25), np.float64(0.29411764705882354), np.float64(0.5), np.float64(0.41176470588235287)), 'dpi': 300}, 'margins_mm': {'left': np.float64(20.0), 'bottom': np.float64(20.0), 'right': np.float64(20.0), 'top': np.float64(20.000000000000007)}, 'axes_bbox_px': {'x0': 236, 'y0': 236, 'x1': 708, 'y1': 566, 'width': 472, 'height': 330}, 'axes_bbox_mm': {'x0': np.float64(20.0), 'y0': np.float64(20.0), 'x1': np.float64(60.0), 'y1': np.float64(47.99999999999999), 'width': np.float64(40.0), 'height': np.float64(27.999999999999993)}, 'url': 'https://scitex.ai'}[0m
[90mINFO:   • Auto-cropped with 1.0mm margin (23px at 600 DPI)[0m
[32mSUCC: Saved to: ./../scitex-code/examples/demo_plot_all_types_publication_out/publication/01_matplotlib_basic/07_barh.csv (84.0 B)[0m
[32mSUCC: Saved to: ./../scitex-code/examples/demo_plot_all_types_publication_out/publication/01_matplotlib_basic/07_barh.jpg (193.3 KiB)[0m
[90mINFO:   • Auto-collected metadata from figure[0m
[90mINFO: 📝 Saving figure with metadata to: /home/ywatanabe/proj/scitex-code/examples/demo_plot_all_types_publication_out/publication/01_matplotlib_basic/08_fill_between.png[0m
[90mINFO:   • Auto-added URL: https://scitex.ai[0m
/home/ywatanabe/proj/scitex-code/src/scitex/io/_save_modules/_image.py:57: UserWarning: This figure includes Axes that are not compatible with tight_layout, so results might be incorrect.
  obj.savefig(spath, **kwargs)
[90mINFO:   • Embedded metadata: {'metadata_version': '1.0.0', 'scitex': {'version': '2.2.2', 'created_at': '2025-11-19T18:38:39.049121', 'created_with': 'scitex.plt.subplots (mm-control)', 'mode': 'publication', 'axes_size_mm': (40, 28), 'position_in_grid': (0, 0), 'style_mm': {'axis_thickness_mm': 0.2, 'tick_length_mm': 0.8, 'tick_thickness_mm': 0.2, 'trace_thickness_mm': 0.2, 'axis_font_size_pt': 7, 'tick_font_size_pt': 7, 'title_font_size_pt': 8, 'legend_font_size_pt': 6, 'label_pad_pt': 0.5, 'tick_pad_pt': 2.0, 'title_pad_pt': 1.0, 'font_family': 'Arial', 'n_ticks': 4, 'font_family_requested': 'Arial', 'font_family_actual': 'Arial'}}, 'matplotlib': {'version': '3.10.3'}, 'dimensions': {'figure_size_mm': (np.float64(80.0), np.float64(68.0)), 'figure_size_inch': (np.float64(3.1496062992125986), np.float64(2.677165354330709)), 'figure_size_px': (944, 803), 'axes_size_mm': (np.float64(40.0), np.float64(27.999999999999993)), 'axes_size_inch': (np.float64(1.5748031496062993), np.float64(1.1023622047244093)), 'axes_size_px': (472, 330), 'axes_position': (np.float64(0.25), np.float64(0.29411764705882354), np.float64(0.5), np.float64(0.41176470588235287)), 'dpi': 300}, 'margins_mm': {'left': np.float64(20.0), 'bottom': np.float64(20.0), 'right': np.float64(20.0), 'top': np.float64(20.000000000000007)}, 'axes_bbox_px': {'x0': 236, 'y0': 236, 'x1': 708, 'y1': 566, 'width': 472, 'height': 330}, 'axes_bbox_mm': {'x0': np.float64(20.0), 'y0': np.float64(20.0), 'x1': np.float64(60.0), 'y1': np.float64(47.99999999999999), 'width': np.float64(40.0), 'height': np.float64(27.999999999999993)}, 'url': 'https://scitex.ai'}[0m
[90mINFO:   • Auto-cropped with 1.0mm margin (11px at 300 DPI)[0m
[32mSUCC: Saved to: ./../scitex-code/examples/demo_plot_all_types_publication_out/publication/01_matplotlib_basic/08_fill_between.csv (5.7 KiB)[0m
[32mSUCC: Saved to: ./../scitex-code/examples/demo_plot_all_types_publication_out/publication/01_matplotlib_basic/08_fill_between.png (1.1 MiB)[0m
[90mINFO:   • Auto-collected metadata from figure[0m
[90mINFO: 📝 Saving figure with metadata to: /home/ywatanabe/proj/scitex-code/examples/demo_plot_all_types_publication_out/publication/01_matplotlib_basic/08_fill_between.pdf[0m
[90mINFO:   • Auto-added URL: https://scitex.ai[0m
/home/ywatanabe/proj/scitex-code/src/scitex/io/_save_modules/_image.py:174: UserWarning: This figure includes Axes that are not compatible with tight_layout, so results might be incorrect.
  obj.savefig(spath, **save_kwargs)
[90mINFO:   • Embedded metadata: {'metadata_version': '1.0.0', 'scitex': {'version': '2.2.2', 'created_at': '2025-11-19T18:38:39.369778', 'created_with': 'scitex.plt.subplots (mm-control)', 'mode': 'publication', 'axes_size_mm': (40, 28), 'position_in_grid': (0, 0), 'style_mm': {'axis_thickness_mm': 0.2, 'tick_length_mm': 0.8, 'tick_thickness_mm': 0.2, 'trace_thickness_mm': 0.2, 'axis_font_size_pt': 7, 'tick_font_size_pt': 7, 'title_font_size_pt': 8, 'legend_font_size_pt': 6, 'label_pad_pt': 0.5, 'tick_pad_pt': 2.0, 'title_pad_pt': 1.0, 'font_family': 'Arial', 'n_ticks': 4, 'font_family_requested': 'Arial', 'font_family_actual': 'Arial'}}, 'matplotlib': {'version': '3.10.3'}, 'dimensions': {'figure_size_mm': (np.float64(80.0), np.float64(68.0)), 'figure_size_inch': (np.float64(3.1496062992125986), np.float64(2.677165354330709)), 'figure_size_px': (944, 803), 'axes_size_mm': (np.float64(40.0), np.float64(27.999999999999993)), 'axes_size_inch': (np.float64(1.5748031496062993), np.float64(1.1023622047244093)), 'axes_size_px': (472, 330), 'axes_position': (np.float64(0.25), np.float64(0.29411764705882354), np.float64(0.5), np.float64(0.41176470588235287)), 'dpi': 300}, 'margins_mm': {'left': np.float64(20.0), 'bottom': np.float64(20.0), 'right': np.float64(20.0), 'top': np.float64(20.000000000000007)}, 'axes_bbox_px': {'x0': 236, 'y0': 236, 'x1': 708, 'y1': 566, 'width': 472, 'height': 330}, 'axes_bbox_mm': {'x0': np.float64(20.0), 'y0': np.float64(20.0), 'x1': np.float64(60.0), 'y1': np.float64(47.99999999999999), 'width': np.float64(40.0), 'height': np.float64(27.999999999999993)}, 'url': 'https://scitex.ai'}[0m
[32mSUCC: Saved to: ./../scitex-code/examples/demo_plot_all_types_publication_out/publication/01_matplotlib_basic/08_fill_between.csv (5.7 KiB)[0m
[32mSUCC: Saved to: ./../scitex-code/examples/demo_plot_all_types_publication_out/publication/01_matplotlib_basic/08_fill_between.pdf (19.5 KiB)[0m
[90mINFO:   • Auto-collected metadata from figure[0m
[90mINFO: 📝 Saving figure with metadata to: /home/ywatanabe/proj/scitex-code/examples/demo_plot_all_types_publication_out/publication/01_matplotlib_basic/08_fill_between.jpg[0m
[90mINFO:   • Auto-added URL: https://scitex.ai[0m
/home/ywatanabe/proj/scitex-code/src/scitex/io/_save_modules/_image.py:103: UserWarning: This figure includes Axes that are not compatible with tight_layout, so results might be incorrect.
  obj.figure.savefig(buf, **save_kwargs)
[90mINFO:   • Embedded metadata: {'metadata_version': '1.0.0', 'scitex': {'version': '2.2.2', 'created_at': '2025-11-19T18:38:39.508427', 'created_with': 'scitex.plt.subplots (mm-control)', 'mode': 'publication', 'axes_size_mm': (40, 28), 'position_in_grid': (0, 0), 'style_mm': {'axis_thickness_mm': 0.2, 'tick_length_mm': 0.8, 'tick_thickness_mm': 0.2, 'trace_thickness_mm': 0.2, 'axis_font_size_pt': 7, 'tick_font_size_pt': 7, 'title_font_size_pt': 8, 'legend_font_size_pt': 6, 'label_pad_pt': 0.5, 'tick_pad_pt': 2.0, 'title_pad_pt': 1.0, 'font_family': 'Arial', 'n_ticks': 4, 'font_family_requested': 'Arial', 'font_family_actual': 'Arial'}}, 'matplotlib': {'version': '3.10.3'}, 'dimensions': {'figure_size_mm': (np.float64(80.0), np.float64(68.0)), 'figure_size_inch': (np.float64(3.1496062992125986), np.float64(2.677165354330709)), 'figure_size_px': (944, 803), 'axes_size_mm': (np.float64(40.0), np.float64(27.999999999999993)), 'axes_size_inch': (np.float64(1.5748031496062993), np.float64(1.1023622047244093)), 'axes_size_px': (472, 330), 'axes_position': (np.float64(0.25), np.float64(0.29411764705882354), np.float64(0.5), np.float64(0.41176470588235287)), 'dpi': 300}, 'margins_mm': {'left': np.float64(20.0), 'bottom': np.float64(20.0), 'right': np.float64(20.0), 'top': np.float64(20.000000000000007)}, 'axes_bbox_px': {'x0': 236, 'y0': 236, 'x1': 708, 'y1': 566, 'width': 472, 'height': 330}, 'axes_bbox_mm': {'x0': np.float64(20.0), 'y0': np.float64(20.0), 'x1': np.float64(60.0), 'y1': np.float64(47.99999999999999), 'width': np.float64(40.0), 'height': np.float64(27.999999999999993)}, 'url': 'https://scitex.ai'}[0m
[90mINFO:   • Auto-cropped with 1.0mm margin (23px at 600 DPI)[0m
[32mSUCC: Saved to: ./../scitex-code/examples/demo_plot_all_types_publication_out/publication/01_matplotlib_basic/08_fill_between.csv (5.7 KiB)[0m
[32mSUCC: Saved to: ./../scitex-code/examples/demo_plot_all_types_publication_out/publication/01_matplotlib_basic/08_fill_between.jpg (263.2 KiB)[0m
[90mINFO:   • Auto-collected metadata from figure[0m
[90mINFO: 📝 Saving figure with metadata to: /home/ywatanabe/proj/scitex-code/examples/demo_plot_all_types_publication_out/publication/01_matplotlib_basic/09_imshow.png[0m
[90mINFO:   • Auto-added URL: https://scitex.ai[0m
/home/ywatanabe/proj/scitex-code/src/scitex/io/_save_modules/_image.py:57: UserWarning: This figure includes Axes that are not compatible with tight_layout, so results might be incorrect.
  obj.savefig(spath, **kwargs)
[90mINFO:   • Embedded metadata: {'metadata_version': '1.0.0', 'scitex': {'version': '2.2.2', 'created_at': '2025-11-19T18:38:40.061950', 'created_with': 'scitex.plt.subplots (mm-control)', 'mode': 'publication', 'axes_size_mm': (40, 30), 'position_in_grid': (0, 0), 'style_mm': {'axis_thickness_mm': 0.2, 'tick_length_mm': 0.8, 'tick_thickness_mm': 0.2, 'trace_thickness_mm': 0.2, 'axis_font_size_pt': 7, 'tick_font_size_pt': 7, 'title_font_size_pt': 8, 'legend_font_size_pt': 6, 'label_pad_pt': 0.5, 'tick_pad_pt': 2.0, 'title_pad_pt': 1.0, 'font_family': 'Arial', 'n_ticks': 4, 'font_family_requested': 'Arial', 'font_family_actual': 'Arial'}}, 'matplotlib': {'version': '3.10.3'}, 'dimensions': {'figure_size_mm': (np.float64(80.0), np.float64(70.0)), 'figure_size_inch': (np.float64(3.1496062992125986), np.float64(2.7559055118110236)), 'figure_size_px': (944, 826), 'axes_size_mm': (np.float64(31.999999999999993), np.float64(29.99999999999999)), 'axes_size_inch': (np.float64(1.2598425196850391), np.float64(1.181102362204724)), 'axes_size_px': (377, 354), 'axes_position': (np.float64(0.25), np.float64(0.2857142857142857), np.float64(0.3999999999999999), np.float64(0.4285714285714285)), 'dpi': 300}, 'margins_mm': {'left': np.float64(20.0), 'bottom': np.float64(20.0), 'right': np.float64(28.000000000000007), 'top': np.float64(20.000000000000014)}, 'axes_bbox_px': {'x0': 236, 'y0': 236, 'x1': 613, 'y1': 590, 'width': 377, 'height': 354}, 'axes_bbox_mm': {'x0': np.float64(20.0), 'y0': np.float64(20.000000000000007), 'x1': np.float64(51.99999999999999), 'y1': np.float64(50.0), 'width': np.float64(31.999999999999993), 'height': np.float64(29.99999999999999)}, 'url': 'https://scitex.ai'}[0m
[90mINFO:   • Auto-cropped with 1.0mm margin (11px at 300 DPI)[0m
/home/ywatanabe/proj/scitex-code/src/scitex/plt/_subplots/_AxisWrapperMixins/_TrackingMixin.py:113: UserWarning: Matplotlib method 'imshow()' does not support full data tracking for CSV export. Consider using 'ax.plot_imshow()' instead for better data export support.
  df = _export_as_csv(self.history)
[32mSUCC: Saved to: ./../scitex-code/examples/demo_plot_all_types_publication_out/publication/01_matplotlib_basic/09_imshow.png (1.2 MiB)[0m
[90mINFO:   • Auto-collected metadata from figure[0m
[90mINFO: 📝 Saving figure with metadata to: /home/ywatanabe/proj/scitex-code/examples/demo_plot_all_types_publication_out/publication/01_matplotlib_basic/09_imshow.pdf[0m
[90mINFO:   • Auto-added URL: https://scitex.ai[0m
/home/ywatanabe/proj/scitex-code/src/scitex/io/_save_modules/_image.py:174: UserWarning: This figure includes Axes that are not compatible with tight_layout, so results might be incorrect.
  obj.savefig(spath, **save_kwargs)
[90mINFO:   • Embedded metadata: {'metadata_version': '1.0.0', 'scitex': {'version': '2.2.2', 'created_at': '2025-11-19T18:38:40.385498', 'created_with': 'scitex.plt.subplots (mm-control)', 'mode': 'publication', 'axes_size_mm': (40, 30), 'position_in_grid': (0, 0), 'style_mm': {'axis_thickness_mm': 0.2, 'tick_length_mm': 0.8, 'tick_thickness_mm': 0.2, 'trace_thickness_mm': 0.2, 'axis_font_size_pt': 7, 'tick_font_size_pt': 7, 'title_font_size_pt': 8, 'legend_font_size_pt': 6, 'label_pad_pt': 0.5, 'tick_pad_pt': 2.0, 'title_pad_pt': 1.0, 'font_family': 'Arial', 'n_ticks': 4, 'font_family_requested': 'Arial', 'font_family_actual': 'Arial'}}, 'matplotlib': {'version': '3.10.3'}, 'dimensions': {'figure_size_mm': (np.float64(80.0), np.float64(70.0)), 'figure_size_inch': (np.float64(3.1496062992125986), np.float64(2.7559055118110236)), 'figure_size_px': (944, 826), 'axes_size_mm': (np.float64(31.999999999999993), np.float64(29.99999999999999)), 'axes_size_inch': (np.float64(1.2598425196850391), np.float64(1.181102362204724)), 'axes_size_px': (377, 354), 'axes_position': (np.float64(0.25), np.float64(0.2857142857142857), np.float64(0.3999999999999999), np.float64(0.4285714285714285)), 'dpi': 300}, 'margins_mm': {'left': np.float64(20.0), 'bottom': np.float64(20.0), 'right': np.float64(28.000000000000007), 'top': np.float64(20.000000000000014)}, 'axes_bbox_px': {'x0': 236, 'y0': 236, 'x1': 613, 'y1': 590, 'width': 377, 'height': 354}, 'axes_bbox_mm': {'x0': np.float64(20.0), 'y0': np.float64(20.000000000000007), 'x1': np.float64(51.99999999999999), 'y1': np.float64(50.0), 'width': np.float64(31.999999999999993), 'height': np.float64(29.99999999999999)}, 'url': 'https://scitex.ai'}[0m
[32mSUCC: Saved to: ./../scitex-code/examples/demo_plot_all_types_publication_out/publication/01_matplotlib_basic/09_imshow.pdf (20.2 KiB)[0m
[90mINFO:   • Auto-collected metadata from figure[0m
[90mINFO: 📝 Saving figure with metadata to: /home/ywatanabe/proj/scitex-code/examples/demo_plot_all_types_publication_out/publication/01_matplotlib_basic/09_imshow.jpg[0m
[90mINFO:   • Auto-added URL: https://scitex.ai[0m
/home/ywatanabe/proj/scitex-code/src/scitex/io/_save_modules/_image.py:103: UserWarning: This figure includes Axes that are not compatible with tight_layout, so results might be incorrect.
  obj.figure.savefig(buf, **save_kwargs)
[90mINFO:   • Embedded metadata: {'metadata_version': '1.0.0', 'scitex': {'version': '2.2.2', 'created_at': '2025-11-19T18:38:40.591675', 'created_with': 'scitex.plt.subplots (mm-control)', 'mode': 'publication', 'axes_size_mm': (40, 30), 'position_in_grid': (0, 0), 'style_mm': {'axis_thickness_mm': 0.2, 'tick_length_mm': 0.8, 'tick_thickness_mm': 0.2, 'trace_thickness_mm': 0.2, 'axis_font_size_pt': 7, 'tick_font_size_pt': 7, 'title_font_size_pt': 8, 'legend_font_size_pt': 6, 'label_pad_pt': 0.5, 'tick_pad_pt': 2.0, 'title_pad_pt': 1.0, 'font_family': 'Arial', 'n_ticks': 4, 'font_family_requested': 'Arial', 'font_family_actual': 'Arial'}}, 'matplotlib': {'version': '3.10.3'}, 'dimensions': {'figure_size_mm': (np.float64(80.0), np.float64(70.0)), 'figure_size_inch': (np.float64(3.1496062992125986), np.float64(2.7559055118110236)), 'figure_size_px': (944, 826), 'axes_size_mm': (np.float64(31.999999999999993), np.float64(29.99999999999999)), 'axes_size_inch': (np.float64(1.2598425196850391), np.float64(1.181102362204724)), 'axes_size_px': (377, 354), 'axes_position': (np.float64(0.25), np.float64(0.2857142857142857), np.float64(0.3999999999999999), np.float64(0.4285714285714285)), 'dpi': 300}, 'margins_mm': {'left': np.float64(20.0), 'bottom': np.float64(20.0), 'right': np.float64(28.000000000000007), 'top': np.float64(20.000000000000014)}, 'axes_bbox_px': {'x0': 236, 'y0': 236, 'x1': 613, 'y1': 590, 'width': 377, 'height': 354}, 'axes_bbox_mm': {'x0': np.float64(20.0), 'y0': np.float64(20.000000000000007), 'x1': np.float64(51.99999999999999), 'y1': np.float64(50.0), 'width': np.float64(31.999999999999993), 'height': np.float64(29.99999999999999)}, 'url': 'https://scitex.ai'}[0m
[90mINFO:   • Auto-cropped with 1.0mm margin (23px at 600 DPI)[0m
[32mSUCC: Saved to: ./../scitex-code/examples/demo_plot_all_types_publication_out/publication/01_matplotlib_basic/09_imshow.jpg (351.1 KiB)[0m
[90mINFO:   • Auto-collected metadata from figure[0m
[90mINFO: 📝 Saving figure with metadata to: /home/ywatanabe/proj/scitex-code/examples/demo_plot_all_types_publication_out/publication/01_matplotlib_basic/10_contour.png[0m
[90mINFO:   • Auto-added URL: https://scitex.ai[0m
/home/ywatanabe/proj/scitex-code/src/scitex/io/_save_modules/_image.py:57: UserWarning: This figure includes Axes that are not compatible with tight_layout, so results might be incorrect.
  obj.savefig(spath, **kwargs)
[90mINFO:   • Embedded metadata: {'metadata_version': '1.0.0', 'scitex': {'version': '2.2.2', 'created_at': '2025-11-19T18:38:41.281223', 'created_with': 'scitex.plt.subplots (mm-control)', 'mode': 'publication', 'axes_size_mm': (40, 28), 'position_in_grid': (0, 0), 'style_mm': {'axis_thickness_mm': 0.2, 'tick_length_mm': 0.8, 'tick_thickness_mm': 0.2, 'trace_thickness_mm': 0.2, 'axis_font_size_pt': 7, 'tick_font_size_pt': 7, 'title_font_size_pt': 8, 'legend_font_size_pt': 6, 'label_pad_pt': 0.5, 'tick_pad_pt': 2.0, 'title_pad_pt': 1.0, 'font_family': 'Arial', 'n_ticks': 4, 'font_family_requested': 'Arial', 'font_family_actual': 'Arial'}}, 'matplotlib': {'version': '3.10.3'}, 'dimensions': {'figure_size_mm': (np.float64(80.0), np.float64(68.0)), 'figure_size_inch': (np.float64(3.1496062992125986), np.float64(2.677165354330709)), 'figure_size_px': (944, 803), 'axes_size_mm': (np.float64(40.0), np.float64(27.999999999999993)), 'axes_size_inch': (np.float64(1.5748031496062993), np.float64(1.1023622047244093)), 'axes_size_px': (472, 330), 'axes_position': (np.float64(0.25), np.float64(0.29411764705882354), np.float64(0.5), np.float64(0.41176470588235287)), 'dpi': 300}, 'margins_mm': {'left': np.float64(20.0), 'bottom': np.float64(20.0), 'right': np.float64(20.0), 'top': np.float64(20.000000000000007)}, 'axes_bbox_px': {'x0': 236, 'y0': 236, 'x1': 708, 'y1': 566, 'width': 472, 'height': 330}, 'axes_bbox_mm': {'x0': np.float64(20.0), 'y0': np.float64(20.0), 'x1': np.float64(60.0), 'y1': np.float64(47.99999999999999), 'width': np.float64(40.0), 'height': np.float64(27.999999999999993)}, 'url': 'https://scitex.ai'}[0m
[90mINFO:   • Auto-cropped with 1.0mm margin (11px at 300 DPI)[0m
[32mSUCC: Saved to: ./../scitex-code/examples/demo_plot_all_types_publication_out/publication/01_matplotlib_basic/10_contour.csv (2.7 KiB)[0m
[32mSUCC: Saved to: ./../scitex-code/examples/demo_plot_all_types_publication_out/publication/01_matplotlib_basic/10_contour.png (1.0 MiB)[0m
[90mINFO:   • Auto-collected metadata from figure[0m
[90mINFO: 📝 Saving figure with metadata to: /home/ywatanabe/proj/scitex-code/examples/demo_plot_all_types_publication_out/publication/01_matplotlib_basic/10_contour.pdf[0m
[90mINFO:   • Auto-added URL: https://scitex.ai[0m
/home/ywatanabe/proj/scitex-code/src/scitex/io/_save_modules/_image.py:174: UserWarning: This figure includes Axes that are not compatible with tight_layout, so results might be incorrect.
  obj.savefig(spath, **save_kwargs)
[90mINFO:   • Embedded metadata: {'metadata_version': '1.0.0', 'scitex': {'version': '2.2.2', 'created_at': '2025-11-19T18:38:41.569746', 'created_with': 'scitex.plt.subplots (mm-control)', 'mode': 'publication', 'axes_size_mm': (40, 28), 'position_in_grid': (0, 0), 'style_mm': {'axis_thickness_mm': 0.2, 'tick_length_mm': 0.8, 'tick_thickness_mm': 0.2, 'trace_thickness_mm': 0.2, 'axis_font_size_pt': 7, 'tick_font_size_pt': 7, 'title_font_size_pt': 8, 'legend_font_size_pt': 6, 'label_pad_pt': 0.5, 'tick_pad_pt': 2.0, 'title_pad_pt': 1.0, 'font_family': 'Arial', 'n_ticks': 4, 'font_family_requested': 'Arial', 'font_family_actual': 'Arial'}}, 'matplotlib': {'version': '3.10.3'}, 'dimensions': {'figure_size_mm': (np.float64(80.0), np.float64(68.0)), 'figure_size_inch': (np.float64(3.1496062992125986), np.float64(2.677165354330709)), 'figure_size_px': (944, 803), 'axes_size_mm': (np.float64(40.0), np.float64(27.999999999999993)), 'axes_size_inch': (np.float64(1.5748031496062993), np.float64(1.1023622047244093)), 'axes_size_px': (472, 330), 'axes_position': (np.float64(0.25), np.float64(0.29411764705882354), np.float64(0.5), np.float64(0.41176470588235287)), 'dpi': 300}, 'margins_mm': {'left': np.float64(20.0), 'bottom': np.float64(20.0), 'right': np.float64(20.0), 'top': np.float64(20.000000000000007)}, 'axes_bbox_px': {'x0': 236, 'y0': 236, 'x1': 708, 'y1': 566, 'width': 472, 'height': 330}, 'axes_bbox_mm': {'x0': np.float64(20.0), 'y0': np.float64(20.0), 'x1': np.float64(60.0), 'y1': np.float64(47.99999999999999), 'width': np.float64(40.0), 'height': np.float64(27.999999999999993)}, 'url': 'https://scitex.ai'}[0m
[32mSUCC: Saved to: ./../scitex-code/examples/demo_plot_all_types_publication_out/publication/01_matplotlib_basic/10_contour.csv (2.7 KiB)[0m
[32mSUCC: Saved to: ./../scitex-code/examples/demo_plot_all_types_publication_out/publication/01_matplotlib_basic/10_contour.pdf (14.2 KiB)[0m
[90mINFO:   • Auto-collected metadata from figure[0m
[90mINFO: 📝 Saving figure with metadata to: /home/ywatanabe/proj/scitex-code/examples/demo_plot_all_types_publication_out/publication/01_matplotlib_basic/10_contour.jpg[0m
[90mINFO:   • Auto-added URL: https://scitex.ai[0m
/home/ywatanabe/proj/scitex-code/src/scitex/io/_save_modules/_image.py:103: UserWarning: This figure includes Axes that are not compatible with tight_layout, so results might be incorrect.
  obj.figure.savefig(buf, **save_kwargs)
[90mINFO:   • Embedded metadata: {'metadata_version': '1.0.0', 'scitex': {'version': '2.2.2', 'created_at': '2025-11-19T18:38:41.709637', 'created_with': 'scitex.plt.subplots (mm-control)', 'mode': 'publication', 'axes_size_mm': (40, 28), 'position_in_grid': (0, 0), 'style_mm': {'axis_thickness_mm': 0.2, 'tick_length_mm': 0.8, 'tick_thickness_mm': 0.2, 'trace_thickness_mm': 0.2, 'axis_font_size_pt': 7, 'tick_font_size_pt': 7, 'title_font_size_pt': 8, 'legend_font_size_pt': 6, 'label_pad_pt': 0.5, 'tick_pad_pt': 2.0, 'title_pad_pt': 1.0, 'font_family': 'Arial', 'n_ticks': 4, 'font_family_requested': 'Arial', 'font_family_actual': 'Arial'}}, 'matplotlib': {'version': '3.10.3'}, 'dimensions': {'figure_size_mm': (np.float64(80.0), np.float64(68.0)), 'figure_size_inch': (np.float64(3.1496062992125986), np.float64(2.677165354330709)), 'figure_size_px': (944, 803), 'axes_size_mm': (np.float64(40.0), np.float64(27.999999999999993)), 'axes_size_inch': (np.float64(1.5748031496062993), np.float64(1.1023622047244093)), 'axes_size_px': (472, 330), 'axes_position': (np.float64(0.25), np.float64(0.29411764705882354), np.float64(0.5), np.float64(0.41176470588235287)), 'dpi': 300}, 'margins_mm': {'left': np.float64(20.0), 'bottom': np.float64(20.0), 'right': np.float64(20.0), 'top': np.float64(20.000000000000007)}, 'axes_bbox_px': {'x0': 236, 'y0': 236, 'x1': 708, 'y1': 566, 'width': 472, 'height': 330}, 'axes_bbox_mm': {'x0': np.float64(20.0), 'y0': np.float64(20.0), 'x1': np.float64(60.0), 'y1': np.float64(47.99999999999999), 'width': np.float64(40.0), 'height': np.float64(27.999999999999993)}, 'url': 'https://scitex.ai'}[0m
[90mINFO:   • Auto-cropped with 1.0mm margin (23px at 600 DPI)[0m
[32mSUCC: Saved to: ./../scitex-code/examples/demo_plot_all_types_publication_out/publication/01_matplotlib_basic/10_contour.csv (2.7 KiB)[0m
[32mSUCC: Saved to: ./../scitex-code/examples/demo_plot_all_types_publication_out/publication/01_matplotlib_basic/10_contour.jpg (462.2 KiB)[0m
[90mINFO:   • Auto-collected metadata from figure[0m
[90mINFO: 📝 Saving figure with metadata to: /home/ywatanabe/proj/scitex-code/examples/demo_plot_all_types_publication_out/publication/01_matplotlib_basic/11_violinplot.png[0m
[90mINFO:   • Auto-added URL: https://scitex.ai[0m
/home/ywatanabe/proj/scitex-code/src/scitex/io/_save_modules/_image.py:57: UserWarning: This figure includes Axes that are not compatible with tight_layout, so results might be incorrect.
  obj.savefig(spath, **kwargs)
[90mINFO:   • Embedded metadata: {'metadata_version': '1.0.0', 'scitex': {'version': '2.2.2', 'created_at': '2025-11-19T18:38:42.227295', 'created_with': 'scitex.plt.subplots (mm-control)', 'mode': 'publication', 'axes_size_mm': (40, 28), 'position_in_grid': (0, 0), 'style_mm': {'axis_thickness_mm': 0.2, 'tick_length_mm': 0.8, 'tick_thickness_mm': 0.2, 'trace_thickness_mm': 0.2, 'axis_font_size_pt': 7, 'tick_font_size_pt': 7, 'title_font_size_pt': 8, 'legend_font_size_pt': 6, 'label_pad_pt': 0.5, 'tick_pad_pt': 2.0, 'title_pad_pt': 1.0, 'font_family': 'Arial', 'n_ticks': 4, 'font_family_requested': 'Arial', 'font_family_actual': 'Arial'}}, 'matplotlib': {'version': '3.10.3'}, 'dimensions': {'figure_size_mm': (np.float64(80.0), np.float64(68.0)), 'figure_size_inch': (np.float64(3.1496062992125986), np.float64(2.677165354330709)), 'figure_size_px': (944, 803), 'axes_size_mm': (np.float64(40.0), np.float64(27.999999999999993)), 'axes_size_inch': (np.float64(1.5748031496062993), np.float64(1.1023622047244093)), 'axes_size_px': (472, 330), 'axes_position': (np.float64(0.25), np.float64(0.29411764705882354), np.float64(0.5), np.float64(0.41176470588235287)), 'dpi': 300}, 'margins_mm': {'left': np.float64(20.0), 'bottom': np.float64(20.0), 'right': np.float64(20.0), 'top': np.float64(20.000000000000007)}, 'axes_bbox_px': {'x0': 236, 'y0': 236, 'x1': 708, 'y1': 566, 'width': 472, 'height': 330}, 'axes_bbox_mm': {'x0': np.float64(20.0), 'y0': np.float64(20.0), 'x1': np.float64(60.0), 'y1': np.float64(47.99999999999999), 'width': np.float64(40.0), 'height': np.float64(27.999999999999993)}, 'url': 'https://scitex.ai'}[0m
[90mINFO:   • Auto-cropped with 1.0mm margin (11px at 300 DPI)[0m
[32mSUCC: Saved to: ./../scitex-code/examples/demo_plot_all_types_publication_out/publication/01_matplotlib_basic/11_violinplot.csv (8.3 KiB)[0m
[32mSUCC: Saved to: ./../scitex-code/examples/demo_plot_all_types_publication_out/publication/01_matplotlib_basic/11_violinplot.png (1.1 MiB)[0m
[90mINFO:   • Auto-collected metadata from figure[0m
[90mINFO: 📝 Saving figure with metadata to: /home/ywatanabe/proj/scitex-code/examples/demo_plot_all_types_publication_out/publication/01_matplotlib_basic/11_violinplot.pdf[0m
[90mINFO:   • Auto-added URL: https://scitex.ai[0m
/home/ywatanabe/proj/scitex-code/src/scitex/io/_save_modules/_image.py:174: UserWarning: This figure includes Axes that are not compatible with tight_layout, so results might be incorrect.
  obj.savefig(spath, **save_kwargs)
[90mINFO:   • Embedded metadata: {'metadata_version': '1.0.0', 'scitex': {'version': '2.2.2', 'created_at': '2025-11-19T18:38:42.452728', 'created_with': 'scitex.plt.subplots (mm-control)', 'mode': 'publication', 'axes_size_mm': (40, 28), 'position_in_grid': (0, 0), 'style_mm': {'axis_thickness_mm': 0.2, 'tick_length_mm': 0.8, 'tick_thickness_mm': 0.2, 'trace_thickness_mm': 0.2, 'axis_font_size_pt': 7, 'tick_font_size_pt': 7, 'title_font_size_pt': 8, 'legend_font_size_pt': 6, 'label_pad_pt': 0.5, 'tick_pad_pt': 2.0, 'title_pad_pt': 1.0, 'font_family': 'Arial', 'n_ticks': 4, 'font_family_requested': 'Arial', 'font_family_actual': 'Arial'}}, 'matplotlib': {'version': '3.10.3'}, 'dimensions': {'figure_size_mm': (np.float64(80.0), np.float64(68.0)), 'figure_size_inch': (np.float64(3.1496062992125986), np.float64(2.677165354330709)), 'figure_size_px': (944, 803), 'axes_size_mm': (np.float64(40.0), np.float64(27.999999999999993)), 'axes_size_inch': (np.float64(1.5748031496062993), np.float64(1.1023622047244093)), 'axes_size_px': (472, 330), 'axes_position': (np.float64(0.25), np.float64(0.29411764705882354), np.float64(0.5), np.float64(0.41176470588235287)), 'dpi': 300}, 'margins_mm': {'left': np.float64(20.0), 'bottom': np.float64(20.0), 'right': np.float64(20.0), 'top': np.float64(20.000000000000007)}, 'axes_bbox_px': {'x0': 236, 'y0': 236, 'x1': 708, 'y1': 566, 'width': 472, 'height': 330}, 'axes_bbox_mm': {'x0': np.float64(20.0), 'y0': np.float64(20.0), 'x1': np.float64(60.0), 'y1': np.float64(47.99999999999999), 'width': np.float64(40.0), 'height': np.float64(27.999999999999993)}, 'url': 'https://scitex.ai'}[0m
[32mSUCC: Saved to: ./../scitex-code/examples/demo_plot_all_types_publication_out/publication/01_matplotlib_basic/11_violinplot.csv (8.3 KiB)[0m
[32mSUCC: Saved to: ./../scitex-code/examples/demo_plot_all_types_publication_out/publication/01_matplotlib_basic/11_violinplot.pdf (21.5 KiB)[0m
[90mINFO:   • Auto-collected metadata from figure[0m
[90mINFO: 📝 Saving figure with metadata to: /home/ywatanabe/proj/scitex-code/examples/demo_plot_all_types_publication_out/publication/01_matplotlib_basic/11_violinplot.jpg[0m
[90mINFO:   • Auto-added URL: https://scitex.ai[0m
/home/ywatanabe/proj/scitex-code/src/scitex/io/_save_modules/_image.py:103: UserWarning: This figure includes Axes that are not compatible with tight_layout, so results might be incorrect.
  obj.figure.savefig(buf, **save_kwargs)
[90mINFO:   • Embedded metadata: {'metadata_version': '1.0.0', 'scitex': {'version': '2.2.2', 'created_at': '2025-11-19T18:38:42.602288', 'created_with': 'scitex.plt.subplots (mm-control)', 'mode': 'publication', 'axes_size_mm': (40, 28), 'position_in_grid': (0, 0), 'style_mm': {'axis_thickness_mm': 0.2, 'tick_length_mm': 0.8, 'tick_thickness_mm': 0.2, 'trace_thickness_mm': 0.2, 'axis_font_size_pt': 7, 'tick_font_size_pt': 7, 'title_font_size_pt': 8, 'legend_font_size_pt': 6, 'label_pad_pt': 0.5, 'tick_pad_pt': 2.0, 'title_pad_pt': 1.0, 'font_family': 'Arial', 'n_ticks': 4, 'font_family_requested': 'Arial', 'font_family_actual': 'Arial'}}, 'matplotlib': {'version': '3.10.3'}, 'dimensions': {'figure_size_mm': (np.float64(80.0), np.float64(68.0)), 'figure_size_inch': (np.float64(3.1496062992125986), np.float64(2.677165354330709)), 'figure_size_px': (944, 803), 'axes_size_mm': (np.float64(40.0), np.float64(27.999999999999993)), 'axes_size_inch': (np.float64(1.5748031496062993), np.float64(1.1023622047244093)), 'axes_size_px': (472, 330), 'axes_position': (np.float64(0.25), np.float64(0.29411764705882354), np.float64(0.5), np.float64(0.41176470588235287)), 'dpi': 300}, 'margins_mm': {'left': np.float64(20.0), 'bottom': np.float64(20.0), 'right': np.float64(20.0), 'top': np.float64(20.000000000000007)}, 'axes_bbox_px': {'x0': 236, 'y0': 236, 'x1': 708, 'y1': 566, 'width': 472, 'height': 330}, 'axes_bbox_mm': {'x0': np.float64(20.0), 'y0': np.float64(20.0), 'x1': np.float64(60.0), 'y1': np.float64(47.99999999999999), 'width': np.float64(40.0), 'height': np.float64(27.999999999999993)}, 'url': 'https://scitex.ai'}[0m
[90mINFO:   • Auto-cropped with 1.0mm margin (23px at 600 DPI)[0m
[32mSUCC: Saved to: ./../scitex-code/examples/demo_plot_all_types_publication_out/publication/01_matplotlib_basic/11_violinplot.csv (8.3 KiB)[0m
[32mSUCC: Saved to: ./../scitex-code/examples/demo_plot_all_types_publication_out/publication/01_matplotlib_basic/11_violinplot.jpg (183.5 KiB)[0m
[90mINFO:   • Auto-collected metadata from figure[0m
[90mINFO: 📝 Saving figure with metadata to: /home/ywatanabe/proj/scitex-code/examples/demo_plot_all_types_publication_out/publication/02_custom_scitex/01_plot_heatmap.png[0m
[90mINFO:   • Auto-added URL: https://scitex.ai[0m
/home/ywatanabe/proj/scitex-code/src/scitex/io/_save_modules/_image.py:57: UserWarning: This figure includes Axes that are not compatible with tight_layout, so results might be incorrect.
  obj.savefig(spath, **kwargs)
[90mINFO:   • Embedded metadata: {'metadata_version': '1.0.0', 'scitex': {'version': '2.2.2', 'created_at': '2025-11-19T18:38:43.147747', 'created_with': 'scitex.plt.subplots (mm-control)', 'mode': 'publication', 'axes_size_mm': (45, 30), 'position_in_grid': (0, 0), 'style_mm': {'axis_thickness_mm': 0.2, 'tick_length_mm': 0.8, 'tick_thickness_mm': 0.2, 'trace_thickness_mm': 0.2, 'axis_font_size_pt': 7, 'tick_font_size_pt': 7, 'title_font_size_pt': 8, 'legend_font_size_pt': 6, 'label_pad_pt': 0.5, 'tick_pad_pt': 2.0, 'title_pad_pt': 1.0, 'font_family': 'Arial', 'n_ticks': 4, 'font_family_requested': 'Arial', 'font_family_actual': 'Arial'}}, 'matplotlib': {'version': '3.10.3'}, 'dimensions': {'figure_size_mm': (np.float64(85.0), np.float64(70.0)), 'figure_size_inch': (np.float64(3.346456692913386), np.float64(2.7559055118110236)), 'figure_size_px': (1003, 826), 'axes_size_mm': (np.float64(36.0), np.float64(24.0)), 'axes_size_inch': (np.float64(1.4173228346456694), np.float64(0.9448818897637795)), 'axes_size_px': (425, 283), 'axes_position': (np.float64(0.23529411764705882), np.float64(0.3285714285714285), np.float64(0.4235294117647059), np.float64(0.34285714285714286)), 'dpi': 300}, 'margins_mm': {'left': np.float64(20.0), 'bottom': np.float64(22.999999999999996), 'right': np.float64(29.0), 'top': np.float64(23.0)}, 'axes_bbox_px': {'x0': 236, 'y0': 271, 'x1': 661, 'y1': 554, 'width': 425, 'height': 283}, 'axes_bbox_mm': {'x0': np.float64(20.0), 'y0': np.float64(23.000000000000004), 'x1': np.float64(56.0), 'y1': np.float64(47.0), 'width': np.float64(36.0), 'height': np.float64(24.0)}, 'url': 'https://scitex.ai'}[0m
[90mINFO:   • Auto-cropped with 1.0mm margin (11px at 300 DPI)[0m
[32mSUCC: Saved to: ./../scitex-code/examples/demo_plot_all_types_publication_out/publication/02_custom_scitex/01_plot_heatmap.csv (2.3 KiB)[0m
[32mSUCC: Saved to: ./../scitex-code/examples/demo_plot_all_types_publication_out/publication/02_custom_scitex/01_plot_heatmap.png (1.0 MiB)[0m
[90mINFO:   • Auto-collected metadata from figure[0m
[90mINFO: 📝 Saving figure with metadata to: /home/ywatanabe/proj/scitex-code/examples/demo_plot_all_types_publication_out/publication/02_custom_scitex/01_plot_heatmap.pdf[0m
[90mINFO:   • Auto-added URL: https://scitex.ai[0m
/home/ywatanabe/proj/scitex-code/src/scitex/io/_save_modules/_image.py:174: UserWarning: This figure includes Axes that are not compatible with tight_layout, so results might be incorrect.
  obj.savefig(spath, **save_kwargs)
[90mINFO:   • Embedded metadata: {'metadata_version': '1.0.0', 'scitex': {'version': '2.2.2', 'created_at': '2025-11-19T18:38:43.491429', 'created_with': 'scitex.plt.subplots (mm-control)', 'mode': 'publication', 'axes_size_mm': (45, 30), 'position_in_grid': (0, 0), 'style_mm': {'axis_thickness_mm': 0.2, 'tick_length_mm': 0.8, 'tick_thickness_mm': 0.2, 'trace_thickness_mm': 0.2, 'axis_font_size_pt': 7, 'tick_font_size_pt': 7, 'title_font_size_pt': 8, 'legend_font_size_pt': 6, 'label_pad_pt': 0.5, 'tick_pad_pt': 2.0, 'title_pad_pt': 1.0, 'font_family': 'Arial', 'n_ticks': 4, 'font_family_requested': 'Arial', 'font_family_actual': 'Arial'}}, 'matplotlib': {'version': '3.10.3'}, 'dimensions': {'figure_size_mm': (np.float64(85.0), np.float64(70.0)), 'figure_size_inch': (np.float64(3.346456692913386), np.float64(2.7559055118110236)), 'figure_size_px': (1003, 826), 'axes_size_mm': (np.float64(36.0), np.float64(24.0)), 'axes_size_inch': (np.float64(1.4173228346456694), np.float64(0.9448818897637795)), 'axes_size_px': (425, 283), 'axes_position': (np.float64(0.23529411764705882), np.float64(0.3285714285714285), np.float64(0.4235294117647059), np.float64(0.34285714285714286)), 'dpi': 300}, 'margins_mm': {'left': np.float64(20.0), 'bottom': np.float64(22.999999999999996), 'right': np.float64(29.0), 'top': np.float64(23.0)}, 'axes_bbox_px': {'x0': 236, 'y0': 271, 'x1': 661, 'y1': 554, 'width': 425, 'height': 283}, 'axes_bbox_mm': {'x0': np.float64(20.0), 'y0': np.float64(23.000000000000004), 'x1': np.float64(56.0), 'y1': np.float64(47.0), 'width': np.float64(36.0), 'height': np.float64(24.0)}, 'url': 'https://scitex.ai'}[0m
[32mSUCC: Saved to: ./../scitex-code/examples/demo_plot_all_types_publication_out/publication/02_custom_scitex/01_plot_heatmap.csv (2.3 KiB)[0m
[32mSUCC: Saved to: ./../scitex-code/examples/demo_plot_all_types_publication_out/publication/02_custom_scitex/01_plot_heatmap.pdf (20.0 KiB)[0m
[90mINFO:   • Auto-collected metadata from figure[0m
[90mINFO: 📝 Saving figure with metadata to: /home/ywatanabe/proj/scitex-code/examples/demo_plot_all_types_publication_out/publication/02_custom_scitex/01_plot_heatmap.jpg[0m
[90mINFO:   • Auto-added URL: https://scitex.ai[0m
/home/ywatanabe/proj/scitex-code/src/scitex/io/_save_modules/_image.py:103: UserWarning: This figure includes Axes that are not compatible with tight_layout, so results might be incorrect.
  obj.figure.savefig(buf, **save_kwargs)
[90mINFO:   • Embedded metadata: {'metadata_version': '1.0.0', 'scitex': {'version': '2.2.2', 'created_at': '2025-11-19T18:38:43.707288', 'created_with': 'scitex.plt.subplots (mm-control)', 'mode': 'publication', 'axes_size_mm': (45, 30), 'position_in_grid': (0, 0), 'style_mm': {'axis_thickness_mm': 0.2, 'tick_length_mm': 0.8, 'tick_thickness_mm': 0.2, 'trace_thickness_mm': 0.2, 'axis_font_size_pt': 7, 'tick_font_size_pt': 7, 'title_font_size_pt': 8, 'legend_font_size_pt': 6, 'label_pad_pt': 0.5, 'tick_pad_pt': 2.0, 'title_pad_pt': 1.0, 'font_family': 'Arial', 'n_ticks': 4, 'font_family_requested': 'Arial', 'font_family_actual': 'Arial'}}, 'matplotlib': {'version': '3.10.3'}, 'dimensions': {'figure_size_mm': (np.float64(85.0), np.float64(70.0)), 'figure_size_inch': (np.float64(3.346456692913386), np.float64(2.7559055118110236)), 'figure_size_px': (1003, 826), 'axes_size_mm': (np.float64(36.0), np.float64(24.0)), 'axes_size_inch': (np.float64(1.4173228346456694), np.float64(0.9448818897637795)), 'axes_size_px': (425, 283), 'axes_position': (np.float64(0.23529411764705882), np.float64(0.3285714285714285), np.float64(0.4235294117647059), np.float64(0.34285714285714286)), 'dpi': 300}, 'margins_mm': {'left': np.float64(20.0), 'bottom': np.float64(22.999999999999996), 'right': np.float64(29.0), 'top': np.float64(23.0)}, 'axes_bbox_px': {'x0': 236, 'y0': 271, 'x1': 661, 'y1': 554, 'width': 425, 'height': 283}, 'axes_bbox_mm': {'x0': np.float64(20.0), 'y0': np.float64(23.000000000000004), 'x1': np.float64(56.0), 'y1': np.float64(47.0), 'width': np.float64(36.0), 'height': np.float64(24.0)}, 'url': 'https://scitex.ai'}[0m
[90mINFO:   • Auto-cropped with 1.0mm margin (23px at 600 DPI)[0m
[32mSUCC: Saved to: ./../scitex-code/examples/demo_plot_all_types_publication_out/publication/02_custom_scitex/01_plot_heatmap.csv (2.3 KiB)[0m
[32mSUCC: Saved to: ./../scitex-code/examples/demo_plot_all_types_publication_out/publication/02_custom_scitex/01_plot_heatmap.jpg (763.8 KiB)[0m
[90mINFO:   • Auto-collected metadata from figure[0m
[90mINFO: 📝 Saving figure with metadata to: /home/ywatanabe/proj/scitex-code/examples/demo_plot_all_types_publication_out/publication/02_custom_scitex/02_plot_line.png[0m
[90mINFO:   • Auto-added URL: https://scitex.ai[0m
/home/ywatanabe/proj/scitex-code/src/scitex/io/_save_modules/_image.py:57: UserWarning: This figure includes Axes that are not compatible with tight_layout, so results might be incorrect.
  obj.savefig(spath, **kwargs)
[90mINFO:   • Embedded metadata: {'metadata_version': '1.0.0', 'scitex': {'version': '2.2.2', 'created_at': '2025-11-19T18:38:44.420701', 'created_with': 'scitex.plt.subplots (mm-control)', 'mode': 'publication', 'axes_size_mm': (40, 28), 'position_in_grid': (0, 0), 'style_mm': {'axis_thickness_mm': 0.2, 'tick_length_mm': 0.8, 'tick_thickness_mm': 0.2, 'trace_thickness_mm': 0.2, 'axis_font_size_pt': 7, 'tick_font_size_pt': 7, 'title_font_size_pt': 8, 'legend_font_size_pt': 6, 'label_pad_pt': 0.5, 'tick_pad_pt': 2.0, 'title_pad_pt': 1.0, 'font_family': 'Arial', 'n_ticks': 4, 'font_family_requested': 'Arial', 'font_family_actual': 'Arial'}}, 'matplotlib': {'version': '3.10.3'}, 'dimensions': {'figure_size_mm': (np.float64(80.0), np.float64(68.0)), 'figure_size_inch': (np.float64(3.1496062992125986), np.float64(2.677165354330709)), 'figure_size_px': (944, 803), 'axes_size_mm': (np.float64(40.0), np.float64(27.999999999999993)), 'axes_size_inch': (np.float64(1.5748031496062993), np.float64(1.1023622047244093)), 'axes_size_px': (472, 330), 'axes_position': (np.float64(0.25), np.float64(0.29411764705882354), np.float64(0.5), np.float64(0.41176470588235287)), 'dpi': 300}, 'margins_mm': {'left': np.float64(20.0), 'bottom': np.float64(20.0), 'right': np.float64(20.0), 'top': np.float64(20.000000000000007)}, 'axes_bbox_px': {'x0': 236, 'y0': 236, 'x1': 708, 'y1': 566, 'width': 472, 'height': 330}, 'axes_bbox_mm': {'x0': np.float64(20.0), 'y0': np.float64(20.0), 'x1': np.float64(60.0), 'y1': np.float64(47.99999999999999), 'width': np.float64(40.0), 'height': np.float64(27.999999999999993)}, 'url': 'https://scitex.ai'}[0m
[90mINFO:   • Auto-cropped with 1.0mm margin (11px at 300 DPI)[0m
[32mSUCC: Saved to: ./../scitex-code/examples/demo_plot_all_types_publication_out/publication/02_custom_scitex/02_plot_line.csv (2.2 KiB)[0m
[32mSUCC: Saved to: ./../scitex-code/examples/demo_plot_all_types_publication_out/publication/02_custom_scitex/02_plot_line.png (1.1 MiB)[0m
[90mINFO:   • Auto-collected metadata from figure[0m
[90mINFO: 📝 Saving figure with metadata to: /home/ywatanabe/proj/scitex-code/examples/demo_plot_all_types_publication_out/publication/02_custom_scitex/02_plot_line.pdf[0m
[90mINFO:   • Auto-added URL: https://scitex.ai[0m
/home/ywatanabe/proj/scitex-code/src/scitex/io/_save_modules/_image.py:174: UserWarning: This figure includes Axes that are not compatible with tight_layout, so results might be incorrect.
  obj.savefig(spath, **save_kwargs)
[90mINFO:   • Embedded metadata: {'metadata_version': '1.0.0', 'scitex': {'version': '2.2.2', 'created_at': '2025-11-19T18:38:44.615406', 'created_with': 'scitex.plt.subplots (mm-control)', 'mode': 'publication', 'axes_size_mm': (40, 28), 'position_in_grid': (0, 0), 'style_mm': {'axis_thickness_mm': 0.2, 'tick_length_mm': 0.8, 'tick_thickness_mm': 0.2, 'trace_thickness_mm': 0.2, 'axis_font_size_pt': 7, 'tick_font_size_pt': 7, 'title_font_size_pt': 8, 'legend_font_size_pt': 6, 'label_pad_pt': 0.5, 'tick_pad_pt': 2.0, 'title_pad_pt': 1.0, 'font_family': 'Arial', 'n_ticks': 4, 'font_family_requested': 'Arial', 'font_family_actual': 'Arial'}}, 'matplotlib': {'version': '3.10.3'}, 'dimensions': {'figure_size_mm': (np.float64(80.0), np.float64(68.0)), 'figure_size_inch': (np.float64(3.1496062992125986), np.float64(2.677165354330709)), 'figure_size_px': (944, 803), 'axes_size_mm': (np.float64(40.0), np.float64(27.999999999999993)), 'axes_size_inch': (np.float64(1.5748031496062993), np.float64(1.1023622047244093)), 'axes_size_px': (472, 330), 'axes_position': (np.float64(0.25), np.float64(0.29411764705882354), np.float64(0.5), np.float64(0.41176470588235287)), 'dpi': 300}, 'margins_mm': {'left': np.float64(20.0), 'bottom': np.float64(20.0), 'right': np.float64(20.0), 'top': np.float64(20.000000000000007)}, 'axes_bbox_px': {'x0': 236, 'y0': 236, 'x1': 708, 'y1': 566, 'width': 472, 'height': 330}, 'axes_bbox_mm': {'x0': np.float64(20.0), 'y0': np.float64(20.0), 'x1': np.float64(60.0), 'y1': np.float64(47.99999999999999), 'width': np.float64(40.0), 'height': np.float64(27.999999999999993)}, 'url': 'https://scitex.ai'}[0m
[32mSUCC: Saved to: ./../scitex-code/examples/demo_plot_all_types_publication_out/publication/02_custom_scitex/02_plot_line.csv (2.2 KiB)[0m
[32mSUCC: Saved to: ./../scitex-code/examples/demo_plot_all_types_publication_out/publication/02_custom_scitex/02_plot_line.pdf (16.0 KiB)[0m
[90mINFO:   • Auto-collected metadata from figure[0m
[90mINFO: 📝 Saving figure with metadata to: /home/ywatanabe/proj/scitex-code/examples/demo_plot_all_types_publication_out/publication/02_custom_scitex/02_plot_line.jpg[0m
[90mINFO:   • Auto-added URL: https://scitex.ai[0m
/home/ywatanabe/proj/scitex-code/src/scitex/io/_save_modules/_image.py:103: UserWarning: This figure includes Axes that are not compatible with tight_layout, so results might be incorrect.
  obj.figure.savefig(buf, **save_kwargs)
[90mINFO:   • Embedded metadata: {'metadata_version': '1.0.0', 'scitex': {'version': '2.2.2', 'created_at': '2025-11-19T18:38:44.701445', 'created_with': 'scitex.plt.subplots (mm-control)', 'mode': 'publication', 'axes_size_mm': (40, 28), 'position_in_grid': (0, 0), 'style_mm': {'axis_thickness_mm': 0.2, 'tick_length_mm': 0.8, 'tick_thickness_mm': 0.2, 'trace_thickness_mm': 0.2, 'axis_font_size_pt': 7, 'tick_font_size_pt': 7, 'title_font_size_pt': 8, 'legend_font_size_pt': 6, 'label_pad_pt': 0.5, 'tick_pad_pt': 2.0, 'title_pad_pt': 1.0, 'font_family': 'Arial', 'n_ticks': 4, 'font_family_requested': 'Arial', 'font_family_actual': 'Arial'}}, 'matplotlib': {'version': '3.10.3'}, 'dimensions': {'figure_size_mm': (np.float64(80.0), np.float64(68.0)), 'figure_size_inch': (np.float64(3.1496062992125986), np.float64(2.677165354330709)), 'figure_size_px': (944, 803), 'axes_size_mm': (np.float64(40.0), np.float64(27.999999999999993)), 'axes_size_inch': (np.float64(1.5748031496062993), np.float64(1.1023622047244093)), 'axes_size_px': (472, 330), 'axes_position': (np.float64(0.25), np.float64(0.29411764705882354), np.float64(0.5), np.float64(0.41176470588235287)), 'dpi': 300}, 'margins_mm': {'left': np.float64(20.0), 'bottom': np.float64(20.0), 'right': np.float64(20.0), 'top': np.float64(20.000000000000007)}, 'axes_bbox_px': {'x0': 236, 'y0': 236, 'x1': 708, 'y1': 566, 'width': 472, 'height': 330}, 'axes_bbox_mm': {'x0': np.float64(20.0), 'y0': np.float64(20.0), 'x1': np.float64(60.0), 'y1': np.float64(47.99999999999999), 'width': np.float64(40.0), 'height': np.float64(27.999999999999993)}, 'url': 'https://scitex.ai'}[0m
[90mINFO:   • Auto-cropped with 1.0mm margin (23px at 600 DPI)[0m
[32mSUCC: Saved to: ./../scitex-code/examples/demo_plot_all_types_publication_out/publication/02_custom_scitex/02_plot_line.csv (2.2 KiB)[0m
[32mSUCC: Saved to: ./../scitex-code/examples/demo_plot_all_types_publication_out/publication/02_custom_scitex/02_plot_line.jpg (244.1 KiB)[0m
[90mINFO:   • Auto-collected metadata from figure[0m
[90mINFO: 📝 Saving figure with metadata to: /home/ywatanabe/proj/scitex-code/examples/demo_plot_all_types_publication_out/publication/02_custom_scitex/03_plot_shaded_line.png[0m
[90mINFO:   • Auto-added URL: https://scitex.ai[0m
/home/ywatanabe/proj/scitex-code/src/scitex/io/_save_modules/_image.py:57: UserWarning: This figure includes Axes that are not compatible with tight_layout, so results might be incorrect.
  obj.savefig(spath, **kwargs)
[90mINFO:   • Embedded metadata: {'metadata_version': '1.0.0', 'scitex': {'version': '2.2.2', 'created_at': '2025-11-19T18:38:45.149983', 'created_with': 'scitex.plt.subplots (mm-control)', 'mode': 'publication', 'axes_size_mm': (40, 28), 'position_in_grid': (0, 0), 'style_mm': {'axis_thickness_mm': 0.2, 'tick_length_mm': 0.8, 'tick_thickness_mm': 0.2, 'trace_thickness_mm': 0.2, 'axis_font_size_pt': 7, 'tick_font_size_pt': 7, 'title_font_size_pt': 8, 'legend_font_size_pt': 6, 'label_pad_pt': 0.5, 'tick_pad_pt': 2.0, 'title_pad_pt': 1.0, 'font_family': 'Arial', 'n_ticks': 4, 'font_family_requested': 'Arial', 'font_family_actual': 'Arial'}}, 'matplotlib': {'version': '3.10.3'}, 'dimensions': {'figure_size_mm': (np.float64(80.0), np.float64(68.0)), 'figure_size_inch': (np.float64(3.1496062992125986), np.float64(2.677165354330709)), 'figure_size_px': (944, 803), 'axes_size_mm': (np.float64(40.0), np.float64(27.999999999999993)), 'axes_size_inch': (np.float64(1.5748031496062993), np.float64(1.1023622047244093)), 'axes_size_px': (472, 330), 'axes_position': (np.float64(0.25), np.float64(0.29411764705882354), np.float64(0.5), np.float64(0.41176470588235287)), 'dpi': 300}, 'margins_mm': {'left': np.float64(20.0), 'bottom': np.float64(20.0), 'right': np.float64(20.0), 'top': np.float64(20.000000000000007)}, 'axes_bbox_px': {'x0': 236, 'y0': 236, 'x1': 708, 'y1': 566, 'width': 472, 'height': 330}, 'axes_bbox_mm': {'x0': np.float64(20.0), 'y0': np.float64(20.0), 'x1': np.float64(60.0), 'y1': np.float64(47.99999999999999), 'width': np.float64(40.0), 'height': np.float64(27.999999999999993)}, 'url': 'https://scitex.ai'}[0m
[90mINFO:   • Auto-cropped with 1.0mm margin (11px at 300 DPI)[0m
[32mSUCC: Saved to: ./../scitex-code/examples/demo_plot_all_types_publication_out/publication/02_custom_scitex/03_plot_shaded_line.csv (3.8 KiB)[0m
[32mSUCC: Saved to: ./../scitex-code/examples/demo_plot_all_types_publication_out/publication/02_custom_scitex/03_plot_shaded_line.png (1.1 MiB)[0m
[90mINFO:   • Auto-collected metadata from figure[0m
[90mINFO: 📝 Saving figure with metadata to: /home/ywatanabe/proj/scitex-code/examples/demo_plot_all_types_publication_out/publication/02_custom_scitex/03_plot_shaded_line.pdf[0m
[90mINFO:   • Auto-added URL: https://scitex.ai[0m
/home/ywatanabe/proj/scitex-code/src/scitex/io/_save_modules/_image.py:174: UserWarning: This figure includes Axes that are not compatible with tight_layout, so results might be incorrect.
  obj.savefig(spath, **save_kwargs)
[90mINFO:   • Embedded metadata: {'metadata_version': '1.0.0', 'scitex': {'version': '2.2.2', 'created_at': '2025-11-19T18:38:45.412629', 'created_with': 'scitex.plt.subplots (mm-control)', 'mode': 'publication', 'axes_size_mm': (40, 28), 'position_in_grid': (0, 0), 'style_mm': {'axis_thickness_mm': 0.2, 'tick_length_mm': 0.8, 'tick_thickness_mm': 0.2, 'trace_thickness_mm': 0.2, 'axis_font_size_pt': 7, 'tick_font_size_pt': 7, 'title_font_size_pt': 8, 'legend_font_size_pt': 6, 'label_pad_pt': 0.5, 'tick_pad_pt': 2.0, 'title_pad_pt': 1.0, 'font_family': 'Arial', 'n_ticks': 4, 'font_family_requested': 'Arial', 'font_family_actual': 'Arial'}}, 'matplotlib': {'version': '3.10.3'}, 'dimensions': {'figure_size_mm': (np.float64(80.0), np.float64(68.0)), 'figure_size_inch': (np.float64(3.1496062992125986), np.float64(2.677165354330709)), 'figure_size_px': (944, 803), 'axes_size_mm': (np.float64(40.0), np.float64(27.999999999999993)), 'axes_size_inch': (np.float64(1.5748031496062993), np.float64(1.1023622047244093)), 'axes_size_px': (472, 330), 'axes_position': (np.float64(0.25), np.float64(0.29411764705882354), np.float64(0.5), np.float64(0.41176470588235287)), 'dpi': 300}, 'margins_mm': {'left': np.float64(20.0), 'bottom': np.float64(20.0), 'right': np.float64(20.0), 'top': np.float64(20.000000000000007)}, 'axes_bbox_px': {'x0': 236, 'y0': 236, 'x1': 708, 'y1': 566, 'width': 472, 'height': 330}, 'axes_bbox_mm': {'x0': np.float64(20.0), 'y0': np.float64(20.0), 'x1': np.float64(60.0), 'y1': np.float64(47.99999999999999), 'width': np.float64(40.0), 'height': np.float64(27.999999999999993)}, 'url': 'https://scitex.ai'}[0m
[32mSUCC: Saved to: ./../scitex-code/examples/demo_plot_all_types_publication_out/publication/02_custom_scitex/03_plot_shaded_line.csv (3.8 KiB)[0m
[32mSUCC: Saved to: ./../scitex-code/examples/demo_plot_all_types_publication_out/publication/02_custom_scitex/03_plot_shaded_line.pdf (18.3 KiB)[0m
[90mINFO:   • Auto-collected metadata from figure[0m
[90mINFO: 📝 Saving figure with metadata to: /home/ywatanabe/proj/scitex-code/examples/demo_plot_all_types_publication_out/publication/02_custom_scitex/03_plot_shaded_line.jpg[0m
[90mINFO:   • Auto-added URL: https://scitex.ai[0m
/home/ywatanabe/proj/scitex-code/src/scitex/io/_save_modules/_image.py:103: UserWarning: This figure includes Axes that are not compatible with tight_layout, so results might be incorrect.
  obj.figure.savefig(buf, **save_kwargs)
[90mINFO:   • Embedded metadata: {'metadata_version': '1.0.0', 'scitex': {'version': '2.2.2', 'created_at': '2025-11-19T18:38:45.538083', 'created_with': 'scitex.plt.subplots (mm-control)', 'mode': 'publication', 'axes_size_mm': (40, 28), 'position_in_grid': (0, 0), 'style_mm': {'axis_thickness_mm': 0.2, 'tick_length_mm': 0.8, 'tick_thickness_mm': 0.2, 'trace_thickness_mm': 0.2, 'axis_font_size_pt': 7, 'tick_font_size_pt': 7, 'title_font_size_pt': 8, 'legend_font_size_pt': 6, 'label_pad_pt': 0.5, 'tick_pad_pt': 2.0, 'title_pad_pt': 1.0, 'font_family': 'Arial', 'n_ticks': 4, 'font_family_requested': 'Arial', 'font_family_actual': 'Arial'}}, 'matplotlib': {'version': '3.10.3'}, 'dimensions': {'figure_size_mm': (np.float64(80.0), np.float64(68.0)), 'figure_size_inch': (np.float64(3.1496062992125986), np.float64(2.677165354330709)), 'figure_size_px': (944, 803), 'axes_size_mm': (np.float64(40.0), np.float64(27.999999999999993)), 'axes_size_inch': (np.float64(1.5748031496062993), np.float64(1.1023622047244093)), 'axes_size_px': (472, 330), 'axes_position': (np.float64(0.25), np.float64(0.29411764705882354), np.float64(0.5), np.float64(0.41176470588235287)), 'dpi': 300}, 'margins_mm': {'left': np.float64(20.0), 'bottom': np.float64(20.0), 'right': np.float64(20.0), 'top': np.float64(20.000000000000007)}, 'axes_bbox_px': {'x0': 236, 'y0': 236, 'x1': 708, 'y1': 566, 'width': 472, 'height': 330}, 'axes_bbox_mm': {'x0': np.float64(20.0), 'y0': np.float64(20.0), 'x1': np.float64(60.0), 'y1': np.float64(47.99999999999999), 'width': np.float64(40.0), 'height': np.float64(27.999999999999993)}, 'url': 'https://scitex.ai'}[0m
[90mINFO:   • Auto-cropped with 1.0mm margin (23px at 600 DPI)[0m
[32mSUCC: Saved to: ./../scitex-code/examples/demo_plot_all_types_publication_out/publication/02_custom_scitex/03_plot_shaded_line.csv (3.8 KiB)[0m
[32mSUCC: Saved to: ./../scitex-code/examples/demo_plot_all_types_publication_out/publication/02_custom_scitex/03_plot_shaded_line.jpg (241.4 KiB)[0m
[90mINFO:   • Auto-collected metadata from figure[0m
[90mINFO: 📝 Saving figure with metadata to: /home/ywatanabe/proj/scitex-code/examples/demo_plot_all_types_publication_out/publication/02_custom_scitex/04_plot_violin.png[0m
[90mINFO:   • Auto-added URL: https://scitex.ai[0m
/home/ywatanabe/proj/scitex-code/src/scitex/io/_save_modules/_image.py:57: UserWarning: This figure includes Axes that are not compatible with tight_layout, so results might be incorrect.
  obj.savefig(spath, **kwargs)
[90mINFO:   • Embedded metadata: {'metadata_version': '1.0.0', 'scitex': {'version': '2.2.2', 'created_at': '2025-11-19T18:38:46.126098', 'created_with': 'scitex.plt.subplots (mm-control)', 'mode': 'publication', 'axes_size_mm': (40, 28), 'position_in_grid': (0, 0), 'style_mm': {'axis_thickness_mm': 0.2, 'tick_length_mm': 0.8, 'tick_thickness_mm': 0.2, 'trace_thickness_mm': 0.2, 'axis_font_size_pt': 7, 'tick_font_size_pt': 7, 'title_font_size_pt': 8, 'legend_font_size_pt': 6, 'label_pad_pt': 0.5, 'tick_pad_pt': 2.0, 'title_pad_pt': 1.0, 'font_family': 'Arial', 'n_ticks': 4, 'font_family_requested': 'Arial', 'font_family_actual': 'Arial'}}, 'matplotlib': {'version': '3.10.3'}, 'dimensions': {'figure_size_mm': (np.float64(80.0), np.float64(68.0)), 'figure_size_inch': (np.float64(3.1496062992125986), np.float64(2.677165354330709)), 'figure_size_px': (944, 803), 'axes_size_mm': (np.float64(40.0), np.float64(27.999999999999993)), 'axes_size_inch': (np.float64(1.5748031496062993), np.float64(1.1023622047244093)), 'axes_size_px': (472, 330), 'axes_position': (np.float64(0.25), np.float64(0.29411764705882354), np.float64(0.5), np.float64(0.41176470588235287)), 'dpi': 300}, 'margins_mm': {'left': np.float64(20.0), 'bottom': np.float64(20.0), 'right': np.float64(20.0), 'top': np.float64(20.000000000000007)}, 'axes_bbox_px': {'x0': 236, 'y0': 236, 'x1': 708, 'y1': 566, 'width': 472, 'height': 330}, 'axes_bbox_mm': {'x0': np.float64(20.0), 'y0': np.float64(20.0), 'x1': np.float64(60.0), 'y1': np.float64(47.99999999999999), 'width': np.float64(40.0), 'height': np.float64(27.999999999999993)}, 'url': 'https://scitex.ai'}[0m
[90mINFO:   • Auto-cropped with 1.0mm margin (11px at 300 DPI)[0m
[32mSUCC: Saved to: ./../scitex-code/examples/demo_plot_all_types_publication_out/publication/02_custom_scitex/04_plot_violin.csv (7.9 KiB)[0m
[32mSUCC: Saved to: ./../scitex-code/examples/demo_plot_all_types_publication_out/publication/02_custom_scitex/04_plot_violin.png (1.0 MiB)[0m
[90mINFO:   • Auto-collected metadata from figure[0m
[90mINFO: 📝 Saving figure with metadata to: /home/ywatanabe/proj/scitex-code/examples/demo_plot_all_types_publication_out/publication/02_custom_scitex/04_plot_violin.pdf[0m
[90mINFO:   • Auto-added URL: https://scitex.ai[0m
/home/ywatanabe/proj/scitex-code/src/scitex/io/_save_modules/_image.py:174: UserWarning: This figure includes Axes that are not compatible with tight_layout, so results might be incorrect.
  obj.savefig(spath, **save_kwargs)
[90mINFO:   • Embedded metadata: {'metadata_version': '1.0.0', 'scitex': {'version': '2.2.2', 'created_at': '2025-11-19T18:38:46.412039', 'created_with': 'scitex.plt.subplots (mm-control)', 'mode': 'publication', 'axes_size_mm': (40, 28), 'position_in_grid': (0, 0), 'style_mm': {'axis_thickness_mm': 0.2, 'tick_length_mm': 0.8, 'tick_thickness_mm': 0.2, 'trace_thickness_mm': 0.2, 'axis_font_size_pt': 7, 'tick_font_size_pt': 7, 'title_font_size_pt': 8, 'legend_font_size_pt': 6, 'label_pad_pt': 0.5, 'tick_pad_pt': 2.0, 'title_pad_pt': 1.0, 'font_family': 'Arial', 'n_ticks': 4, 'font_family_requested': 'Arial', 'font_family_actual': 'Arial'}}, 'matplotlib': {'version': '3.10.3'}, 'dimensions': {'figure_size_mm': (np.float64(80.0), np.float64(68.0)), 'figure_size_inch': (np.float64(3.1496062992125986), np.float64(2.677165354330709)), 'figure_size_px': (944, 803), 'axes_size_mm': (np.float64(40.0), np.float64(27.999999999999993)), 'axes_size_inch': (np.float64(1.5748031496062993), np.float64(1.1023622047244093)), 'axes_size_px': (472, 330), 'axes_position': (np.float64(0.25), np.float64(0.29411764705882354), np.float64(0.5), np.float64(0.41176470588235287)), 'dpi': 300}, 'margins_mm': {'left': np.float64(20.0), 'bottom': np.float64(20.0), 'right': np.float64(20.0), 'top': np.float64(20.000000000000007)}, 'axes_bbox_px': {'x0': 236, 'y0': 236, 'x1': 708, 'y1': 566, 'width': 472, 'height': 330}, 'axes_bbox_mm': {'x0': np.float64(20.0), 'y0': np.float64(20.0), 'x1': np.float64(60.0), 'y1': np.float64(47.99999999999999), 'width': np.float64(40.0), 'height': np.float64(27.999999999999993)}, 'url': 'https://scitex.ai'}[0m
[32mSUCC: Saved to: ./../scitex-code/examples/demo_plot_all_types_publication_out/publication/02_custom_scitex/04_plot_violin.csv (7.9 KiB)[0m
[32mSUCC: Saved to: ./../scitex-code/examples/demo_plot_all_types_publication_out/publication/02_custom_scitex/04_plot_violin.pdf (19.9 KiB)[0m
[90mINFO:   • Auto-collected metadata from figure[0m
[90mINFO: 📝 Saving figure with metadata to: /home/ywatanabe/proj/scitex-code/examples/demo_plot_all_types_publication_out/publication/02_custom_scitex/04_plot_violin.jpg[0m
[90mINFO:   • Auto-added URL: https://scitex.ai[0m
/home/ywatanabe/proj/scitex-code/src/scitex/io/_save_modules/_image.py:103: UserWarning: This figure includes Axes that are not compatible with tight_layout, so results might be incorrect.
  obj.figure.savefig(buf, **save_kwargs)
[90mINFO:   • Embedded metadata: {'metadata_version': '1.0.0', 'scitex': {'version': '2.2.2', 'created_at': '2025-11-19T18:38:46.514048', 'created_with': 'scitex.plt.subplots (mm-control)', 'mode': 'publication', 'axes_size_mm': (40, 28), 'position_in_grid': (0, 0), 'style_mm': {'axis_thickness_mm': 0.2, 'tick_length_mm': 0.8, 'tick_thickness_mm': 0.2, 'trace_thickness_mm': 0.2, 'axis_font_size_pt': 7, 'tick_font_size_pt': 7, 'title_font_size_pt': 8, 'legend_font_size_pt': 6, 'label_pad_pt': 0.5, 'tick_pad_pt': 2.0, 'title_pad_pt': 1.0, 'font_family': 'Arial', 'n_ticks': 4, 'font_family_requested': 'Arial', 'font_family_actual': 'Arial'}}, 'matplotlib': {'version': '3.10.3'}, 'dimensions': {'figure_size_mm': (np.float64(80.0), np.float64(68.0)), 'figure_size_inch': (np.float64(3.1496062992125986), np.float64(2.677165354330709)), 'figure_size_px': (944, 803), 'axes_size_mm': (np.float64(40.0), np.float64(27.999999999999993)), 'axes_size_inch': (np.float64(1.5748031496062993), np.float64(1.1023622047244093)), 'axes_size_px': (472, 330), 'axes_position': (np.float64(0.25), np.float64(0.29411764705882354), np.float64(0.5), np.float64(0.41176470588235287)), 'dpi': 300}, 'margins_mm': {'left': np.float64(20.0), 'bottom': np.float64(20.0), 'right': np.float64(20.0), 'top': np.float64(20.000000000000007)}, 'axes_bbox_px': {'x0': 236, 'y0': 236, 'x1': 708, 'y1': 566, 'width': 472, 'height': 330}, 'axes_bbox_mm': {'x0': np.float64(20.0), 'y0': np.float64(20.0), 'x1': np.float64(60.0), 'y1': np.float64(47.99999999999999), 'width': np.float64(40.0), 'height': np.float64(27.999999999999993)}, 'url': 'https://scitex.ai'}[0m
[90mINFO:   • Auto-cropped with 1.0mm margin (23px at 600 DPI)[0m
[32mSUCC: Saved to: ./../scitex-code/examples/demo_plot_all_types_publication_out/publication/02_custom_scitex/04_plot_violin.csv (7.9 KiB)[0m
[32mSUCC: Saved to: ./../scitex-code/examples/demo_plot_all_types_publication_out/publication/02_custom_scitex/04_plot_violin.jpg (172.5 KiB)[0m
[90mINFO:   • Auto-collected metadata from figure[0m
[90mINFO: 📝 Saving figure with metadata to: /home/ywatanabe/proj/scitex-code/examples/demo_plot_all_types_publication_out/publication/02_custom_scitex/05_plot_ecdf.png[0m
[90mINFO:   • Auto-added URL: https://scitex.ai[0m
/home/ywatanabe/proj/scitex-code/src/scitex/io/_save_modules/_image.py:57: UserWarning: This figure includes Axes that are not compatible with tight_layout, so results might be incorrect.
  obj.savefig(spath, **kwargs)
[90mINFO:   • Embedded metadata: {'metadata_version': '1.0.0', 'scitex': {'version': '2.2.2', 'created_at': '2025-11-19T18:38:47.017923', 'created_with': 'scitex.plt.subplots (mm-control)', 'mode': 'publication', 'axes_size_mm': (40, 28), 'position_in_grid': (0, 0), 'style_mm': {'axis_thickness_mm': 0.2, 'tick_length_mm': 0.8, 'tick_thickness_mm': 0.2, 'trace_thickness_mm': 0.2, 'axis_font_size_pt': 7, 'tick_font_size_pt': 7, 'title_font_size_pt': 8, 'legend_font_size_pt': 6, 'label_pad_pt': 0.5, 'tick_pad_pt': 2.0, 'title_pad_pt': 1.0, 'font_family': 'Arial', 'n_ticks': 4, 'font_family_requested': 'Arial', 'font_family_actual': 'Arial'}}, 'matplotlib': {'version': '3.10.3'}, 'dimensions': {'figure_size_mm': (np.float64(80.0), np.float64(68.0)), 'figure_size_inch': (np.float64(3.1496062992125986), np.float64(2.677165354330709)), 'figure_size_px': (944, 803), 'axes_size_mm': (np.float64(40.0), np.float64(27.999999999999993)), 'axes_size_inch': (np.float64(1.5748031496062993), np.float64(1.1023622047244093)), 'axes_size_px': (472, 330), 'axes_position': (np.float64(0.25), np.float64(0.29411764705882354), np.float64(0.5), np.float64(0.41176470588235287)), 'dpi': 300}, 'margins_mm': {'left': np.float64(20.0), 'bottom': np.float64(20.0), 'right': np.float64(20.0), 'top': np.float64(20.000000000000007)}, 'axes_bbox_px': {'x0': 236, 'y0': 236, 'x1': 708, 'y1': 566, 'width': 472, 'height': 330}, 'axes_bbox_mm': {'x0': np.float64(20.0), 'y0': np.float64(20.0), 'x1': np.float64(60.0), 'y1': np.float64(47.99999999999999), 'width': np.float64(40.0), 'height': np.float64(27.999999999999993)}, 'url': 'https://scitex.ai'}[0m
[90mINFO:   • Auto-cropped with 1.0mm margin (11px at 300 DPI)[0m
[32mSUCC: Saved to: ./../scitex-code/examples/demo_plot_all_types_publication_out/publication/02_custom_scitex/05_plot_ecdf.csv (75.9 KiB)[0m
[32mSUCC: Saved to: ./../scitex-code/examples/demo_plot_all_types_publication_out/publication/02_custom_scitex/05_plot_ecdf.png (1.1 MiB)[0m
[90mINFO:   • Auto-collected metadata from figure[0m
[90mINFO: 📝 Saving figure with metadata to: /home/ywatanabe/proj/scitex-code/examples/demo_plot_all_types_publication_out/publication/02_custom_scitex/05_plot_ecdf.pdf[0m
[90mINFO:   • Auto-added URL: https://scitex.ai[0m
/home/ywatanabe/proj/scitex-code/src/scitex/io/_save_modules/_image.py:174: UserWarning: This figure includes Axes that are not compatible with tight_layout, so results might be incorrect.
  obj.savefig(spath, **save_kwargs)
[90mINFO:   • Embedded metadata: {'metadata_version': '1.0.0', 'scitex': {'version': '2.2.2', 'created_at': '2025-11-19T18:38:47.435332', 'created_with': 'scitex.plt.subplots (mm-control)', 'mode': 'publication', 'axes_size_mm': (40, 28), 'position_in_grid': (0, 0), 'style_mm': {'axis_thickness_mm': 0.2, 'tick_length_mm': 0.8, 'tick_thickness_mm': 0.2, 'trace_thickness_mm': 0.2, 'axis_font_size_pt': 7, 'tick_font_size_pt': 7, 'title_font_size_pt': 8, 'legend_font_size_pt': 6, 'label_pad_pt': 0.5, 'tick_pad_pt': 2.0, 'title_pad_pt': 1.0, 'font_family': 'Arial', 'n_ticks': 4, 'font_family_requested': 'Arial', 'font_family_actual': 'Arial'}}, 'matplotlib': {'version': '3.10.3'}, 'dimensions': {'figure_size_mm': (np.float64(80.0), np.float64(68.0)), 'figure_size_inch': (np.float64(3.1496062992125986), np.float64(2.677165354330709)), 'figure_size_px': (944, 803), 'axes_size_mm': (np.float64(40.0), np.float64(27.999999999999993)), 'axes_size_inch': (np.float64(1.5748031496062993), np.float64(1.1023622047244093)), 'axes_size_px': (472, 330), 'axes_position': (np.float64(0.25), np.float64(0.29411764705882354), np.float64(0.5), np.float64(0.41176470588235287)), 'dpi': 300}, 'margins_mm': {'left': np.float64(20.0), 'bottom': np.float64(20.0), 'right': np.float64(20.0), 'top': np.float64(20.000000000000007)}, 'axes_bbox_px': {'x0': 236, 'y0': 236, 'x1': 708, 'y1': 566, 'width': 472, 'height': 330}, 'axes_bbox_mm': {'x0': np.float64(20.0), 'y0': np.float64(20.0), 'x1': np.float64(60.0), 'y1': np.float64(47.99999999999999), 'width': np.float64(40.0), 'height': np.float64(27.999999999999993)}, 'url': 'https://scitex.ai'}[0m
[32mSUCC: Saved to: ./../scitex-code/examples/demo_plot_all_types_publication_out/publication/02_custom_scitex/05_plot_ecdf.csv (75.9 KiB)[0m
[32mSUCC: Saved to: ./../scitex-code/examples/demo_plot_all_types_publication_out/publication/02_custom_scitex/05_plot_ecdf.pdf (23.5 KiB)[0m
[90mINFO:   • Auto-collected metadata from figure[0m
[90mINFO: 📝 Saving figure with metadata to: /home/ywatanabe/proj/scitex-code/examples/demo_plot_all_types_publication_out/publication/02_custom_scitex/05_plot_ecdf.jpg[0m
[90mINFO:   • Auto-added URL: https://scitex.ai[0m
/home/ywatanabe/proj/scitex-code/src/scitex/io/_save_modules/_image.py:103: UserWarning: This figure includes Axes that are not compatible with tight_layout, so results might be incorrect.
  obj.figure.savefig(buf, **save_kwargs)
[90mINFO:   • Embedded metadata: {'metadata_version': '1.0.0', 'scitex': {'version': '2.2.2', 'created_at': '2025-11-19T18:38:47.790983', 'created_with': 'scitex.plt.subplots (mm-control)', 'mode': 'publication', 'axes_size_mm': (40, 28), 'position_in_grid': (0, 0), 'style_mm': {'axis_thickness_mm': 0.2, 'tick_length_mm': 0.8, 'tick_thickness_mm': 0.2, 'trace_thickness_mm': 0.2, 'axis_font_size_pt': 7, 'tick_font_size_pt': 7, 'title_font_size_pt': 8, 'legend_font_size_pt': 6, 'label_pad_pt': 0.5, 'tick_pad_pt': 2.0, 'title_pad_pt': 1.0, 'font_family': 'Arial', 'n_ticks': 4, 'font_family_requested': 'Arial', 'font_family_actual': 'Arial'}}, 'matplotlib': {'version': '3.10.3'}, 'dimensions': {'figure_size_mm': (np.float64(80.0), np.float64(68.0)), 'figure_size_inch': (np.float64(3.1496062992125986), np.float64(2.677165354330709)), 'figure_size_px': (944, 803), 'axes_size_mm': (np.float64(40.0), np.float64(27.999999999999993)), 'axes_size_inch': (np.float64(1.5748031496062993), np.float64(1.1023622047244093)), 'axes_size_px': (472, 330), 'axes_position': (np.float64(0.25), np.float64(0.29411764705882354), np.float64(0.5), np.float64(0.41176470588235287)), 'dpi': 300}, 'margins_mm': {'left': np.float64(20.0), 'bottom': np.float64(20.0), 'right': np.float64(20.0), 'top': np.float64(20.000000000000007)}, 'axes_bbox_px': {'x0': 236, 'y0': 236, 'x1': 708, 'y1': 566, 'width': 472, 'height': 330}, 'axes_bbox_mm': {'x0': np.float64(20.0), 'y0': np.float64(20.0), 'x1': np.float64(60.0), 'y1': np.float64(47.99999999999999), 'width': np.float64(40.0), 'height': np.float64(27.999999999999993)}, 'url': 'https://scitex.ai'}[0m
[90mINFO:   • Auto-cropped with 1.0mm margin (23px at 600 DPI)[0m
[32mSUCC: Saved to: ./../scitex-code/examples/demo_plot_all_types_publication_out/publication/02_custom_scitex/05_plot_ecdf.csv (75.9 KiB)[0m
[32mSUCC: Saved to: ./../scitex-code/examples/demo_plot_all_types_publication_out/publication/02_custom_scitex/05_plot_ecdf.jpg (202.3 KiB)[0m
[90mINFO:   • Auto-collected metadata from figure[0m
[90mINFO: 📝 Saving figure with metadata to: /home/ywatanabe/proj/scitex-code/examples/demo_plot_all_types_publication_out/publication/02_custom_scitex/06_plot_box.png[0m
[90mINFO:   • Auto-added URL: https://scitex.ai[0m
/home/ywatanabe/proj/scitex-code/src/scitex/io/_save_modules/_image.py:57: UserWarning: This figure includes Axes that are not compatible with tight_layout, so results might be incorrect.
  obj.savefig(spath, **kwargs)
[90mINFO:   • Embedded metadata: {'metadata_version': '1.0.0', 'scitex': {'version': '2.2.2', 'created_at': '2025-11-19T18:38:48.487114', 'created_with': 'scitex.plt.subplots (mm-control)', 'mode': 'publication', 'axes_size_mm': (40, 28), 'position_in_grid': (0, 0), 'style_mm': {'axis_thickness_mm': 0.2, 'tick_length_mm': 0.8, 'tick_thickness_mm': 0.2, 'trace_thickness_mm': 0.2, 'axis_font_size_pt': 7, 'tick_font_size_pt': 7, 'title_font_size_pt': 8, 'legend_font_size_pt': 6, 'label_pad_pt': 0.5, 'tick_pad_pt': 2.0, 'title_pad_pt': 1.0, 'font_family': 'Arial', 'n_ticks': 4, 'font_family_requested': 'Arial', 'font_family_actual': 'Arial'}}, 'matplotlib': {'version': '3.10.3'}, 'dimensions': {'figure_size_mm': (np.float64(80.0), np.float64(68.0)), 'figure_size_inch': (np.float64(3.1496062992125986), np.float64(2.677165354330709)), 'figure_size_px': (944, 803), 'axes_size_mm': (np.float64(40.0), np.float64(27.999999999999993)), 'axes_size_inch': (np.float64(1.5748031496062993), np.float64(1.1023622047244093)), 'axes_size_px': (472, 330), 'axes_position': (np.float64(0.25), np.float64(0.29411764705882354), np.float64(0.5), np.float64(0.41176470588235287)), 'dpi': 300}, 'margins_mm': {'left': np.float64(20.0), 'bottom': np.float64(20.0), 'right': np.float64(20.0), 'top': np.float64(20.000000000000007)}, 'axes_bbox_px': {'x0': 236, 'y0': 236, 'x1': 708, 'y1': 566, 'width': 472, 'height': 330}, 'axes_bbox_mm': {'x0': np.float64(20.0), 'y0': np.float64(20.0), 'x1': np.float64(60.0), 'y1': np.float64(47.99999999999999), 'width': np.float64(40.0), 'height': np.float64(27.999999999999993)}, 'url': 'https://scitex.ai'}[0m
[90mINFO:   • Auto-cropped with 1.0mm margin (11px at 300 DPI)[0m
[32mSUCC: Saved to: ./../scitex-code/examples/demo_plot_all_types_publication_out/publication/02_custom_scitex/06_plot_box.csv (2.0 KiB)[0m
[32mSUCC: Saved to: ./../scitex-code/examples/demo_plot_all_types_publication_out/publication/02_custom_scitex/06_plot_box.png (1.0 MiB)[0m
[90mINFO:   • Auto-collected metadata from figure[0m
[90mINFO: 📝 Saving figure with metadata to: /home/ywatanabe/proj/scitex-code/examples/demo_plot_all_types_publication_out/publication/02_custom_scitex/06_plot_box.pdf[0m
[90mINFO:   • Auto-added URL: https://scitex.ai[0m
/home/ywatanabe/proj/scitex-code/src/scitex/io/_save_modules/_image.py:174: UserWarning: This figure includes Axes that are not compatible with tight_layout, so results might be incorrect.
  obj.savefig(spath, **save_kwargs)
[90mINFO:   • Embedded metadata: {'metadata_version': '1.0.0', 'scitex': {'version': '2.2.2', 'created_at': '2025-11-19T18:38:48.668596', 'created_with': 'scitex.plt.subplots (mm-control)', 'mode': 'publication', 'axes_size_mm': (40, 28), 'position_in_grid': (0, 0), 'style_mm': {'axis_thickness_mm': 0.2, 'tick_length_mm': 0.8, 'tick_thickness_mm': 0.2, 'trace_thickness_mm': 0.2, 'axis_font_size_pt': 7, 'tick_font_size_pt': 7, 'title_font_size_pt': 8, 'legend_font_size_pt': 6, 'label_pad_pt': 0.5, 'tick_pad_pt': 2.0, 'title_pad_pt': 1.0, 'font_family': 'Arial', 'n_ticks': 4, 'font_family_requested': 'Arial', 'font_family_actual': 'Arial'}}, 'matplotlib': {'version': '3.10.3'}, 'dimensions': {'figure_size_mm': (np.float64(80.0), np.float64(68.0)), 'figure_size_inch': (np.float64(3.1496062992125986), np.float64(2.677165354330709)), 'figure_size_px': (944, 803), 'axes_size_mm': (np.float64(40.0), np.float64(27.999999999999993)), 'axes_size_inch': (np.float64(1.5748031496062993), np.float64(1.1023622047244093)), 'axes_size_px': (472, 330), 'axes_position': (np.float64(0.25), np.float64(0.29411764705882354), np.float64(0.5), np.float64(0.41176470588235287)), 'dpi': 300}, 'margins_mm': {'left': np.float64(20.0), 'bottom': np.float64(20.0), 'right': np.float64(20.0), 'top': np.float64(20.000000000000007)}, 'axes_bbox_px': {'x0': 236, 'y0': 236, 'x1': 708, 'y1': 566, 'width': 472, 'height': 330}, 'axes_bbox_mm': {'x0': np.float64(20.0), 'y0': np.float64(20.0), 'x1': np.float64(60.0), 'y1': np.float64(47.99999999999999), 'width': np.float64(40.0), 'height': np.float64(27.999999999999993)}, 'url': 'https://scitex.ai'}[0m
[32mSUCC: Saved to: ./../scitex-code/examples/demo_plot_all_types_publication_out/publication/02_custom_scitex/06_plot_box.csv (2.0 KiB)[0m
[32mSUCC: Saved to: ./../scitex-code/examples/demo_plot_all_types_publication_out/publication/02_custom_scitex/06_plot_box.pdf (12.0 KiB)[0m
[90mINFO:   • Auto-collected metadata from figure[0m
[90mINFO: 📝 Saving figure with metadata to: /home/ywatanabe/proj/scitex-code/examples/demo_plot_all_types_publication_out/publication/02_custom_scitex/06_plot_box.jpg[0m
[90mINFO:   • Auto-added URL: https://scitex.ai[0m
/home/ywatanabe/proj/scitex-code/src/scitex/io/_save_modules/_image.py:103: UserWarning: This figure includes Axes that are not compatible with tight_layout, so results might be incorrect.
  obj.figure.savefig(buf, **save_kwargs)
[90mINFO:   • Embedded metadata: {'metadata_version': '1.0.0', 'scitex': {'version': '2.2.2', 'created_at': '2025-11-19T18:38:48.743389', 'created_with': 'scitex.plt.subplots (mm-control)', 'mode': 'publication', 'axes_size_mm': (40, 28), 'position_in_grid': (0, 0), 'style_mm': {'axis_thickness_mm': 0.2, 'tick_length_mm': 0.8, 'tick_thickness_mm': 0.2, 'trace_thickness_mm': 0.2, 'axis_font_size_pt': 7, 'tick_font_size_pt': 7, 'title_font_size_pt': 8, 'legend_font_size_pt': 6, 'label_pad_pt': 0.5, 'tick_pad_pt': 2.0, 'title_pad_pt': 1.0, 'font_family': 'Arial', 'n_ticks': 4, 'font_family_requested': 'Arial', 'font_family_actual': 'Arial'}}, 'matplotlib': {'version': '3.10.3'}, 'dimensions': {'figure_size_mm': (np.float64(80.0), np.float64(68.0)), 'figure_size_inch': (np.float64(3.1496062992125986), np.float64(2.677165354330709)), 'figure_size_px': (944, 803), 'axes_size_mm': (np.float64(40.0), np.float64(27.999999999999993)), 'axes_size_inch': (np.float64(1.5748031496062993), np.float64(1.1023622047244093)), 'axes_size_px': (472, 330), 'axes_position': (np.float64(0.25), np.float64(0.29411764705882354), np.float64(0.5), np.float64(0.41176470588235287)), 'dpi': 300}, 'margins_mm': {'left': np.float64(20.0), 'bottom': np.float64(20.0), 'right': np.float64(20.0), 'top': np.float64(20.000000000000007)}, 'axes_bbox_px': {'x0': 236, 'y0': 236, 'x1': 708, 'y1': 566, 'width': 472, 'height': 330}, 'axes_bbox_mm': {'x0': np.float64(20.0), 'y0': np.float64(20.0), 'x1': np.float64(60.0), 'y1': np.float64(47.99999999999999), 'width': np.float64(40.0), 'height': np.float64(27.999999999999993)}, 'url': 'https://scitex.ai'}[0m
[90mINFO:   • Auto-cropped with 1.0mm margin (23px at 600 DPI)[0m
[32mSUCC: Saved to: ./../scitex-code/examples/demo_plot_all_types_publication_out/publication/02_custom_scitex/06_plot_box.csv (2.0 KiB)[0m
[32mSUCC: Saved to: ./../scitex-code/examples/demo_plot_all_types_publication_out/publication/02_custom_scitex/06_plot_box.jpg (85.5 KiB)[0m
[90mINFO:   • Auto-collected metadata from figure[0m
[90mINFO: 📝 Saving figure with metadata to: /home/ywatanabe/proj/scitex-code/examples/demo_plot_all_types_publication_out/publication/02_custom_scitex/07_plot_mean_std.png[0m
[90mINFO:   • Auto-added URL: https://scitex.ai[0m
/home/ywatanabe/proj/scitex-code/src/scitex/io/_save_modules/_image.py:57: UserWarning: This figure includes Axes that are not compatible with tight_layout, so results might be incorrect.
  obj.savefig(spath, **kwargs)
[90mINFO:   • Embedded metadata: {'metadata_version': '1.0.0', 'scitex': {'version': '2.2.2', 'created_at': '2025-11-19T18:38:49.188959', 'created_with': 'scitex.plt.subplots (mm-control)', 'mode': 'publication', 'axes_size_mm': (40, 28), 'position_in_grid': (0, 0), 'style_mm': {'axis_thickness_mm': 0.2, 'tick_length_mm': 0.8, 'tick_thickness_mm': 0.2, 'trace_thickness_mm': 0.2, 'axis_font_size_pt': 7, 'tick_font_size_pt': 7, 'title_font_size_pt': 8, 'legend_font_size_pt': 6, 'label_pad_pt': 0.5, 'tick_pad_pt': 2.0, 'title_pad_pt': 1.0, 'font_family': 'Arial', 'n_ticks': 4, 'font_family_requested': 'Arial', 'font_family_actual': 'Arial'}}, 'matplotlib': {'version': '3.10.3'}, 'dimensions': {'figure_size_mm': (np.float64(80.0), np.float64(68.0)), 'figure_size_inch': (np.float64(3.1496062992125986), np.float64(2.677165354330709)), 'figure_size_px': (944, 803), 'axes_size_mm': (np.float64(40.0), np.float64(27.999999999999993)), 'axes_size_inch': (np.float64(1.5748031496062993), np.float64(1.1023622047244093)), 'axes_size_px': (472, 330), 'axes_position': (np.float64(0.25), np.float64(0.29411764705882354), np.float64(0.5), np.float64(0.41176470588235287)), 'dpi': 300}, 'margins_mm': {'left': np.float64(20.0), 'bottom': np.float64(20.0), 'right': np.float64(20.0), 'top': np.float64(20.000000000000007)}, 'axes_bbox_px': {'x0': 236, 'y0': 236, 'x1': 708, 'y1': 566, 'width': 472, 'height': 330}, 'axes_bbox_mm': {'x0': np.float64(20.0), 'y0': np.float64(20.0), 'x1': np.float64(60.0), 'y1': np.float64(47.99999999999999), 'width': np.float64(40.0), 'height': np.float64(27.999999999999993)}, 'url': 'https://scitex.ai'}[0m
[90mINFO:   • Auto-cropped with 1.0mm margin (11px at 300 DPI)[0m
[32mSUCC: Saved to: ./../scitex-code/examples/demo_plot_all_types_publication_out/publication/02_custom_scitex/07_plot_mean_std.csv (1.6 KiB)[0m
[32mSUCC: Saved to: ./../scitex-code/examples/demo_plot_all_types_publication_out/publication/02_custom_scitex/07_plot_mean_std.png (1.1 MiB)[0m
[90mINFO:   • Auto-collected metadata from figure[0m
[90mINFO: 📝 Saving figure with metadata to: /home/ywatanabe/proj/scitex-code/examples/demo_plot_all_types_publication_out/publication/02_custom_scitex/07_plot_mean_std.pdf[0m
[90mINFO:   • Auto-added URL: https://scitex.ai[0m
/home/ywatanabe/proj/scitex-code/src/scitex/io/_save_modules/_image.py:174: UserWarning: This figure includes Axes that are not compatible with tight_layout, so results might be incorrect.
  obj.savefig(spath, **save_kwargs)
[90mINFO:   • Embedded metadata: {'metadata_version': '1.0.0', 'scitex': {'version': '2.2.2', 'created_at': '2025-11-19T18:38:49.412184', 'created_with': 'scitex.plt.subplots (mm-control)', 'mode': 'publication', 'axes_size_mm': (40, 28), 'position_in_grid': (0, 0), 'style_mm': {'axis_thickness_mm': 0.2, 'tick_length_mm': 0.8, 'tick_thickness_mm': 0.2, 'trace_thickness_mm': 0.2, 'axis_font_size_pt': 7, 'tick_font_size_pt': 7, 'title_font_size_pt': 8, 'legend_font_size_pt': 6, 'label_pad_pt': 0.5, 'tick_pad_pt': 2.0, 'title_pad_pt': 1.0, 'font_family': 'Arial', 'n_ticks': 4, 'font_family_requested': 'Arial', 'font_family_actual': 'Arial'}}, 'matplotlib': {'version': '3.10.3'}, 'dimensions': {'figure_size_mm': (np.float64(80.0), np.float64(68.0)), 'figure_size_inch': (np.float64(3.1496062992125986), np.float64(2.677165354330709)), 'figure_size_px': (944, 803), 'axes_size_mm': (np.float64(40.0), np.float64(27.999999999999993)), 'axes_size_inch': (np.float64(1.5748031496062993), np.float64(1.1023622047244093)), 'axes_size_px': (472, 330), 'axes_position': (np.float64(0.25), np.float64(0.29411764705882354), np.float64(0.5), np.float64(0.41176470588235287)), 'dpi': 300}, 'margins_mm': {'left': np.float64(20.0), 'bottom': np.float64(20.0), 'right': np.float64(20.0), 'top': np.float64(20.000000000000007)}, 'axes_bbox_px': {'x0': 236, 'y0': 236, 'x1': 708, 'y1': 566, 'width': 472, 'height': 330}, 'axes_bbox_mm': {'x0': np.float64(20.0), 'y0': np.float64(20.0), 'x1': np.float64(60.0), 'y1': np.float64(47.99999999999999), 'width': np.float64(40.0), 'height': np.float64(27.999999999999993)}, 'url': 'https://scitex.ai'}[0m
[32mSUCC: Saved to: ./../scitex-code/examples/demo_plot_all_types_publication_out/publication/02_custom_scitex/07_plot_mean_std.csv (1.6 KiB)[0m
[32mSUCC: Saved to: ./../scitex-code/examples/demo_plot_all_types_publication_out/publication/02_custom_scitex/07_plot_mean_std.pdf (17.7 KiB)[0m
[90mINFO:   • Auto-collected metadata from figure[0m
[90mINFO: 📝 Saving figure with metadata to: /home/ywatanabe/proj/scitex-code/examples/demo_plot_all_types_publication_out/publication/02_custom_scitex/07_plot_mean_std.jpg[0m
[90mINFO:   • Auto-added URL: https://scitex.ai[0m
/home/ywatanabe/proj/scitex-code/src/scitex/io/_save_modules/_image.py:103: UserWarning: This figure includes Axes that are not compatible with tight_layout, so results might be incorrect.
  obj.figure.savefig(buf, **save_kwargs)
[90mINFO:   • Embedded metadata: {'metadata_version': '1.0.0', 'scitex': {'version': '2.2.2', 'created_at': '2025-11-19T18:38:49.510006', 'created_with': 'scitex.plt.subplots (mm-control)', 'mode': 'publication', 'axes_size_mm': (40, 28), 'position_in_grid': (0, 0), 'style_mm': {'axis_thickness_mm': 0.2, 'tick_length_mm': 0.8, 'tick_thickness_mm': 0.2, 'trace_thickness_mm': 0.2, 'axis_font_size_pt': 7, 'tick_font_size_pt': 7, 'title_font_size_pt': 8, 'legend_font_size_pt': 6, 'label_pad_pt': 0.5, 'tick_pad_pt': 2.0, 'title_pad_pt': 1.0, 'font_family': 'Arial', 'n_ticks': 4, 'font_family_requested': 'Arial', 'font_family_actual': 'Arial'}}, 'matplotlib': {'version': '3.10.3'}, 'dimensions': {'figure_size_mm': (np.float64(80.0), np.float64(68.0)), 'figure_size_inch': (np.float64(3.1496062992125986), np.float64(2.677165354330709)), 'figure_size_px': (944, 803), 'axes_size_mm': (np.float64(40.0), np.float64(27.999999999999993)), 'axes_size_inch': (np.float64(1.5748031496062993), np.float64(1.1023622047244093)), 'axes_size_px': (472, 330), 'axes_position': (np.float64(0.25), np.float64(0.29411764705882354), np.float64(0.5), np.float64(0.41176470588235287)), 'dpi': 300}, 'margins_mm': {'left': np.float64(20.0), 'bottom': np.float64(20.0), 'right': np.float64(20.0), 'top': np.float64(20.000000000000007)}, 'axes_bbox_px': {'x0': 236, 'y0': 236, 'x1': 708, 'y1': 566, 'width': 472, 'height': 330}, 'axes_bbox_mm': {'x0': np.float64(20.0), 'y0': np.float64(20.0), 'x1': np.float64(60.0), 'y1': np.float64(47.99999999999999), 'width': np.float64(40.0), 'height': np.float64(27.999999999999993)}, 'url': 'https://scitex.ai'}[0m
[90mINFO:   • Auto-cropped with 1.0mm margin (23px at 600 DPI)[0m
[32mSUCC: Saved to: ./../scitex-code/examples/demo_plot_all_types_publication_out/publication/02_custom_scitex/07_plot_mean_std.csv (1.6 KiB)[0m
[32mSUCC: Saved to: ./../scitex-code/examples/demo_plot_all_types_publication_out/publication/02_custom_scitex/07_plot_mean_std.jpg (255.9 KiB)[0m
[90mINFO:   • Auto-collected metadata from figure[0m
[90mINFO: 📝 Saving figure with metadata to: /home/ywatanabe/proj/scitex-code/examples/demo_plot_all_types_publication_out/publication/03_functional/01_plot_kde.png[0m
[90mINFO:   • Auto-added URL: https://scitex.ai[0m
/home/ywatanabe/proj/scitex-code/src/scitex/io/_save_modules/_image.py:57: UserWarning: This figure includes Axes that are not compatible with tight_layout, so results might be incorrect.
  obj.savefig(spath, **kwargs)
[90mINFO:   • Embedded metadata: {'metadata_version': '1.0.0', 'scitex': {'version': '2.2.2', 'created_at': '2025-11-19T18:38:50.001922', 'created_with': 'scitex.plt.subplots (mm-control)', 'mode': 'publication', 'axes_size_mm': (40, 28), 'position_in_grid': (0, 0), 'style_mm': {'axis_thickness_mm': 0.2, 'tick_length_mm': 0.8, 'tick_thickness_mm': 0.2, 'trace_thickness_mm': 0.2, 'axis_font_size_pt': 7, 'tick_font_size_pt': 7, 'title_font_size_pt': 8, 'legend_font_size_pt': 6, 'label_pad_pt': 0.5, 'tick_pad_pt': 2.0, 'title_pad_pt': 1.0, 'font_family': 'Arial', 'n_ticks': 4, 'font_family_requested': 'Arial', 'font_family_actual': 'Arial'}}, 'matplotlib': {'version': '3.10.3'}, 'dimensions': {'figure_size_mm': (np.float64(80.0), np.float64(68.0)), 'figure_size_inch': (np.float64(3.1496062992125986), np.float64(2.677165354330709)), 'figure_size_px': (944, 803), 'axes_size_mm': (np.float64(40.0), np.float64(27.999999999999993)), 'axes_size_inch': (np.float64(1.5748031496062993), np.float64(1.1023622047244093)), 'axes_size_px': (472, 330), 'axes_position': (np.float64(0.25), np.float64(0.29411764705882354), np.float64(0.5), np.float64(0.41176470588235287)), 'dpi': 300}, 'margins_mm': {'left': np.float64(20.0), 'bottom': np.float64(20.0), 'right': np.float64(20.0), 'top': np.float64(20.000000000000007)}, 'axes_bbox_px': {'x0': 236, 'y0': 236, 'x1': 708, 'y1': 566, 'width': 472, 'height': 330}, 'axes_bbox_mm': {'x0': np.float64(20.0), 'y0': np.float64(20.0), 'x1': np.float64(60.0), 'y1': np.float64(47.99999999999999), 'width': np.float64(40.0), 'height': np.float64(27.999999999999993)}, 'url': 'https://scitex.ai'}[0m
[90mINFO:   • Auto-cropped with 1.0mm margin (11px at 300 DPI)[0m
[32mSUCC: Saved to: ./../scitex-code/examples/demo_plot_all_types_publication_out/publication/03_functional/01_plot_kde.csv (43.8 KiB)[0m
[32mSUCC: Saved to: ./../scitex-code/examples/demo_plot_all_types_publication_out/publication/03_functional/01_plot_kde.png (1.2 MiB)[0m
[90mINFO:   • Auto-collected metadata from figure[0m
[90mINFO: 📝 Saving figure with metadata to: /home/ywatanabe/proj/scitex-code/examples/demo_plot_all_types_publication_out/publication/03_functional/01_plot_kde.pdf[0m
[90mINFO:   • Auto-added URL: https://scitex.ai[0m
/home/ywatanabe/proj/scitex-code/src/scitex/io/_save_modules/_image.py:174: UserWarning: This figure includes Axes that are not compatible with tight_layout, so results might be incorrect.
  obj.savefig(spath, **save_kwargs)
[90mINFO:   • Embedded metadata: {'metadata_version': '1.0.0', 'scitex': {'version': '2.2.2', 'created_at': '2025-11-19T18:38:50.304973', 'created_with': 'scitex.plt.subplots (mm-control)', 'mode': 'publication', 'axes_size_mm': (40, 28), 'position_in_grid': (0, 0), 'style_mm': {'axis_thickness_mm': 0.2, 'tick_length_mm': 0.8, 'tick_thickness_mm': 0.2, 'trace_thickness_mm': 0.2, 'axis_font_size_pt': 7, 'tick_font_size_pt': 7, 'title_font_size_pt': 8, 'legend_font_size_pt': 6, 'label_pad_pt': 0.5, 'tick_pad_pt': 2.0, 'title_pad_pt': 1.0, 'font_family': 'Arial', 'n_ticks': 4, 'font_family_requested': 'Arial', 'font_family_actual': 'Arial'}}, 'matplotlib': {'version': '3.10.3'}, 'dimensions': {'figure_size_mm': (np.float64(80.0), np.float64(68.0)), 'figure_size_inch': (np.float64(3.1496062992125986), np.float64(2.677165354330709)), 'figure_size_px': (944, 803), 'axes_size_mm': (np.float64(40.0), np.float64(27.999999999999993)), 'axes_size_inch': (np.float64(1.5748031496062993), np.float64(1.1023622047244093)), 'axes_size_px': (472, 330), 'axes_position': (np.float64(0.25), np.float64(0.29411764705882354), np.float64(0.5), np.float64(0.41176470588235287)), 'dpi': 300}, 'margins_mm': {'left': np.float64(20.0), 'bottom': np.float64(20.0), 'right': np.float64(20.0), 'top': np.float64(20.000000000000007)}, 'axes_bbox_px': {'x0': 236, 'y0': 236, 'x1': 708, 'y1': 566, 'width': 472, 'height': 330}, 'axes_bbox_mm': {'x0': np.float64(20.0), 'y0': np.float64(20.0), 'x1': np.float64(60.0), 'y1': np.float64(47.99999999999999), 'width': np.float64(40.0), 'height': np.float64(27.999999999999993)}, 'url': 'https://scitex.ai'}[0m
[32mSUCC: Saved to: ./../scitex-code/examples/demo_plot_all_types_publication_out/publication/03_functional/01_plot_kde.csv (43.8 KiB)[0m
[32mSUCC: Saved to: ./../scitex-code/examples/demo_plot_all_types_publication_out/publication/03_functional/01_plot_kde.pdf (16.5 KiB)[0m
[90mINFO:   • Auto-collected metadata from figure[0m
[90mINFO: 📝 Saving figure with metadata to: /home/ywatanabe/proj/scitex-code/examples/demo_plot_all_types_publication_out/publication/03_functional/01_plot_kde.jpg[0m
[90mINFO:   • Auto-added URL: https://scitex.ai[0m
/home/ywatanabe/proj/scitex-code/src/scitex/io/_save_modules/_image.py:103: UserWarning: This figure includes Axes that are not compatible with tight_layout, so results might be incorrect.
  obj.figure.savefig(buf, **save_kwargs)
[90mINFO:   • Embedded metadata: {'metadata_version': '1.0.0', 'scitex': {'version': '2.2.2', 'created_at': '2025-11-19T18:38:50.433024', 'created_with': 'scitex.plt.subplots (mm-control)', 'mode': 'publication', 'axes_size_mm': (40, 28), 'position_in_grid': (0, 0), 'style_mm': {'axis_thickness_mm': 0.2, 'tick_length_mm': 0.8, 'tick_thickness_mm': 0.2, 'trace_thickness_mm': 0.2, 'axis_font_size_pt': 7, 'tick_font_size_pt': 7, 'title_font_size_pt': 8, 'legend_font_size_pt': 6, 'label_pad_pt': 0.5, 'tick_pad_pt': 2.0, 'title_pad_pt': 1.0, 'font_family': 'Arial', 'n_ticks': 4, 'font_family_requested': 'Arial', 'font_family_actual': 'Arial'}}, 'matplotlib': {'version': '3.10.3'}, 'dimensions': {'figure_size_mm': (np.float64(80.0), np.float64(68.0)), 'figure_size_inch': (np.float64(3.1496062992125986), np.float64(2.677165354330709)), 'figure_size_px': (944, 803), 'axes_size_mm': (np.float64(40.0), np.float64(27.999999999999993)), 'axes_size_inch': (np.float64(1.5748031496062993), np.float64(1.1023622047244093)), 'axes_size_px': (472, 330), 'axes_position': (np.float64(0.25), np.float64(0.29411764705882354), np.float64(0.5), np.float64(0.41176470588235287)), 'dpi': 300}, 'margins_mm': {'left': np.float64(20.0), 'bottom': np.float64(20.0), 'right': np.float64(20.0), 'top': np.float64(20.000000000000007)}, 'axes_bbox_px': {'x0': 236, 'y0': 236, 'x1': 708, 'y1': 566, 'width': 472, 'height': 330}, 'axes_bbox_mm': {'x0': np.float64(20.0), 'y0': np.float64(20.0), 'x1': np.float64(60.0), 'y1': np.float64(47.99999999999999), 'width': np.float64(40.0), 'height': np.float64(27.999999999999993)}, 'url': 'https://scitex.ai'}[0m
[90mINFO:   • Auto-cropped with 1.0mm margin (23px at 600 DPI)[0m
[32mSUCC: Saved to: ./../scitex-code/examples/demo_plot_all_types_publication_out/publication/03_functional/01_plot_kde.csv (43.8 KiB)[0m
[32mSUCC: Saved to: ./../scitex-code/examples/demo_plot_all_types_publication_out/publication/03_functional/01_plot_kde.jpg (196.3 KiB)[0m
[90mINFO:   • Auto-collected metadata from figure[0m
[90mINFO: 📝 Saving figure with metadata to: /home/ywatanabe/proj/scitex-code/examples/demo_plot_all_types_publication_out/publication/04_seaborn/01_sns_boxplot.png[0m
[90mINFO:   • Auto-added URL: https://scitex.ai[0m
/home/ywatanabe/proj/scitex-code/src/scitex/io/_save_modules/_image.py:57: UserWarning: This figure includes Axes that are not compatible with tight_layout, so results might be incorrect.
  obj.savefig(spath, **kwargs)
[90mINFO:   • Embedded metadata: {'metadata_version': '1.0.0', 'scitex': {'version': '2.2.2', 'created_at': '2025-11-19T18:38:50.978319', 'created_with': 'scitex.plt.subplots (mm-control)', 'mode': 'publication', 'axes_size_mm': (40, 28), 'position_in_grid': (0, 0), 'style_mm': {'axis_thickness_mm': 0.2, 'tick_length_mm': 0.8, 'tick_thickness_mm': 0.2, 'trace_thickness_mm': 0.2, 'axis_font_size_pt': 7, 'tick_font_size_pt': 7, 'title_font_size_pt': 8, 'legend_font_size_pt': 6, 'label_pad_pt': 0.5, 'tick_pad_pt': 2.0, 'title_pad_pt': 1.0, 'font_family': 'Arial', 'n_ticks': 4, 'font_family_requested': 'Arial', 'font_family_actual': 'Arial'}}, 'matplotlib': {'version': '3.10.3'}, 'dimensions': {'figure_size_mm': (np.float64(80.0), np.float64(68.0)), 'figure_size_inch': (np.float64(3.1496062992125986), np.float64(2.677165354330709)), 'figure_size_px': (944, 803), 'axes_size_mm': (np.float64(40.0), np.float64(27.999999999999993)), 'axes_size_inch': (np.float64(1.5748031496062993), np.float64(1.1023622047244093)), 'axes_size_px': (472, 330), 'axes_position': (np.float64(0.25), np.float64(0.29411764705882354), np.float64(0.5), np.float64(0.41176470588235287)), 'dpi': 300}, 'margins_mm': {'left': np.float64(20.0), 'bottom': np.float64(20.0), 'right': np.float64(20.0), 'top': np.float64(20.000000000000007)}, 'axes_bbox_px': {'x0': 236, 'y0': 236, 'x1': 708, 'y1': 566, 'width': 472, 'height': 330}, 'axes_bbox_mm': {'x0': np.float64(20.0), 'y0': np.float64(20.0), 'x1': np.float64(60.0), 'y1': np.float64(47.99999999999999), 'width': np.float64(40.0), 'height': np.float64(27.999999999999993)}, 'url': 'https://scitex.ai'}[0m
[90mINFO:   • Auto-cropped with 1.0mm margin (11px at 300 DPI)[0m
[32mSUCC: Saved to: ./../scitex-code/examples/demo_plot_all_types_publication_out/publication/04_seaborn/01_sns_boxplot.csv (3.1 KiB)[0m
[32mSUCC: Saved to: ./../scitex-code/examples/demo_plot_all_types_publication_out/publication/04_seaborn/01_sns_boxplot.png (1.0 MiB)[0m
[90mINFO:   • Auto-collected metadata from figure[0m
[90mINFO: 📝 Saving figure with metadata to: /home/ywatanabe/proj/scitex-code/examples/demo_plot_all_types_publication_out/publication/04_seaborn/01_sns_boxplot.pdf[0m
[90mINFO:   • Auto-added URL: https://scitex.ai[0m
/home/ywatanabe/proj/scitex-code/src/scitex/io/_save_modules/_image.py:174: UserWarning: This figure includes Axes that are not compatible with tight_layout, so results might be incorrect.
  obj.savefig(spath, **save_kwargs)
[90mINFO:   • Embedded metadata: {'metadata_version': '1.0.0', 'scitex': {'version': '2.2.2', 'created_at': '2025-11-19T18:38:51.186700', 'created_with': 'scitex.plt.subplots (mm-control)', 'mode': 'publication', 'axes_size_mm': (40, 28), 'position_in_grid': (0, 0), 'style_mm': {'axis_thickness_mm': 0.2, 'tick_length_mm': 0.8, 'tick_thickness_mm': 0.2, 'trace_thickness_mm': 0.2, 'axis_font_size_pt': 7, 'tick_font_size_pt': 7, 'title_font_size_pt': 8, 'legend_font_size_pt': 6, 'label_pad_pt': 0.5, 'tick_pad_pt': 2.0, 'title_pad_pt': 1.0, 'font_family': 'Arial', 'n_ticks': 4, 'font_family_requested': 'Arial', 'font_family_actual': 'Arial'}}, 'matplotlib': {'version': '3.10.3'}, 'dimensions': {'figure_size_mm': (np.float64(80.0), np.float64(68.0)), 'figure_size_inch': (np.float64(3.1496062992125986), np.float64(2.677165354330709)), 'figure_size_px': (944, 803), 'axes_size_mm': (np.float64(40.0), np.float64(27.999999999999993)), 'axes_size_inch': (np.float64(1.5748031496062993), np.float64(1.1023622047244093)), 'axes_size_px': (472, 330), 'axes_position': (np.float64(0.25), np.float64(0.29411764705882354), np.float64(0.5), np.float64(0.41176470588235287)), 'dpi': 300}, 'margins_mm': {'left': np.float64(20.0), 'bottom': np.float64(20.0), 'right': np.float64(20.0), 'top': np.float64(20.000000000000007)}, 'axes_bbox_px': {'x0': 236, 'y0': 236, 'x1': 708, 'y1': 566, 'width': 472, 'height': 330}, 'axes_bbox_mm': {'x0': np.float64(20.0), 'y0': np.float64(20.0), 'x1': np.float64(60.0), 'y1': np.float64(47.99999999999999), 'width': np.float64(40.0), 'height': np.float64(27.999999999999993)}, 'url': 'https://scitex.ai'}[0m
[32mSUCC: Saved to: ./../scitex-code/examples/demo_plot_all_types_publication_out/publication/04_seaborn/01_sns_boxplot.csv (3.1 KiB)[0m
[32mSUCC: Saved to: ./../scitex-code/examples/demo_plot_all_types_publication_out/publication/04_seaborn/01_sns_boxplot.pdf (15.7 KiB)[0m
[90mINFO:   • Auto-collected metadata from figure[0m
[90mINFO: 📝 Saving figure with metadata to: /home/ywatanabe/proj/scitex-code/examples/demo_plot_all_types_publication_out/publication/04_seaborn/01_sns_boxplot.jpg[0m
[90mINFO:   • Auto-added URL: https://scitex.ai[0m
/home/ywatanabe/proj/scitex-code/src/scitex/io/_save_modules/_image.py:103: UserWarning: This figure includes Axes that are not compatible with tight_layout, so results might be incorrect.
  obj.figure.savefig(buf, **save_kwargs)
[90mINFO:   • Embedded metadata: {'metadata_version': '1.0.0', 'scitex': {'version': '2.2.2', 'created_at': '2025-11-19T18:38:51.282777', 'created_with': 'scitex.plt.subplots (mm-control)', 'mode': 'publication', 'axes_size_mm': (40, 28), 'position_in_grid': (0, 0), 'style_mm': {'axis_thickness_mm': 0.2, 'tick_length_mm': 0.8, 'tick_thickness_mm': 0.2, 'trace_thickness_mm': 0.2, 'axis_font_size_pt': 7, 'tick_font_size_pt': 7, 'title_font_size_pt': 8, 'legend_font_size_pt': 6, 'label_pad_pt': 0.5, 'tick_pad_pt': 2.0, 'title_pad_pt': 1.0, 'font_family': 'Arial', 'n_ticks': 4, 'font_family_requested': 'Arial', 'font_family_actual': 'Arial'}}, 'matplotlib': {'version': '3.10.3'}, 'dimensions': {'figure_size_mm': (np.float64(80.0), np.float64(68.0)), 'figure_size_inch': (np.float64(3.1496062992125986), np.float64(2.677165354330709)), 'figure_size_px': (944, 803), 'axes_size_mm': (np.float64(40.0), np.float64(27.999999999999993)), 'axes_size_inch': (np.float64(1.5748031496062993), np.float64(1.1023622047244093)), 'axes_size_px': (472, 330), 'axes_position': (np.float64(0.25), np.float64(0.29411764705882354), np.float64(0.5), np.float64(0.41176470588235287)), 'dpi': 300}, 'margins_mm': {'left': np.float64(20.0), 'bottom': np.float64(20.0), 'right': np.float64(20.0), 'top': np.float64(20.000000000000007)}, 'axes_bbox_px': {'x0': 236, 'y0': 236, 'x1': 708, 'y1': 566, 'width': 472, 'height': 330}, 'axes_bbox_mm': {'x0': np.float64(20.0), 'y0': np.float64(20.0), 'x1': np.float64(60.0), 'y1': np.float64(47.99999999999999), 'width': np.float64(40.0), 'height': np.float64(27.999999999999993)}, 'url': 'https://scitex.ai'}[0m
[90mINFO:   • Auto-cropped with 1.0mm margin (23px at 600 DPI)[0m
[32mSUCC: Saved to: ./../scitex-code/examples/demo_plot_all_types_publication_out/publication/04_seaborn/01_sns_boxplot.csv (3.1 KiB)[0m
[32mSUCC: Saved to: ./../scitex-code/examples/demo_plot_all_types_publication_out/publication/04_seaborn/01_sns_boxplot.jpg (122.4 KiB)[0m
[90mINFO:   • Auto-collected metadata from figure[0m
[90mINFO: 📝 Saving figure with metadata to: /home/ywatanabe/proj/scitex-code/examples/demo_plot_all_types_publication_out/publication/04_seaborn/02_sns_violinplot.png[0m
[90mINFO:   • Auto-added URL: https://scitex.ai[0m
/home/ywatanabe/proj/scitex-code/src/scitex/io/_save_modules/_image.py:57: UserWarning: This figure includes Axes that are not compatible with tight_layout, so results might be incorrect.
  obj.savefig(spath, **kwargs)
[90mINFO:   • Embedded metadata: {'metadata_version': '1.0.0', 'scitex': {'version': '2.2.2', 'created_at': '2025-11-19T18:38:51.810481', 'created_with': 'scitex.plt.subplots (mm-control)', 'mode': 'publication', 'axes_size_mm': (40, 28), 'position_in_grid': (0, 0), 'style_mm': {'axis_thickness_mm': 0.2, 'tick_length_mm': 0.8, 'tick_thickness_mm': 0.2, 'trace_thickness_mm': 0.2, 'axis_font_size_pt': 7, 'tick_font_size_pt': 7, 'title_font_size_pt': 8, 'legend_font_size_pt': 6, 'label_pad_pt': 0.5, 'tick_pad_pt': 2.0, 'title_pad_pt': 1.0, 'font_family': 'Arial', 'n_ticks': 4, 'font_family_requested': 'Arial', 'font_family_actual': 'Arial'}}, 'matplotlib': {'version': '3.10.3'}, 'dimensions': {'figure_size_mm': (np.float64(80.0), np.float64(68.0)), 'figure_size_inch': (np.float64(3.1496062992125986), np.float64(2.677165354330709)), 'figure_size_px': (944, 803), 'axes_size_mm': (np.float64(40.0), np.float64(27.999999999999993)), 'axes_size_inch': (np.float64(1.5748031496062993), np.float64(1.1023622047244093)), 'axes_size_px': (472, 330), 'axes_position': (np.float64(0.25), np.float64(0.29411764705882354), np.float64(0.5), np.float64(0.41176470588235287)), 'dpi': 300}, 'margins_mm': {'left': np.float64(20.0), 'bottom': np.float64(20.0), 'right': np.float64(20.0), 'top': np.float64(20.000000000000007)}, 'axes_bbox_px': {'x0': 236, 'y0': 236, 'x1': 708, 'y1': 566, 'width': 472, 'height': 330}, 'axes_bbox_mm': {'x0': np.float64(20.0), 'y0': np.float64(20.0), 'x1': np.float64(60.0), 'y1': np.float64(47.99999999999999), 'width': np.float64(40.0), 'height': np.float64(27.999999999999993)}, 'url': 'https://scitex.ai'}[0m
[90mINFO:   • Auto-cropped with 1.0mm margin (11px at 300 DPI)[0m
/home/ywatanabe/proj/scitex-code/src/scitex/plt/_subplots/_AxisWrapperMixins/_TrackingMixin.py:113: UserWarning: Method 'sns_violinplot()' does not support data tracking for CSV export. Consider using scitex plot methods (e.g., plot_image, plot_imshow) for data export support.
  df = _export_as_csv(self.history)
[32mSUCC: Saved to: ./../scitex-code/examples/demo_plot_all_types_publication_out/publication/04_seaborn/02_sns_violinplot.png (1.0 MiB)[0m
[90mINFO:   • Auto-collected metadata from figure[0m
[90mINFO: 📝 Saving figure with metadata to: /home/ywatanabe/proj/scitex-code/examples/demo_plot_all_types_publication_out/publication/04_seaborn/02_sns_violinplot.pdf[0m
[90mINFO:   • Auto-added URL: https://scitex.ai[0m
/home/ywatanabe/proj/scitex-code/src/scitex/io/_save_modules/_image.py:174: UserWarning: This figure includes Axes that are not compatible with tight_layout, so results might be incorrect.
  obj.savefig(spath, **save_kwargs)
[90mINFO:   • Embedded metadata: {'metadata_version': '1.0.0', 'scitex': {'version': '2.2.2', 'created_at': '2025-11-19T18:38:52.077238', 'created_with': 'scitex.plt.subplots (mm-control)', 'mode': 'publication', 'axes_size_mm': (40, 28), 'position_in_grid': (0, 0), 'style_mm': {'axis_thickness_mm': 0.2, 'tick_length_mm': 0.8, 'tick_thickness_mm': 0.2, 'trace_thickness_mm': 0.2, 'axis_font_size_pt': 7, 'tick_font_size_pt': 7, 'title_font_size_pt': 8, 'legend_font_size_pt': 6, 'label_pad_pt': 0.5, 'tick_pad_pt': 2.0, 'title_pad_pt': 1.0, 'font_family': 'Arial', 'n_ticks': 4, 'font_family_requested': 'Arial', 'font_family_actual': 'Arial'}}, 'matplotlib': {'version': '3.10.3'}, 'dimensions': {'figure_size_mm': (np.float64(80.0), np.float64(68.0)), 'figure_size_inch': (np.float64(3.1496062992125986), np.float64(2.677165354330709)), 'figure_size_px': (944, 803), 'axes_size_mm': (np.float64(40.0), np.float64(27.999999999999993)), 'axes_size_inch': (np.float64(1.5748031496062993), np.float64(1.1023622047244093)), 'axes_size_px': (472, 330), 'axes_position': (np.float64(0.25), np.float64(0.29411764705882354), np.float64(0.5), np.float64(0.41176470588235287)), 'dpi': 300}, 'margins_mm': {'left': np.float64(20.0), 'bottom': np.float64(20.0), 'right': np.float64(20.0), 'top': np.float64(20.000000000000007)}, 'axes_bbox_px': {'x0': 236, 'y0': 236, 'x1': 708, 'y1': 566, 'width': 472, 'height': 330}, 'axes_bbox_mm': {'x0': np.float64(20.0), 'y0': np.float64(20.0), 'x1': np.float64(60.0), 'y1': np.float64(47.99999999999999), 'width': np.float64(40.0), 'height': np.float64(27.999999999999993)}, 'url': 'https://scitex.ai'}[0m
[32mSUCC: Saved to: ./../scitex-code/examples/demo_plot_all_types_publication_out/publication/04_seaborn/02_sns_violinplot.pdf (20.6 KiB)[0m
[90mINFO:   • Auto-collected metadata from figure[0m
[90mINFO: 📝 Saving figure with metadata to: /home/ywatanabe/proj/scitex-code/examples/demo_plot_all_types_publication_out/publication/04_seaborn/02_sns_violinplot.jpg[0m
[90mINFO:   • Auto-added URL: https://scitex.ai[0m
/home/ywatanabe/proj/scitex-code/src/scitex/io/_save_modules/_image.py:103: UserWarning: This figure includes Axes that are not compatible with tight_layout, so results might be incorrect.
  obj.figure.savefig(buf, **save_kwargs)
[90mINFO:   • Embedded metadata: {'metadata_version': '1.0.0', 'scitex': {'version': '2.2.2', 'created_at': '2025-11-19T18:38:52.163031', 'created_with': 'scitex.plt.subplots (mm-control)', 'mode': 'publication', 'axes_size_mm': (40, 28), 'position_in_grid': (0, 0), 'style_mm': {'axis_thickness_mm': 0.2, 'tick_length_mm': 0.8, 'tick_thickness_mm': 0.2, 'trace_thickness_mm': 0.2, 'axis_font_size_pt': 7, 'tick_font_size_pt': 7, 'title_font_size_pt': 8, 'legend_font_size_pt': 6, 'label_pad_pt': 0.5, 'tick_pad_pt': 2.0, 'title_pad_pt': 1.0, 'font_family': 'Arial', 'n_ticks': 4, 'font_family_requested': 'Arial', 'font_family_actual': 'Arial'}}, 'matplotlib': {'version': '3.10.3'}, 'dimensions': {'figure_size_mm': (np.float64(80.0), np.float64(68.0)), 'figure_size_inch': (np.float64(3.1496062992125986), np.float64(2.677165354330709)), 'figure_size_px': (944, 803), 'axes_size_mm': (np.float64(40.0), np.float64(27.999999999999993)), 'axes_size_inch': (np.float64(1.5748031496062993), np.float64(1.1023622047244093)), 'axes_size_px': (472, 330), 'axes_position': (np.float64(0.25), np.float64(0.29411764705882354), np.float64(0.5), np.float64(0.41176470588235287)), 'dpi': 300}, 'margins_mm': {'left': np.float64(20.0), 'bottom': np.float64(20.0), 'right': np.float64(20.0), 'top': np.float64(20.000000000000007)}, 'axes_bbox_px': {'x0': 236, 'y0': 236, 'x1': 708, 'y1': 566, 'width': 472, 'height': 330}, 'axes_bbox_mm': {'x0': np.float64(20.0), 'y0': np.float64(20.0), 'x1': np.float64(60.0), 'y1': np.float64(47.99999999999999), 'width': np.float64(40.0), 'height': np.float64(27.999999999999993)}, 'url': 'https://scitex.ai'}[0m
[90mINFO:   • Auto-cropped with 1.0mm margin (23px at 600 DPI)[0m
[32mSUCC: Saved to: ./../scitex-code/examples/demo_plot_all_types_publication_out/publication/04_seaborn/02_sns_violinplot.jpg (165.5 KiB)[0m
[90mINFO:   • Auto-collected metadata from figure[0m
[90mINFO: 📝 Saving figure with metadata to: /home/ywatanabe/proj/scitex-code/examples/demo_plot_all_types_publication_out/publication/04_seaborn/03_sns_scatterplot.png[0m
[90mINFO:   • Auto-added URL: https://scitex.ai[0m
/home/ywatanabe/proj/scitex-code/src/scitex/io/_save_modules/_image.py:57: UserWarning: This figure includes Axes that are not compatible with tight_layout, so results might be incorrect.
  obj.savefig(spath, **kwargs)
[90mINFO:   • Embedded metadata: {'metadata_version': '1.0.0', 'scitex': {'version': '2.2.2', 'created_at': '2025-11-19T18:38:52.628909', 'created_with': 'scitex.plt.subplots (mm-control)', 'mode': 'publication', 'axes_size_mm': (40, 28), 'position_in_grid': (0, 0), 'style_mm': {'axis_thickness_mm': 0.2, 'tick_length_mm': 0.8, 'tick_thickness_mm': 0.2, 'trace_thickness_mm': 0.2, 'axis_font_size_pt': 7, 'tick_font_size_pt': 7, 'title_font_size_pt': 8, 'legend_font_size_pt': 6, 'label_pad_pt': 0.5, 'tick_pad_pt': 2.0, 'title_pad_pt': 1.0, 'font_family': 'Arial', 'n_ticks': 4, 'font_family_requested': 'Arial', 'font_family_actual': 'Arial'}}, 'matplotlib': {'version': '3.10.3'}, 'dimensions': {'figure_size_mm': (np.float64(80.0), np.float64(68.0)), 'figure_size_inch': (np.float64(3.1496062992125986), np.float64(2.677165354330709)), 'figure_size_px': (944, 803), 'axes_size_mm': (np.float64(40.0), np.float64(27.999999999999993)), 'axes_size_inch': (np.float64(1.5748031496062993), np.float64(1.1023622047244093)), 'axes_size_px': (472, 330), 'axes_position': (np.float64(0.25), np.float64(0.29411764705882354), np.float64(0.5), np.float64(0.41176470588235287)), 'dpi': 300}, 'margins_mm': {'left': np.float64(20.0), 'bottom': np.float64(20.0), 'right': np.float64(20.0), 'top': np.float64(20.000000000000007)}, 'axes_bbox_px': {'x0': 236, 'y0': 236, 'x1': 708, 'y1': 566, 'width': 472, 'height': 330}, 'axes_bbox_mm': {'x0': np.float64(20.0), 'y0': np.float64(20.0), 'x1': np.float64(60.0), 'y1': np.float64(47.99999999999999), 'width': np.float64(40.0), 'height': np.float64(27.999999999999993)}, 'url': 'https://scitex.ai'}[0m
[90mINFO:   • Auto-cropped with 1.0mm margin (11px at 300 DPI)[0m
[32mSUCC: Saved to: ./../scitex-code/examples/demo_plot_all_types_publication_out/publication/04_seaborn/03_sns_scatterplot.csv (4.1 KiB)[0m
[32mSUCC: Saved to: ./../scitex-code/examples/demo_plot_all_types_publication_out/publication/04_seaborn/03_sns_scatterplot.png (1.1 MiB)[0m
[90mINFO:   • Auto-collected metadata from figure[0m
[90mINFO: 📝 Saving figure with metadata to: /home/ywatanabe/proj/scitex-code/examples/demo_plot_all_types_publication_out/publication/04_seaborn/03_sns_scatterplot.pdf[0m
[90mINFO:   • Auto-added URL: https://scitex.ai[0m
/home/ywatanabe/proj/scitex-code/src/scitex/io/_save_modules/_image.py:174: UserWarning: This figure includes Axes that are not compatible with tight_layout, so results might be incorrect.
  obj.savefig(spath, **save_kwargs)
[90mINFO:   • Embedded metadata: {'metadata_version': '1.0.0', 'scitex': {'version': '2.2.2', 'created_at': '2025-11-19T18:38:52.852435', 'created_with': 'scitex.plt.subplots (mm-control)', 'mode': 'publication', 'axes_size_mm': (40, 28), 'position_in_grid': (0, 0), 'style_mm': {'axis_thickness_mm': 0.2, 'tick_length_mm': 0.8, 'tick_thickness_mm': 0.2, 'trace_thickness_mm': 0.2, 'axis_font_size_pt': 7, 'tick_font_size_pt': 7, 'title_font_size_pt': 8, 'legend_font_size_pt': 6, 'label_pad_pt': 0.5, 'tick_pad_pt': 2.0, 'title_pad_pt': 1.0, 'font_family': 'Arial', 'n_ticks': 4, 'font_family_requested': 'Arial', 'font_family_actual': 'Arial'}}, 'matplotlib': {'version': '3.10.3'}, 'dimensions': {'figure_size_mm': (np.float64(80.0), np.float64(68.0)), 'figure_size_inch': (np.float64(3.1496062992125986), np.float64(2.677165354330709)), 'figure_size_px': (944, 803), 'axes_size_mm': (np.float64(40.0), np.float64(27.999999999999993)), 'axes_size_inch': (np.float64(1.5748031496062993), np.float64(1.1023622047244093)), 'axes_size_px': (472, 330), 'axes_position': (np.float64(0.25), np.float64(0.29411764705882354), np.float64(0.5), np.float64(0.41176470588235287)), 'dpi': 300}, 'margins_mm': {'left': np.float64(20.0), 'bottom': np.float64(20.0), 'right': np.float64(20.0), 'top': np.float64(20.000000000000007)}, 'axes_bbox_px': {'x0': 236, 'y0': 236, 'x1': 708, 'y1': 566, 'width': 472, 'height': 330}, 'axes_bbox_mm': {'x0': np.float64(20.0), 'y0': np.float64(20.0), 'x1': np.float64(60.0), 'y1': np.float64(47.99999999999999), 'width': np.float64(40.0), 'height': np.float64(27.999999999999993)}, 'url': 'https://scitex.ai'}[0m
[32mSUCC: Saved to: ./../scitex-code/examples/demo_plot_all_types_publication_out/publication/04_seaborn/03_sns_scatterplot.csv (4.1 KiB)[0m
[32mSUCC: Saved to: ./../scitex-code/examples/demo_plot_all_types_publication_out/publication/04_seaborn/03_sns_scatterplot.pdf (18.8 KiB)[0m
[90mINFO:   • Auto-collected metadata from figure[0m
[90mINFO: 📝 Saving figure with metadata to: /home/ywatanabe/proj/scitex-code/examples/demo_plot_all_types_publication_out/publication/04_seaborn/03_sns_scatterplot.jpg[0m
[90mINFO:   • Auto-added URL: https://scitex.ai[0m
/home/ywatanabe/proj/scitex-code/src/scitex/io/_save_modules/_image.py:103: UserWarning: This figure includes Axes that are not compatible with tight_layout, so results might be incorrect.
  obj.figure.savefig(buf, **save_kwargs)
[90mINFO:   • Embedded metadata: {'metadata_version': '1.0.0', 'scitex': {'version': '2.2.2', 'created_at': '2025-11-19T18:38:52.960786', 'created_with': 'scitex.plt.subplots (mm-control)', 'mode': 'publication', 'axes_size_mm': (40, 28), 'position_in_grid': (0, 0), 'style_mm': {'axis_thickness_mm': 0.2, 'tick_length_mm': 0.8, 'tick_thickness_mm': 0.2, 'trace_thickness_mm': 0.2, 'axis_font_size_pt': 7, 'tick_font_size_pt': 7, 'title_font_size_pt': 8, 'legend_font_size_pt': 6, 'label_pad_pt': 0.5, 'tick_pad_pt': 2.0, 'title_pad_pt': 1.0, 'font_family': 'Arial', 'n_ticks': 4, 'font_family_requested': 'Arial', 'font_family_actual': 'Arial'}}, 'matplotlib': {'version': '3.10.3'}, 'dimensions': {'figure_size_mm': (np.float64(80.0), np.float64(68.0)), 'figure_size_inch': (np.float64(3.1496062992125986), np.float64(2.677165354330709)), 'figure_size_px': (944, 803), 'axes_size_mm': (np.float64(40.0), np.float64(27.999999999999993)), 'axes_size_inch': (np.float64(1.5748031496062993), np.float64(1.1023622047244093)), 'axes_size_px': (472, 330), 'axes_position': (np.float64(0.25), np.float64(0.29411764705882354), np.float64(0.5), np.float64(0.41176470588235287)), 'dpi': 300}, 'margins_mm': {'left': np.float64(20.0), 'bottom': np.float64(20.0), 'right': np.float64(20.0), 'top': np.float64(20.000000000000007)}, 'axes_bbox_px': {'x0': 236, 'y0': 236, 'x1': 708, 'y1': 566, 'width': 472, 'height': 330}, 'axes_bbox_mm': {'x0': np.float64(20.0), 'y0': np.float64(20.0), 'x1': np.float64(60.0), 'y1': np.float64(47.99999999999999), 'width': np.float64(40.0), 'height': np.float64(27.999999999999993)}, 'url': 'https://scitex.ai'}[0m
[90mINFO:   • Auto-cropped with 1.0mm margin (23px at 600 DPI)[0m
[32mSUCC: Saved to: ./../scitex-code/examples/demo_plot_all_types_publication_out/publication/04_seaborn/03_sns_scatterplot.csv (4.1 KiB)[0m
[32mSUCC: Saved to: ./../scitex-code/examples/demo_plot_all_types_publication_out/publication/04_seaborn/03_sns_scatterplot.jpg (311.7 KiB)[0m
[90mINFO:   • Auto-collected metadata from figure[0m
[90mINFO: 📝 Saving figure with metadata to: /home/ywatanabe/proj/scitex-code/examples/demo_plot_all_types_publication_out/publication/04_seaborn/04_sns_lineplot.png[0m
[90mINFO:   • Auto-added URL: https://scitex.ai[0m
/home/ywatanabe/proj/scitex-code/src/scitex/io/_save_modules/_image.py:57: UserWarning: This figure includes Axes that are not compatible with tight_layout, so results might be incorrect.
  obj.savefig(spath, **kwargs)
[90mINFO:   • Embedded metadata: {'metadata_version': '1.0.0', 'scitex': {'version': '2.2.2', 'created_at': '2025-11-19T18:38:53.478112', 'created_with': 'scitex.plt.subplots (mm-control)', 'mode': 'publication', 'axes_size_mm': (40, 28), 'position_in_grid': (0, 0), 'style_mm': {'axis_thickness_mm': 0.2, 'tick_length_mm': 0.8, 'tick_thickness_mm': 0.2, 'trace_thickness_mm': 0.2, 'axis_font_size_pt': 7, 'tick_font_size_pt': 7, 'title_font_size_pt': 8, 'legend_font_size_pt': 6, 'label_pad_pt': 0.5, 'tick_pad_pt': 2.0, 'title_pad_pt': 1.0, 'font_family': 'Arial', 'n_ticks': 4, 'font_family_requested': 'Arial', 'font_family_actual': 'Arial'}}, 'matplotlib': {'version': '3.10.3'}, 'dimensions': {'figure_size_mm': (np.float64(80.0), np.float64(68.0)), 'figure_size_inch': (np.float64(3.1496062992125986), np.float64(2.677165354330709)), 'figure_size_px': (944, 803), 'axes_size_mm': (np.float64(40.0), np.float64(27.999999999999993)), 'axes_size_inch': (np.float64(1.5748031496062993), np.float64(1.1023622047244093)), 'axes_size_px': (472, 330), 'axes_position': (np.float64(0.25), np.float64(0.29411764705882354), np.float64(0.5), np.float64(0.41176470588235287)), 'dpi': 300}, 'margins_mm': {'left': np.float64(20.0), 'bottom': np.float64(20.0), 'right': np.float64(20.0), 'top': np.float64(20.000000000000007)}, 'axes_bbox_px': {'x0': 236, 'y0': 236, 'x1': 708, 'y1': 566, 'width': 472, 'height': 330}, 'axes_bbox_mm': {'x0': np.float64(20.0), 'y0': np.float64(20.0), 'x1': np.float64(60.0), 'y1': np.float64(47.99999999999999), 'width': np.float64(40.0), 'height': np.float64(27.999999999999993)}, 'url': 'https://scitex.ai'}[0m
[90mINFO:   • Auto-cropped with 1.0mm margin (11px at 300 DPI)[0m
/home/ywatanabe/proj/scitex-code/src/scitex/plt/_subplots/_AxisWrapperMixins/_TrackingMixin.py:113: UserWarning: Method 'sns_lineplot()' does not support data tracking for CSV export. Consider using scitex plot methods (e.g., plot_image, plot_imshow) for data export support.
  df = _export_as_csv(self.history)
[32mSUCC: Saved to: ./../scitex-code/examples/demo_plot_all_types_publication_out/publication/04_seaborn/04_sns_lineplot.png (1.1 MiB)[0m
[90mINFO:   • Auto-collected metadata from figure[0m
[90mINFO: 📝 Saving figure with metadata to: /home/ywatanabe/proj/scitex-code/examples/demo_plot_all_types_publication_out/publication/04_seaborn/04_sns_lineplot.pdf[0m
[90mINFO:   • Auto-added URL: https://scitex.ai[0m
/home/ywatanabe/proj/scitex-code/src/scitex/io/_save_modules/_image.py:174: UserWarning: This figure includes Axes that are not compatible with tight_layout, so results might be incorrect.
  obj.savefig(spath, **save_kwargs)
[90mINFO:   • Embedded metadata: {'metadata_version': '1.0.0', 'scitex': {'version': '2.2.2', 'created_at': '2025-11-19T18:38:53.700584', 'created_with': 'scitex.plt.subplots (mm-control)', 'mode': 'publication', 'axes_size_mm': (40, 28), 'position_in_grid': (0, 0), 'style_mm': {'axis_thickness_mm': 0.2, 'tick_length_mm': 0.8, 'tick_thickness_mm': 0.2, 'trace_thickness_mm': 0.2, 'axis_font_size_pt': 7, 'tick_font_size_pt': 7, 'title_font_size_pt': 8, 'legend_font_size_pt': 6, 'label_pad_pt': 0.5, 'tick_pad_pt': 2.0, 'title_pad_pt': 1.0, 'font_family': 'Arial', 'n_ticks': 4, 'font_family_requested': 'Arial', 'font_family_actual': 'Arial'}}, 'matplotlib': {'version': '3.10.3'}, 'dimensions': {'figure_size_mm': (np.float64(80.0), np.float64(68.0)), 'figure_size_inch': (np.float64(3.1496062992125986), np.float64(2.677165354330709)), 'figure_size_px': (944, 803), 'axes_size_mm': (np.float64(40.0), np.float64(27.999999999999993)), 'axes_size_inch': (np.float64(1.5748031496062993), np.float64(1.1023622047244093)), 'axes_size_px': (472, 330), 'axes_position': (np.float64(0.25), np.float64(0.29411764705882354), np.float64(0.5), np.float64(0.41176470588235287)), 'dpi': 300}, 'margins_mm': {'left': np.float64(20.0), 'bottom': np.float64(20.0), 'right': np.float64(20.0), 'top': np.float64(20.000000000000007)}, 'axes_bbox_px': {'x0': 236, 'y0': 236, 'x1': 708, 'y1': 566, 'width': 472, 'height': 330}, 'axes_bbox_mm': {'x0': np.float64(20.0), 'y0': np.float64(20.0), 'x1': np.float64(60.0), 'y1': np.float64(47.99999999999999), 'width': np.float64(40.0), 'height': np.float64(27.999999999999993)}, 'url': 'https://scitex.ai'}[0m
[32mSUCC: Saved to: ./../scitex-code/examples/demo_plot_all_types_publication_out/publication/04_seaborn/04_sns_lineplot.pdf (17.4 KiB)[0m
[90mINFO:   • Auto-collected metadata from figure[0m
[90mINFO: 📝 Saving figure with metadata to: /home/ywatanabe/proj/scitex-code/examples/demo_plot_all_types_publication_out/publication/04_seaborn/04_sns_lineplot.jpg[0m
[90mINFO:   • Auto-added URL: https://scitex.ai[0m
/home/ywatanabe/proj/scitex-code/src/scitex/io/_save_modules/_image.py:103: UserWarning: This figure includes Axes that are not compatible with tight_layout, so results might be incorrect.
  obj.figure.savefig(buf, **save_kwargs)
[90mINFO:   • Embedded metadata: {'metadata_version': '1.0.0', 'scitex': {'version': '2.2.2', 'created_at': '2025-11-19T18:38:53.798808', 'created_with': 'scitex.plt.subplots (mm-control)', 'mode': 'publication', 'axes_size_mm': (40, 28), 'position_in_grid': (0, 0), 'style_mm': {'axis_thickness_mm': 0.2, 'tick_length_mm': 0.8, 'tick_thickness_mm': 0.2, 'trace_thickness_mm': 0.2, 'axis_font_size_pt': 7, 'tick_font_size_pt': 7, 'title_font_size_pt': 8, 'legend_font_size_pt': 6, 'label_pad_pt': 0.5, 'tick_pad_pt': 2.0, 'title_pad_pt': 1.0, 'font_family': 'Arial', 'n_ticks': 4, 'font_family_requested': 'Arial', 'font_family_actual': 'Arial'}}, 'matplotlib': {'version': '3.10.3'}, 'dimensions': {'figure_size_mm': (np.float64(80.0), np.float64(68.0)), 'figure_size_inch': (np.float64(3.1496062992125986), np.float64(2.677165354330709)), 'figure_size_px': (944, 803), 'axes_size_mm': (np.float64(40.0), np.float64(27.999999999999993)), 'axes_size_inch': (np.float64(1.5748031496062993), np.float64(1.1023622047244093)), 'axes_size_px': (472, 330), 'axes_position': (np.float64(0.25), np.float64(0.29411764705882354), np.float64(0.5), np.float64(0.41176470588235287)), 'dpi': 300}, 'margins_mm': {'left': np.float64(20.0), 'bottom': np.float64(20.0), 'right': np.float64(20.0), 'top': np.float64(20.000000000000007)}, 'axes_bbox_px': {'x0': 236, 'y0': 236, 'x1': 708, 'y1': 566, 'width': 472, 'height': 330}, 'axes_bbox_mm': {'x0': np.float64(20.0), 'y0': np.float64(20.0), 'x1': np.float64(60.0), 'y1': np.float64(47.99999999999999), 'width': np.float64(40.0), 'height': np.float64(27.999999999999993)}, 'url': 'https://scitex.ai'}[0m
[90mINFO:   • Auto-cropped with 1.0mm margin (23px at 600 DPI)[0m
[32mSUCC: Saved to: ./../scitex-code/examples/demo_plot_all_types_publication_out/publication/04_seaborn/04_sns_lineplot.jpg (451.0 KiB)[0m
/home/ywatanabe/proj/scitex-code/src/scitex/plt/_subplots/_AxisWrapperMixins/_AdjustmentMixin.py:215: UserWarning: No artists with labels found to put in legend.  Note that artists whose label start with an underscore are ignored when legend() is called with no argument.
  legend_obj = self._axis_mpl.legend(*args, loc=loc, **kwargs)
[90mINFO:   • Auto-collected metadata from figure[0m
[90mINFO: 📝 Saving figure with metadata to: /home/ywatanabe/proj/scitex-code/examples/demo_plot_all_types_publication_out/publication/04_seaborn/05_sns_histplot.png[0m
[90mINFO:   • Auto-added URL: https://scitex.ai[0m
/home/ywatanabe/proj/scitex-code/src/scitex/io/_save_modules/_image.py:57: UserWarning: This figure includes Axes that are not compatible with tight_layout, so results might be incorrect.
  obj.savefig(spath, **kwargs)
[90mINFO:   • Embedded metadata: {'metadata_version': '1.0.0', 'scitex': {'version': '2.2.2', 'created_at': '2025-11-19T18:38:54.310231', 'created_with': 'scitex.plt.subplots (mm-control)', 'mode': 'publication', 'axes_size_mm': (40, 28), 'position_in_grid': (0, 0), 'style_mm': {'axis_thickness_mm': 0.2, 'tick_length_mm': 0.8, 'tick_thickness_mm': 0.2, 'trace_thickness_mm': 0.2, 'axis_font_size_pt': 7, 'tick_font_size_pt': 7, 'title_font_size_pt': 8, 'legend_font_size_pt': 6, 'label_pad_pt': 0.5, 'tick_pad_pt': 2.0, 'title_pad_pt': 1.0, 'font_family': 'Arial', 'n_ticks': 4, 'font_family_requested': 'Arial', 'font_family_actual': 'Arial'}}, 'matplotlib': {'version': '3.10.3'}, 'dimensions': {'figure_size_mm': (np.float64(80.0), np.float64(68.0)), 'figure_size_inch': (np.float64(3.1496062992125986), np.float64(2.677165354330709)), 'figure_size_px': (944, 803), 'axes_size_mm': (np.float64(40.0), np.float64(27.999999999999993)), 'axes_size_inch': (np.float64(1.5748031496062993), np.float64(1.1023622047244093)), 'axes_size_px': (472, 330), 'axes_position': (np.float64(0.25), np.float64(0.29411764705882354), np.float64(0.5), np.float64(0.41176470588235287)), 'dpi': 300}, 'margins_mm': {'left': np.float64(20.0), 'bottom': np.float64(20.0), 'right': np.float64(20.0), 'top': np.float64(20.000000000000007)}, 'axes_bbox_px': {'x0': 236, 'y0': 236, 'x1': 708, 'y1': 566, 'width': 472, 'height': 330}, 'axes_bbox_mm': {'x0': np.float64(20.0), 'y0': np.float64(20.0), 'x1': np.float64(60.0), 'y1': np.float64(47.99999999999999), 'width': np.float64(40.0), 'height': np.float64(27.999999999999993)}, 'url': 'https://scitex.ai'}[0m
[90mINFO:   • Auto-cropped with 1.0mm margin (11px at 300 DPI)[0m
[32mSUCC: Saved to: ./../scitex-code/examples/demo_plot_all_types_publication_out/publication/04_seaborn/05_sns_histplot.csv (1.7 KiB)[0m
[32mSUCC: Saved to: ./../scitex-code/examples/demo_plot_all_types_publication_out/publication/04_seaborn/05_sns_histplot.png (1.1 MiB)[0m
[90mINFO:   • Auto-collected metadata from figure[0m
[90mINFO: 📝 Saving figure with metadata to: /home/ywatanabe/proj/scitex-code/examples/demo_plot_all_types_publication_out/publication/04_seaborn/05_sns_histplot.pdf[0m
[90mINFO:   • Auto-added URL: https://scitex.ai[0m
/home/ywatanabe/proj/scitex-code/src/scitex/io/_save_modules/_image.py:174: UserWarning: This figure includes Axes that are not compatible with tight_layout, so results might be incorrect.
  obj.savefig(spath, **save_kwargs)
[90mINFO:   • Embedded metadata: {'metadata_version': '1.0.0', 'scitex': {'version': '2.2.2', 'created_at': '2025-11-19T18:38:54.583734', 'created_with': 'scitex.plt.subplots (mm-control)', 'mode': 'publication', 'axes_size_mm': (40, 28), 'position_in_grid': (0, 0), 'style_mm': {'axis_thickness_mm': 0.2, 'tick_length_mm': 0.8, 'tick_thickness_mm': 0.2, 'trace_thickness_mm': 0.2, 'axis_font_size_pt': 7, 'tick_font_size_pt': 7, 'title_font_size_pt': 8, 'legend_font_size_pt': 6, 'label_pad_pt': 0.5, 'tick_pad_pt': 2.0, 'title_pad_pt': 1.0, 'font_family': 'Arial', 'n_ticks': 4, 'font_family_requested': 'Arial', 'font_family_actual': 'Arial'}}, 'matplotlib': {'version': '3.10.3'}, 'dimensions': {'figure_size_mm': (np.float64(80.0), np.float64(68.0)), 'figure_size_inch': (np.float64(3.1496062992125986), np.float64(2.677165354330709)), 'figure_size_px': (944, 803), 'axes_size_mm': (np.float64(40.0), np.float64(27.999999999999993)), 'axes_size_inch': (np.float64(1.5748031496062993), np.float64(1.1023622047244093)), 'axes_size_px': (472, 330), 'axes_position': (np.float64(0.25), np.float64(0.29411764705882354), np.float64(0.5), np.float64(0.41176470588235287)), 'dpi': 300}, 'margins_mm': {'left': np.float64(20.0), 'bottom': np.float64(20.0), 'right': np.float64(20.0), 'top': np.float64(20.000000000000007)}, 'axes_bbox_px': {'x0': 236, 'y0': 236, 'x1': 708, 'y1': 566, 'width': 472, 'height': 330}, 'axes_bbox_mm': {'x0': np.float64(20.0), 'y0': np.float64(20.0), 'x1': np.float64(60.0), 'y1': np.float64(47.99999999999999), 'width': np.float64(40.0), 'height': np.float64(27.999999999999993)}, 'url': 'https://scitex.ai'}[0m
[32mSUCC: Saved to: ./../scitex-code/examples/demo_plot_all_types_publication_out/publication/04_seaborn/05_sns_histplot.csv (1.7 KiB)[0m
[32mSUCC: Saved to: ./../scitex-code/examples/demo_plot_all_types_publication_out/publication/04_seaborn/05_sns_histplot.pdf (16.9 KiB)[0m
[90mINFO:   • Auto-collected metadata from figure[0m
[90mINFO: 📝 Saving figure with metadata to: /home/ywatanabe/proj/scitex-code/examples/demo_plot_all_types_publication_out/publication/04_seaborn/05_sns_histplot.jpg[0m
[90mINFO:   • Auto-added URL: https://scitex.ai[0m
/home/ywatanabe/proj/scitex-code/src/scitex/io/_save_modules/_image.py:103: UserWarning: This figure includes Axes that are not compatible with tight_layout, so results might be incorrect.
  obj.figure.savefig(buf, **save_kwargs)
[90mINFO:   • Embedded metadata: {'metadata_version': '1.0.0', 'scitex': {'version': '2.2.2', 'created_at': '2025-11-19T18:38:54.681760', 'created_with': 'scitex.plt.subplots (mm-control)', 'mode': 'publication', 'axes_size_mm': (40, 28), 'position_in_grid': (0, 0), 'style_mm': {'axis_thickness_mm': 0.2, 'tick_length_mm': 0.8, 'tick_thickness_mm': 0.2, 'trace_thickness_mm': 0.2, 'axis_font_size_pt': 7, 'tick_font_size_pt': 7, 'title_font_size_pt': 8, 'legend_font_size_pt': 6, 'label_pad_pt': 0.5, 'tick_pad_pt': 2.0, 'title_pad_pt': 1.0, 'font_family': 'Arial', 'n_ticks': 4, 'font_family_requested': 'Arial', 'font_family_actual': 'Arial'}}, 'matplotlib': {'version': '3.10.3'}, 'dimensions': {'figure_size_mm': (np.float64(80.0), np.float64(68.0)), 'figure_size_inch': (np.float64(3.1496062992125986), np.float64(2.677165354330709)), 'figure_size_px': (944, 803), 'axes_size_mm': (np.float64(40.0), np.float64(27.999999999999993)), 'axes_size_inch': (np.float64(1.5748031496062993), np.float64(1.1023622047244093)), 'axes_size_px': (472, 330), 'axes_position': (np.float64(0.25), np.float64(0.29411764705882354), np.float64(0.5), np.float64(0.41176470588235287)), 'dpi': 300}, 'margins_mm': {'left': np.float64(20.0), 'bottom': np.float64(20.0), 'right': np.float64(20.0), 'top': np.float64(20.000000000000007)}, 'axes_bbox_px': {'x0': 236, 'y0': 236, 'x1': 708, 'y1': 566, 'width': 472, 'height': 330}, 'axes_bbox_mm': {'x0': np.float64(20.0), 'y0': np.float64(20.0), 'x1': np.float64(60.0), 'y1': np.float64(47.99999999999999), 'width': np.float64(40.0), 'height': np.float64(27.999999999999993)}, 'url': 'https://scitex.ai'}[0m
[90mINFO:   • Auto-cropped with 1.0mm margin (23px at 600 DPI)[0m
[32mSUCC: Saved to: ./../scitex-code/examples/demo_plot_all_types_publication_out/publication/04_seaborn/05_sns_histplot.csv (1.7 KiB)[0m
[32mSUCC: Saved to: ./../scitex-code/examples/demo_plot_all_types_publication_out/publication/04_seaborn/05_sns_histplot.jpg (236.4 KiB)[0m
[90mINFO:   • Auto-collected metadata from figure[0m
[90mINFO: 📝 Saving figure with metadata to: /home/ywatanabe/proj/scitex-code/examples/demo_plot_all_types_publication_out/publication/04_seaborn/06_sns_barplot.png[0m
[90mINFO:   • Auto-added URL: https://scitex.ai[0m
/home/ywatanabe/proj/scitex-code/src/scitex/io/_save_modules/_image.py:57: UserWarning: This figure includes Axes that are not compatible with tight_layout, so results might be incorrect.
  obj.savefig(spath, **kwargs)
[90mINFO:   • Embedded metadata: {'metadata_version': '1.0.0', 'scitex': {'version': '2.2.2', 'created_at': '2025-11-19T18:38:55.245840', 'created_with': 'scitex.plt.subplots (mm-control)', 'mode': 'publication', 'axes_size_mm': (40, 28), 'position_in_grid': (0, 0), 'style_mm': {'axis_thickness_mm': 0.2, 'tick_length_mm': 0.8, 'tick_thickness_mm': 0.2, 'trace_thickness_mm': 0.2, 'axis_font_size_pt': 7, 'tick_font_size_pt': 7, 'title_font_size_pt': 8, 'legend_font_size_pt': 6, 'label_pad_pt': 0.5, 'tick_pad_pt': 2.0, 'title_pad_pt': 1.0, 'font_family': 'Arial', 'n_ticks': 4, 'font_family_requested': 'Arial', 'font_family_actual': 'Arial'}}, 'matplotlib': {'version': '3.10.3'}, 'dimensions': {'figure_size_mm': (np.float64(80.0), np.float64(68.0)), 'figure_size_inch': (np.float64(3.1496062992125986), np.float64(2.677165354330709)), 'figure_size_px': (944, 803), 'axes_size_mm': (np.float64(40.0), np.float64(27.999999999999993)), 'axes_size_inch': (np.float64(1.5748031496062993), np.float64(1.1023622047244093)), 'axes_size_px': (472, 330), 'axes_position': (np.float64(0.25), np.float64(0.29411764705882354), np.float64(0.5), np.float64(0.41176470588235287)), 'dpi': 300}, 'margins_mm': {'left': np.float64(20.0), 'bottom': np.float64(20.0), 'right': np.float64(20.0), 'top': np.float64(20.000000000000007)}, 'axes_bbox_px': {'x0': 236, 'y0': 236, 'x1': 708, 'y1': 566, 'width': 472, 'height': 330}, 'axes_bbox_mm': {'x0': np.float64(20.0), 'y0': np.float64(20.0), 'x1': np.float64(60.0), 'y1': np.float64(47.99999999999999), 'width': np.float64(40.0), 'height': np.float64(27.999999999999993)}, 'url': 'https://scitex.ai'}[0m
[90mINFO:   • Auto-cropped with 1.0mm margin (11px at 300 DPI)[0m
[32mSUCC: Saved to: ./../scitex-code/examples/demo_plot_all_types_publication_out/publication/04_seaborn/06_sns_barplot.csv (3.1 KiB)[0m
[32mSUCC: Saved to: ./../scitex-code/examples/demo_plot_all_types_publication_out/publication/04_seaborn/06_sns_barplot.png (1.1 MiB)[0m
[90mINFO:   • Auto-collected metadata from figure[0m
[90mINFO: 📝 Saving figure with metadata to: /home/ywatanabe/proj/scitex-code/examples/demo_plot_all_types_publication_out/publication/04_seaborn/06_sns_barplot.pdf[0m
[90mINFO:   • Auto-added URL: https://scitex.ai[0m
/home/ywatanabe/proj/scitex-code/src/scitex/io/_save_modules/_image.py:174: UserWarning: This figure includes Axes that are not compatible with tight_layout, so results might be incorrect.
  obj.savefig(spath, **save_kwargs)
[90mINFO:   • Embedded metadata: {'metadata_version': '1.0.0', 'scitex': {'version': '2.2.2', 'created_at': '2025-11-19T18:38:55.440748', 'created_with': 'scitex.plt.subplots (mm-control)', 'mode': 'publication', 'axes_size_mm': (40, 28), 'position_in_grid': (0, 0), 'style_mm': {'axis_thickness_mm': 0.2, 'tick_length_mm': 0.8, 'tick_thickness_mm': 0.2, 'trace_thickness_mm': 0.2, 'axis_font_size_pt': 7, 'tick_font_size_pt': 7, 'title_font_size_pt': 8, 'legend_font_size_pt': 6, 'label_pad_pt': 0.5, 'tick_pad_pt': 2.0, 'title_pad_pt': 1.0, 'font_family': 'Arial', 'n_ticks': 4, 'font_family_requested': 'Arial', 'font_family_actual': 'Arial'}}, 'matplotlib': {'version': '3.10.3'}, 'dimensions': {'figure_size_mm': (np.float64(80.0), np.float64(68.0)), 'figure_size_inch': (np.float64(3.1496062992125986), np.float64(2.677165354330709)), 'figure_size_px': (944, 803), 'axes_size_mm': (np.float64(40.0), np.float64(27.999999999999993)), 'axes_size_inch': (np.float64(1.5748031496062993), np.float64(1.1023622047244093)), 'axes_size_px': (472, 330), 'axes_position': (np.float64(0.25), np.float64(0.29411764705882354), np.float64(0.5), np.float64(0.41176470588235287)), 'dpi': 300}, 'margins_mm': {'left': np.float64(20.0), 'bottom': np.float64(20.0), 'right': np.float64(20.0), 'top': np.float64(20.000000000000007)}, 'axes_bbox_px': {'x0': 236, 'y0': 236, 'x1': 708, 'y1': 566, 'width': 472, 'height': 330}, 'axes_bbox_mm': {'x0': np.float64(20.0), 'y0': np.float64(20.0), 'x1': np.float64(60.0), 'y1': np.float64(47.99999999999999), 'width': np.float64(40.0), 'height': np.float64(27.999999999999993)}, 'url': 'https://scitex.ai'}[0m
[32mSUCC: Saved to: ./../scitex-code/examples/demo_plot_all_types_publication_out/publication/04_seaborn/06_sns_barplot.csv (3.1 KiB)[0m
[32mSUCC: Saved to: ./../scitex-code/examples/demo_plot_all_types_publication_out/publication/04_seaborn/06_sns_barplot.pdf (14.3 KiB)[0m
[90mINFO:   • Auto-collected metadata from figure[0m
[90mINFO: 📝 Saving figure with metadata to: /home/ywatanabe/proj/scitex-code/examples/demo_plot_all_types_publication_out/publication/04_seaborn/06_sns_barplot.jpg[0m
[90mINFO:   • Auto-added URL: https://scitex.ai[0m
/home/ywatanabe/proj/scitex-code/src/scitex/io/_save_modules/_image.py:103: UserWarning: This figure includes Axes that are not compatible with tight_layout, so results might be incorrect.
  obj.figure.savefig(buf, **save_kwargs)
[90mINFO:   • Embedded metadata: {'metadata_version': '1.0.0', 'scitex': {'version': '2.2.2', 'created_at': '2025-11-19T18:38:55.526234', 'created_with': 'scitex.plt.subplots (mm-control)', 'mode': 'publication', 'axes_size_mm': (40, 28), 'position_in_grid': (0, 0), 'style_mm': {'axis_thickness_mm': 0.2, 'tick_length_mm': 0.8, 'tick_thickness_mm': 0.2, 'trace_thickness_mm': 0.2, 'axis_font_size_pt': 7, 'tick_font_size_pt': 7, 'title_font_size_pt': 8, 'legend_font_size_pt': 6, 'label_pad_pt': 0.5, 'tick_pad_pt': 2.0, 'title_pad_pt': 1.0, 'font_family': 'Arial', 'n_ticks': 4, 'font_family_requested': 'Arial', 'font_family_actual': 'Arial'}}, 'matplotlib': {'version': '3.10.3'}, 'dimensions': {'figure_size_mm': (np.float64(80.0), np.float64(68.0)), 'figure_size_inch': (np.float64(3.1496062992125986), np.float64(2.677165354330709)), 'figure_size_px': (944, 803), 'axes_size_mm': (np.float64(40.0), np.float64(27.999999999999993)), 'axes_size_inch': (np.float64(1.5748031496062993), np.float64(1.1023622047244093)), 'axes_size_px': (472, 330), 'axes_position': (np.float64(0.25), np.float64(0.29411764705882354), np.float64(0.5), np.float64(0.41176470588235287)), 'dpi': 300}, 'margins_mm': {'left': np.float64(20.0), 'bottom': np.float64(20.0), 'right': np.float64(20.0), 'top': np.float64(20.000000000000007)}, 'axes_bbox_px': {'x0': 236, 'y0': 236, 'x1': 708, 'y1': 566, 'width': 472, 'height': 330}, 'axes_bbox_mm': {'x0': np.float64(20.0), 'y0': np.float64(20.0), 'x1': np.float64(60.0), 'y1': np.float64(47.99999999999999), 'width': np.float64(40.0), 'height': np.float64(27.999999999999993)}, 'url': 'https://scitex.ai'}[0m
[90mINFO:   • Auto-cropped with 1.0mm margin (23px at 600 DPI)[0m
[32mSUCC: Saved to: ./../scitex-code/examples/demo_plot_all_types_publication_out/publication/04_seaborn/06_sns_barplot.csv (3.1 KiB)[0m
[32mSUCC: Saved to: ./../scitex-code/examples/demo_plot_all_types_publication_out/publication/04_seaborn/06_sns_barplot.jpg (138.5 KiB)[0m
[90mINFO:   • Auto-collected metadata from figure[0m
[90mINFO: 📝 Saving figure with metadata to: /home/ywatanabe/proj/scitex-code/examples/demo_plot_all_types_publication_out/publication/04_seaborn/07_sns_stripplot.png[0m
[90mINFO:   • Auto-added URL: https://scitex.ai[0m
/home/ywatanabe/proj/scitex-code/src/scitex/io/_save_modules/_image.py:57: UserWarning: This figure includes Axes that are not compatible with tight_layout, so results might be incorrect.
  obj.savefig(spath, **kwargs)
[90mINFO:   • Embedded metadata: {'metadata_version': '1.0.0', 'scitex': {'version': '2.2.2', 'created_at': '2025-11-19T18:38:56.028811', 'created_with': 'scitex.plt.subplots (mm-control)', 'mode': 'publication', 'axes_size_mm': (40, 28), 'position_in_grid': (0, 0), 'style_mm': {'axis_thickness_mm': 0.2, 'tick_length_mm': 0.8, 'tick_thickness_mm': 0.2, 'trace_thickness_mm': 0.2, 'axis_font_size_pt': 7, 'tick_font_size_pt': 7, 'title_font_size_pt': 8, 'legend_font_size_pt': 6, 'label_pad_pt': 0.5, 'tick_pad_pt': 2.0, 'title_pad_pt': 1.0, 'font_family': 'Arial', 'n_ticks': 4, 'font_family_requested': 'Arial', 'font_family_actual': 'Arial'}}, 'matplotlib': {'version': '3.10.3'}, 'dimensions': {'figure_size_mm': (np.float64(80.0), np.float64(68.0)), 'figure_size_inch': (np.float64(3.1496062992125986), np.float64(2.677165354330709)), 'figure_size_px': (944, 803), 'axes_size_mm': (np.float64(40.0), np.float64(27.999999999999993)), 'axes_size_inch': (np.float64(1.5748031496062993), np.float64(1.1023622047244093)), 'axes_size_px': (472, 330), 'axes_position': (np.float64(0.25), np.float64(0.29411764705882354), np.float64(0.5), np.float64(0.41176470588235287)), 'dpi': 300}, 'margins_mm': {'left': np.float64(20.0), 'bottom': np.float64(20.0), 'right': np.float64(20.0), 'top': np.float64(20.000000000000007)}, 'axes_bbox_px': {'x0': 236, 'y0': 236, 'x1': 708, 'y1': 566, 'width': 472, 'height': 330}, 'axes_bbox_mm': {'x0': np.float64(20.0), 'y0': np.float64(20.0), 'x1': np.float64(60.0), 'y1': np.float64(47.99999999999999), 'width': np.float64(40.0), 'height': np.float64(27.999999999999993)}, 'url': 'https://scitex.ai'}[0m
[90mINFO:   • Auto-cropped with 1.0mm margin (11px at 300 DPI)[0m
[32mSUCC: Saved to: ./../scitex-code/examples/demo_plot_all_types_publication_out/publication/04_seaborn/07_sns_stripplot.csv (1.9 KiB)[0m
[32mSUCC: Saved to: ./../scitex-code/examples/demo_plot_all_types_publication_out/publication/04_seaborn/07_sns_stripplot.png (1.1 MiB)[0m
[90mINFO:   • Auto-collected metadata from figure[0m
[90mINFO: 📝 Saving figure with metadata to: /home/ywatanabe/proj/scitex-code/examples/demo_plot_all_types_publication_out/publication/04_seaborn/07_sns_stripplot.pdf[0m
[90mINFO:   • Auto-added URL: https://scitex.ai[0m
/home/ywatanabe/proj/scitex-code/src/scitex/io/_save_modules/_image.py:174: UserWarning: This figure includes Axes that are not compatible with tight_layout, so results might be incorrect.
  obj.savefig(spath, **save_kwargs)
[90mINFO:   • Embedded metadata: {'metadata_version': '1.0.0', 'scitex': {'version': '2.2.2', 'created_at': '2025-11-19T18:38:56.240987', 'created_with': 'scitex.plt.subplots (mm-control)', 'mode': 'publication', 'axes_size_mm': (40, 28), 'position_in_grid': (0, 0), 'style_mm': {'axis_thickness_mm': 0.2, 'tick_length_mm': 0.8, 'tick_thickness_mm': 0.2, 'trace_thickness_mm': 0.2, 'axis_font_size_pt': 7, 'tick_font_size_pt': 7, 'title_font_size_pt': 8, 'legend_font_size_pt': 6, 'label_pad_pt': 0.5, 'tick_pad_pt': 2.0, 'title_pad_pt': 1.0, 'font_family': 'Arial', 'n_ticks': 4, 'font_family_requested': 'Arial', 'font_family_actual': 'Arial'}}, 'matplotlib': {'version': '3.10.3'}, 'dimensions': {'figure_size_mm': (np.float64(80.0), np.float64(68.0)), 'figure_size_inch': (np.float64(3.1496062992125986), np.float64(2.677165354330709)), 'figure_size_px': (944, 803), 'axes_size_mm': (np.float64(40.0), np.float64(27.999999999999993)), 'axes_size_inch': (np.float64(1.5748031496062993), np.float64(1.1023622047244093)), 'axes_size_px': (472, 330), 'axes_position': (np.float64(0.25), np.float64(0.29411764705882354), np.float64(0.5), np.float64(0.41176470588235287)), 'dpi': 300}, 'margins_mm': {'left': np.float64(20.0), 'bottom': np.float64(20.0), 'right': np.float64(20.0), 'top': np.float64(20.000000000000007)}, 'axes_bbox_px': {'x0': 236, 'y0': 236, 'x1': 708, 'y1': 566, 'width': 472, 'height': 330}, 'axes_bbox_mm': {'x0': np.float64(20.0), 'y0': np.float64(20.0), 'x1': np.float64(60.0), 'y1': np.float64(47.99999999999999), 'width': np.float64(40.0), 'height': np.float64(27.999999999999993)}, 'url': 'https://scitex.ai'}[0m
[32mSUCC: Saved to: ./../scitex-code/examples/demo_plot_all_types_publication_out/publication/04_seaborn/07_sns_stripplot.csv (1.9 KiB)[0m
[32mSUCC: Saved to: ./../scitex-code/examples/demo_plot_all_types_publication_out/publication/04_seaborn/07_sns_stripplot.pdf (16.1 KiB)[0m
[90mINFO:   • Auto-collected metadata from figure[0m
[90mINFO: 📝 Saving figure with metadata to: /home/ywatanabe/proj/scitex-code/examples/demo_plot_all_types_publication_out/publication/04_seaborn/07_sns_stripplot.jpg[0m
[90mINFO:   • Auto-added URL: https://scitex.ai[0m
/home/ywatanabe/proj/scitex-code/src/scitex/io/_save_modules/_image.py:103: UserWarning: This figure includes Axes that are not compatible with tight_layout, so results might be incorrect.
  obj.figure.savefig(buf, **save_kwargs)
[90mINFO:   • Embedded metadata: {'metadata_version': '1.0.0', 'scitex': {'version': '2.2.2', 'created_at': '2025-11-19T18:38:56.354934', 'created_with': 'scitex.plt.subplots (mm-control)', 'mode': 'publication', 'axes_size_mm': (40, 28), 'position_in_grid': (0, 0), 'style_mm': {'axis_thickness_mm': 0.2, 'tick_length_mm': 0.8, 'tick_thickness_mm': 0.2, 'trace_thickness_mm': 0.2, 'axis_font_size_pt': 7, 'tick_font_size_pt': 7, 'title_font_size_pt': 8, 'legend_font_size_pt': 6, 'label_pad_pt': 0.5, 'tick_pad_pt': 2.0, 'title_pad_pt': 1.0, 'font_family': 'Arial', 'n_ticks': 4, 'font_family_requested': 'Arial', 'font_family_actual': 'Arial'}}, 'matplotlib': {'version': '3.10.3'}, 'dimensions': {'figure_size_mm': (np.float64(80.0), np.float64(68.0)), 'figure_size_inch': (np.float64(3.1496062992125986), np.float64(2.677165354330709)), 'figure_size_px': (944, 803), 'axes_size_mm': (np.float64(40.0), np.float64(27.999999999999993)), 'axes_size_inch': (np.float64(1.5748031496062993), np.float64(1.1023622047244093)), 'axes_size_px': (472, 330), 'axes_position': (np.float64(0.25), np.float64(0.29411764705882354), np.float64(0.5), np.float64(0.41176470588235287)), 'dpi': 300}, 'margins_mm': {'left': np.float64(20.0), 'bottom': np.float64(20.0), 'right': np.float64(20.0), 'top': np.float64(20.000000000000007)}, 'axes_bbox_px': {'x0': 236, 'y0': 236, 'x1': 708, 'y1': 566, 'width': 472, 'height': 330}, 'axes_bbox_mm': {'x0': np.float64(20.0), 'y0': np.float64(20.0), 'x1': np.float64(60.0), 'y1': np.float64(47.99999999999999), 'width': np.float64(40.0), 'height': np.float64(27.999999999999993)}, 'url': 'https://scitex.ai'}[0m
[90mINFO:   • Auto-cropped with 1.0mm margin (23px at 600 DPI)[0m
[32mSUCC: Saved to: ./../scitex-code/examples/demo_plot_all_types_publication_out/publication/04_seaborn/07_sns_stripplot.csv (1.9 KiB)[0m
[32mSUCC: Saved to: ./../scitex-code/examples/demo_plot_all_types_publication_out/publication/04_seaborn/07_sns_stripplot.jpg (170.1 KiB)[0m
Traceback (most recent call last):
  File "/home/ywatanabe/proj/scitex-code/examples/demo_plot_all_types_publication.py", line 1376, in main
    demo()
  File "/home/ywatanabe/proj/scitex-code/examples/demo_plot_all_types_publication.py", line 1121, in demo_publication_sns_kdeplot
    ax.sns_kdeplot(
  File "/home/ywatanabe/proj/scitex-code/src/scitex/plt/_subplots/_AxisWrapperMixins/_SeabornMixin.py", line 25, in wrapper
    return func(self, *args, **kwargs)
           ^^^^^^^^^^^^^^^^^^^^^^^^^^^
  File "/home/ywatanabe/proj/scitex-code/src/scitex/plt/_subplots/_AxisWrapperMixins/_SeabornMixin.py", line 290, in sns_kdeplot
    self.plot_kde(_data, xlim=lim, label=hue, id=hue, **kwargs)
  File "/home/ywatanabe/proj/scitex-code/src/scitex/plt/_subplots/_AxisWrapperMixins/_MatplotlibPlotMixin.py", line 113, in plot_kde
    self._axis_mpl.plot(xx, density, **kwargs)
  File "/home/ywatanabe/.env-3.11/lib/python3.11/site-packages/matplotlib/axes/_axes.py", line 1779, in plot
    lines = [*self._get_lines(self, *args, data=data, **kwargs)]
            ^^^^^^^^^^^^^^^^^^^^^^^^^^^^^^^^^^^^^^^^^^^^^^^^^^^^
  File "/home/ywatanabe/.env-3.11/lib/python3.11/site-packages/matplotlib/axes/_base.py", line 296, in __call__
    yield from self._plot_args(
               ^^^^^^^^^^^^^^^^
  File "/home/ywatanabe/.env-3.11/lib/python3.11/site-packages/matplotlib/axes/_base.py", line 545, in _plot_args
    return [l[0] for l in result]
           ^^^^^^^^^^^^^^^^^^^^^^
  File "/home/ywatanabe/.env-3.11/lib/python3.11/site-packages/matplotlib/axes/_base.py", line 545, in <listcomp>
    return [l[0] for l in result]
           ^^^^^^^^^^^^^^^^^^^^^^
  File "/home/ywatanabe/.env-3.11/lib/python3.11/site-packages/matplotlib/axes/_base.py", line 538, in <genexpr>
    result = (make_artist(axes, x[:, j % ncx], y[:, j % ncy], kw,
              ^^^^^^^^^^^^^^^^^^^^^^^^^^^^^^^^^^^^^^^^^^^^^^^^^^^
  File "/home/ywatanabe/.env-3.11/lib/python3.11/site-packages/matplotlib/axes/_base.py", line 337, in _make_line
    seg = mlines.Line2D(x, y, **kw)
          ^^^^^^^^^^^^^^^^^^^^^^^^^
  File "/home/ywatanabe/.env-3.11/lib/python3.11/site-packages/matplotlib/lines.py", line 428, in __init__
    self._internal_update(kwargs)
  File "/home/ywatanabe/.env-3.11/lib/python3.11/site-packages/matplotlib/artist.py", line 1241, in _internal_update
    return self._update_props(
           ^^^^^^^^^^^^^^^^^^^
  File "/home/ywatanabe/.env-3.11/lib/python3.11/site-packages/matplotlib/artist.py", line 1214, in _update_props
    raise AttributeError(
AttributeError: Line2D.set() got an unexpected keyword argument 'xlim'
[90mINFO:   • Auto-collected metadata from figure[0m
[90mINFO: 📝 Saving figure with metadata to: /home/ywatanabe/proj/scitex-code/examples/demo_plot_all_types_publication_out/publication/05_multi_panel/01_2x2_scitex.png[0m
[90mINFO:   • Auto-added URL: https://scitex.ai[0m
/home/ywatanabe/proj/scitex-code/src/scitex/plt/utils/_collect_figure_metadata.py:155: UserWarning: Could not extract dimension info for metadata: 'function' object has no attribute 'get_position'
  warnings.warn(
/home/ywatanabe/proj/scitex-code/src/scitex/io/_save_modules/_image.py:57: UserWarning: This figure includes Axes that are not compatible with tight_layout, so results might be incorrect.
  obj.savefig(spath, **kwargs)
[90mINFO:   • Embedded metadata: {'metadata_version': '1.0.0', 'scitex': {'version': '2.2.2', 'created_at': '2025-11-19T18:38:57.006613', 'created_with': 'scitex.plt.subplots (mm-control)', 'mode': 'publication', 'axes_size_mm': (40, 28), 'position_in_grid': (0, 0), 'style_mm': {'axis_thickness_mm': 0.2, 'tick_length_mm': 0.8, 'tick_thickness_mm': 0.2, 'trace_thickness_mm': 0.2, 'axis_font_size_pt': 7, 'tick_font_size_pt': 7, 'title_font_size_pt': 8, 'legend_font_size_pt': 6, 'label_pad_pt': 0.5, 'tick_pad_pt': 2.0, 'title_pad_pt': 1.0, 'font_family': 'Arial', 'n_ticks': 4, 'font_family_requested': 'Arial', 'font_family_actual': 'Arial'}}, 'matplotlib': {'version': '3.10.3'}, 'dimensions': {'figure_size_mm': (np.float64(127.99999999999999), np.float64(106.00000000000001)), 'figure_size_inch': (np.float64(5.039370078740157), np.float64(4.1732283464566935)), 'figure_size_px': (1511, 1251), 'axes_size_mm': (np.float64(39.99999999999999), np.float64(28.000000000000004)), 'axes_size_inch': (np.float64(1.574803149606299), np.float64(1.1023622047244097)), 'axes_size_px': (472, 330), 'axes_position': (np.float64(0.15625), np.float64(0.5471698113207547), np.float64(0.3125), np.float64(0.26415094339622647)), 'dpi': 300}, 'margins_mm': {'left': np.float64(19.999999999999996), 'bottom': np.float64(58.00000000000001), 'right': np.float64(68.0), 'top': np.float64(20.0)}, 'axes_bbox_px': {'x0': 236, 'y0': 236, 'x1': 708, 'y1': 566, 'width': 472, 'height': 330}, 'axes_bbox_mm': {'x0': np.float64(19.999999999999996), 'y0': np.float64(20.0), 'x1': np.float64(59.999999999999986), 'y1': np.float64(48.0), 'width': np.float64(39.99999999999999), 'height': np.float64(28.000000000000004)}, 'url': 'https://scitex.ai'}[0m
[90mINFO:   • Auto-cropped with 1.0mm margin (11px at 300 DPI)[0m
[32mSUCC: Saved to: ./../scitex-code/examples/demo_plot_all_types_publication_out/publication/05_multi_panel/01_2x2_scitex.csv (17.5 KiB)[0m
[32mSUCC: Saved to: ./../scitex-code/examples/demo_plot_all_types_publication_out/publication/05_multi_panel/01_2x2_scitex.png (4.1 MiB)[0m
[90mINFO:   • Auto-collected metadata from figure[0m
[90mINFO: 📝 Saving figure with metadata to: /home/ywatanabe/proj/scitex-code/examples/demo_plot_all_types_publication_out/publication/05_multi_panel/01_2x2_scitex.pdf[0m
[90mINFO:   • Auto-added URL: https://scitex.ai[0m
/home/ywatanabe/proj/scitex-code/src/scitex/plt/utils/_collect_figure_metadata.py:155: UserWarning: Could not extract dimension info for metadata: 'function' object has no attribute 'get_position'
  warnings.warn(
/home/ywatanabe/proj/scitex-code/src/scitex/io/_save_modules/_image.py:174: UserWarning: This figure includes Axes that are not compatible with tight_layout, so results might be incorrect.
  obj.savefig(spath, **save_kwargs)
[90mINFO:   • Embedded metadata: {'metadata_version': '1.0.0', 'scitex': {'version': '2.2.2', 'created_at': '2025-11-19T18:38:57.653292', 'created_with': 'scitex.plt.subplots (mm-control)', 'mode': 'publication', 'axes_size_mm': (40, 28), 'position_in_grid': (0, 0), 'style_mm': {'axis_thickness_mm': 0.2, 'tick_length_mm': 0.8, 'tick_thickness_mm': 0.2, 'trace_thickness_mm': 0.2, 'axis_font_size_pt': 7, 'tick_font_size_pt': 7, 'title_font_size_pt': 8, 'legend_font_size_pt': 6, 'label_pad_pt': 0.5, 'tick_pad_pt': 2.0, 'title_pad_pt': 1.0, 'font_family': 'Arial', 'n_ticks': 4, 'font_family_requested': 'Arial', 'font_family_actual': 'Arial'}}, 'matplotlib': {'version': '3.10.3'}, 'dimensions': {'figure_size_mm': (np.float64(127.99999999999999), np.float64(106.00000000000001)), 'figure_size_inch': (np.float64(5.039370078740157), np.float64(4.1732283464566935)), 'figure_size_px': (1511, 1251), 'axes_size_mm': (np.float64(39.99999999999999), np.float64(28.000000000000004)), 'axes_size_inch': (np.float64(1.574803149606299), np.float64(1.1023622047244097)), 'axes_size_px': (472, 330), 'axes_position': (np.float64(0.15625), np.float64(0.5471698113207547), np.float64(0.3125), np.float64(0.26415094339622647)), 'dpi': 300}, 'margins_mm': {'left': np.float64(19.999999999999996), 'bottom': np.float64(58.00000000000001), 'right': np.float64(68.0), 'top': np.float64(20.0)}, 'axes_bbox_px': {'x0': 236, 'y0': 236, 'x1': 708, 'y1': 566, 'width': 472, 'height': 330}, 'axes_bbox_mm': {'x0': np.float64(19.999999999999996), 'y0': np.float64(20.0), 'x1': np.float64(59.999999999999986), 'y1': np.float64(48.0), 'width': np.float64(39.99999999999999), 'height': np.float64(28.000000000000004)}, 'url': 'https://scitex.ai'}[0m
[32mSUCC: Saved to: ./../scitex-code/examples/demo_plot_all_types_publication_out/publication/05_multi_panel/01_2x2_scitex.csv (17.5 KiB)[0m
[32mSUCC: Saved to: ./../scitex-code/examples/demo_plot_all_types_publication_out/publication/05_multi_panel/01_2x2_scitex.pdf (29.7 KiB)[0m
[90mINFO:   • Auto-collected metadata from figure[0m
[90mINFO: 📝 Saving figure with metadata to: /home/ywatanabe/proj/scitex-code/examples/demo_plot_all_types_publication_out/publication/05_multi_panel/01_2x2_scitex.jpg[0m
[90mINFO:   • Auto-added URL: https://scitex.ai[0m
/home/ywatanabe/proj/scitex-code/src/scitex/io/_save_modules/_image.py:103: UserWarning: This figure includes Axes that are not compatible with tight_layout, so results might be incorrect.
  obj.figure.savefig(buf, **save_kwargs)
[90mINFO:   • Embedded metadata: {'metadata_version': '1.0.0', 'scitex': {'version': '2.2.2', 'created_at': '2025-11-19T18:38:57.968535', 'created_with': 'scitex.plt.subplots (mm-control)', 'mode': 'publication', 'axes_size_mm': (40, 28), 'position_in_grid': (0, 0), 'style_mm': {'axis_thickness_mm': 0.2, 'tick_length_mm': 0.8, 'tick_thickness_mm': 0.2, 'trace_thickness_mm': 0.2, 'axis_font_size_pt': 7, 'tick_font_size_pt': 7, 'title_font_size_pt': 8, 'legend_font_size_pt': 6, 'label_pad_pt': 0.5, 'tick_pad_pt': 2.0, 'title_pad_pt': 1.0, 'font_family': 'Arial', 'n_ticks': 4, 'font_family_requested': 'Arial', 'font_family_actual': 'Arial'}}, 'matplotlib': {'version': '3.10.3'}, 'dimensions': {'figure_size_mm': (np.float64(127.99999999999999), np.float64(106.00000000000001)), 'figure_size_inch': (np.float64(5.039370078740157), np.float64(4.1732283464566935)), 'figure_size_px': (1511, 1251), 'axes_size_mm': (np.float64(39.99999999999999), np.float64(28.000000000000004)), 'axes_size_inch': (np.float64(1.574803149606299), np.float64(1.1023622047244097)), 'axes_size_px': (472, 330), 'axes_position': (np.float64(0.15625), np.float64(0.5471698113207547), np.float64(0.3125), np.float64(0.26415094339622647)), 'dpi': 300}, 'margins_mm': {'left': np.float64(19.999999999999996), 'bottom': np.float64(58.00000000000001), 'right': np.float64(68.0), 'top': np.float64(20.0)}, 'axes_bbox_px': {'x0': 236, 'y0': 236, 'x1': 708, 'y1': 566, 'width': 472, 'height': 330}, 'axes_bbox_mm': {'x0': np.float64(19.999999999999996), 'y0': np.float64(20.0), 'x1': np.float64(59.999999999999986), 'y1': np.float64(48.0), 'width': np.float64(39.99999999999999), 'height': np.float64(28.000000000000004)}, 'url': 'https://scitex.ai'}[0m
[90mINFO:   • Auto-cropped with 1.0mm margin (23px at 600 DPI)[0m
[32mSUCC: Saved to: ./../scitex-code/examples/demo_plot_all_types_publication_out/publication/05_multi_panel/01_2x2_scitex.csv (17.5 KiB)[0m
[32mSUCC: Saved to: ./../scitex-code/examples/demo_plot_all_types_publication_out/publication/05_multi_panel/01_2x2_scitex.jpg (616.2 KiB)[0m
[90mINFO:   • Auto-collected metadata from figure[0m
[90mINFO: 📝 Saving figure with metadata to: /home/ywatanabe/proj/scitex-code/examples/demo_plot_all_types_publication_out/publication/05_multi_panel/02_1x3_varied_widths.png[0m
[90mINFO:   • Auto-added URL: https://scitex.ai[0m
/home/ywatanabe/proj/scitex-code/src/scitex/plt/utils/_collect_figure_metadata.py:155: UserWarning: Could not extract dimension info for metadata: 'function' object has no attribute 'get_position'
  warnings.warn(
/home/ywatanabe/proj/scitex-code/src/scitex/io/_save_modules/_image.py:57: UserWarning: This figure includes Axes that are not compatible with tight_layout, so results might be incorrect.
  obj.savefig(spath, **kwargs)
[90mINFO:   • Embedded metadata: {'metadata_version': '1.0.0', 'scitex': {'version': '2.2.2', 'created_at': '2025-11-19T18:38:59.503727', 'created_with': 'scitex.plt.subplots (mm-control)', 'mode': 'publication', 'axes_size_mm': (25, 21), 'position_in_grid': (0, 0), 'style_mm': {'axis_thickness_mm': 0.2, 'tick_length_mm': 0.8, 'font_family_requested': 'Arial', 'font_family_actual': 'Arial'}}, 'matplotlib': {'version': '3.10.3'}, 'dimensions': {'figure_size_mm': (np.float64(98.0), np.float64(28.0)), 'figure_size_inch': (np.float64(3.8582677165354333), np.float64(1.1023622047244095)), 'figure_size_px': (1157, 330), 'axes_size_mm': (np.float64(25.000000000000004), np.float64(21.0)), 'axes_size_inch': (np.float64(0.9842519685039371), np.float64(0.8267716535433072)), 'axes_size_px': (295, 248), 'axes_position': (np.float64(0.05102040816326531), np.float64(0.17857142857142858), np.float64(0.25510204081632654), np.float64(0.75)), 'dpi': 300}, 'margins_mm': {'left': np.float64(5.0), 'bottom': np.float64(5.0), 'right': np.float64(68.0), 'top': np.float64(2.0)}, 'axes_bbox_px': {'x0': 59, 'y0': 23, 'x1': 354, 'y1': 271, 'width': 295, 'height': 248}, 'axes_bbox_mm': {'x0': np.float64(5.0), 'y0': np.float64(1.9999999999999991), 'x1': np.float64(30.000000000000004), 'y1': np.float64(23.0), 'width': np.float64(25.000000000000004), 'height': np.float64(21.0)}, 'url': 'https://scitex.ai'}[0m
[90mINFO:   • Auto-cropped with 1.0mm margin (11px at 300 DPI)[0m
[32mSUCC: Saved to: ./../scitex-code/examples/demo_plot_all_types_publication_out/publication/05_multi_panel/02_1x3_varied_widths.csv (7.7 KiB)[0m
[32mSUCC: Saved to: ./../scitex-code/examples/demo_plot_all_types_publication_out/publication/05_multi_panel/02_1x3_varied_widths.png (1.5 MiB)[0m
[90mINFO:   • Auto-collected metadata from figure[0m
[90mINFO: 📝 Saving figure with metadata to: /home/ywatanabe/proj/scitex-code/examples/demo_plot_all_types_publication_out/publication/05_multi_panel/02_1x3_varied_widths.pdf[0m
[90mINFO:   • Auto-added URL: https://scitex.ai[0m
/home/ywatanabe/proj/scitex-code/src/scitex/plt/utils/_collect_figure_metadata.py:155: UserWarning: Could not extract dimension info for metadata: 'function' object has no attribute 'get_position'
  warnings.warn(
/home/ywatanabe/proj/scitex-code/src/scitex/io/_save_modules/_image.py:174: UserWarning: This figure includes Axes that are not compatible with tight_layout, so results might be incorrect.
  obj.savefig(spath, **save_kwargs)
[90mINFO:   • Embedded metadata: {'metadata_version': '1.0.0', 'scitex': {'version': '2.2.2', 'created_at': '2025-11-19T18:38:59.741842', 'created_with': 'scitex.plt.subplots (mm-control)', 'mode': 'publication', 'axes_size_mm': (25, 21), 'position_in_grid': (0, 0), 'style_mm': {'axis_thickness_mm': 0.2, 'tick_length_mm': 0.8, 'font_family_requested': 'Arial', 'font_family_actual': 'Arial'}}, 'matplotlib': {'version': '3.10.3'}, 'dimensions': {'figure_size_mm': (np.float64(98.0), np.float64(28.0)), 'figure_size_inch': (np.float64(3.8582677165354333), np.float64(1.1023622047244095)), 'figure_size_px': (1157, 330), 'axes_size_mm': (np.float64(25.000000000000004), np.float64(21.0)), 'axes_size_inch': (np.float64(0.9842519685039371), np.float64(0.8267716535433072)), 'axes_size_px': (295, 248), 'axes_position': (np.float64(0.05102040816326531), np.float64(0.17857142857142858), np.float64(0.25510204081632654), np.float64(0.75)), 'dpi': 300}, 'margins_mm': {'left': np.float64(5.0), 'bottom': np.float64(5.0), 'right': np.float64(68.0), 'top': np.float64(2.0)}, 'axes_bbox_px': {'x0': 59, 'y0': 23, 'x1': 354, 'y1': 271, 'width': 295, 'height': 248}, 'axes_bbox_mm': {'x0': np.float64(5.0), 'y0': np.float64(1.9999999999999991), 'x1': np.float64(30.000000000000004), 'y1': np.float64(23.0), 'width': np.float64(25.000000000000004), 'height': np.float64(21.0)}, 'url': 'https://scitex.ai'}[0m
[32mSUCC: Saved to: ./../scitex-code/examples/demo_plot_all_types_publication_out/publication/05_multi_panel/02_1x3_varied_widths.csv (7.7 KiB)[0m
[32mSUCC: Saved to: ./../scitex-code/examples/demo_plot_all_types_publication_out/publication/05_multi_panel/02_1x3_varied_widths.pdf (24.2 KiB)[0m
[90mINFO:   • Auto-collected metadata from figure[0m
[90mINFO: 📝 Saving figure with metadata to: /home/ywatanabe/proj/scitex-code/examples/demo_plot_all_types_publication_out/publication/05_multi_panel/02_1x3_varied_widths.jpg[0m
[90mINFO:   • Auto-added URL: https://scitex.ai[0m
/home/ywatanabe/proj/scitex-code/src/scitex/io/_save_modules/_image.py:103: UserWarning: This figure includes Axes that are not compatible with tight_layout, so results might be incorrect.
  obj.figure.savefig(buf, **save_kwargs)
[90mINFO:   • Embedded metadata: {'metadata_version': '1.0.0', 'scitex': {'version': '2.2.2', 'created_at': '2025-11-19T18:38:59.946891', 'created_with': 'scitex.plt.subplots (mm-control)', 'mode': 'publication', 'axes_size_mm': (25, 21), 'position_in_grid': (0, 0), 'style_mm': {'axis_thickness_mm': 0.2, 'tick_length_mm': 0.8, 'font_family_requested': 'Arial', 'font_family_actual': 'Arial'}}, 'matplotlib': {'version': '3.10.3'}, 'dimensions': {'figure_size_mm': (np.float64(98.0), np.float64(28.0)), 'figure_size_inch': (np.float64(3.8582677165354333), np.float64(1.1023622047244095)), 'figure_size_px': (1157, 330), 'axes_size_mm': (np.float64(25.000000000000004), np.float64(21.0)), 'axes_size_inch': (np.float64(0.9842519685039371), np.float64(0.8267716535433072)), 'axes_size_px': (295, 248), 'axes_position': (np.float64(0.05102040816326531), np.float64(0.17857142857142858), np.float64(0.25510204081632654), np.float64(0.75)), 'dpi': 300}, 'margins_mm': {'left': np.float64(5.0), 'bottom': np.float64(5.0), 'right': np.float64(68.0), 'top': np.float64(2.0)}, 'axes_bbox_px': {'x0': 59, 'y0': 23, 'x1': 354, 'y1': 271, 'width': 295, 'height': 248}, 'axes_bbox_mm': {'x0': np.float64(5.0), 'y0': np.float64(1.9999999999999991), 'x1': np.float64(30.000000000000004), 'y1': np.float64(23.0), 'width': np.float64(25.000000000000004), 'height': np.float64(21.0)}, 'url': 'https://scitex.ai'}[0m
[90mINFO:   • Auto-cropped with 1.0mm margin (23px at 600 DPI)[0m
[32mSUCC: Saved to: ./../scitex-code/examples/demo_plot_all_types_publication_out/publication/05_multi_panel/02_1x3_varied_widths.csv (7.7 KiB)[0m
[32mSUCC: Saved to: ./../scitex-code/examples/demo_plot_all_types_publication_out/publication/05_multi_panel/02_1x3_varied_widths.jpg (334.6 KiB)[0m
[90mINFO:   • Auto-collected metadata from figure[0m
[90mINFO: 📝 Saving figure with metadata to: /home/ywatanabe/proj/scitex-code/examples/demo_plot_all_types_publication_out/publication/style_override.png[0m
[90mINFO:   • Auto-added URL: https://scitex.ai[0m
/home/ywatanabe/proj/scitex-code/src/scitex/io/_save_modules/_image.py:57: UserWarning: This figure includes Axes that are not compatible with tight_layout, so results might be incorrect.
  obj.savefig(spath, **kwargs)
[90mINFO:   • Embedded metadata: {'metadata_version': '1.0.0', 'scitex': {'version': '2.2.2', 'created_at': '2025-11-19T18:39:00.367708', 'created_with': 'scitex.plt.subplots (mm-control)', 'mode': 'publication', 'axes_size_mm': (40, 28), 'position_in_grid': (0, 0), 'style_mm': {'axis_thickness_mm': 0.3, 'tick_length_mm': 1.0, 'tick_thickness_mm': 0.2, 'trace_thickness_mm': 0.2, 'axis_font_size_pt': 7, 'tick_font_size_pt': 7, 'title_font_size_pt': 8, 'legend_font_size_pt': 6, 'label_pad_pt': 0.5, 'tick_pad_pt': 2.0, 'title_pad_pt': 1.0, 'font_family': 'Arial', 'n_ticks': 4, 'font_family_requested': 'Arial', 'font_family_actual': 'Arial'}}, 'matplotlib': {'version': '3.10.3'}, 'dimensions': {'figure_size_mm': (np.float64(80.0), np.float64(68.0)), 'figure_size_inch': (np.float64(3.1496062992125986), np.float64(2.677165354330709)), 'figure_size_px': (944, 803), 'axes_size_mm': (np.float64(40.0), np.float64(27.999999999999993)), 'axes_size_inch': (np.float64(1.5748031496062993), np.float64(1.1023622047244093)), 'axes_size_px': (472, 330), 'axes_position': (np.float64(0.25), np.float64(0.29411764705882354), np.float64(0.5), np.float64(0.41176470588235287)), 'dpi': 300}, 'margins_mm': {'left': np.float64(20.0), 'bottom': np.float64(20.0), 'right': np.float64(20.0), 'top': np.float64(20.000000000000007)}, 'axes_bbox_px': {'x0': 236, 'y0': 236, 'x1': 708, 'y1': 566, 'width': 472, 'height': 330}, 'axes_bbox_mm': {'x0': np.float64(20.0), 'y0': np.float64(20.0), 'x1': np.float64(60.0), 'y1': np.float64(47.99999999999999), 'width': np.float64(40.0), 'height': np.float64(27.999999999999993)}, 'url': 'https://scitex.ai'}[0m
[90mINFO:   • Auto-cropped with 1.0mm margin (11px at 300 DPI)[0m
[32mSUCC: Saved to: ./../scitex-code/examples/demo_plot_all_types_publication_out/publication/style_override.png (1.1 MiB)[0m
[90mINFO:   • Auto-collected metadata from figure[0m
[90mINFO: 📝 Saving figure with metadata to: /home/ywatanabe/proj/scitex-code/examples/demo_plot_all_types_publication_out/publication/style_override.pdf[0m
[90mINFO:   • Auto-added URL: https://scitex.ai[0m
/home/ywatanabe/proj/scitex-code/src/scitex/io/_save_modules/_image.py:174: UserWarning: This figure includes Axes that are not compatible with tight_layout, so results might be incorrect.
  obj.savefig(spath, **save_kwargs)
[90mINFO:   • Embedded metadata: {'metadata_version': '1.0.0', 'scitex': {'version': '2.2.2', 'created_at': '2025-11-19T18:39:00.590715', 'created_with': 'scitex.plt.subplots (mm-control)', 'mode': 'publication', 'axes_size_mm': (40, 28), 'position_in_grid': (0, 0), 'style_mm': {'axis_thickness_mm': 0.3, 'tick_length_mm': 1.0, 'tick_thickness_mm': 0.2, 'trace_thickness_mm': 0.2, 'axis_font_size_pt': 7, 'tick_font_size_pt': 7, 'title_font_size_pt': 8, 'legend_font_size_pt': 6, 'label_pad_pt': 0.5, 'tick_pad_pt': 2.0, 'title_pad_pt': 1.0, 'font_family': 'Arial', 'n_ticks': 4, 'font_family_requested': 'Arial', 'font_family_actual': 'Arial'}}, 'matplotlib': {'version': '3.10.3'}, 'dimensions': {'figure_size_mm': (np.float64(80.0), np.float64(68.0)), 'figure_size_inch': (np.float64(3.1496062992125986), np.float64(2.677165354330709)), 'figure_size_px': (944, 803), 'axes_size_mm': (np.float64(40.0), np.float64(27.999999999999993)), 'axes_size_inch': (np.float64(1.5748031496062993), np.float64(1.1023622047244093)), 'axes_size_px': (472, 330), 'axes_position': (np.float64(0.25), np.float64(0.29411764705882354), np.float64(0.5), np.float64(0.41176470588235287)), 'dpi': 300}, 'margins_mm': {'left': np.float64(20.0), 'bottom': np.float64(20.0), 'right': np.float64(20.0), 'top': np.float64(20.000000000000007)}, 'axes_bbox_px': {'x0': 236, 'y0': 236, 'x1': 708, 'y1': 566, 'width': 472, 'height': 330}, 'axes_bbox_mm': {'x0': np.float64(20.0), 'y0': np.float64(20.0), 'x1': np.float64(60.0), 'y1': np.float64(47.99999999999999), 'width': np.float64(40.0), 'height': np.float64(27.999999999999993)}, 'url': 'https://scitex.ai'}[0m
[32mSUCC: Saved to: ./../scitex-code/examples/demo_plot_all_types_publication_out/publication/style_override.pdf (18.6 KiB)[0m
[90mINFO:   • Auto-collected metadata from figure[0m
[90mINFO: 📝 Saving figure with metadata to: /home/ywatanabe/proj/scitex-code/examples/demo_plot_all_types_publication_out/publication/style_override.jpg[0m
[90mINFO:   • Auto-added URL: https://scitex.ai[0m
/home/ywatanabe/proj/scitex-code/src/scitex/io/_save_modules/_image.py:103: UserWarning: This figure includes Axes that are not compatible with tight_layout, so results might be incorrect.
  obj.figure.savefig(buf, **save_kwargs)
[90mINFO:   • Embedded metadata: {'metadata_version': '1.0.0', 'scitex': {'version': '2.2.2', 'created_at': '2025-11-19T18:39:00.695011', 'created_with': 'scitex.plt.subplots (mm-control)', 'mode': 'publication', 'axes_size_mm': (40, 28), 'position_in_grid': (0, 0), 'style_mm': {'axis_thickness_mm': 0.3, 'tick_length_mm': 1.0, 'tick_thickness_mm': 0.2, 'trace_thickness_mm': 0.2, 'axis_font_size_pt': 7, 'tick_font_size_pt': 7, 'title_font_size_pt': 8, 'legend_font_size_pt': 6, 'label_pad_pt': 0.5, 'tick_pad_pt': 2.0, 'title_pad_pt': 1.0, 'font_family': 'Arial', 'n_ticks': 4, 'font_family_requested': 'Arial', 'font_family_actual': 'Arial'}}, 'matplotlib': {'version': '3.10.3'}, 'dimensions': {'figure_size_mm': (np.float64(80.0), np.float64(68.0)), 'figure_size_inch': (np.float64(3.1496062992125986), np.float64(2.677165354330709)), 'figure_size_px': (944, 803), 'axes_size_mm': (np.float64(40.0), np.float64(27.999999999999993)), 'axes_size_inch': (np.float64(1.5748031496062993), np.float64(1.1023622047244093)), 'axes_size_px': (472, 330), 'axes_position': (np.float64(0.25), np.float64(0.29411764705882354), np.float64(0.5), np.float64(0.41176470588235287)), 'dpi': 300}, 'margins_mm': {'left': np.float64(20.0), 'bottom': np.float64(20.0), 'right': np.float64(20.0), 'top': np.float64(20.000000000000007)}, 'axes_bbox_px': {'x0': 236, 'y0': 236, 'x1': 708, 'y1': 566, 'width': 472, 'height': 330}, 'axes_bbox_mm': {'x0': np.float64(20.0), 'y0': np.float64(20.0), 'x1': np.float64(60.0), 'y1': np.float64(47.99999999999999), 'width': np.float64(40.0), 'height': np.float64(27.999999999999993)}, 'url': 'https://scitex.ai'}[0m
[90mINFO:   • Auto-cropped with 1.0mm margin (23px at 600 DPI)[0m
[32mSUCC: Saved to: ./../scitex-code/examples/demo_plot_all_types_publication_out/publication/style_override.jpg (297.0 KiB)[0m
