ax-row-0-col-0_trace-id-contour-lines_variable-x,ax-row-0-col-0_trace-id-contour-lines_variable-y,ax-row-0-col-0_trace-id-contour-lines_variable-z
-3.0,-3.0,0.13970774909946293
-2.9393939393939394,-3.0,0.19881399092652657
-2.878787878787879,-3.0,0.2571901936602537
-2.8181818181818183,-3.0,0.3146220016110999
-2.757575757575758,-3.0,0.370898526879226
-2.696969696969697,-3.0,0.42581312372862856
-2.6363636363636362,-3.0,0.47916414738416785
-2.5757575757575757,-3.0,0.5307556944652191
-2.515151515151515,-3.0,0.5803983223370898
-2.4545454545454546,-3.0,0.6279097447387701
-2.393939393939394,-3.0,0.6731155011326913
-2.333333333333333,-3.0,0.7158495973186586
-2.2727272727272725,-3.0,0.7559551149596432
-2.212121212121212,-3.0,0.7932847877812751
-2.1515151515151514,-3.0,0.8277015423292455
-2.090909090909091,-3.0,0.8590790012989757
-2.0303030303030303,-3.0,0.887301947589342
-1.9696969696969697,-3.0,0.9122667473764612
-1.9090909090909092,-3.0,0.9338817306540277
-1.8484848484848484,-3.0,0.9520675278428642
-1.7878787878787878,-3.0,0.966757361233668
-1.7272727272727273,-3.0,0.9778972901927849
-1.6666666666666665,-3.0,0.9854464092306204
-1.606060606060606,-3.0,0.9893769982053867
-1.5454545454545454,-3.0,0.9896746241106437
-1.4848484848484849,-3.0,0.9863381940728715
-1.4242424242424243,-3.0,0.9793799593644702
-1.3636363636363635,-3.0,0.9688254704174495
-1.303030303030303,-3.0,0.9547134830029985
-1.2424242424242424,-3.0,0.9370958159214399
-1.1818181818181817,-3.0,0.9160371607251285
-1.121212121212121,-3.0,0.8916148441729852
-1.0606060606060606,-3.0,0.8639185442889247
-1.0,-3.0,0.833049961066805
-0.9393939393939394,-3.0,0.7991224430310586
-0.8787878787878789,-3.0,0.7622605710242638
-0.8181818181818183,-3.0,0.7225997007499761
-0.7575757575757573,-3.0,0.6802854657505885
-0.6969696969696968,-3.0,0.635473242645273
-0.6363636363636362,-3.0,0.5883275805916303
-0.5757575757575757,-3.0,0.539021597066051
-0.5151515151515151,-3.0,0.48773634218146417
-0.4545454545454546,-3.0,0.4346601338766775
-0.39393939393939403,-3.0,0.37998786641847804
-0.33333333333333304,-3.0,0.32392029475564826
-0.2727272727272725,-3.0,0.2666632973527356
-0.21212121212121193,-3.0,0.20842712021041787
-0.15151515151515138,-3.0,0.14942560484841033
-0.09090909090909083,-3.0,0.08987540308573036
-0.030303030303030276,-3.0,0.029995181501627437
0.030303030303030276,-3.0,-0.029995181501627437
0.09090909090909083,-3.0,-0.08987540308573036
0.15151515151515138,-3.0,-0.14942560484841033
0.21212121212121238,-3.0,-0.20842712021041832
0.27272727272727293,-3.0,-0.26666329735273603
0.3333333333333335,-3.0,-0.32392029475564865
0.39393939393939403,-3.0,-0.37998786641847804
0.4545454545454546,-3.0,-0.4346601338766775
0.5151515151515151,-3.0,-0.48773634218146417
0.5757575757575757,-3.0,-0.539021597066051
0.6363636363636367,-3.0,-0.5883275805916306
0.6969696969696972,-3.0,-0.6354732426452734
0.7575757575757578,-3.0,-0.6802854657505888
0.8181818181818183,-3.0,-0.7225997007499761
0.8787878787878789,-3.0,-0.7622605710242638
0.9393939393939394,-3.0,-0.7991224430310586
1.0,-3.0,-0.833049961066805
1.0606060606060606,-3.0,-0.8639185442889247
1.121212121212121,-3.0,-0.8916148441729852
1.1818181818181817,-3.0,-0.9160371607251285
1.2424242424242422,-3.0,-0.9370958159214398
1.3030303030303028,-3.0,-0.9547134830029984
1.3636363636363633,-3.0,-0.9688254704174495
1.4242424242424248,-3.0,-0.9793799593644703
1.4848484848484853,-3.0,-0.9863381940728715
1.5454545454545459,-3.0,-0.9896746241106437
1.6060606060606064,-3.0,-0.9893769982053867
1.666666666666667,-3.0,-0.9854464092306204
1.7272727272727275,-3.0,-0.9778972901927849
1.787878787878788,-3.0,-0.966757361233668
1.8484848484848486,-3.0,-0.9520675278428641
1.9090909090909092,-3.0,-0.9338817306540277
1.9696969696969697,-3.0,-0.9122667473764612
2.0303030303030303,-3.0,-0.887301947589342
2.090909090909091,-3.0,-0.8590790012989757
2.1515151515151514,-3.0,-0.8277015423292455
2.212121212121212,-3.0,-0.7932847877812751
2.2727272727272725,-3.0,-0.7559551149596432
2.333333333333334,-3.0,-0.715849597318658
2.3939393939393945,-3.0,-0.6731155011326909
2.454545454545455,-3.0,-0.6279097447387698
2.5151515151515156,-3.0,-0.5803983223370894
2.575757575757576,-3.0,-0.5307556944652188
2.6363636363636367,-3.0,-0.47916414738416746
2.6969696969696972,-3.0,-0.4258131237286282
2.757575757575758,-3.0,-0.370898526879226
2.8181818181818183,-3.0,-0.3146220016110999
2.878787878787879,-3.0,-0.2571901936602537
2.9393939393939394,-3.0,-0.19881399092652657
3.0,-3.0,-0.13970774909946293
-3.0,-2.9393939393939394,0.1382450254725871
-2.9393939393939394,-2.9393939393939394,0.19673243193100753
-2.878787878787879,-2.9393939393939394,0.254497442719146
-2.8181818181818183,-2.9393939393939394,0.3113279464262019
-2.757575757575758,-2.9393939393939394,0.3670152631237314
-2.696969696969697,-2.9393939393939394,0.42135491063217223
-2.6363636363636362,-2.9393939393939394,0.47414735537335645
-2.5757575757575757,-2.9393939393939394,0.5251987450519088
-2.515151515151515,-2.9393939393939394,0.5743216204751398
-2.4545454545454546,-2.9393939393939394,0.6213356038976556
-2.393939393939394,-2.9393939393939394,0.6660680613631035
-2.333333333333333,-2.9393939393939394,0.708354736610953
-2.2727272727272725,-2.9393939393939394,0.7480403542206245
-2.212121212121212,-2.9393939393939394,0.7849791897782413
-2.1515151515151514,-2.9393939393939394,0.8190356049723664
-2.090909090909091,-2.9393939393939394,0.8500845456538685
-2.0303030303030303,-2.9393939393939394,0.8780120010310601
-1.9696969696969697,-2.9393939393939394,0.9027154223139502
-1.9090909090909092,-2.9393939393939394,0.9241040992703683
-1.8484848484848484,-2.9393939393939394,0.9420994933112538
-1.7878787878787878,-2.9393939393939394,0.9566355258820307
-1.7272727272727273,-2.9393939393939394,0.9676588211011065
-1.6666666666666665,-2.9393939393939394,0.9751289017545294
-1.606060606060606,-2.9393939393939394,0.9790183379271212
-1.5454545454545454,-2.9393939393939394,0.979312847724314
-1.4848484848484849,-2.9393939393939394,0.9760113497148447
-1.4242424242424243,-2.9393939393939394,0.9691259669017387
-1.3636363636363635,-2.9393939393939394,0.9586819822070012
-1.303030303030303,-2.9393939393939394,0.9447177456334759
-1.2424242424242424,-2.9393939393939394,0.9272845334447685
-1.1818181818181817,-2.9393939393939394,0.906446359880324
-1.121212121212121,-2.9393939393939394,0.8822797420970329
-1.0606060606060606,-2.9393939393939394,0.8548734192004952
-1.0,-2.9393939393939394,0.8243280263976487
-0.9393939393939394,-2.9393939393939394,0.7907557254672671
-0.8787878787878789,-2.9393939393939394,0.7542797929052258
-0.8181818181818183,-2.9393939393939394,0.7150341672568562
-0.7575757575757573,-2.9393939393939394,0.6731629572985686
-0.6969696969696968,-2.9393939393939394,0.6288199128746899
-0.6363636363636362,-2.9393939393939394,0.5821678603325815
-0.5757575757575757,-2.9393939393939394,0.5333781046291102
-0.5151515151515151,-2.9393939393939394,0.482629800303913
-0.4545454545454546,-2.9393939393939394,0.43010929362922795
-0.39393939393939403,-2.9393939393939394,0.37600943835189504
-0.33333333333333304,-2.9393939393939394,0.32052888754010184
-0.2727272727272725,-2.9393939393939394,0.26387136413519613
-0.21212121212121193,-2.9393939393939394,0.2062449128870688
-0.15151515151515138,-2.9393939393939394,0.14786113641998858
-0.09090909090909083,-2.9393939393939394,0.08893441823402473
-0.030303030303030276,-2.9393939393939394,0.02968113549517705
0.030303030303030276,-2.9393939393939394,-0.02968113549517705
0.09090909090909083,-2.9393939393939394,-0.08893441823402473
0.15151515151515138,-2.9393939393939394,-0.14786113641998858
0.21212121212121238,-2.9393939393939394,-0.20624491288706923
0.27272727272727293,-2.9393939393939394,-0.2638713641351966
0.3333333333333335,-2.9393939393939394,-0.3205288875401022
0.39393939393939403,-2.9393939393939394,-0.37600943835189504
0.4545454545454546,-2.9393939393939394,-0.43010929362922795
0.5151515151515151,-2.9393939393939394,-0.482629800303913
0.5757575757575757,-2.9393939393939394,-0.5333781046291102
0.6363636363636367,-2.9393939393939394,-0.5821678603325818
0.6969696969696972,-2.9393939393939394,-0.6288199128746901
0.7575757575757578,-2.9393939393939394,-0.6731629572985689
0.8181818181818183,-2.9393939393939394,-0.7150341672568562
0.8787878787878789,-2.9393939393939394,-0.7542797929052258
0.9393939393939394,-2.9393939393939394,-0.7907557254672671
1.0,-2.9393939393939394,-0.8243280263976487
1.0606060606060606,-2.9393939393939394,-0.8548734192004952
1.121212121212121,-2.9393939393939394,-0.8822797420970329
1.1818181818181817,-2.9393939393939394,-0.906446359880324
1.2424242424242422,-2.9393939393939394,-0.9272845334447684
1.3030303030303028,-2.9393939393939394,-0.9447177456334758
1.3636363636363633,-2.9393939393939394,-0.9586819822070012
1.4242424242424248,-2.9393939393939394,-0.9691259669017388
1.4848484848484853,-2.9393939393939394,-0.9760113497148447
1.5454545454545459,-2.9393939393939394,-0.979312847724314
1.6060606060606064,-2.9393939393939394,-0.9790183379271212
1.666666666666667,-2.9393939393939394,-0.9751289017545294
1.7272727272727275,-2.9393939393939394,-0.9676588211011065
1.787878787878788,-2.9393939393939394,-0.9566355258820307
1.8484848484848486,-2.9393939393939394,-0.9420994933112536
1.9090909090909092,-2.9393939393939394,-0.9241040992703683
1.9696969696969697,-2.9393939393939394,-0.9027154223139502
2.0303030303030303,-2.9393939393939394,-0.8780120010310601
2.090909090909091,-2.9393939393939394,-0.8500845456538685
2.1515151515151514,-2.9393939393939394,-0.8190356049723664
2.212121212121212,-2.9393939393939394,-0.7849791897782413
2.2727272727272725,-2.9393939393939394,-0.7480403542206245
2.333333333333334,-2.9393939393939394,-0.7083547366109526
2.3939393939393945,-2.9393939393939394,-0.6660680613631031
2.454545454545455,-2.9393939393939394,-0.6213356038976553
2.5151515151515156,-2.9393939393939394,-0.5743216204751395
2.575757575757576,-2.9393939393939394,-0.5251987450519084
2.6363636363636367,-2.9393939393939394,-0.47414735537335606
2.6969696969696972,-2.9393939393939394,-0.42135491063217184
2.757575757575758,-2.9393939393939394,-0.3670152631237314
2.8181818181818183,-2.9393939393939394,-0.3113279464262019
2.878787878787879,-2.9393939393939394,-0.254497442719146
2.9393939393939394,-2.9393939393939394,-0.19673243193100753
3.0,-2.9393939393939394,-0.1382450254725871
-3.0,-2.878787878787879,0.13627467020176132
-2.9393939393939394,-2.878787878787879,0.19392847726520654
-2.878787878787879,-2.878787878787879,0.25087018469695566
-2.8181818181818183,-2.878787878787879,0.3068907042317775
-2.757575757575758,-2.878787878787879,0.36178433017914774
-2.696969696969697,-2.878787878787879,0.4153494947684596
-2.6363636363636362,-2.878787878787879,0.46738950829991327
-2.5757575757575757,-2.878787878787879,0.5177132813832771
-2.515151515151515,-2.878787878787879,0.5661360266124746
-2.4545454545454546,-2.878787878787879,0.6124799370994732
-2.393939393939394,-2.878787878787879,0.6565748393759171
-2.333333333333333,-2.878787878787879,0.6982588182650697
-2.2727272727272725,-2.878787878787879,0.7373788114295513
-2.212121212121212,-2.878787878787879,0.7737911714117156
-2.1515151515151514,-2.878787878787879,0.8073621931028645
-2.090909090909091,-2.878787878787879,0.8379686047044506
-2.0303030303030303,-2.878787878787879,0.8654980203784768
-1.9696969696969697,-2.878787878787879,0.8898493529249673
-1.9090909090909092,-2.878787878787879,0.910933184971176
-1.8484848484848484,-2.878787878787879,0.9286720973095349
-1.7878787878787878,-2.878787878787879,0.9430009531786923
-1.7272727272727273,-2.878787878787879,0.9538671374437752
-1.6666666666666665,-2.878787878787879,0.9612307497976071
-1.606060606060606,-2.878787878787879,0.9650647512734567
-1.5454545454545454,-2.878787878787879,0.9653550635313223
-1.4848484848484849,-2.878787878787879,0.9621006205531811
-1.4242424242424243,-2.878787878787879,0.9553133725573756
-1.3636363636363635,-2.878787878787879,0.9450182421177649
-1.303030303030303,-2.878787878787879,0.9312530326487712
-1.2424242424242424,-2.878787878787879,0.91406828959236
-1.1818181818181817,-2.878787878787879,0.8935271148166728
-1.121212121212121,-2.878787878787879,0.8697049349078336
-1.0606060606060606,-2.878787878787879,0.8426892242057569
-1.0,-2.878787878787879,0.8125791836009573
-0.9393939393939394,-2.878787878787879,0.7794853762718159
-0.8787878787878789,-2.878787878787879,0.7435293216998594
-0.8181818181818183,-2.878787878787879,0.7048430494538185
-0.7575757575757573,-2.878787878787879,0.6635686143809572
-0.6969696969696968,-2.878787878787879,0.619857574985877
-0.6363636363636362,-2.878787878787879,0.5738704369121697
-0.5757575757575757,-2.878787878787879,0.5257760635704434
-0.5151515151515151,-2.878787878787879,0.475751056076874
-0.4545454545454546,-2.878787878787879,0.4239791047791304
-0.39393939393939403,-2.878787878787879,0.37065031475085225
-0.33333333333333304,-2.878787878787879,0.31596050773144246
-0.2727272727272725,-2.878787878787879,0.26011050307443506
-0.21212121212121193,-2.878787878787879,0.20330538034476678
-0.15151515151515138,-2.878787878787879,0.1457537262726832
-0.09090909090909083,-2.878787878787879,0.08766686882943525
-0.030303030303030276,-2.878787878787879,0.029258101237220238
0.030303030303030276,-2.878787878787879,-0.029258101237220238
0.09090909090909083,-2.878787878787879,-0.08766686882943525
0.15151515151515138,-2.878787878787879,-0.1457537262726832
0.21212121212121238,-2.878787878787879,-0.2033053803447672
0.27272727272727293,-2.878787878787879,-0.2601105030744355
0.3333333333333335,-2.878787878787879,-0.31596050773144285
0.39393939393939403,-2.878787878787879,-0.37065031475085225
0.4545454545454546,-2.878787878787879,-0.4239791047791304
0.5151515151515151,-2.878787878787879,-0.475751056076874
0.5757575757575757,-2.878787878787879,-0.5257760635704434
0.6363636363636367,-2.878787878787879,-0.57387043691217
0.6969696969696972,-2.878787878787879,-0.6198575749858773
0.7575757575757578,-2.878787878787879,-0.6635686143809575
0.8181818181818183,-2.878787878787879,-0.7048430494538185
0.8787878787878789,-2.878787878787879,-0.7435293216998594
0.9393939393939394,-2.878787878787879,-0.7794853762718159
1.0,-2.878787878787879,-0.8125791836009573
1.0606060606060606,-2.878787878787879,-0.8426892242057569
1.121212121212121,-2.878787878787879,-0.8697049349078336
1.1818181818181817,-2.878787878787879,-0.8935271148166728
1.2424242424242422,-2.878787878787879,-0.9140682895923599
1.3030303030303028,-2.878787878787879,-0.9312530326487711
1.3636363636363633,-2.878787878787879,-0.9450182421177649
1.4242424242424248,-2.878787878787879,-0.9553133725573757
1.4848484848484853,-2.878787878787879,-0.9621006205531811
1.5454545454545459,-2.878787878787879,-0.9653550635313223
1.6060606060606064,-2.878787878787879,-0.9650647512734567
1.666666666666667,-2.878787878787879,-0.9612307497976071
1.7272727272727275,-2.878787878787879,-0.9538671374437752
1.787878787878788,-2.878787878787879,-0.9430009531786923
1.8484848484848486,-2.878787878787879,-0.9286720973095348
1.9090909090909092,-2.878787878787879,-0.910933184971176
1.9696969696969697,-2.878787878787879,-0.8898493529249673
2.0303030303030303,-2.878787878787879,-0.8654980203784768
2.090909090909091,-2.878787878787879,-0.8379686047044506
2.1515151515151514,-2.878787878787879,-0.8073621931028645
2.212121212121212,-2.878787878787879,-0.7737911714117156
2.2727272727272725,-2.878787878787879,-0.7373788114295513
2.333333333333334,-2.878787878787879,-0.6982588182650692
2.3939393939393945,-2.878787878787879,-0.6565748393759168
2.454545454545455,-2.878787878787879,-0.6124799370994729
2.5151515151515156,-2.878787878787879,-0.5661360266124743
2.575757575757576,-2.878787878787879,-0.5177132813832768
2.6363636363636367,-2.878787878787879,-0.4673895082999129
2.6969696969696972,-2.878787878787879,-0.4153494947684592
2.757575757575758,-2.878787878787879,-0.36178433017914774
2.8181818181818183,-2.878787878787879,-0.3068907042317775
2.878787878787879,-2.878787878787879,-0.25087018469695566
2.9393939393939394,-2.878787878787879,-0.19392847726520654
3.0,-2.878787878787879,-0.13627467020176132
-3.0,-2.8181818181818183,0.1338039183732527
-2.9393939393939394,-2.8181818181818183,0.19041242296770944
-2.878787878787879,-2.8181818181818183,0.24632173877783803
-2.8181818181818183,-2.8181818181818183,0.3013265684499016
-2.757575757575758,-2.8181818181818183,0.3552249358765054
-2.696969696969697,-2.8181818181818183,0.40781892784688917
-2.6363636363636362,-2.8181818181818183,0.4589154207783803
-2.5757575757575757,-2.8181818181818183,0.508326789860479
-2.515151515151515,-2.8181818181818183,0.5558715980076105
-2.4545454545454546,-2.8181818181818183,0.6013752620907362
-2.393939393939394,-2.8181818181818183,0.6446706940014392
-2.333333333333333,-2.8181818181818183,0.6855989141945156
-2.2727272727272725,-2.8181818181818183,0.7240096354561609
-2.212121212121212,-2.8181818181818183,0.7597618147541744
-2.1515151515151514,-2.8181818181818183,0.7927241711438001
-2.090909090909091,-2.8181818181818183,0.8227756678274727
-2.0303030303030303,-2.8181818181818183,0.8498059565983578
-1.9696969696969697,-2.8181818181818183,0.8737157830357027
-1.9090909090909092,-2.8181818181818183,0.8944173509641338
-1.8484848484848484,-2.8181818181818183,0.9118346448386148
-1.7878787878787878,-2.8181818181818183,0.9259037088712794
-1.7272727272727273,-2.8181818181818183,0.936572881875193
-1.6666666666666665,-2.8181818181818183,0.9438029869627025
-1.606060606060606,-2.8181818181818183,0.9475674754018083
-1.5454545454545454,-2.8181818181818183,0.9478525241023239
-1.4848484848484849,-2.8181818181818183,0.9446570863738533
-1.4242424242424243,-2.8181818181818183,0.9379928957692074
-1.3636363636363635,-2.8181818181818183,0.9278844229991456
-1.303030303030303,-2.8181818181818183,0.9143687860766492
-1.2424242424242424,-2.8181818181818183,0.8974956140206756
-1.1818181818181817,-2.8181818181818183,0.8773268646198699
-1.121212121212121,-2.8181818181818183,0.8539365969253967
-1.0606060606060606,-2.8181818181818183,0.8274106993082959
-1.0,-2.8181818181818183,0.7978465740799241
-0.9393939393939394,-2.8181818181818183,0.7653527798335497
-0.8787878787878789,-2.8181818181818183,0.7300486328204087
-0.8181818181818183,-2.8181818181818183,0.6920637688239608
-0.7575757575757573,-2.8181818181818183,0.6515376671411267
-0.6969696969696968,-2.8181818181818183,0.6086191384184372
-0.6363636363636362,-2.8181818181818183,0.5634657782237389
-0.5757575757575757,-2.8181818181818183,0.5162433883599336
-0.5151515151515151,-2.8181818181818183,0.4671253680456609
-0.4545454545454546,-2.8181818181818183,0.41629207719849826
-0.39393939393939403,-2.8181818181818183,0.36393017415867834
-0.33333333333333304,-2.8181818181818183,0.3102319302851851
-0.2727272727272725,-2.8181818181818183,0.25539452394101314
-0.21212121212121193,-2.8181818181818183,0.19961931646004946
-0.15151515151515138,-2.8181818181818183,0.1431111127542135
-0.09090909090909083,-2.8181818181818183,0.08607740927587873
-0.030303030303030276,-2.8181818181818183,0.028727632097037954
0.030303030303030276,-2.8181818181818183,-0.028727632097037954
0.09090909090909083,-2.8181818181818183,-0.08607740927587873
0.15151515151515138,-2.8181818181818183,-0.1431111127542135
0.21212121212121238,-2.8181818181818183,-0.19961931646004988
0.27272727272727293,-2.8181818181818183,-0.2553945239410136
0.3333333333333335,-2.8181818181818183,-0.3102319302851855
0.39393939393939403,-2.8181818181818183,-0.36393017415867834
0.4545454545454546,-2.8181818181818183,-0.41629207719849826
0.5151515151515151,-2.8181818181818183,-0.4671253680456609
0.5757575757575757,-2.8181818181818183,-0.5162433883599336
0.6363636363636367,-2.8181818181818183,-0.5634657782237392
0.6969696969696972,-2.8181818181818183,-0.6086191384184375
0.7575757575757578,-2.8181818181818183,-0.651537667141127
0.8181818181818183,-2.8181818181818183,-0.6920637688239608
0.8787878787878789,-2.8181818181818183,-0.7300486328204087
0.9393939393939394,-2.8181818181818183,-0.7653527798335497
1.0,-2.8181818181818183,-0.7978465740799241
1.0606060606060606,-2.8181818181818183,-0.8274106993082959
1.121212121212121,-2.8181818181818183,-0.8539365969253967
1.1818181818181817,-2.8181818181818183,-0.8773268646198699
1.2424242424242422,-2.8181818181818183,-0.8974956140206756
1.3030303030303028,-2.8181818181818183,-0.9143687860766491
1.3636363636363633,-2.8181818181818183,-0.9278844229991456
1.4242424242424248,-2.8181818181818183,-0.9379928957692075
1.4848484848484853,-2.8181818181818183,-0.9446570863738533
1.5454545454545459,-2.8181818181818183,-0.9478525241023239
1.6060606060606064,-2.8181818181818183,-0.9475674754018083
1.666666666666667,-2.8181818181818183,-0.9438029869627025
1.7272727272727275,-2.8181818181818183,-0.936572881875193
1.787878787878788,-2.8181818181818183,-0.9259037088712794
1.8484848484848486,-2.8181818181818183,-0.9118346448386146
1.9090909090909092,-2.8181818181818183,-0.8944173509641338
1.9696969696969697,-2.8181818181818183,-0.8737157830357027
2.0303030303030303,-2.8181818181818183,-0.8498059565983578
2.090909090909091,-2.8181818181818183,-0.8227756678274727
2.1515151515151514,-2.8181818181818183,-0.7927241711438001
2.212121212121212,-2.8181818181818183,-0.7597618147541744
2.2727272727272725,-2.8181818181818183,-0.7240096354561609
2.333333333333334,-2.8181818181818183,-0.6855989141945151
2.3939393939393945,-2.8181818181818183,-0.6446706940014388
2.454545454545455,-2.8181818181818183,-0.6013752620907359
2.5151515151515156,-2.8181818181818183,-0.5558715980076102
2.575757575757576,-2.8181818181818183,-0.5083267898604787
2.6363636363636367,-2.8181818181818183,-0.45891542077838
2.6969696969696972,-2.8181818181818183,-0.4078189278468888
2.757575757575758,-2.8181818181818183,-0.3552249358765054
2.8181818181818183,-2.8181818181818183,-0.3013265684499016
2.878787878787879,-2.8181818181818183,-0.24632173877783803
2.9393939393939394,-2.8181818181818183,-0.19041242296770944
3.0,-2.8181818181818183,-0.1338039183732527
-3.0,-2.757575757575758,0.13084184251468534
-2.9393939393939394,-2.757575757575758,0.18619717988588416
-2.878787878787879,-2.757575757575758,0.2408688067206553
-2.8181818181818183,-2.757575757575758,0.2946559704225659
-2.757575757575758,-2.757575757575758,0.34736116611764256
-2.696969696969697,-2.757575757575758,0.39879086188642643
-2.6363636363636362,-2.757575757575758,0.4487562094074549
-2.5757575757575757,-2.757575757575758,0.49707373740271366
-2.515151515151515,-2.757575757575758,0.5435660253387405
-2.4545454545454546,-2.757575757575758,0.5880623549095765
-2.393939393939394,-2.757575757575758,0.6303993369093344
-2.333333333333333,-2.757575757575758,0.6704215111925306
-2.2727272727272725,-2.757575757575758,0.7079819175191386
-2.212121212121212,-2.757575757575758,0.7429426351882451
-2.1515151515151514,-2.757575757575758,0.7751752894787826
-2.090909090909091,-2.757575757575758,0.8045615230377071
-2.0303030303030303,-2.757575757575758,0.8309934304846986
-1.9696969696969697,-2.757575757575758,0.8543739546375243
-1.9090909090909092,-2.757575757575758,0.8746172429031412
-1.8484848484848484,-2.757575757575758,0.8916489625258783
-1.7878787878787878,-2.757575757575758,0.9054065735351154
-1.7272727272727273,-2.757575757575758,0.9158395583902066
-1.6666666666666665,-2.757575757575758,0.9229096074793941
-1.606060606060606,-2.757575757575758,0.9265907597915696
-1.5454545454545454,-2.757575757575758,0.9268694982443393
-1.4848484848484849,-2.757575757575758,0.9237447993183501
-1.4242424242424243,-2.757575757575758,0.9172281368156232
-1.3636363636363635,-2.757575757575758,0.9073434397280915
-1.303030303030303,-2.757575757575758,0.89412700437105
-1.2424242424242424,-2.757575757575758,0.877627361104159
-1.1818181818181817,-2.757575757575758,0.8579050961293995
-1.121212121212121,-2.757575757575758,0.8350326290203318
-1.0606060606060606,-2.757575757575758,0.8090939467995639
-1.0,-2.757575757575758,0.7801842955408882
-0.9393939393939394,-2.757575757575758,0.7484098306285168
-0.8787878787878789,-2.757575757575758,0.7138872269576509
-0.8181818181818183,-2.757575757575758,0.6767432505077171
-0.7575757575757573,-2.757575757575758,0.6371142928614404
-0.6969696969696968,-2.757575757575758,0.5951458703789887
-0.6363636363636362,-2.757575757575758,0.550992089866201
-0.5757575757575757,-2.757575757575758,0.5048150826989564
-0.5151515151515151,-2.757575757575758,0.4567844094815578
-0.4545454545454546,-2.757575757575758,0.40707643742520877
-0.39393939393939403,-2.757575757575758,0.3558736927328315
-0.33333333333333304,-2.757575757575758,0.3033641903682486
-0.2727272727272725,-2.757575757575758,0.24974074367079946
-0.21212121212121193,-2.757575757575758,0.19520025635045982
-0.15151515151515138,-2.757575757575758,0.13994299946324498
-0.09090909090909083,-2.757575757575758,0.0841718760218162
-0.030303030303030276,-2.757575757575758,0.028091675941620528
0.030303030303030276,-2.757575757575758,-0.028091675941620528
0.09090909090909083,-2.757575757575758,-0.0841718760218162
0.15151515151515138,-2.757575757575758,-0.13994299946324498
0.21212121212121238,-2.757575757575758,-0.19520025635046023
0.27272727272727293,-2.757575757575758,-0.24974074367079988
0.3333333333333335,-2.757575757575758,-0.30336419036824896
0.39393939393939403,-2.757575757575758,-0.3558736927328315
0.4545454545454546,-2.757575757575758,-0.40707643742520877
0.5151515151515151,-2.757575757575758,-0.4567844094815578
0.5757575757575757,-2.757575757575758,-0.5048150826989564
0.6363636363636367,-2.757575757575758,-0.5509920898662012
0.6969696969696972,-2.757575757575758,-0.5951458703789889
0.7575757575757578,-2.757575757575758,-0.6371142928614407
0.8181818181818183,-2.757575757575758,-0.6767432505077171
0.8787878787878789,-2.757575757575758,-0.7138872269576509
0.9393939393939394,-2.757575757575758,-0.7484098306285168
1.0,-2.757575757575758,-0.7801842955408882
1.0606060606060606,-2.757575757575758,-0.8090939467995639
1.121212121212121,-2.757575757575758,-0.8350326290203318
1.1818181818181817,-2.757575757575758,-0.8579050961293995
1.2424242424242422,-2.757575757575758,-0.8776273611041588
1.3030303030303028,-2.757575757575758,-0.8941270043710499
1.3636363636363633,-2.757575757575758,-0.9073434397280915
1.4242424242424248,-2.757575757575758,-0.9172281368156233
1.4848484848484853,-2.757575757575758,-0.9237447993183501
1.5454545454545459,-2.757575757575758,-0.9268694982443393
1.6060606060606064,-2.757575757575758,-0.9265907597915696
1.666666666666667,-2.757575757575758,-0.9229096074793941
1.7272727272727275,-2.757575757575758,-0.9158395583902066
1.787878787878788,-2.757575757575758,-0.9054065735351154
1.8484848484848486,-2.757575757575758,-0.8916489625258782
1.9090909090909092,-2.757575757575758,-0.8746172429031412
1.9696969696969697,-2.757575757575758,-0.8543739546375243
2.0303030303030303,-2.757575757575758,-0.8309934304846986
2.090909090909091,-2.757575757575758,-0.8045615230377071
2.1515151515151514,-2.757575757575758,-0.7751752894787826
2.212121212121212,-2.757575757575758,-0.7429426351882451
2.2727272727272725,-2.757575757575758,-0.7079819175191386
2.333333333333334,-2.757575757575758,-0.67042151119253
2.3939393939393945,-2.757575757575758,-0.630399336909334
2.454545454545455,-2.757575757575758,-0.5880623549095761
2.5151515151515156,-2.757575757575758,-0.5435660253387402
2.575757575757576,-2.757575757575758,-0.4970737374027133
2.6363636363636367,-2.757575757575758,-0.4487562094074546
2.6969696969696972,-2.757575757575758,-0.3987908618864261
2.757575757575758,-2.757575757575758,-0.34736116611764256
2.8181818181818183,-2.757575757575758,-0.2946559704225659
2.878787878787879,-2.757575757575758,-0.2408688067206553
2.9393939393939394,-2.757575757575758,-0.18619717988588416
3.0,-2.757575757575758,-0.13084184251468534
-3.0,-2.696969696969697,0.12739931928098733
-2.9393939393939394,-2.696969696969697,0.18129822626763117
-2.878787878787879,-2.696969696969697,0.23453141153061197
-2.8181818181818183,-2.696969696969697,0.28690340438839634
-2.757575757575758,-2.696969696969697,0.33822189643248657
-2.696969696969697,-2.696969696969697,0.38829844767820865
-2.6363636363636362,-2.696969696969697,0.43694917851075976
-2.5757575757575757,-2.696969696969697,0.48399544488571633
-2.515151515151515,-2.696969696969697,0.5292644943046796
-2.4545454545454546,-2.696969696969697,0.5725901001573388
-2.393939393939394,-2.696969696969697,0.6138131721006675
-2.333333333333333,-2.696969696969697,0.6527823402339575
-2.2727272727272725,-2.696969696969697,0.6893545109246147
-2.212121212121212,-2.696969696969697,0.7233953922437467
-2.1515151515151514,-2.696969696969697,0.7547799870821522
-2.090909090909091,-2.696969696969697,0.7833930521360084
-2.0303030303030303,-2.696969696969697,0.8091295210768736
-1.9696969696969697,-2.696969696969697,0.831894890352137
-1.9090909090909092,-2.696969696969697,0.8516055661992685
-1.8484848484848484,-2.696969696969697,0.8681891715996419
-1.7878787878787878,-2.696969696969697,0.8815848120448054
-1.7272727272727273,-2.696969696969697,0.8917432991393163
-1.6666666666666665,-2.696969696969697,0.8986273312190737
-1.606060606060606,-2.696969696969697,0.9022116303219249
-1.5454545454545454,-2.696969696969697,0.9024830350075957
-1.4848484848484849,-2.696969696969697,0.899440548686109
-1.4242424242424243,-2.696969696969697,0.893095343277234
-1.3636363636363635,-2.696969696969697,0.8834707181875273
-1.303030303030303,-2.696969696969697,0.8706020147556013
-1.2424242424242424,-2.696969696969697,0.8545364864797739
-1.1818181818181817,-2.696969696969697,0.8353331255046209
-1.121212121212121,-2.696969696969697,0.8130624460035665
-1.0606060606060606,-2.696969696969697,0.7878062252529241
-1.0,-2.696969696969697,0.7596572033481566
-0.9393939393939394,-2.696969696969697,0.7287187426649895
-0.8787878787878789,-2.696969696969697,0.6951044483158252
-0.8181818181818183,-2.696969696969697,0.6589377509951307
-0.7575757575757573,-2.696969696969697,0.6203514537455787
-0.6969696969696968,-2.696969696969697,0.5794872443092042
-0.6363636363636362,-2.696969696969697,0.536495174854206
-0.5757575757575757,-2.696969696969697,0.4915331109878251
-0.5151515151515151,-2.696969696969697,0.4447661520785042
-0.4545454545454546,-2.696969696969697,0.3963660250158909
-0.39393939393939403,-2.696969696969697,0.3465104536347794
-0.33333333333333304,-2.696969696969697,0.2953825061184455
-0.2727272727272725,-2.696969696969697,0.24316992277769522
-0.21212121212121193,-2.696969696969697,0.19006442667399492
-0.15151515151515138,-2.696969696969697,0.13626101961806253
-0.09090909090909083,-2.696969696969697,0.08195726612898677
-0.030303030303030276,-2.696969696969697,0.0273525679831577
0.030303030303030276,-2.696969696969697,-0.0273525679831577
0.09090909090909083,-2.696969696969697,-0.08195726612898677
0.15151515151515138,-2.696969696969697,-0.13626101961806253
0.21212121212121238,-2.696969696969697,-0.19006442667399534
0.27272727272727293,-2.696969696969697,-0.24316992277769564
0.3333333333333335,-2.696969696969697,-0.29538250611844585
0.39393939393939403,-2.696969696969697,-0.3465104536347794
0.4545454545454546,-2.696969696969697,-0.3963660250158909
0.5151515151515151,-2.696969696969697,-0.4447661520785042
0.5757575757575757,-2.696969696969697,-0.4915331109878251
0.6363636363636367,-2.696969696969697,-0.5364951748542063
0.6969696969696972,-2.696969696969697,-0.5794872443092044
0.7575757575757578,-2.696969696969697,-0.620351453745579
0.8181818181818183,-2.696969696969697,-0.6589377509951307
0.8787878787878789,-2.696969696969697,-0.6951044483158252
0.9393939393939394,-2.696969696969697,-0.7287187426649895
1.0,-2.696969696969697,-0.7596572033481566
1.0606060606060606,-2.696969696969697,-0.7878062252529241
1.121212121212121,-2.696969696969697,-0.8130624460035665
1.1818181818181817,-2.696969696969697,-0.8353331255046209
1.2424242424242422,-2.696969696969697,-0.8545364864797738
1.3030303030303028,-2.696969696969697,-0.8706020147556012
1.3636363636363633,-2.696969696969697,-0.8834707181875273
1.4242424242424248,-2.696969696969697,-0.8930953432772342
1.4848484848484853,-2.696969696969697,-0.899440548686109
1.5454545454545459,-2.696969696969697,-0.9024830350075957
1.6060606060606064,-2.696969696969697,-0.9022116303219249
1.666666666666667,-2.696969696969697,-0.8986273312190737
1.7272727272727275,-2.696969696969697,-0.8917432991393163
1.787878787878788,-2.696969696969697,-0.8815848120448054
1.8484848484848486,-2.696969696969697,-0.8681891715996418
1.9090909090909092,-2.696969696969697,-0.8516055661992685
1.9696969696969697,-2.696969696969697,-0.831894890352137
2.0303030303030303,-2.696969696969697,-0.8091295210768736
2.090909090909091,-2.696969696969697,-0.7833930521360084
2.1515151515151514,-2.696969696969697,-0.7547799870821522
2.212121212121212,-2.696969696969697,-0.7233953922437467
2.2727272727272725,-2.696969696969697,-0.6893545109246147
2.333333333333334,-2.696969696969697,-0.6527823402339571
2.3939393939393945,-2.696969696969697,-0.6138131721006672
2.454545454545455,-2.696969696969697,-0.5725901001573385
2.5151515151515156,-2.696969696969697,-0.5292644943046793
2.575757575757576,-2.696969696969697,-0.48399544488571605
2.6363636363636367,-2.696969696969697,-0.43694917851075943
2.6969696969696972,-2.696969696969697,-0.3882984476782083
2.757575757575758,-2.696969696969697,-0.33822189643248657
2.8181818181818183,-2.696969696969697,-0.28690340438839634
2.878787878787879,-2.696969696969697,-0.23453141153061197
2.9393939393939394,-2.696969696969697,-0.18129822626763117
3.0,-2.696969696969697,-0.12739931928098733
-3.0,-2.6363636363636362,0.12348898951563557
-2.9393939393939394,-2.6363636363636362,0.1757335509257152
-2.878787878787879,-2.6363636363636362,0.22733282393537219
-2.8181818181818183,-2.6363636363636362,0.27809733754053273
-2.757575757575758,-2.6363636363636362,0.3278406859489621
-2.696969696969697,-2.6363636363636362,0.3763802130568203
-2.6363636363636362,-2.6363636363636362,0.42353768315647017
-2.5757575757575757,-2.6363636363636362,0.46913993541272564
-2.515151515151515,-2.6363636363636362,0.5130195197043146
-2.4545454545454546,-2.6363636363636362,0.5550153114957708
-2.393939393939394,-2.6363636363636362,0.5949731034819618
-2.333333333333333,-2.6363636363636362,0.6327461718327521
-2.2727272727272725,-2.6363636363636362,0.6681958149585657
-2.212121212121212,-2.6363636363636362,0.7011918628185219
-2.1515151515151514,-2.6363636363636362,0.7316131549009727
-2.090909090909091,-2.6363636363636362,0.7593479851213187
-2.0303030303030303,-2.6363636363636362,0.7842945120034469
-1.9696969696969697,-2.6363636363636362,0.806361132638618
-1.9090909090909092,-2.6363636363636362,0.8254668190486376
-1.8484848484848484,-2.6363636363636362,0.8415414157181959
-1.7878787878787878,-2.6363636363636362,0.8545258972038429
-1.7272727272727273,-2.6363636363636362,0.8643725848736725
-1.6666666666666665,-2.6363636363636362,0.8710453219818473
-1.606060606060606,-2.6363636363636362,0.8745196064351
-1.5454545454545454,-2.6363636363636362,0.8747826807636949
-1.4848484848484849,-2.6363636363636362,0.8718335789664798
-1.4242424242424243,-2.6363636363636362,0.8656831300580133
-1.3636363636363635,-2.6363636363636362,0.8563539183047439
-1.303030303030303,-2.6363636363636362,0.8438802002962514
-1.2424242424242424,-2.6363636363636362,0.8283077791560635
-1.1818181818181817,-2.6363636363636362,0.809693836353941
-1.121212121212121,-2.6363636363636362,0.7881067217372131
-1.0606060606060606,-2.6363636363636362,0.7636257025521592
-1.0,-2.6363636363636362,0.7363406723770254
-0.9393939393939394,-2.6363636363636362,0.706351821035465
-0.8787878787878789,-2.6363636363636362,0.6737692667024693
-0.8181818181818183,-2.6363636363636362,0.6387126515536871
-0.7575757575757573,-2.6363636363636362,0.6013107024428943
-0.6969696969696968,-2.6363636363636362,0.561700758220796
-0.6363636363636362,-2.6363636363636362,0.5200282654308284
-0.5757575757575757,-2.6363636363636362,0.4764462442337538
-0.5151515151515151,-2.6363636363636362,0.4311147265221583
-0.4545454545454546,-2.6363636363636362,0.3842001682880748
-0.39393939393939403,-2.6363636363636362,0.33587483840150534
-0.33333333333333304,-2.6363636363636362,0.2863161860442257
-0.2727272727272725,-2.6363636363636362,0.23570618912164099
-0.21212121212121193,-2.6363636363636362,0.18423068604529794
-0.15151515151515138,-2.6363636363636362,0.13207869333973676
-0.09090909090909083,-2.6363636363636362,0.07944171157940404
-0.030303030303030276,-2.6363636363636362,0.026513022204208543
0.030303030303030276,-2.6363636363636362,-0.026513022204208543
0.09090909090909083,-2.6363636363636362,-0.07944171157940404
0.15151515151515138,-2.6363636363636362,-0.13207869333973676
0.21212121212121238,-2.6363636363636362,-0.18423068604529833
0.27272727272727293,-2.6363636363636362,-0.23570618912164137
0.3333333333333335,-2.6363636363636362,-0.28631618604422604
0.39393939393939403,-2.6363636363636362,-0.33587483840150534
0.4545454545454546,-2.6363636363636362,-0.3842001682880748
0.5151515151515151,-2.6363636363636362,-0.4311147265221583
0.5757575757575757,-2.6363636363636362,-0.4764462442337538
0.6363636363636367,-2.6363636363636362,-0.5200282654308286
0.6969696969696972,-2.6363636363636362,-0.5617007582207963
0.7575757575757578,-2.6363636363636362,-0.6013107024428945
0.8181818181818183,-2.6363636363636362,-0.6387126515536871
0.8787878787878789,-2.6363636363636362,-0.6737692667024693
0.9393939393939394,-2.6363636363636362,-0.706351821035465
1.0,-2.6363636363636362,-0.7363406723770254
1.0606060606060606,-2.6363636363636362,-0.7636257025521592
1.121212121212121,-2.6363636363636362,-0.7881067217372131
1.1818181818181817,-2.6363636363636362,-0.809693836353941
1.2424242424242422,-2.6363636363636362,-0.8283077791560634
1.3030303030303028,-2.6363636363636362,-0.8438802002962513
1.3636363636363633,-2.6363636363636362,-0.8563539183047439
1.4242424242424248,-2.6363636363636362,-0.8656831300580135
1.4848484848484853,-2.6363636363636362,-0.8718335789664798
1.5454545454545459,-2.6363636363636362,-0.8747826807636949
1.6060606060606064,-2.6363636363636362,-0.8745196064351
1.666666666666667,-2.6363636363636362,-0.8710453219818473
1.7272727272727275,-2.6363636363636362,-0.8643725848736725
1.787878787878788,-2.6363636363636362,-0.8545258972038429
1.8484848484848486,-2.6363636363636362,-0.8415414157181957
1.9090909090909092,-2.6363636363636362,-0.8254668190486376
1.9696969696969697,-2.6363636363636362,-0.806361132638618
2.0303030303030303,-2.6363636363636362,-0.7842945120034469
2.090909090909091,-2.6363636363636362,-0.7593479851213187
2.1515151515151514,-2.6363636363636362,-0.7316131549009727
2.212121212121212,-2.6363636363636362,-0.7011918628185219
2.2727272727272725,-2.6363636363636362,-0.6681958149585657
2.333333333333334,-2.6363636363636362,-0.6327461718327515
2.3939393939393945,-2.6363636363636362,-0.5949731034819614
2.454545454545455,-2.6363636363636362,-0.5550153114957704
2.5151515151515156,-2.6363636363636362,-0.5130195197043143
2.575757575757576,-2.6363636363636362,-0.46913993541272536
2.6363636363636367,-2.6363636363636362,-0.42353768315646984
2.6969696969696972,-2.6363636363636362,-0.37638021305681996
2.757575757575758,-2.6363636363636362,-0.3278406859489621
2.8181818181818183,-2.6363636363636362,-0.27809733754053273
2.878787878787879,-2.6363636363636362,-0.22733282393537219
2.9393939393939394,-2.6363636363636362,-0.1757335509257152
3.0,-2.6363636363636362,-0.12348898951563557
-3.0,-2.5757575757575757,0.1191252118338525
-2.9393939393939394,-2.5757575757575757,0.1695235871833766
-2.878787878787879,-2.5757575757575757,0.21929947693563587
-2.8181818181818183,-2.5757575757575757,0.268270105495938
-2.757575757575758,-2.5757575757575757,0.3162556541648661
-2.696969696969697,-2.5757575757575757,0.36307992142722395
-2.6363636363636362,-2.5757575757575757,0.4085709699587862
-2.5757575757575757,-2.5757575757575757,0.45256175797506837
-2.515151515151515,-2.5757575757575757,0.4948907526038169
-2.4545454545454546,-2.5757575757575757,0.5354025230289376
-2.393939393939394,-2.5757575757575757,0.5739483112278551
-2.333333333333333,-2.5757575757575757,0.6103865782065702
-2.2727272727272725,-2.5757575757575757,0.6445835237266592
-2.212121212121212,-2.5757575757575757,0.6764135776157917
-2.1515151515151514,-2.5757575757575757,0.7057598608576885
-2.090909090909091,-2.5757575757575757,0.7325146147684112
-2.0303030303030303,-2.5757575757575757,0.7565795966830632
-1.9696969696969697,-2.5757575757575757,0.7778664406999476
-1.9090909090909092,-2.5757575757575757,0.7962969821575452
-1.8484848484848484,-2.5757575757575757,0.8118035446528389
-1.7878787878787878,-2.5757575757575757,0.824329188547063
-1.7272727272727273,-2.5757575757575757,0.8338279200463738
-1.6666666666666665,-2.5757575757575757,0.8402648600896988
-1.606060606060606,-2.5757575757575757,0.8436163724236173
-1.5454545454545454,-2.5757575757575757,0.843870150393984
-1.4848484848484849,-2.5757575757575757,0.8410252621355992
-1.4242424242424243,-2.5757575757575757,0.8350921539939897
-1.3636363636363635,-2.5757575757575757,0.8260926121667374
-1.303030303030303,-2.5757575757575757,0.8140596827052061
-1.2424242424242424,-2.5757575757575757,0.7990375501704187
-1.1818181818181817,-2.5757575757575757,0.7810813753886557
-1.121212121212121,-2.5757575757575757,0.7602570929025336
-1.0606060606060606,-2.5757575757575757,0.7366411688613146
-1.0,-2.5757575757575757,0.7103203202394677
-0.9393939393939394,-2.5757575757575757,0.6813911964145054
-0.8787878787878789,-2.5757575757575757,0.649960024273327
-0.8181818181818183,-2.5757575757575757,0.6161422181502332
-0.7575757575757573,-2.5757575757575757,0.5800619560289043
-0.6969696969696968,-2.5757575757575757,0.5418517235645185
-0.6363636363636362,-2.5757575757575757,0.5016518276003439
-0.5757575757575757,-2.5757575757575757,0.45960988096516153
-0.5151515151515151,-2.5757575757575757,0.41588026044332455
-0.4545454545454546,-2.5757575757575757,0.37062353990777275
-0.39393939393939403,-2.5757575757575757,0.32400590069752155
-0.33333333333333304,-2.5757575757575757,0.2761985214047005
-0.2727272727272725,-2.5757575757575757,0.22737694931182842
-0.21212121212121193,-2.5757575757575757,0.1777204557873828
-0.15151515151515138,-2.5757575757575757,0.1274113780066395
-0.09090909090909083,-2.5757575757575757,0.07663444941495853
-0.030303030303030276,-2.5757575757575757,0.02557612139203779
0.030303030303030276,-2.5757575757575757,-0.02557612139203779
0.09090909090909083,-2.5757575757575757,-0.07663444941495853
0.15151515151515138,-2.5757575757575757,-0.1274113780066395
0.21212121212121238,-2.5757575757575757,-0.17772045578738316
0.27272727272727293,-2.5757575757575757,-0.22737694931182878
0.3333333333333335,-2.5757575757575757,-0.27619852140470086
0.39393939393939403,-2.5757575757575757,-0.32400590069752155
0.4545454545454546,-2.5757575757575757,-0.37062353990777275
0.5151515151515151,-2.5757575757575757,-0.41588026044332455
0.5757575757575757,-2.5757575757575757,-0.45960988096516153
0.6363636363636367,-2.5757575757575757,-0.5016518276003442
0.6969696969696972,-2.5757575757575757,-0.5418517235645188
0.7575757575757578,-2.5757575757575757,-0.5800619560289045
0.8181818181818183,-2.5757575757575757,-0.6161422181502332
0.8787878787878789,-2.5757575757575757,-0.649960024273327
0.9393939393939394,-2.5757575757575757,-0.6813911964145054
1.0,-2.5757575757575757,-0.7103203202394677
1.0606060606060606,-2.5757575757575757,-0.7366411688613146
1.121212121212121,-2.5757575757575757,-0.7602570929025336
1.1818181818181817,-2.5757575757575757,-0.7810813753886557
1.2424242424242422,-2.5757575757575757,-0.7990375501704186
1.3030303030303028,-2.5757575757575757,-0.814059682705206
1.3636363636363633,-2.5757575757575757,-0.8260926121667374
1.4242424242424248,-2.5757575757575757,-0.8350921539939898
1.4848484848484853,-2.5757575757575757,-0.8410252621355992
1.5454545454545459,-2.5757575757575757,-0.843870150393984
1.6060606060606064,-2.5757575757575757,-0.8436163724236173
1.666666666666667,-2.5757575757575757,-0.8402648600896988
1.7272727272727275,-2.5757575757575757,-0.8338279200463738
1.787878787878788,-2.5757575757575757,-0.824329188547063
1.8484848484848486,-2.5757575757575757,-0.8118035446528388
1.9090909090909092,-2.5757575757575757,-0.7962969821575452
1.9696969696969697,-2.5757575757575757,-0.7778664406999476
2.0303030303030303,-2.5757575757575757,-0.7565795966830632
2.090909090909091,-2.5757575757575757,-0.7325146147684112
2.1515151515151514,-2.5757575757575757,-0.7057598608576885
2.212121212121212,-2.5757575757575757,-0.6764135776157917
2.2727272727272725,-2.5757575757575757,-0.6445835237266592
2.333333333333334,-2.5757575757575757,-0.6103865782065697
2.3939393939393945,-2.5757575757575757,-0.5739483112278547
2.454545454545455,-2.5757575757575757,-0.5354025230289374
2.5151515151515156,-2.5757575757575757,-0.49489075260381654
2.575757575757576,-2.5757575757575757,-0.4525617579750681
2.6363636363636367,-2.5757575757575757,-0.4085709699587859
2.6969696969696972,-2.5757575757575757,-0.3630799214272237
2.757575757575758,-2.5757575757575757,-0.3162556541648661
2.8181818181818183,-2.5757575757575757,-0.268270105495938
2.878787878787879,-2.5757575757575757,-0.21929947693563587
2.9393939393939394,-2.5757575757575757,-0.1695235871833766
3.0,-2.5757575757575757,-0.1191252118338525
-3.0,-2.515151515151515,0.11432400989819563
-2.9393939393939394,-2.515151515151515,0.1626911378437732
-2.878787878787879,-2.515151515151515,0.21046086874394238
-2.8181818181818183,-2.515151515151515,0.2574577935599693
-2.757575757575758,-2.515151515151515,0.30350934097419957
-2.696969696969697,-2.515151515151515,0.3484464110668324
-2.6363636363636362,-2.515151515151515,0.3921039962458222
-2.5757575757575757,-2.515151515151515,0.43432178714987735
-2.515151515151515,-2.515151515151515,0.47494476129969143
-2.4545454545454546,-2.515151515151515,0.5138237523359012
-2.393939393939394,-2.515151515151515,0.5508159977535458
-2.333333333333333,-2.515151515151515,0.5857856631217624
-2.2727272727272725,-2.515151515151515,0.6186043408637961
-2.212121212121212,-2.515151515151515,0.6491515217658257
-2.1515151515151514,-2.515151515151515,0.6773150374832303
-2.090909090909091,-2.515151515151515,0.7029914724194328
-2.0303030303030303,-2.515151515151515,0.726086543464912
-1.9696969696969697,-2.515151515151515,0.7465154462019904
-1.9090909090909092,-2.515151515151515,0.7642031663041486
-1.8484848484848484,-2.515151515151515,0.7790847549864125
-1.7878787878787878,-2.515151515151515,0.7911055674953698
-1.7272727272727273,-2.515151515151515,0.8002214637630893
-1.6666666666666665,-2.515151515151515,0.8063989704881438
-1.606060606060606,-2.515151515151515,0.8096154040485829
-1.5454545454545454,-2.515151515151515,0.8098589537955216
-1.4848484848484849,-2.515151515151515,0.8071287254214939
-1.4242424242424243,-2.515151515151515,0.8014347442443231
-1.3636363636363635,-2.515151515151515,0.7927979183944518
-1.303030303030303,-2.515151515151515,0.7812499620409046
-1.2424242424242424,-2.515151515151515,0.7668332789377984
-1.1818181818181817,-2.515151515151515,0.7496008067190113
-1.121212121212121,-2.515151515151515,0.7296158225127569
-1.0606060606060606,-2.515151515151515,0.7069517105898422
-1.0,-2.515151515151515,0.6816916928987944
-0.9393939393939394,-2.515151515151515,0.6539285234773297
-0.8787878787878789,-2.515151515151515,0.6237641478622692
-0.8181818181818183,-2.515151515151515,0.5913093287485444
-0.7575757575757573,-2.515151515151515,0.5566832392718571
-0.6969696969696968,-2.515151515151515,0.5200130254084522
-0.6363636363636362,-2.515151515151515,0.4814333390988517
-0.5757575757575757,-2.515151515151515,0.44108584380991456
-0.5151515151515151,-2.515151515151515,0.399118694350776
-0.4545454545454546,-2.515151515151515,0.3556859928527712
-0.39393939393939403,-2.515151515151515,0.31094722291096827
-0.33333333333333304,-2.515151515151515,0.2650666639651239
-0.2727272727272725,-2.515151515151515,0.2182127880704423
-0.21212121212121193,-2.515151515151515,0.17055764127316994
-0.15151515151515138,-2.515151515151515,0.12227621186260458
-0.09090909090909083,-2.515151515151515,0.07354578781927323
-0.030303030303030276,-2.515151515151515,0.024545305818712188
0.030303030303030276,-2.515151515151515,-0.024545305818712188
0.09090909090909083,-2.515151515151515,-0.07354578781927323
0.15151515151515138,-2.515151515151515,-0.12227621186260458
0.21212121212121238,-2.515151515151515,-0.1705576412731703
0.27272727272727293,-2.515151515151515,-0.21821278807044267
0.3333333333333335,-2.515151515151515,-0.26506666396512424
0.39393939393939403,-2.515151515151515,-0.31094722291096827
0.4545454545454546,-2.515151515151515,-0.3556859928527712
0.5151515151515151,-2.515151515151515,-0.399118694350776
0.5757575757575757,-2.515151515151515,-0.44108584380991456
0.6363636363636367,-2.515151515151515,-0.481433339098852
0.6969696969696972,-2.515151515151515,-0.5200130254084524
0.7575757575757578,-2.515151515151515,-0.5566832392718574
0.8181818181818183,-2.515151515151515,-0.5913093287485444
0.8787878787878789,-2.515151515151515,-0.6237641478622692
0.9393939393939394,-2.515151515151515,-0.6539285234773297
1.0,-2.515151515151515,-0.6816916928987944
1.0606060606060606,-2.515151515151515,-0.7069517105898422
1.121212121212121,-2.515151515151515,-0.7296158225127569
1.1818181818181817,-2.515151515151515,-0.7496008067190113
1.2424242424242422,-2.515151515151515,-0.7668332789377983
1.3030303030303028,-2.515151515151515,-0.7812499620409046
1.3636363636363633,-2.515151515151515,-0.7927979183944518
1.4242424242424248,-2.515151515151515,-0.8014347442443233
1.4848484848484853,-2.515151515151515,-0.8071287254214939
1.5454545454545459,-2.515151515151515,-0.8098589537955216
1.6060606060606064,-2.515151515151515,-0.8096154040485829
1.666666666666667,-2.515151515151515,-0.8063989704881438
1.7272727272727275,-2.515151515151515,-0.8002214637630893
1.787878787878788,-2.515151515151515,-0.7911055674953698
1.8484848484848486,-2.515151515151515,-0.7790847549864124
1.9090909090909092,-2.515151515151515,-0.7642031663041486
1.9696969696969697,-2.515151515151515,-0.7465154462019904
2.0303030303030303,-2.515151515151515,-0.726086543464912
2.090909090909091,-2.515151515151515,-0.7029914724194328
2.1515151515151514,-2.515151515151515,-0.6773150374832303
2.212121212121212,-2.515151515151515,-0.6491515217658257
2.2727272727272725,-2.515151515151515,-0.6186043408637961
2.333333333333334,-2.515151515151515,-0.585785663121762
2.3939393939393945,-2.515151515151515,-0.5508159977535456
2.454545454545455,-2.515151515151515,-0.5138237523359009
2.5151515151515156,-2.515151515151515,-0.47494476129969115
2.575757575757576,-2.515151515151515,-0.43432178714987707
2.6363636363636367,-2.515151515151515,-0.3921039962458219
2.6969696969696972,-2.515151515151515,-0.34844641106683205
2.757575757575758,-2.515151515151515,-0.30350934097419957
2.8181818181818183,-2.515151515151515,-0.2574577935599693
2.878787878787879,-2.515151515151515,-0.21046086874394238
2.9393939393939394,-2.515151515151515,-0.1626911378437732
3.0,-2.515151515151515,-0.11432400989819563
-3.0,-2.4545454545454546,0.10910301358014286
-2.9393939393939394,-2.4545454545454546,0.15526129145876144
-2.878787878787879,-2.4545454545454546,0.20084945446810656
-2.8181818181818183,-2.4545454545454546,0.24570010422220395
-2.757575757575758,-2.4545454545454546,0.2896485504619352
-2.696969696969697,-2.4545454545454546,0.33253341579279805
-2.6363636363636362,-2.4545454545454546,0.3741972282579235
-2.5757575757575757,-2.4545454545454546,0.41448699957044516
-2.515151515151515,-2.4545454545454546,0.4532547868819617
-2.4545454545454546,-2.4545454545454546,0.4903582360242997
-2.393939393939394,-2.4545454545454546,0.5256611042298083
-2.333333333333333,-2.4545454545454546,0.559033760410772
-2.2727272727272725,-2.4545454545454546,0.5903536611609289
-2.212121212121212,-2.4545454545454546,0.6195058007312346
-2.1515151515151514,-2.4545454545454546,0.6463831333275702
-2.090909090909091,-2.4545454545454546,0.670886966179731
-2.0303030303030303,-2.4545454545454546,0.6929273219383602
-1.9696969696969697,-2.4545454545454546,0.712423269069113
-1.9090909090909092,-2.4545454545454546,0.7293032190308576
-1.8484848484848484,-2.4545454545454546,0.7435051891466797
-1.7878787878787878,-2.4545454545454546,0.7549770302024387
-1.7272727272727273,-2.4545454545454546,0.7636766179371397
-1.6666666666666665,-2.4545454545454546,0.7695720077219734
-1.606060606060606,-2.4545454545454546,0.7726415518600482
-1.5454545454545454,-2.4545454545454546,0.7728739790760929
-1.4848484848484849,-2.4545454545454546,0.7702684359042457
-1.4242424242424243,-2.4545454545454546,0.764834489821956
-1.3636363636363635,-2.4545454545454546,0.7565920941184904
-1.303030303030303,-2.4545454545454546,0.7455715146270442
-1.2424242424242424,-2.4545454545454546,0.7318132185894973
-1.1818181818181817,-2.4545454545454546,0.7153677260618997
-1.121212121212121,-2.4545454545454546,0.6962954244063196
-1.0606060606060606,-2.4545454545454546,0.6746663465502369
-1.0,-2.4545454545454546,0.6505599138277041
-0.9393939393939394,-2.4545454545454546,0.6240646443465583
-0.8787878787878789,-2.4545454545454546,0.5952778279525471
-0.8181818181818183,-2.4545454545454546,0.5643051689838935
-0.7575757575757573,-2.4545454545454546,0.531260398128092
-0.6969696969696968,-2.4545454545454546,0.49626485480619037
-0.6363636363636362,-2.4545454545454546,0.4594470416180228
-0.5757575757575757,-2.4545454545454546,0.4209421524844661
-0.5151515151515151,-2.4545454545454546,0.3808915762193613
-0.4545454545454546,-2.4545454545454546,0.3394423773539715
-0.39393939393939403,-2.4545454545454546,0.29674675612037393
-0.33333333333333304,-2.4545454545454546,0.2529614895767098
-0.2727272727272725,-2.4545454545454546,0.2082473559264654
-0.21212121212121193,-2.4545454545454546,0.16276854414566408
-0.15151515151515138,-2.4545454545454546,0.1166920510858037
-0.09090909090909083,-2.4545454545454546,0.07018706826635825
-0.030303030303030276,-2.4545454545454546,0.023424360608523244
0.030303030303030276,-2.4545454545454546,-0.023424360608523244
0.09090909090909083,-2.4545454545454546,-0.07018706826635825
0.15151515151515138,-2.4545454545454546,-0.1166920510858037
0.21212121212121238,-2.4545454545454546,-0.1627685441456644
0.27272727272727293,-2.4545454545454546,-0.20824735592646576
0.3333333333333335,-2.4545454545454546,-0.25296148957671005
0.39393939393939403,-2.4545454545454546,-0.29674675612037393
0.4545454545454546,-2.4545454545454546,-0.3394423773539715
0.5151515151515151,-2.4545454545454546,-0.3808915762193613
0.5757575757575757,-2.4545454545454546,-0.4209421524844661
0.6363636363636367,-2.4545454545454546,-0.4594470416180231
0.6969696969696972,-2.4545454545454546,-0.49626485480619065
0.7575757575757578,-2.4545454545454546,-0.5312603981280922
0.8181818181818183,-2.4545454545454546,-0.5643051689838935
0.8787878787878789,-2.4545454545454546,-0.5952778279525471
0.9393939393939394,-2.4545454545454546,-0.6240646443465583
1.0,-2.4545454545454546,-0.6505599138277041
1.0606060606060606,-2.4545454545454546,-0.6746663465502369
1.121212121212121,-2.4545454545454546,-0.6962954244063196
1.1818181818181817,-2.4545454545454546,-0.7153677260618997
1.2424242424242422,-2.4545454545454546,-0.7318132185894972
1.3030303030303028,-2.4545454545454546,-0.7455715146270441
1.3636363636363633,-2.4545454545454546,-0.7565920941184904
1.4242424242424248,-2.4545454545454546,-0.7648344898219561
1.4848484848484853,-2.4545454545454546,-0.7702684359042457
1.5454545454545459,-2.4545454545454546,-0.7728739790760929
1.6060606060606064,-2.4545454545454546,-0.7726415518600482
1.666666666666667,-2.4545454545454546,-0.7695720077219734
1.7272727272727275,-2.4545454545454546,-0.7636766179371397
1.787878787878788,-2.4545454545454546,-0.7549770302024387
1.8484848484848486,-2.4545454545454546,-0.7435051891466796
1.9090909090909092,-2.4545454545454546,-0.7293032190308576
1.9696969696969697,-2.4545454545454546,-0.712423269069113
2.0303030303030303,-2.4545454545454546,-0.6929273219383602
2.090909090909091,-2.4545454545454546,-0.670886966179731
2.1515151515151514,-2.4545454545454546,-0.6463831333275702
2.212121212121212,-2.4545454545454546,-0.6195058007312346
2.2727272727272725,-2.4545454545454546,-0.5903536611609289
2.333333333333334,-2.4545454545454546,-0.5590337604107716
2.3939393939393945,-2.4545454545454546,-0.525661104229808
2.454545454545455,-2.4545454545454546,-0.4903582360242994
2.5151515151515156,-2.4545454545454546,-0.4532547868819614
2.575757575757576,-2.4545454545454546,-0.41448699957044494
2.6363636363636367,-2.4545454545454546,-0.37419722825792323
2.6969696969696972,-2.4545454545454546,-0.33253341579279777
2.757575757575758,-2.4545454545454546,-0.2896485504619352
2.8181818181818183,-2.4545454545454546,-0.24570010422220395
2.878787878787879,-2.4545454545454546,-0.20084945446810656
2.9393939393939394,-2.4545454545454546,-0.15526129145876144
3.0,-2.4545454545454546,-0.10910301358014286
-3.0,-2.393939393939394,0.10348139422372575
-2.9393939393939394,-2.393939393939394,0.14726133020447627
-2.878787878787879,-2.393939393939394,0.190500526937023
-2.8181818181818183,-2.393939393939394,0.23304021137007258
-2.757575757575758,-2.393939393939394,0.2747241790408022
-2.696969696969697,-2.393939393939394,0.31539936765302673
-2.6363636363636362,-2.393939393939394,0.3549164191174211
-2.5757575757575757,-2.393939393939394,0.3931302279900078
-2.515151515151515,-2.393939393939394,0.42990047429505346
-2.4545454545454546,-2.393939393939394,0.46509213877586886
-2.393939393939394,-2.393939393939394,0.49857599868152563
-2.333333333333333,-2.393939393939394,0.5302291022689751
-2.2727272727272725,-2.393939393939394,0.5599352202782106
-2.212121212121212,-2.393939393939394,0.5875852727226734
-2.1515151515151514,-2.393939393939394,0.6130777294277354
-2.090909090909091,-2.393939393939394,0.6363189828464975
-2.0303030303030303,-2.393939393939394,0.6572236917839321
-1.9696969696969697,-2.393939393939394,0.6757150947672274
-1.9090909090909092,-2.393939393939394,0.691725291911644
-1.8484848484848484,-2.393939393939394,0.705195494246884
-1.7878787878787878,-2.393939393939394,0.7160762395884497
-1.7272727272727273,-2.393939393939394,0.7243275741613229
-1.6666666666666665,-2.393939393939394,0.7299191993090441
-1.606060606060606,-2.393939393939394,0.7328305827494834
-1.5454545454545454,-2.393939393939394,0.7330510339687722
-1.4848484848484849,-2.393939393939394,0.730579743476555
-1.4242424242424243,-2.393939393939394,0.7254257857784129
-1.3636363636363635,-2.393939393939394,0.7176080860545484
-1.303030303030303,-2.393939393939394,0.7071553506670832
-1.2424242424242424,-2.393939393939394,0.6941059617511456
-1.1818181818181817,-2.393939393939394,0.6785078362768058
-1.121212121212121,-2.393939393939394,0.6604182500993796
-1.0606060606060606,-2.393939393939394,0.6399036276441817
-1.0,-2.393939393939394,0.6170392979980007
-0.9393939393939394,-2.393939393939394,0.5919092183029215
-0.8787878787878789,-2.393939393939394,0.5646056654681826
-0.8181818181818183,-2.393939393939394,0.535228897332095
-0.7575757575757573,-2.393939393939394,0.5038867845182264
-0.6969696969696968,-2.393939393939394,0.47069441433766274
-0.6363636363636362,-2.393939393939394,0.4357736681918048
-0.5757575757575757,-2.393939393939394,0.3992527740274695
-0.5151515151515151,-2.393939393939394,0.36126583548766167
-0.4545454545454546,-2.393939393939394,0.321952339486964
-0.39393939393939403,-2.393939393939394,0.2814566440197133
-0.33333333333333304,-2.393939393939394,0.23992744808171518
-0.2727272727272725,-2.393939393939394,0.19751724565193152
-0.21212121212121193,-2.393939393939394,0.15438176573909917
-0.15151515151515138,-2.393939393939394,0.11067940054941776
-0.09090909090909083,-2.393939393939394,0.06657062387505372
-0.030303030303030276,-2.393939393939394,0.022217401839122804
0.030303030303030276,-2.393939393939394,-0.022217401839122804
0.09090909090909083,-2.393939393939394,-0.06657062387505372
0.15151515151515138,-2.393939393939394,-0.11067940054941776
0.21212121212121238,-2.393939393939394,-0.1543817657390995
0.27272727272727293,-2.393939393939394,-0.19751724565193185
0.3333333333333335,-2.393939393939394,-0.23992744808171546
0.39393939393939403,-2.393939393939394,-0.2814566440197133
0.4545454545454546,-2.393939393939394,-0.321952339486964
0.5151515151515151,-2.393939393939394,-0.36126583548766167
0.5757575757575757,-2.393939393939394,-0.3992527740274695
0.6363636363636367,-2.393939393939394,-0.435773668191805
0.6969696969696972,-2.393939393939394,-0.47069441433766296
0.7575757575757578,-2.393939393939394,-0.5038867845182268
0.8181818181818183,-2.393939393939394,-0.535228897332095
0.8787878787878789,-2.393939393939394,-0.5646056654681826
0.9393939393939394,-2.393939393939394,-0.5919092183029215
1.0,-2.393939393939394,-0.6170392979980007
1.0606060606060606,-2.393939393939394,-0.6399036276441817
1.121212121212121,-2.393939393939394,-0.6604182500993796
1.1818181818181817,-2.393939393939394,-0.6785078362768058
1.2424242424242422,-2.393939393939394,-0.6941059617511455
1.3030303030303028,-2.393939393939394,-0.7071553506670831
1.3636363636363633,-2.393939393939394,-0.7176080860545484
1.4242424242424248,-2.393939393939394,-0.725425785778413
1.4848484848484853,-2.393939393939394,-0.730579743476555
1.5454545454545459,-2.393939393939394,-0.7330510339687722
1.6060606060606064,-2.393939393939394,-0.7328305827494834
1.666666666666667,-2.393939393939394,-0.7299191993090441
1.7272727272727275,-2.393939393939394,-0.7243275741613229
1.787878787878788,-2.393939393939394,-0.7160762395884497
1.8484848484848486,-2.393939393939394,-0.7051954942468839
1.9090909090909092,-2.393939393939394,-0.691725291911644
1.9696969696969697,-2.393939393939394,-0.6757150947672274
2.0303030303030303,-2.393939393939394,-0.6572236917839321
2.090909090909091,-2.393939393939394,-0.6363189828464975
2.1515151515151514,-2.393939393939394,-0.6130777294277354
2.212121212121212,-2.393939393939394,-0.5875852727226734
2.2727272727272725,-2.393939393939394,-0.5599352202782106
2.333333333333334,-2.393939393939394,-0.5302291022689747
2.3939393939393945,-2.393939393939394,-0.4985759986815254
2.454545454545455,-2.393939393939394,-0.46509213877586864
2.5151515151515156,-2.393939393939394,-0.4299004742950532
2.575757575757576,-2.393939393939394,-0.3931302279900076
2.6363636363636367,-2.393939393939394,-0.35491641911742083
2.6969696969696972,-2.393939393939394,-0.31539936765302645
2.757575757575758,-2.393939393939394,-0.2747241790408022
2.8181818181818183,-2.393939393939394,-0.23304021137007258
2.878787878787879,-2.393939393939394,-0.190500526937023
2.9393939393939394,-2.393939393939394,-0.14726133020447627
3.0,-2.393939393939394,-0.10348139422372575
-3.0,-2.333333333333333,0.09747979424892139
-2.9393939393939394,-2.333333333333333,0.13872062970198723
-2.878787878787879,-2.333333333333333,0.17945208710644212
-2.8181818181818183,-2.333333333333333,0.21952460175562113
-2.757575757575758,-2.333333333333333,0.25879102856116365
-2.696969696969697,-2.333333333333333,0.2971071823654254
-2.6363636363636362,-2.333333333333333,0.33433236738511085
-2.5757575757575757,-2.333333333333333,0.37032989384202913
-2.515151515151515,-2.333333333333333,0.40496757988391474
-2.4545454545454546,-2.333333333333333,0.43811823695227925
-2.393939393939394,-2.333333333333333,0.46966013681503516
-2.333333333333333,-2.333333333333333,0.49947745854896414
-2.2727272727272725,-2.333333333333333,0.5274607138307192
-2.212121212121212,-2.333333333333333,0.553507148974711
-2.1515151515151514,-2.333333333333333,0.5775211222416003
-2.090909090909091,-2.333333333333333,0.5994144550319361
-2.0303030303030303,-2.333333333333333,0.6191067556753643
-1.9696969696969697,-2.333333333333333,0.6365257146264627
-1.9090909090909092,-2.333333333333333,0.6516073699832532
-1.8484848484848484,-2.333333333333333,0.6642963423534137
-1.7878787878787878,-2.333333333333333,0.6745460382057678
-1.7272727272727273,-2.333333333333333,0.6823188209603537
-1.6666666666666665,-2.333333333333333,0.6875861491888324
-1.606060606060606,-2.333333333333333,0.6903286814177678
-1.5454545454545454,-2.333333333333333,0.6905363471499452
-1.4848484848484849,-2.333333333333333,0.6882083838429391
-1.4242424242424243,-2.333333333333333,0.683353339709147
-1.3636363636363635,-2.333333333333333,0.6759890423270052
-1.303030303030303,-2.333333333333333,0.6661425331786495
-1.2424242424242424,-2.333333333333333,0.6538499683543914
-1.1818181818181817,-2.333333333333333,0.639156485788625
-1.121212121212121,-2.333333333333333,0.6221160395146673
-1.0606060606060606,-2.333333333333333,0.6027912015471432
-1.0,-2.333333333333333,0.5812529321193989
-0.9393939393939394,-2.333333333333333,0.5575803191196248
-0.8787878787878789,-2.333333333333333,0.5318602876824692
-0.8181818181818183,-2.333333333333333,0.5041872810025155
-0.7575757575757573,-2.333333333333333,0.47466291354166523
-0.6969696969696968,-2.333333333333333,0.44339559790384064
-0.6363636363636362,-2.333333333333333,0.41050014674710916
-0.5757575757575757,-2.333333333333333,0.3760973511950001
-0.5151515151515151,-2.333333333333333,0.3403135372950721
-0.4545454545454546,-2.333333333333333,0.30328010215340334
-0.39393939393939403,-2.333333333333333,0.2651330314483054
-0.33333333333333304,-2.333333333333333,0.2260124000949347
-0.2727272727272725,-2.333333333333333,0.18606185789434881
-0.21212121212121193,-2.333333333333333,0.1454281020556851
-0.15151515151515138,-2.333333333333333,0.10426033852834915
-0.09090909090909083,-2.333333333333333,0.06270973412218228
-0.030303030303030276,-2.333333333333333,0.02092886142740765
0.030303030303030276,-2.333333333333333,-0.02092886142740765
0.09090909090909083,-2.333333333333333,-0.06270973412218228
0.15151515151515138,-2.333333333333333,-0.10426033852834915
0.21212121212121238,-2.333333333333333,-0.1454281020556854
0.27272727272727293,-2.333333333333333,-0.18606185789434912
0.3333333333333335,-2.333333333333333,-0.22601240009493495
0.39393939393939403,-2.333333333333333,-0.2651330314483054
0.4545454545454546,-2.333333333333333,-0.30328010215340334
0.5151515151515151,-2.333333333333333,-0.3403135372950721
0.5757575757575757,-2.333333333333333,-0.3760973511950001
0.6363636363636367,-2.333333333333333,-0.4105001467471094
0.6969696969696972,-2.333333333333333,-0.44339559790384087
0.7575757575757578,-2.333333333333333,-0.47466291354166545
0.8181818181818183,-2.333333333333333,-0.5041872810025155
0.8787878787878789,-2.333333333333333,-0.5318602876824692
0.9393939393939394,-2.333333333333333,-0.5575803191196248
1.0,-2.333333333333333,-0.5812529321193989
1.0606060606060606,-2.333333333333333,-0.6027912015471432
1.121212121212121,-2.333333333333333,-0.6221160395146673
1.1818181818181817,-2.333333333333333,-0.639156485788625
1.2424242424242422,-2.333333333333333,-0.6538499683543912
1.3030303030303028,-2.333333333333333,-0.6661425331786494
1.3636363636363633,-2.333333333333333,-0.6759890423270052
1.4242424242424248,-2.333333333333333,-0.683353339709147
1.4848484848484853,-2.333333333333333,-0.6882083838429391
1.5454545454545459,-2.333333333333333,-0.6905363471499452
1.6060606060606064,-2.333333333333333,-0.6903286814177678
1.666666666666667,-2.333333333333333,-0.6875861491888324
1.7272727272727275,-2.333333333333333,-0.6823188209603537
1.787878787878788,-2.333333333333333,-0.6745460382057678
1.8484848484848486,-2.333333333333333,-0.6642963423534136
1.9090909090909092,-2.333333333333333,-0.6516073699832532
1.9696969696969697,-2.333333333333333,-0.6365257146264627
2.0303030303030303,-2.333333333333333,-0.6191067556753643
2.090909090909091,-2.333333333333333,-0.5994144550319361
2.1515151515151514,-2.333333333333333,-0.5775211222416003
2.212121212121212,-2.333333333333333,-0.553507148974711
2.2727272727272725,-2.333333333333333,-0.5274607138307192
2.333333333333334,-2.333333333333333,-0.49947745854896375
2.3939393939393945,-2.333333333333333,-0.46966013681503493
2.454545454545455,-2.333333333333333,-0.43811823695227897
2.5151515151515156,-2.333333333333333,-0.4049675798839145
2.575757575757576,-2.333333333333333,-0.3703298938420289
2.6363636363636367,-2.333333333333333,-0.3343323673851106
2.6969696969696972,-2.333333333333333,-0.2971071823654251
2.757575757575758,-2.333333333333333,-0.25879102856116365
2.8181818181818183,-2.333333333333333,-0.21952460175562113
2.878787878787879,-2.333333333333333,-0.17945208710644212
2.9393939393939394,-2.333333333333333,-0.13872062970198723
3.0,-2.333333333333333,-0.09747979424892139
-3.0,-2.2727272727272725,0.09112025135329715
-2.9393939393939394,-2.2727272727272725,0.12967055115088733
-2.878787878787879,-2.2727272727272725,0.1677447045205854
-2.8181818181818183,-2.2727272727272725,0.2052029042975333
-2.757575757575758,-2.2727272727272725,0.24190760508024414
-2.696969696969697,-2.2727272727272725,0.27772402829324816
-2.6363636363636362,-2.2727272727272725,0.31252065709003357
-2.5757575757575757,-2.2727272727272725,0.3461697192790179
-2.515151515151515,-2.2727272727272725,0.3785476564992551
-2.4545454545454546,-2.2727272727272725,0.4095355779230813
-2.393939393939394,-2.2727272727272725,0.4390196968197177
-2.333333333333333,-2.2727272727272725,0.46689174837677977
-2.2727272727272725,-2.2727272727272725,0.49304938724546477
-2.212121212121212,-2.2727272727272725,0.5173965633496465
-2.1515151515151514,-2.2727272727272725,0.539843874578912
-2.090909090909091,-2.2727272727272725,0.5603088950704674
-2.0303030303030303,-2.2727272727272725,0.5787164778744671
-1.9696969696969697,-2.2727272727272725,0.5949990308913905
-1.9090909090909092,-2.2727272727272725,0.6090967650682326
-1.8484848484848484,-2.2727272727272725,0.6209579139421374
-1.7878787878787878,-2.2727272727272725,0.630538923725318
-1.7272727272727273,-2.2727272727272725,0.6378046132332775
-1.6666666666666665,-2.2727272727272725,0.6427283030690777
-1.606060606060606,-2.2727272727272725,0.6452919135892945
-1.5454545454545454,-2.2727272727272725,0.645486031291935
-1.4848484848484849,-2.2727272727272725,0.6433099433825374
-1.4242424242424243,-2.2727272727272725,0.6387716403915318
-1.3636363636363635,-2.2727272727272725,0.6318877868332482
-1.303030303030303,-2.2727272727272725,0.6226836600143137
-1.2424242424242424,-2.2727272727272725,0.6111930572161293
-1.1818181818181817,-2.2727272727272725,0.5974581715922532
-1.121212121212121,-2.2727272727272725,0.5815294372363888
-1.0606060606060606,-2.2727272727272725,0.5634653439898848
-1.0,-2.2727272727272725,0.5433322226687674
-0.9393939393939394,-2.2727272727272725,0.5212040014989467
-0.8787878787878789,-2.2727272727272725,0.49716193465395797
-0.8181818181818183,-2.2727272727272725,0.4712943038920398
-0.7575757575757573,-2.2727272727272725,0.4436960943881297
-0.6969696969696968,-2.2727272727272725,0.4144686459511119
-0.6363636363636362,-2.2727272727272725,0.3837192809070361
-0.5757575757575757,-2.2727272727272725,0.35156091001471185
-0.5151515151515151,-2.2727272727272725,0.31811161786074194
-0.4545454545454546,-2.2727272727272725,0.28349422925641354
-0.39393939393939403,-2.2727272727272725,0.2478358582286251
-0.33333333333333304,-2.2727272727272725,0.21126744126093888
-0.2727272727272725,-2.2727272727272725,0.17392325649868834
-0.21212121212121193,-2.2727272727272725,0.13594043068359885
-0.15151515151515138,-2.2727272727272725,0.09745843562844969
-0.09090909090909083,-2.2727272727272725,0.05861857608070311
-0.030303030303030276,-2.2727272727272725,0.01956347085565183
0.030303030303030276,-2.2727272727272725,-0.01956347085565183
0.09090909090909083,-2.2727272727272725,-0.05861857608070311
0.15151515151515138,-2.2727272727272725,-0.09745843562844969
0.21212121212121238,-2.2727272727272725,-0.13594043068359912
0.27272727272727293,-2.2727272727272725,-0.17392325649868862
0.3333333333333335,-2.2727272727272725,-0.21126744126093913
0.39393939393939403,-2.2727272727272725,-0.2478358582286251
0.4545454545454546,-2.2727272727272725,-0.28349422925641354
0.5151515151515151,-2.2727272727272725,-0.31811161786074194
0.5757575757575757,-2.2727272727272725,-0.35156091001471185
0.6363636363636367,-2.2727272727272725,-0.38371928090703633
0.6969696969696972,-2.2727272727272725,-0.4144686459511121
0.7575757575757578,-2.2727272727272725,-0.4436960943881299
0.8181818181818183,-2.2727272727272725,-0.4712943038920398
0.8787878787878789,-2.2727272727272725,-0.49716193465395797
0.9393939393939394,-2.2727272727272725,-0.5212040014989467
1.0,-2.2727272727272725,-0.5433322226687674
1.0606060606060606,-2.2727272727272725,-0.5634653439898848
1.121212121212121,-2.2727272727272725,-0.5815294372363888
1.1818181818181817,-2.2727272727272725,-0.5974581715922532
1.2424242424242422,-2.2727272727272725,-0.6111930572161293
1.3030303030303028,-2.2727272727272725,-0.6226836600143136
1.3636363636363633,-2.2727272727272725,-0.6318877868332482
1.4242424242424248,-2.2727272727272725,-0.6387716403915319
1.4848484848484853,-2.2727272727272725,-0.6433099433825374
1.5454545454545459,-2.2727272727272725,-0.645486031291935
1.6060606060606064,-2.2727272727272725,-0.6452919135892945
1.666666666666667,-2.2727272727272725,-0.6427283030690777
1.7272727272727275,-2.2727272727272725,-0.6378046132332775
1.787878787878788,-2.2727272727272725,-0.630538923725318
1.8484848484848486,-2.2727272727272725,-0.6209579139421373
1.9090909090909092,-2.2727272727272725,-0.6090967650682326
1.9696969696969697,-2.2727272727272725,-0.5949990308913905
2.0303030303030303,-2.2727272727272725,-0.5787164778744671
2.090909090909091,-2.2727272727272725,-0.5603088950704674
2.1515151515151514,-2.2727272727272725,-0.539843874578912
2.212121212121212,-2.2727272727272725,-0.5173965633496465
2.2727272727272725,-2.2727272727272725,-0.49304938724546477
2.333333333333334,-2.2727272727272725,-0.4668917483767794
2.3939393939393945,-2.2727272727272725,-0.4390196968197175
2.454545454545455,-2.2727272727272725,-0.4095355779230811
2.5151515151515156,-2.2727272727272725,-0.37854765649925487
2.575757575757576,-2.2727272727272725,-0.3461697192790177
2.6363636363636367,-2.2727272727272725,-0.3125206570900333
2.6969696969696972,-2.2727272727272725,-0.2777240282932479
2.757575757575758,-2.2727272727272725,-0.24190760508024414
2.8181818181818183,-2.2727272727272725,-0.2052029042975333
2.878787878787879,-2.2727272727272725,-0.1677447045205854
2.9393939393939394,-2.2727272727272725,-0.12967055115088733
3.0,-2.2727272727272725,-0.09112025135329715
-3.0,-2.212121212121212,0.08442611759023674
-2.9393939393939394,-2.212121212121212,0.12014432617189535
-2.878787878787879,-2.212121212121212,0.1554213683419785
-2.8181818181818183,-2.212121212121212,0.1901277078452085
-2.757575757575758,-2.212121212121212,0.2241359040296176
-2.696969696969697,-2.212121212121212,0.2573210798048526
-2.6363636363636362,-2.212121212121212,0.28956138018715527
-2.5757575757575757,-2.212121212121212,0.3207384197472595
-2.515151515151515,-2.212121212121212,0.3507377173181845
-2.4545454545454546,-2.212121212121212,0.37944911636669365
-2.393939393939394,-2.212121212121212,0.40676718948482576
-2.333333333333333,-2.212121212121212,0.4325916255162186
-2.2727272727272725,-2.212121212121212,0.456827597895707
-2.212121212121212,-2.212121212121212,0.4793861128496658
-2.1515151515151514,-2.212121212121212,0.5001843361785137
-2.090909090909091,-2.212121212121212,0.519145897421443
-2.0303030303030303,-2.212121212121212,0.5362011702864938
-1.9696969696969697,-2.212121212121212,0.5512875283162371
-1.9090909090909092,-2.212121212121212,0.5643495748502746
-1.8484848484848484,-2.212121212121212,0.5753393464401371
-1.7878787878787878,-2.212121212121212,0.5842164889696473
-1.7272727272727273,-2.212121212121212,0.590948405834042
-1.6666666666666665,-2.212121212121212,0.5955103776337397
-1.606060606060606,-2.212121212121212,0.5978856529432449
-1.5454545454545454,-2.212121212121212,0.5980655098218869
-1.4848484848484849,-2.212121212121212,0.5960492878405277
-1.4242424242424243,-2.212121212121212,0.5918443905066388
-1.3636363636363635,-2.212121212121212,0.5854662580788402
-1.303030303030303,-2.212121212121212,0.5769383108707282
-1.2424242424242424,-2.212121212121212,0.5662918632521757
-1.1818181818181817,-2.212121212121212,0.5535660086638932
-1.121212121212121,-2.212121212121212,0.5388074760674706
-1.0606060606060606,-2.212121212121212,0.5220704583580131
-1.0,-2.212121212121212,0.5034164133694327
-0.9393939393939394,-2.212121212121212,0.48291383820310063
-0.8787878787878789,-2.212121212121212,0.46063801770851737
-0.8181818181818183,-2.212121212121212,0.43667074803957234
-0.7575757575757573,-2.212121212121212,0.41110003630148634
-0.6969696969696968,-2.212121212121212,0.3840197773913252
-0.6363636363636362,-2.212121212121212,0.3555294092187146
-0.5757575757575757,-2.212121212121212,0.32573354757277795
-0.5151515151515151,-2.212121212121212,0.2947416019760534
-0.4545454545454546,-2.212121212121212,0.2626673739359637
-0.39393939393939403,-2.212121212121212,0.22962863906904735
-0.33333333333333304,-2.212121212121212,0.19574671463237853
-0.2727272727272725,-2.212121212121212,0.1611460140501889
-0.21212121212121193,-2.212121212121212,0.12595359007145293
-0.15151515151515138,-2.212121212121212,0.09029866823595283
-0.09090909090909083,-2.212121212121212,0.054312172361919236
-0.030303030303030276,-2.212121212121212,0.01812624379764363
0.030303030303030276,-2.212121212121212,-0.01812624379764363
0.09090909090909083,-2.212121212121212,-0.054312172361919236
0.15151515151515138,-2.212121212121212,-0.09029866823595283
0.21212121212121238,-2.212121212121212,-0.12595359007145318
0.27272727272727293,-2.212121212121212,-0.1611460140501892
0.3333333333333335,-2.212121212121212,-0.19574671463237875
0.39393939393939403,-2.212121212121212,-0.22962863906904735
0.4545454545454546,-2.212121212121212,-0.2626673739359637
0.5151515151515151,-2.212121212121212,-0.2947416019760534
0.5757575757575757,-2.212121212121212,-0.32573354757277795
0.6363636363636367,-2.212121212121212,-0.3555294092187148
0.6969696969696972,-2.212121212121212,-0.3840197773913254
0.7575757575757578,-2.212121212121212,-0.4111000363014865
0.8181818181818183,-2.212121212121212,-0.43667074803957234
0.8787878787878789,-2.212121212121212,-0.46063801770851737
0.9393939393939394,-2.212121212121212,-0.48291383820310063
1.0,-2.212121212121212,-0.5034164133694327
1.0606060606060606,-2.212121212121212,-0.5220704583580131
1.121212121212121,-2.212121212121212,-0.5388074760674706
1.1818181818181817,-2.212121212121212,-0.5535660086638932
1.2424242424242422,-2.212121212121212,-0.5662918632521756
1.3030303030303028,-2.212121212121212,-0.5769383108707281
1.3636363636363633,-2.212121212121212,-0.5854662580788402
1.4242424242424248,-2.212121212121212,-0.5918443905066388
1.4848484848484853,-2.212121212121212,-0.5960492878405277
1.5454545454545459,-2.212121212121212,-0.5980655098218869
1.6060606060606064,-2.212121212121212,-0.5978856529432449
1.666666666666667,-2.212121212121212,-0.5955103776337397
1.7272727272727275,-2.212121212121212,-0.590948405834042
1.787878787878788,-2.212121212121212,-0.5842164889696473
1.8484848484848486,-2.212121212121212,-0.575339346440137
1.9090909090909092,-2.212121212121212,-0.5643495748502746
1.9696969696969697,-2.212121212121212,-0.5512875283162371
2.0303030303030303,-2.212121212121212,-0.5362011702864938
2.090909090909091,-2.212121212121212,-0.519145897421443
2.1515151515151514,-2.212121212121212,-0.5001843361785137
2.212121212121212,-2.212121212121212,-0.4793861128496658
2.2727272727272725,-2.212121212121212,-0.456827597895707
2.333333333333334,-2.212121212121212,-0.43259162551621827
2.3939393939393945,-2.212121212121212,-0.40676718948482554
2.454545454545455,-2.212121212121212,-0.3794491163666935
2.5151515151515156,-2.212121212121212,-0.3507377173181843
2.575757575757576,-2.212121212121212,-0.32073841974725925
2.6363636363636367,-2.212121212121212,-0.28956138018715505
2.6969696969696972,-2.212121212121212,-0.25732107980485236
2.757575757575758,-2.212121212121212,-0.2241359040296176
2.8181818181818183,-2.212121212121212,-0.1901277078452085
2.878787878787879,-2.212121212121212,-0.1554213683419785
2.9393939393939394,-2.212121212121212,-0.12014432617189535
3.0,-2.212121212121212,-0.08442611759023674
-3.0,-2.1515151515151514,0.07742197362089123
-2.9393939393939394,-2.1515151515151514,0.11017693478132791
-2.878787878787879,-2.1515151515151514,0.1425273294965184
-2.8181818181818183,-2.1515151515151514,0.17435436807406282
-2.757575757575758,-2.1515151515151514,0.20554118256981668
-2.696969696969697,-2.1515151515151514,0.23597325592352494
-2.6363636363636362,-2.1515151515151514,0.26553884246207854
-2.5757575757575757,-2.1515151515151514,0.2941293782263218
-2.515151515151515,-2.1515151515151514,0.32163987961469803
-2.4545454545454546,-2.1515151515151514,0.34796932887992893
-2.393939393939394,-2.1515151515151514,0.37302104506319433
-2.333333333333333,-2.1515151515151514,0.39670303900375314
-2.2727272727272725,-2.1515151515151514,0.41892835112041965
-2.212121212121212,-2.1515151515151514,0.43961537072457413
-2.1515151515151514,-2.1515151515151514,0.45868813569219685
-2.090909090909091,-2.1515151515151514,0.4760766113945399
-2.0303030303030303,-2.1515151515151514,0.491716947863213
-1.9696969696969697,-2.1515151515151514,0.5055517142453778
-1.9090909090909092,-2.1515151515151514,0.5175301096881414
-1.8484848484848484,-2.1515151515151514,0.5276081498777846
-1.7878787878787878,-2.1515151515151514,0.5357488285488611
-1.7272727272727273,-2.1515151515151514,0.5419222533701094
-1.6666666666666665,-2.1515151515151514,0.5461057557082092
-1.606060606060606,-2.1515151515151514,0.5482839738663321
-1.5454545454545454,-2.1515151515151514,0.5484489094918377
-1.4848484848484849,-2.1515151515151514,0.5465999569459882
-1.4242424242424243,-2.1515151515151514,0.5427439055278361
-1.3636363636363635,-2.1515151515151514,0.5368949145441186
-1.303030303030303,-2.1515151515151514,0.5290744613167022
-1.2424242424242424,-2.1515151515151514,0.5193112623184921
-1.1818181818181817,-2.1515151515151514,0.5076411677273931
-1.121212121212121,-2.1515151515151514,0.4941070297855173
-1.0606060606060606,-2.1515151515151514,0.4787585454470185
-1.0,-2.1515151515151514,0.46165207389234636
-0.9393939393939394,-2.1515151515151514,0.4428504295790034
-0.8787878787878789,-2.1515151515151514,0.42242265158871506
-0.8181818181818183,-2.1515151515151514,0.40044375011796407
-0.7575757575757573,-2.1515151515151514,0.3769944310427677
-0.6969696969696968,-2.1515151515151514,0.352160799569089
-0.6363636363636362,-2.1515151515151514,0.326034044057067
-0.5757575757575757,-2.1515151515151514,0.29871010118005614
-0.5151515151515151,-2.1515151515151514,0.27028930364799975
-0.4545454545454546,-2.1515151515151514,0.24087601178868717
-0.39393939393939403,-2.1515151515151514,0.21057823033971737
-0.33333333333333304,-2.1515151515151514,0.17950721185829716
-0.2727272727272725,-2.1515151515151514,0.1477770482051431
-0.21212121212121193,-2.1515151515151514,0.11550425160254288
-0.15151515151515138,-2.1515151515151514,0.08280732680492249
-0.09090909090909083,-2.1515151515151514,0.04980633595289334
-0.030303030303030276,-2.1515151515151514,0.016622457708623778
0.030303030303030276,-2.1515151515151514,-0.016622457708623778
0.09090909090909083,-2.1515151515151514,-0.04980633595289334
0.15151515151515138,-2.1515151515151514,-0.08280732680492249
0.21212121212121238,-2.1515151515151514,-0.11550425160254313
0.27272727272727293,-2.1515151515151514,-0.14777704820514334
0.3333333333333335,-2.1515151515151514,-0.17950721185829735
0.39393939393939403,-2.1515151515151514,-0.21057823033971737
0.4545454545454546,-2.1515151515151514,-0.24087601178868717
0.5151515151515151,-2.1515151515151514,-0.27028930364799975
0.5757575757575757,-2.1515151515151514,-0.29871010118005614
0.6363636363636367,-2.1515151515151514,-0.3260340440570672
0.6969696969696972,-2.1515151515151514,-0.35216079956908924
0.7575757575757578,-2.1515151515151514,-0.37699443104276786
0.8181818181818183,-2.1515151515151514,-0.40044375011796407
0.8787878787878789,-2.1515151515151514,-0.42242265158871506
0.9393939393939394,-2.1515151515151514,-0.4428504295790034
1.0,-2.1515151515151514,-0.46165207389234636
1.0606060606060606,-2.1515151515151514,-0.4787585454470185
1.121212121212121,-2.1515151515151514,-0.4941070297855173
1.1818181818181817,-2.1515151515151514,-0.5076411677273931
1.2424242424242422,-2.1515151515151514,-0.519311262318492
1.3030303030303028,-2.1515151515151514,-0.5290744613167022
1.3636363636363633,-2.1515151515151514,-0.5368949145441186
1.4242424242424248,-2.1515151515151514,-0.5427439055278362
1.4848484848484853,-2.1515151515151514,-0.5465999569459882
1.5454545454545459,-2.1515151515151514,-0.5484489094918377
1.6060606060606064,-2.1515151515151514,-0.5482839738663321
1.666666666666667,-2.1515151515151514,-0.5461057557082092
1.7272727272727275,-2.1515151515151514,-0.5419222533701094
1.787878787878788,-2.1515151515151514,-0.5357488285488611
1.8484848484848486,-2.1515151515151514,-0.5276081498777846
1.9090909090909092,-2.1515151515151514,-0.5175301096881414
1.9696969696969697,-2.1515151515151514,-0.5055517142453778
2.0303030303030303,-2.1515151515151514,-0.491716947863213
2.090909090909091,-2.1515151515151514,-0.4760766113945399
2.1515151515151514,-2.1515151515151514,-0.45868813569219685
2.212121212121212,-2.1515151515151514,-0.43961537072457413
2.2727272727272725,-2.1515151515151514,-0.41892835112041965
2.333333333333334,-2.1515151515151514,-0.3967030390037528
2.3939393939393945,-2.1515151515151514,-0.37302104506319417
2.454545454545455,-2.1515151515151514,-0.34796932887992876
2.5151515151515156,-2.1515151515151514,-0.32163987961469787
2.575757575757576,-2.1515151515151514,-0.2941293782263216
2.6363636363636367,-2.1515151515151514,-0.2655388424620783
2.6969696969696972,-2.1515151515151514,-0.23597325592352472
2.757575757575758,-2.1515151515151514,-0.20554118256981668
2.8181818181818183,-2.1515151515151514,-0.17435436807406282
2.878787878787879,-2.1515151515151514,-0.1425273294965184
2.9393939393939394,-2.1515151515151514,-0.11017693478132791
3.0,-2.1515151515151514,-0.07742197362089123
-3.0,-2.090909090909091,0.07013353845471841
-2.9393939393939394,-2.090909090909091,0.09980497694551427
-2.878787878787879,-2.090909090909091,0.12910993451341218
-2.8181818181818183,-2.090909090909091,0.1579408042211266
-2.757575757575758,-2.090909090909091,0.18619171996796993
-2.696969696969697,-2.090909090909091,0.21375894522704283
-2.6363636363636362,-2.090909090909091,0.2405412539626915
-2.5757575757575757,-2.090909090909091,0.26644030232951704
-2.515151515151515,-2.090909090909091,0.29136098978806624
-2.4545454545454546,-2.090909090909091,0.31521180831119877
-2.393939393939394,-2.090909090909091,0.33790517839885614
-2.333333333333333,-2.090909090909091,0.3593577706673955
-2.2727272727272725,-2.090909090909091,0.3794908118326203
-2.212121212121212,-2.090909090909091,0.3982303739629506
-2.1515151515151514,-2.090909090909091,0.41550764594060047
-2.090909090909091,-2.090909090909091,0.43125918613396674
-2.0303030303030303,-2.090909090909091,0.44542715535342403
-1.9696969696969697,-2.090909090909091,0.4579595292351173
-1.9090909090909092,-2.090909090909091,0.4688102892728877
-1.8484848484848484,-2.090909090909091,0.47793959179686546
-1.7878787878787878,-2.090909090909091,0.4853139142782467
-1.7272727272727273,-2.090909090909091,0.49090617842302825
-1.6666666666666665,-2.090909090909091,0.4946958496027017
-1.606060606060606,-2.090909090909091,0.49666901225680193
-1.5454545454545454,-2.090909090909091,0.4968184209904334
-1.4848484848484849,-2.090909090909091,0.4951435271791461
-1.4242424242424243,-2.090909090909091,0.4916504809834681
-1.3636363636363635,-2.090909090909091,0.48635210876569807
-1.303030303030303,-2.090909090909091,0.47926786599188254
-1.2424242424242424,-2.090909090909091,0.4704237657919197
-1.1818181818181817,-2.090909090909091,0.45985228344011625
-1.121212121212121,-2.090909090909091,0.4475922371069409
-1.0606060606060606,-2.090909090909091,0.4336886453198506
-1.0,-2.090909090909091,0.4181925616565892
-0.9393939393939394,-2.090909090909091,0.40116088727796073
-0.8787878787878789,-2.090909090909091,0.38265616198845004
-0.8181818181818183,-2.090909090909091,0.3627463345919105
-0.7575757575757573,-2.090909090909091,0.3415045133855666
-0.6969696969696968,-2.090909090909091,0.3190086977085095
-0.6363636363636362,-2.090909090909091,0.29534149153043054
-0.5757575757575757,-2.090909090909091,0.2705898001322888
-0.5151515151515151,-2.090909090909091,0.2448445109926899
-0.4545454545454546,-2.090909090909091,0.21820016005175338
-0.39393939393939403,-2.090909090909091,0.1907545845779372
-0.33333333333333304,-2.090909090909091,0.16260856391248174
-0.2727272727272725,-2.090909090909091,0.1338654494106511
-0.21212121212121193,-2.090909090909091,0.10463078493861264
-0.15151515151515138,-2.090909090909091,0.07501191931948341
-0.09090909090909083,-2.090909090909091,0.045117612151627025
-0.030303030303030276,-2.090909090909091,0.015057634446625933
0.030303030303030276,-2.090909090909091,-0.015057634446625933
0.09090909090909083,-2.090909090909091,-0.045117612151627025
0.15151515151515138,-2.090909090909091,-0.07501191931948341
0.21212121212121238,-2.090909090909091,-0.10463078493861286
0.27272727272727293,-2.090909090909091,-0.13386544941065132
0.3333333333333335,-2.090909090909091,-0.16260856391248193
0.39393939393939403,-2.090909090909091,-0.1907545845779372
0.4545454545454546,-2.090909090909091,-0.21820016005175338
0.5151515151515151,-2.090909090909091,-0.2448445109926899
0.5757575757575757,-2.090909090909091,-0.2705898001322888
0.6363636363636367,-2.090909090909091,-0.2953414915304307
0.6969696969696972,-2.090909090909091,-0.31900869770850965
0.7575757575757578,-2.090909090909091,-0.34150451338556675
0.8181818181818183,-2.090909090909091,-0.3627463345919105
0.8787878787878789,-2.090909090909091,-0.38265616198845004
0.9393939393939394,-2.090909090909091,-0.40116088727796073
1.0,-2.090909090909091,-0.4181925616565892
1.0606060606060606,-2.090909090909091,-0.4336886453198506
1.121212121212121,-2.090909090909091,-0.4475922371069409
1.1818181818181817,-2.090909090909091,-0.45985228344011625
1.2424242424242422,-2.090909090909091,-0.47042376579191963
1.3030303030303028,-2.090909090909091,-0.4792678659918825
1.3636363636363633,-2.090909090909091,-0.48635210876569807
1.4242424242424248,-2.090909090909091,-0.49165048098346814
1.4848484848484853,-2.090909090909091,-0.4951435271791461
1.5454545454545459,-2.090909090909091,-0.4968184209904334
1.6060606060606064,-2.090909090909091,-0.49666901225680193
1.666666666666667,-2.090909090909091,-0.4946958496027017
1.7272727272727275,-2.090909090909091,-0.49090617842302825
1.787878787878788,-2.090909090909091,-0.4853139142782467
1.8484848484848486,-2.090909090909091,-0.4779395917968654
1.9090909090909092,-2.090909090909091,-0.4688102892728877
1.9696969696969697,-2.090909090909091,-0.4579595292351173
2.0303030303030303,-2.090909090909091,-0.44542715535342403
2.090909090909091,-2.090909090909091,-0.43125918613396674
2.1515151515151514,-2.090909090909091,-0.41550764594060047
2.212121212121212,-2.090909090909091,-0.3982303739629506
2.2727272727272725,-2.090909090909091,-0.3794908118326203
2.333333333333334,-2.090909090909091,-0.3593577706673952
2.3939393939393945,-2.090909090909091,-0.337905178398856
2.454545454545455,-2.090909090909091,-0.3152118083111986
2.5151515151515156,-2.090909090909091,-0.29136098978806607
2.575757575757576,-2.090909090909091,-0.2664403023295169
2.6363636363636367,-2.090909090909091,-0.2405412539626913
2.6969696969696972,-2.090909090909091,-0.21375894522704264
2.757575757575758,-2.090909090909091,-0.18619171996796993
2.8181818181818183,-2.090909090909091,-0.1579408042211266
2.878787878787879,-2.090909090909091,-0.12910993451341218
2.9393939393939394,-2.090909090909091,-0.09980497694551427
3.0,-2.090909090909091,-0.07013353845471841
-3.0,-2.0303030303030303,0.06258757501004086
-2.9393939393939394,-2.0303030303030303,0.0890665381868027
-2.878787878787879,-2.0303030303030303,0.11521845167012247
-2.8181818181818183,-2.0303030303030303,0.14094728640731935
-2.757575757575758,-2.0303030303030303,0.16615856687835256
-2.696969696969697,-2.0303030303030303,0.19075971800713667
-2.6363636363636362,-2.0303030303030303,0.21466040509448137
-2.5757575757575757,-2.0303030303030303,0.23777286552443588
-2.515151515151515,-2.0303030303030303,0.2600122310260178
-2.4545454545454546,-2.0303030303030303,0.2812968393069935
-2.393939393939394,-2.0303030303030303,0.30154853391539976
-2.333333333333333,-2.0303030303030303,0.32069295122772346
-2.2727272727272725,-2.0303030303030303,0.3386597935099264
-2.212121212121212,-2.0303030303030303,0.3553830870486465
-2.1515151515151514,-2.0303030303030303,0.3708014244047205
-2.090909090909091,-2.0303030303030303,0.3848581898994845
-2.0303030303030303,-2.0303030303030303,0.39750176750587113
-1.9696969696969697,-2.0303030303030303,0.40868573038093386
-1.9090909090909092,-2.0303030303030303,0.41836901134384125
-1.8484848484848484,-2.0303030303030303,0.4265160536733499
-1.7878787878787878,-2.0303030303030303,0.43309694167103263
-1.7272727272727273,-2.0303030303030303,0.438087510510839
-1.6666666666666665,-2.0303030303030303,0.44146943497162094
-1.606060606060606,-2.0303030303030303,0.44323029672680303
-1.5454545454545454,-2.0303030303030303,0.4433636299441104
-1.4848484848484849,-2.0303030303030303,0.4418689450279133
-1.4242424242424243,-2.0303030303030303,0.438751730417008
-1.3636363636363635,-2.0303030303030303,0.43402343243123187
-1.303030303030303,-2.0303030303030303,0.42770141324091554
-1.2424242424242424,-2.0303030303030303,0.4198088871135068
-1.1818181818181817,-2.0303030303030303,0.4103748351714675
-1.121212121212121,-2.0303030303030303,0.3994338989744494
-1.0606060606060606,-2.0303030303030303,0.3870262533165116
-1.0,-2.0303030303030303,0.37319745870546495
-0.9393939393939394,-2.0303030303030303,0.35799829406603584
-0.8787878787878789,-2.0303030303030303,0.34148457028115625
-0.8181818181818183,-2.0303030303030303,0.3237169252560527
-0.7575757575757573,-2.0303030303030303,0.3047606012576522
-0.6969696969696968,-2.0303030303030303,0.2846852053469081
-0.6363636363636362,-2.0303030303030303,0.2635644537837312
-0.5757575757575757,-2.0303030303030303,0.24147590134306426
-0.5151515151515151,-2.0303030303030303,0.21850065653604245
-0.4545454545454546,-2.0303030303030303,0.1947230837819399
-0.39393939393939403,-2.0303030303030303,0.17023049362451798
-0.33333333333333304,-2.0303030303030303,0.14511282213029095
-0.2727272727272725,-2.0303030303030303,0.11946230064595127
-0.21212121212121193,-2.0303030303030303,0.09337311712759161
-0.15151515151515138,-2.0303030303030303,0.06694107028531719
-0.09090909090909083,-2.0303030303030303,0.040263217813216
-0.030303030303030276,-2.0303030303030303,0.013437519996377309
0.030303030303030276,-2.0303030303030303,-0.013437519996377309
0.09090909090909083,-2.0303030303030303,-0.040263217813216
0.15151515151515138,-2.0303030303030303,-0.06694107028531719
0.21212121212121238,-2.0303030303030303,-0.0933731171275918
0.27272727272727293,-2.0303030303030303,-0.11946230064595147
0.3333333333333335,-2.0303030303030303,-0.14511282213029114
0.39393939393939403,-2.0303030303030303,-0.17023049362451798
0.4545454545454546,-2.0303030303030303,-0.1947230837819399
0.5151515151515151,-2.0303030303030303,-0.21850065653604245
0.5757575757575757,-2.0303030303030303,-0.24147590134306426
0.6363636363636367,-2.0303030303030303,-0.2635644537837314
0.6969696969696972,-2.0303030303030303,-0.2846852053469083
0.7575757575757578,-2.0303030303030303,-0.3047606012576523
0.8181818181818183,-2.0303030303030303,-0.3237169252560527
0.8787878787878789,-2.0303030303030303,-0.34148457028115625
0.9393939393939394,-2.0303030303030303,-0.35799829406603584
1.0,-2.0303030303030303,-0.37319745870546495
1.0606060606060606,-2.0303030303030303,-0.3870262533165116
1.121212121212121,-2.0303030303030303,-0.3994338989744494
1.1818181818181817,-2.0303030303030303,-0.4103748351714675
1.2424242424242422,-2.0303030303030303,-0.4198088871135067
1.3030303030303028,-2.0303030303030303,-0.4277014132409155
1.3636363636363633,-2.0303030303030303,-0.43402343243123187
1.4242424242424248,-2.0303030303030303,-0.43875173041700805
1.4848484848484853,-2.0303030303030303,-0.4418689450279133
1.5454545454545459,-2.0303030303030303,-0.4433636299441104
1.6060606060606064,-2.0303030303030303,-0.44323029672680303
1.666666666666667,-2.0303030303030303,-0.44146943497162094
1.7272727272727275,-2.0303030303030303,-0.438087510510839
1.787878787878788,-2.0303030303030303,-0.43309694167103263
1.8484848484848486,-2.0303030303030303,-0.4265160536733498
1.9090909090909092,-2.0303030303030303,-0.41836901134384125
1.9696969696969697,-2.0303030303030303,-0.40868573038093386
2.0303030303030303,-2.0303030303030303,-0.39750176750587113
2.090909090909091,-2.0303030303030303,-0.3848581898994845
2.1515151515151514,-2.0303030303030303,-0.3708014244047205
2.212121212121212,-2.0303030303030303,-0.3553830870486465
2.2727272727272725,-2.0303030303030303,-0.3386597935099264
2.333333333333334,-2.0303030303030303,-0.3206929512277232
2.3939393939393945,-2.0303030303030303,-0.3015485339153996
2.454545454545455,-2.0303030303030303,-0.28129683930699334
2.5151515151515156,-2.0303030303030303,-0.2600122310260176
2.575757575757576,-2.0303030303030303,-0.23777286552443572
2.6363636363636367,-2.0303030303030303,-0.2146604050944812
2.6969696969696972,-2.0303030303030303,-0.19075971800713648
2.757575757575758,-2.0303030303030303,-0.16615856687835256
2.8181818181818183,-2.0303030303030303,-0.14094728640731935
2.878787878787879,-2.0303030303030303,-0.11521845167012247
2.9393939393939394,-2.0303030303030303,-0.0890665381868027
3.0,-2.0303030303030303,-0.06258757501004086
-3.0,-1.9696969696969697,0.05481179184140161
-2.9393939393939394,-1.9696969696969697,0.07800104973464908
-2.878787878787879,-1.9696969696969697,0.10090389008070982
-2.8181818181818183,-1.9696969696969697,0.12343621432734846
-2.757575757575758,-1.9696969696969697,0.1455152844464859
-2.696969696969697,-1.9696969696969697,0.1670600267457913
-2.6363636363636362,-1.9696969696969697,0.1879913295688811
-2.5757575757575757,-1.9696969696969697,0.20823233379098205
-2.515151515151515,-1.9696969696969697,0.22770871504336315
-2.4545454545454546,-1.9696969696969697,0.24634895663021886
-2.393939393939394,-1.9696969696969697,0.26408461213586065
-2.333333333333333,-1.9696969696969697,0.28085055675793086
-2.2727272727272725,-1.9696969696969697,0.29658522644374974
-2.212121212121212,-1.9696969696969697,0.3112308439516964
-2.1515151515151514,-1.9696969696969697,0.32473363100753067
-2.090909090909091,-1.9696969696969697,0.33704400577662486
-2.0303030303030303,-1.9696969696969697,0.3481167649269944
-1.9696969696969697,-1.9696969696969697,0.3579112496145951
-1.9090909090909092,-1.9696969696969697,0.366391494781396
-1.8484848484848484,-1.9696969696969697,0.3735263612180086
-1.7878787878787878,-1.9696969696969697,0.3792896499059422
-1.7272727272727273,-1.9696969696969697,0.3836601982196253
-1.6666666666666665,-1.9696969696969697,0.38662195763494034
-1.606060606060606,-1.9696969696969697,0.38816405265892945
-1.5454545454545454,-1.9696969696969697,0.388280820764283
-1.4848484848484849,-1.9696969696969697,0.3869718331819723
-1.4242424242424243,-1.9696969696969697,0.38424189647567714
-1.3636363636363635,-1.9696969696969697,0.3801010348922254
-1.303030303030303,-1.9696969696969697,0.37456445355285617
-1.2424242424242424,-1.9696969696969697,0.36765248262046346
-1.1818181818181817,-1.9696969696969697,0.35939050264784
-1.121212121212121,-1.9696969696969697,0.3498088513810382
-1.0606060606060606,-1.9696969696969697,0.33894271236006385
-1.0,-1.9696969696969697,0.3268319857259583
-0.9393939393939394,-1.9696969696969697,0.31352114170866047
-0.8787878787878789,-1.9696969696969697,0.2990590573336386
-0.8181818181818183,-1.9696969696969697,0.28349883694689804
-0.7575757575757573,-1.9696969696969697,0.26689761721739413
-0.6969696969696968,-1.9696969696969697,0.24931635733287397
-0.6363636363636362,-1.9696969696969697,0.23081961515954189
-0.5757575757575757,-1.9696969696969697,0.21147531018748492
-0.5151515151515151,-1.9696969696969697,0.19135447413231432
-0.4545454545454546,-1.9696969696969697,0.170530990108807
-0.39393939393939403,-1.9696969696969697,0.14908132133429386
-0.33333333333333304,-1.9696969696969697,0.12708423035798735
-0.2727272727272725,-1.9696969696969697,0.10462048984723146
-0.21212121212121193,-1.9696969696969697,0.08177258599265581
-0.15151515151515138,-1.9696969696969697,0.05862441562132421
-0.09090909090909083,-1.9696969696969697,0.035260978130067476
-0.030303030303030276,-1.9696969696969697,0.011768063370212752
0.030303030303030276,-1.9696969696969697,-0.011768063370212752
0.09090909090909083,-1.9696969696969697,-0.035260978130067476
0.15151515151515138,-1.9696969696969697,-0.05862441562132421
0.21212121212121238,-1.9696969696969697,-0.08177258599265598
0.27272727272727293,-1.9696969696969697,-0.10462048984723164
0.3333333333333335,-1.9696969696969697,-0.1270842303579875
0.39393939393939403,-1.9696969696969697,-0.14908132133429386
0.4545454545454546,-1.9696969696969697,-0.170530990108807
0.5151515151515151,-1.9696969696969697,-0.19135447413231432
0.5757575757575757,-1.9696969696969697,-0.21147531018748492
0.6363636363636367,-1.9696969696969697,-0.230819615159542
0.6969696969696972,-1.9696969696969697,-0.2493163573328741
0.7575757575757578,-1.9696969696969697,-0.26689761721739425
0.8181818181818183,-1.9696969696969697,-0.28349883694689804
0.8787878787878789,-1.9696969696969697,-0.2990590573336386
0.9393939393939394,-1.9696969696969697,-0.31352114170866047
1.0,-1.9696969696969697,-0.3268319857259583
1.0606060606060606,-1.9696969696969697,-0.33894271236006385
1.121212121212121,-1.9696969696969697,-0.3498088513810382
1.1818181818181817,-1.9696969696969697,-0.35939050264784
1.2424242424242422,-1.9696969696969697,-0.3676524826204634
1.3030303030303028,-1.9696969696969697,-0.3745644535528561
1.3636363636363633,-1.9696969696969697,-0.3801010348922254
1.4242424242424248,-1.9696969696969697,-0.3842418964756772
1.4848484848484853,-1.9696969696969697,-0.3869718331819723
1.5454545454545459,-1.9696969696969697,-0.388280820764283
1.6060606060606064,-1.9696969696969697,-0.38816405265892945
1.666666666666667,-1.9696969696969697,-0.38662195763494034
1.7272727272727275,-1.9696969696969697,-0.3836601982196253
1.787878787878788,-1.9696969696969697,-0.3792896499059422
1.8484848484848486,-1.9696969696969697,-0.37352636121800853
1.9090909090909092,-1.9696969696969697,-0.366391494781396
1.9696969696969697,-1.9696969696969697,-0.3579112496145951
2.0303030303030303,-1.9696969696969697,-0.3481167649269944
2.090909090909091,-1.9696969696969697,-0.33704400577662486
2.1515151515151514,-1.9696969696969697,-0.32473363100753067
2.212121212121212,-1.9696969696969697,-0.3112308439516964
2.2727272727272725,-1.9696969696969697,-0.29658522644374974
2.333333333333334,-1.9696969696969697,-0.28085055675793064
2.3939393939393945,-1.9696969696969697,-0.26408461213586054
2.454545454545455,-1.9696969696969697,-0.24634895663021872
2.5151515151515156,-1.9696969696969697,-0.227708715043363
2.575757575757576,-1.9696969696969697,-0.20823233379098194
2.6363636363636367,-1.9696969696969697,-0.18799132956888095
2.6969696969696972,-1.9696969696969697,-0.16706002674579115
2.757575757575758,-1.9696969696969697,-0.1455152844464859
2.8181818181818183,-1.9696969696969697,-0.12343621432734846
2.878787878787879,-1.9696969696969697,-0.10090389008070982
2.9393939393939394,-1.9696969696969697,-0.07800104973464908
3.0,-1.9696969696969697,-0.05481179184140161
-3.0,-1.9090909090909092,0.046834741394571486
-2.9393939393939394,-1.9090909090909092,0.06664914373530874
-2.878787878787879,-1.9090909090909092,0.08621881239187504
-2.8181818181818183,-1.9090909090909092,0.10547188811987641
-2.757575757575758,-1.9090909090909092,0.12433767419478703
-2.696969696969697,-1.9090909090909092,0.14274689600823048
-2.6363636363636362,-1.9090909090909092,0.160631955442292
-2.5757575757575757,-1.9090909090909092,0.17792717908780833
-2.515151515151515,-1.9090909090909092,0.19456905939518312
-2.4545454545454546,-1.9090909090909092,0.21049648787223035
-2.393939393939394,-1.9090909090909092,0.2256509794727498
-2.333333333333333,-1.9090909090909092,0.23997688735188702
-2.2727272727272725,-1.9090909090909092,0.2534216071997008
-2.212121212121212,-1.9090909090909092,0.26593577040263383
-2.1515151515151514,-1.9090909090909092,0.2774734253236008
-2.090909090909091,-1.9090909090909092,0.28799220603504055
-2.0303030303030303,-1.9090909090909092,0.29745348788534887
-1.9696969696969697,-1.9090909090909092,0.3058225293274565
-1.9090909090909092,-1.9090909090909092,0.3130685994887623
-1.8484848484848484,-1.9090909090909092,0.3191650910139884
-1.7878787878787878,-1.9090909090909092,0.3240896177666013
-1.7272727272727273,-1.9090909090909092,0.32782409703004356
-1.6666666666666665,-1.9090909090909092,0.33035481590693383
-1.606060606060606,-1.9090909090909092,0.3316724816724203
-1.5454545454545454,-1.9090909090909092,0.3317722558967914
-1.4848484848484849,-1.9090909090909092,0.33065377221204684
-1.4242424242424243,-1.9090909090909092,0.3283211376571898
-1.3636363636363635,-1.9090909090909092,0.3247829175973014
-1.303030303030303,-1.9090909090909092,0.3200521042717734
-1.2424242424242424,-1.9090909090909092,0.3141460690871894
-1.1818181818181817,-1.9090909090909092,0.3070864988300341
-1.121212121212121,-1.9090909090909092,0.2988993160334544
-1.0606060606060606,-1.9090909090909092,0.2896145837904849
-1.0,-1.9090909090909092,0.27926639536325937
-0.9393939393939394,-1.9090909090909092,0.26789274899356097
-0.8787878787878789,-1.9090909090909092,0.25553540837440225
-0.8181818181818183,-1.9090909090909092,0.24223974929498007
-0.7575757575757573,-1.9090909090909092,0.22805459302211972
-0.6969696969696968,-1.9090909090909092,0.21303202703002788
-0.6363636363636362,-1.9090909090909092,0.19722721373662763
-0.5757575757575757,-1.9090909090909092,0.1806981879487919
-0.5151515151515151,-1.9090909090909092,0.1635056437602495
-0.4545454545454546,-1.9090909090909092,0.14571271168466826
-0.39393939393939403,-1.9090909090909092,0.12738472684227656
-0.33333333333333304,-1.9090909090909092,0.10858898905123422
-0.2727272727272725,-1.9090909090909092,0.08939451570469187
-0.21212121212121193,-1.9090909090909092,0.06987178834096407
-0.15151515151515138,-1.9090909090909092,0.05009249383740611
-0.09090909090909083,-1.9090909090909092,0.030129261178320963
-0.030303030303030276,-1.9090909090909092,0.01005539476347741
0.030303030303030276,-1.9090909090909092,-0.01005539476347741
0.09090909090909083,-1.9090909090909092,-0.030129261178320963
0.15151515151515138,-1.9090909090909092,-0.05009249383740611
0.21212121212121238,-1.9090909090909092,-0.0698717883409642
0.27272727272727293,-1.9090909090909092,-0.08939451570469202
0.3333333333333335,-1.9090909090909092,-0.10858898905123436
0.39393939393939403,-1.9090909090909092,-0.12738472684227656
0.4545454545454546,-1.9090909090909092,-0.14571271168466826
0.5151515151515151,-1.9090909090909092,-0.1635056437602495
0.5757575757575757,-1.9090909090909092,-0.1806981879487919
0.6363636363636367,-1.9090909090909092,-0.19722721373662774
0.6969696969696972,-1.9090909090909092,-0.213032027030028
0.7575757575757578,-1.9090909090909092,-0.22805459302211983
0.8181818181818183,-1.9090909090909092,-0.24223974929498007
0.8787878787878789,-1.9090909090909092,-0.25553540837440225
0.9393939393939394,-1.9090909090909092,-0.26789274899356097
1.0,-1.9090909090909092,-0.27926639536325937
1.0606060606060606,-1.9090909090909092,-0.2896145837904849
1.121212121212121,-1.9090909090909092,-0.2988993160334544
1.1818181818181817,-1.9090909090909092,-0.3070864988300341
1.2424242424242422,-1.9090909090909092,-0.3141460690871894
1.3030303030303028,-1.9090909090909092,-0.32005210427177333
1.3636363636363633,-1.9090909090909092,-0.3247829175973014
1.4242424242424248,-1.9090909090909092,-0.3283211376571898
1.4848484848484853,-1.9090909090909092,-0.33065377221204684
1.5454545454545459,-1.9090909090909092,-0.3317722558967914
1.6060606060606064,-1.9090909090909092,-0.3316724816724203
1.666666666666667,-1.9090909090909092,-0.33035481590693383
1.7272727272727275,-1.9090909090909092,-0.32782409703004356
1.787878787878788,-1.9090909090909092,-0.3240896177666013
1.8484848484848486,-1.9090909090909092,-0.3191650910139883
1.9090909090909092,-1.9090909090909092,-0.3130685994887623
1.9696969696969697,-1.9090909090909092,-0.3058225293274565
2.0303030303030303,-1.9090909090909092,-0.29745348788534887
2.090909090909091,-1.9090909090909092,-0.28799220603504055
2.1515151515151514,-1.9090909090909092,-0.2774734253236008
2.212121212121212,-1.9090909090909092,-0.26593577040263383
2.2727272727272725,-1.9090909090909092,-0.2534216071997008
2.333333333333334,-1.9090909090909092,-0.23997688735188685
2.3939393939393945,-1.9090909090909092,-0.2256509794727497
2.454545454545455,-1.9090909090909092,-0.21049648787223024
2.5151515151515156,-1.9090909090909092,-0.194569059395183
2.575757575757576,-1.9090909090909092,-0.17792717908780822
2.6363636363636367,-1.9090909090909092,-0.16063195544229186
2.6969696969696972,-1.9090909090909092,-0.14274689600823037
2.757575757575758,-1.9090909090909092,-0.12433767419478703
2.8181818181818183,-1.9090909090909092,-0.10547188811987641
2.878787878787879,-1.9090909090909092,-0.08621881239187504
2.9393939393939394,-1.9090909090909092,-0.06664914373530874
3.0,-1.9090909090909092,-0.046834741394571486
-3.0,-1.8484848484848484,0.03868571516281291
-2.9393939393939394,-1.8484848484848484,0.05505250405179741
-2.878787878787879,-1.8484848484848484,0.07121714177447525
-2.8181818181818183,-1.8484848484848484,0.08712027225931354
-2.757575757575758,-1.8484848484848484,0.10270349968162078
-2.696969696969697,-1.8484848484848484,0.11790960289128775
-2.6363636363636362,-1.8484848484848484,0.13268274552715761
-2.5757575757575757,-1.8484848484848484,0.1469686810464929
-2.515151515151515,-1.8484848484848484,0.16071495191667537
-2.4545454545454546,-1.8484848484848484,0.17387108223771397
-2.393939393939394,-1.8484848484848484,0.18638876308825644
-2.333333333333333,-1.8484848484848484,0.19822202991451968
-2.2727272727272725,-1.8484848484848484,0.20932743131077095
-2.212121212121212,-1.8484848484848484,0.21966418857160497
-2.1515151515151514,-1.8484848484848484,0.22919434543014353
-2.090909090909091,-1.8484848484848484,0.23788290743232454
-2.0303030303030303,-1.8484848484848484,0.24569797043550246
-1.9696969696969697,-1.8484848484848484,0.2526108377595159
-1.9090909090909092,-1.8484848484848484,0.25859612556004863
-1.8484848484848484,-1.8484848484848484,0.26363185603735484
-1.7878787878787878,-1.8484848484848484,0.26769953813808944
-1.7272727272727273,-1.8484848484848484,0.2707842354539095
-1.6666666666666665,-1.8484848484848484,0.27287462106752325
-1.606060606060606,-1.8484848484848484,0.27396301914479554
-1.5454545454545454,-1.8484848484848484,0.2740454331201839
-1.4848484848484849,-1.8484848484848484,0.2731215603720086
-1.4242424242424243,-1.8484848484848484,0.2711947933336708
-1.3636363636363635,-1.8484848484848484,0.26827220703673743
-1.303030303030303,-1.8484848484848484,0.2643645331316344
-1.2424242424242424,-1.8484848484848484,0.2594861204813438
-1.1818181818181817,-1.8484848484848484,0.25365488247280354
-1.121212121212121,-1.8484848484848484,0.2468922312394805
-1.0606060606060606,-1.8484848484848484,0.23922299903664968
-1.0,-1.8484848484848484,0.23067534705808737
-0.9393939393939394,-1.8484848484848484,0.22128066202900099
-0.8787878787878789,-1.8484848484848484,0.2110734409549023
-0.8181818181818183,-1.8484848484848484,0.20009116444962385
-0.7575757575757573,-1.8484848484848484,0.18837415910761357
-0.6969696969696968,-1.8484848484848484,0.17596544942587322
-0.6363636363636362,-1.8484848484848484,0.16291059981927775
-0.5757575757575757,-1.8484848484848484,0.14925754730939206
-0.5151515151515151,-1.8484848484848484,0.13505642550114574
-0.4545454545454546,-1.8484848484848484,0.12035938049371893
-0.39393939393939403,-1.8484848484848484,0.10522037940160868
-0.33333333333333304,-1.8484848484848484,0.08969501218898089
-0.2727272727272725,-1.8484848484848484,0.07384028754496674
-0.21212121212121193,-1.8484848484848484,0.05771442354944211
-0.15151515151515138,-1.8484848484848484,0.04137663389796079
-0.09090909090909083,-1.8484848484848484,0.024886910470816023
-0.030303030303030276,-1.8484848484848484,0.008305803044630793
0.030303030303030276,-1.8484848484848484,-0.008305803044630793
0.09090909090909083,-1.8484848484848484,-0.024886910470816023
0.15151515151515138,-1.8484848484848484,-0.04137663389796079
0.21212121212121238,-1.8484848484848484,-0.057714423549442236
0.27272727272727293,-1.8484848484848484,-0.07384028754496687
0.3333333333333335,-1.8484848484848484,-0.08969501218898099
0.39393939393939403,-1.8484848484848484,-0.10522037940160868
0.4545454545454546,-1.8484848484848484,-0.12035938049371893
0.5151515151515151,-1.8484848484848484,-0.13505642550114574
0.5757575757575757,-1.8484848484848484,-0.14925754730939206
0.6363636363636367,-1.8484848484848484,-0.16291059981927786
0.6969696969696972,-1.8484848484848484,-0.1759654494258733
0.7575757575757578,-1.8484848484848484,-0.18837415910761365
0.8181818181818183,-1.8484848484848484,-0.20009116444962385
0.8787878787878789,-1.8484848484848484,-0.2110734409549023
0.9393939393939394,-1.8484848484848484,-0.22128066202900099
1.0,-1.8484848484848484,-0.23067534705808737
1.0606060606060606,-1.8484848484848484,-0.23922299903664968
1.121212121212121,-1.8484848484848484,-0.2468922312394805
1.1818181818181817,-1.8484848484848484,-0.25365488247280354
1.2424242424242422,-1.8484848484848484,-0.25948612048134373
1.3030303030303028,-1.8484848484848484,-0.2643645331316343
1.3636363636363633,-1.8484848484848484,-0.26827220703673743
1.4242424242424248,-1.8484848484848484,-0.27119479333367086
1.4848484848484853,-1.8484848484848484,-0.2731215603720086
1.5454545454545459,-1.8484848484848484,-0.2740454331201839
1.6060606060606064,-1.8484848484848484,-0.27396301914479554
1.666666666666667,-1.8484848484848484,-0.27287462106752325
1.7272727272727275,-1.8484848484848484,-0.2707842354539095
1.787878787878788,-1.8484848484848484,-0.26769953813808944
1.8484848484848486,-1.8484848484848484,-0.2636318560373548
1.9090909090909092,-1.8484848484848484,-0.25859612556004863
1.9696969696969697,-1.8484848484848484,-0.2526108377595159
2.0303030303030303,-1.8484848484848484,-0.24569797043550246
2.090909090909091,-1.8484848484848484,-0.23788290743232454
2.1515151515151514,-1.8484848484848484,-0.22919434543014353
2.212121212121212,-1.8484848484848484,-0.21966418857160497
2.2727272727272725,-1.8484848484848484,-0.20932743131077095
2.333333333333334,-1.8484848484848484,-0.1982220299145195
2.3939393939393945,-1.8484848484848484,-0.18638876308825636
2.454545454545455,-1.8484848484848484,-0.1738710822377139
2.5151515151515156,-1.8484848484848484,-0.16071495191667529
2.575757575757576,-1.8484848484848484,-0.14696868104649283
2.6363636363636367,-1.8484848484848484,-0.1326827455271575
2.6969696969696972,-1.8484848484848484,-0.11790960289128764
2.757575757575758,-1.8484848484848484,-0.10270349968162078
2.8181818181818183,-1.8484848484848484,-0.08712027225931354
2.878787878787879,-1.8484848484848484,-0.07121714177447525
2.9393939393939394,-1.8484848484848484,-0.05505250405179741
3.0,-1.8484848484848484,-0.03868571516281291
-3.0,-1.7878787878787878,0.030394636129383236
-2.9393939393939394,-1.7878787878787878,0.043253713201979474
-2.878787878787879,-1.7878787878787878,0.05595396391923596
-2.8181818181818183,-1.7878787878787878,0.0684487533362197
-2.757575757575758,-1.7878787878787878,0.08069220095581425
-2.696969696969697,-1.7878787878787878,0.09263934920054812
-2.6363636363636362,-1.7878787878787878,0.10424632849548879
-2.5757575757575757,-1.7878787878787878,0.11547051835602477
-2.515151515151515,-1.7878787878787878,0.12627070388902387
-2.4545454545454546,-1.7878787878787878,0.13660722713270165
-2.393939393939394,-1.7878787878787878,0.14644213267948392
-2.333333333333333,-1.7878787878787878,0.15573930704714062
-2.2727272727272725,-1.7878787878787878,0.16446461128642403
-2.212121212121212,-1.7878787878787878,0.17258600633828083
-2.1515151515151514,-1.7878787878787878,0.18007367068032898
-2.090909090909091,-1.7878787878787878,0.18690010983060565
-2.0303030303030303,-1.7878787878787878,0.19304025730649182
-1.9696969696969697,-1.7878787878787878,0.1984715666680948
-1.9090909090909092,-1.7878787878787878,0.2031740943081086
-1.8484848484848484,-1.7878787878787878,0.20713057268415
-1.7878787878787878,-1.7878787878787878,0.21032647372466332
-1.7272727272727273,-1.7878787878787878,0.21275006217556938
-1.6666666666666665,-1.7878787878787878,0.21439243869177146
-1.606060606060606,-1.7878787878787878,0.2152475725152871
-1.5454545454545454,-1.7878787878787878,0.215312323620013
-1.4848484848484849,-1.7878787878787878,0.21458645424180814
-1.4242424242424243,-1.7878787878787878,0.21307262975155647
-1.3636363636363635,-1.7878787878787878,0.21077640886800403
-1.303030303030303,-1.7878787878787878,0.2077062232463081
-1.2424242424242424,-1.7878787878787878,0.20387334651724878
-1.1818181818181817,-1.7878787878787878,0.19929185289079046
-1.121212121212121,-1.7878787878787878,0.19397856547599907
-1.0606060606060606,-1.7878787878787878,0.18795299450708325
-1.0,-1.7878787878787878,0.1812372657023915
-0.9393939393939394,-1.7878787878787878,0.1738560390194289
-0.8787878787878789,-1.7878787878787878,0.16583641810422275
-0.8181818181818183,-1.7878787878787878,0.15720785076753607
-0.7575757575757573,-1.7878787878787878,0.14800202085337746
-0.6969696969696968,-1.7878787878787878,0.1382527318968636
-0.6363636363636362,-1.7878787878787878,0.12799578299863779
-0.5757575757575757,-1.7878787878787878,0.11726883737163173
-0.5151515151515151,-1.7878787878787878,0.10611128404286162
-0.4545454545454546,-1.7878787878787878,0.09456409321808625
-0.39393939393939403,-1.7878787878787878,0.08266966584042347
-0.33333333333333304,-1.7878787878787878,0.07047167789534119
-0.2727272727272725,-1.7878787878787878,0.05801492003373118
-0.21212121212121193,-1.7878787878787878,0.04534513310196352
-0.15151515151515138,-1.7878787878787878,0.03250884018285207
-0.09090909090909083,-1.7878787878787878,0.01955317576427064
-0.030303030303030276,-1.7878787878787878,0.006525712662707825
0.030303030303030276,-1.7878787878787878,-0.006525712662707825
0.09090909090909083,-1.7878787878787878,-0.01955317576427064
0.15151515151515138,-1.7878787878787878,-0.03250884018285207
0.21212121212121238,-1.7878787878787878,-0.045345133101963614
0.27272727272727293,-1.7878787878787878,-0.05801492003373128
0.3333333333333335,-1.7878787878787878,-0.07047167789534127
0.39393939393939403,-1.7878787878787878,-0.08266966584042347
0.4545454545454546,-1.7878787878787878,-0.09456409321808625
0.5151515151515151,-1.7878787878787878,-0.10611128404286162
0.5757575757575757,-1.7878787878787878,-0.11726883737163173
0.6363636363636367,-1.7878787878787878,-0.12799578299863787
0.6969696969696972,-1.7878787878787878,-0.13825273189686368
0.7575757575757578,-1.7878787878787878,-0.14800202085337752
0.8181818181818183,-1.7878787878787878,-0.15720785076753607
0.8787878787878789,-1.7878787878787878,-0.16583641810422275
0.9393939393939394,-1.7878787878787878,-0.1738560390194289
1.0,-1.7878787878787878,-0.1812372657023915
1.0606060606060606,-1.7878787878787878,-0.18795299450708325
1.121212121212121,-1.7878787878787878,-0.19397856547599907
1.1818181818181817,-1.7878787878787878,-0.19929185289079046
1.2424242424242422,-1.7878787878787878,-0.20387334651724875
1.3030303030303028,-1.7878787878787878,-0.20770622324630808
1.3636363636363633,-1.7878787878787878,-0.21077640886800403
1.4242424242424248,-1.7878787878787878,-0.2130726297515565
1.4848484848484853,-1.7878787878787878,-0.21458645424180814
1.5454545454545459,-1.7878787878787878,-0.215312323620013
1.6060606060606064,-1.7878787878787878,-0.2152475725152871
1.666666666666667,-1.7878787878787878,-0.21439243869177146
1.7272727272727275,-1.7878787878787878,-0.21275006217556938
1.787878787878788,-1.7878787878787878,-0.21032647372466332
1.8484848484848486,-1.7878787878787878,-0.20713057268415
1.9090909090909092,-1.7878787878787878,-0.2031740943081086
1.9696969696969697,-1.7878787878787878,-0.1984715666680948
2.0303030303030303,-1.7878787878787878,-0.19304025730649182
2.090909090909091,-1.7878787878787878,-0.18690010983060565
2.1515151515151514,-1.7878787878787878,-0.18007367068032898
2.212121212121212,-1.7878787878787878,-0.17258600633828083
2.2727272727272725,-1.7878787878787878,-0.16446461128642403
2.333333333333334,-1.7878787878787878,-0.1557393070471405
2.3939393939393945,-1.7878787878787878,-0.14644213267948386
2.454545454545455,-1.7878787878787878,-0.1366072271327016
2.5151515151515156,-1.7878787878787878,-0.1262707038890238
2.575757575757576,-1.7878787878787878,-0.1154705183560247
2.6363636363636367,-1.7878787878787878,-0.1042463284954887
2.6969696969696972,-1.7878787878787878,-0.09263934920054803
2.757575757575758,-1.7878787878787878,-0.08069220095581425
2.8181818181818183,-1.7878787878787878,-0.0684487533362197
2.878787878787879,-1.7878787878787878,-0.05595396391923596
2.9393939393939394,-1.7878787878787878,-0.043253713201979474
3.0,-1.7878787878787878,-0.030394636129383236
-3.0,-1.7272727272727273,0.02199194889122521
-2.9393939393939394,-1.7272727272727273,0.031296095996821795
-2.878787878787879,-1.7272727272727273,0.040485324763723914
-2.8181818181818183,-1.7272727272727273,0.049525892615736686
-2.757575757575758,-1.7272727272727273,0.058384602855146954
-2.696969696969697,-1.7272727272727273,0.06702892656001538
-2.6363636363636362,-1.7272727272727273,0.07542712202941527
-2.5757575757575757,-1.7272727272727273,0.08354835133801974
-2.515151515151515,-1.7272727272727273,0.09136279357205106
-2.4545454545454546,-1.7272727272727273,0.09884175433079385
-2.393939393939394,-1.7272727272727273,0.10595777109158577
-2.333333333333333,-1.7272727272727273,0.11268471405138834
-2.2727272727272725,-1.7272727272727273,0.11899788207465051
-2.212121212121212,-1.7272727272727273,0.12487409339514802
-2.1515151515151514,-1.7272727272727273,0.13029177073874296
-2.090909090909091,-1.7272727272727273,0.1352310205544962
-2.0303030303030303,-1.7272727272727273,0.13967370606319798
-1.9696969696969697,-1.7272727272727273,0.14360351385508452
-1.9090909090909092,-1.7272727272727273,0.14700601379219613
-1.8484848484848484,-1.7272727272727273,0.14986871199541713
-1.7878787878787878,-1.7272727272727273,0.1521810967216299
-1.7272727272727273,-1.7272727272727273,0.15393467696252525
-1.6666666666666665,-1.7272727272727273,0.15512301362333322
-1.606060606060606,-1.7272727272727273,0.1557417431669889
-1.5454545454545454,-1.7272727272727273,0.15578859363691133
-1.4848484848484849,-1.7272727272727273,0.1552633929995609
-1.4242424242424243,-1.7272727272727273,0.15416806977614136
-1.3636363636363635,-1.7272727272727273,0.15250664596112715
-1.303030303030303,-1.7272727272727273,0.15028522225361848
-1.2424242424242424,-1.7272727272727273,0.1475119556557548
-1.1818181818181817,-1.7272727272727273,0.1441970295204443
-1.121212121212121,-1.7272727272727273,0.14035261615839317
-1.0606060606060606,-1.7272727272727273,0.1359928321417409
-1.0,-1.7272727272727273,0.13113368646842477
-0.9393939393939394,-1.7272727272727273,0.12579302177761326
-0.8787878787878789,-1.7272727272727273,0.11999044883206267
-0.8181818181818183,-1.7272727272727273,0.11374727450797642
-0.7575757575757573,-1.7272727272727273,0.10708642355678603
-0.6969696969696968,-1.7272727272727273,0.10003235442614204
-0.6363636363636362,-1.7272727272727273,0.09261096944921757
-0.5757575757575757,-1.7272727272727273,0.08484951973210735
-0.5151515151515151,-1.7272727272727273,0.07677650508857224
-0.4545454545454546,-1.7272727272727273,0.06842156938956614
-0.39393939393939403,-1.7272727272727273,0.05981539171181884
-0.33333333333333304,-1.7272727272727273,0.050989573685173685
-0.2727272727272725,-1.7272727272727273,0.04197652345233795
-0.21212121212121193,-1.7272727272727273,0.032809336667141135
-0.15151515151515138,-1.7272727272727273,0.023521674968273374
-0.09090909090909083,-1.7272727272727273,0.014147642374743872
-0.030303030303030276,-1.7272727272727273,0.00472166005693202
0.030303030303030276,-1.7272727272727273,-0.00472166005693202
0.09090909090909083,-1.7272727272727273,-0.014147642374743872
0.15151515151515138,-1.7272727272727273,-0.023521674968273374
0.21212121212121238,-1.7272727272727273,-0.032809336667141205
0.27272727272727293,-1.7272727272727273,-0.041976523452338016
0.3333333333333335,-1.7272727272727273,-0.05098957368517374
0.39393939393939403,-1.7272727272727273,-0.05981539171181884
0.4545454545454546,-1.7272727272727273,-0.06842156938956614
0.5151515151515151,-1.7272727272727273,-0.07677650508857224
0.5757575757575757,-1.7272727272727273,-0.08484951973210735
0.6363636363636367,-1.7272727272727273,-0.09261096944921761
0.6969696969696972,-1.7272727272727273,-0.10003235442614208
0.7575757575757578,-1.7272727272727273,-0.10708642355678609
0.8181818181818183,-1.7272727272727273,-0.11374727450797642
0.8787878787878789,-1.7272727272727273,-0.11999044883206267
0.9393939393939394,-1.7272727272727273,-0.12579302177761326
1.0,-1.7272727272727273,-0.13113368646842477
1.0606060606060606,-1.7272727272727273,-0.1359928321417409
1.121212121212121,-1.7272727272727273,-0.14035261615839317
1.1818181818181817,-1.7272727272727273,-0.1441970295204443
1.2424242424242422,-1.7272727272727273,-0.14751195565575478
1.3030303030303028,-1.7272727272727273,-0.15028522225361846
1.3636363636363633,-1.7272727272727273,-0.15250664596112715
1.4242424242424248,-1.7272727272727273,-0.1541680697761414
1.4848484848484853,-1.7272727272727273,-0.1552633929995609
1.5454545454545459,-1.7272727272727273,-0.15578859363691133
1.6060606060606064,-1.7272727272727273,-0.1557417431669889
1.666666666666667,-1.7272727272727273,-0.15512301362333322
1.7272727272727275,-1.7272727272727273,-0.15393467696252525
1.787878787878788,-1.7272727272727273,-0.1521810967216299
1.8484848484848486,-1.7272727272727273,-0.1498687119954171
1.9090909090909092,-1.7272727272727273,-0.14700601379219613
1.9696969696969697,-1.7272727272727273,-0.14360351385508452
2.0303030303030303,-1.7272727272727273,-0.13967370606319798
2.090909090909091,-1.7272727272727273,-0.1352310205544962
2.1515151515151514,-1.7272727272727273,-0.13029177073874296
2.212121212121212,-1.7272727272727273,-0.12487409339514802
2.2727272727272725,-1.7272727272727273,-0.11899788207465051
2.333333333333334,-1.7272727272727273,-0.11268471405138825
2.3939393939393945,-1.7272727272727273,-0.10595777109158572
2.454545454545455,-1.7272727272727273,-0.09884175433079381
2.5151515151515156,-1.7272727272727273,-0.091362793572051
2.575757575757576,-1.7272727272727273,-0.0835483513380197
2.6363636363636367,-1.7272727272727273,-0.07542712202941522
2.6969696969696972,-1.7272727272727273,-0.06702892656001533
2.757575757575758,-1.7272727272727273,-0.058384602855146954
2.8181818181818183,-1.7272727272727273,-0.049525892615736686
2.878787878787879,-1.7272727272727273,-0.040485324763723914
2.9393939393939394,-1.7272727272727273,-0.031296095996821795
3.0,-1.7272727272727273,-0.02199194889122521
-3.0,-1.6666666666666665,0.013508507867307748
-2.9393939393939394,-1.6666666666666665,0.019223560452969607
-2.878787878787879,-1.6666666666666665,0.024868024693322447
-2.8181818181818183,-1.6666666666666665,0.030421174282651103
-2.757575757575758,-1.6666666666666665,0.035862618219937664
-2.696969696969697,-1.6666666666666665,0.04117237568401407
-2.6363636363636362,-1.6666666666666665,0.04633094940254623
-2.5757575757575757,-1.6666666666666665,0.05131939724544142
-2.515151515151515,-1.6666666666666665,0.05611940177978958
-2.4545454545454546,-1.6666666666666665,0.060713337530935024
-2.393939393939394,-1.6666666666666665,0.06508433570269806
-2.333333333333333,-1.6666666666666665,0.06921634611909554
-2.2727272727272725,-1.6666666666666665,0.07309419616011213
-2.212121212121212,-1.6666666666666665,0.07670364647511244
-2.1515151515151514,-1.6666666666666665,0.08003144326931506
-2.090909090909091,-1.6666666666666665,0.08306536697133508
-2.0303030303030303,-1.6666666666666665,0.0857942771030887
-1.9696969696969697,-1.6666666666666665,0.08820815318729912
-1.9090909090909092,-1.6666666666666665,0.09029813154239277
-1.8484848484848484,-1.6666666666666665,0.09205653782967584
-1.7878787878787878,-1.6666666666666665,0.09347691523327882
-1.7272727272727273,-1.6666666666666665,0.09455404816939353
-1.6666666666666665,-1.6666666666666665,0.09528398143774247
-1.606060606060606,-1.6666666666666665,0.09566403474495724
-1.5454545454545454,-1.6666666666666665,0.09569281254653657
-1.4848484848484849,-1.6666666666666665,0.09537020917124434
-1.4242424242424243,-1.6666666666666665,0.09469740920913132
-1.3636363636363635,-1.6666666666666665,0.09367688316175554
-1.303030303030303,-1.6666666666666665,0.09231237837057361
-1.2424242424242424,-1.6666666666666665,0.09060890525681375
-1.1818181818181817,-1.6666666666666665,0.08857271892335729
-1.121212121212121,-1.6666666666666665,0.08621129618618588
-1.0606060606060606,-1.6666666666666665,0.0835333081197345
-1.0,-1.6666666666666665,0.08054858821696247
-0.9393939393939394,-1.6666666666666665,0.07726809628105834
-0.8787878787878789,-1.6666666666666665,0.07370387818136674
-0.8181818181818183,-1.6666666666666665,0.0698690216213125
-0.7575757575757573,-1.6666666666666665,0.06577760808074079
-0.6969696969696968,-1.6666666666666665,0.06144466110913984
-0.6363636363636362,-1.6666666666666665,0.056886091159611435
-0.5757575757575757,-1.6666666666666665,0.05211863716615794
-0.5151515151515151,-1.6666666666666665,0.04715980507881177
-0.4545454545454546,-1.6666666666666665,0.04202780358230472
-0.39393939393939403,-1.6666666666666665,0.03674147723431634
-0.33333333333333304,-1.6666666666666665,0.03132023726881547
-0.2727272727272725,-1.6666666666666665,0.025783990318583565
-0.21212121212121193,-1.6666666666666665,0.02015306531864775
-0.15151515151515138,-1.6666666666666665,0.014448138859032907
-0.09090909090909083,-1.6666666666666665,0.008690159260934732
-0.030303030303030276,-1.6666666666666665,0.0029002696551040184
0.030303030303030276,-1.6666666666666665,-0.0029002696551040184
0.09090909090909083,-1.6666666666666665,-0.008690159260934732
0.15151515151515138,-1.6666666666666665,-0.014448138859032907
0.21212121212121238,-1.6666666666666665,-0.020153065318647793
0.27272727272727293,-1.6666666666666665,-0.025783990318583607
0.3333333333333335,-1.6666666666666665,-0.031320237268815505
0.39393939393939403,-1.6666666666666665,-0.03674147723431634
0.4545454545454546,-1.6666666666666665,-0.04202780358230472
0.5151515151515151,-1.6666666666666665,-0.04715980507881177
0.5757575757575757,-1.6666666666666665,-0.05211863716615794
0.6363636363636367,-1.6666666666666665,-0.05688609115961147
0.6969696969696972,-1.6666666666666665,-0.061444661109139875
0.7575757575757578,-1.6666666666666665,-0.06577760808074082
0.8181818181818183,-1.6666666666666665,-0.0698690216213125
0.8787878787878789,-1.6666666666666665,-0.07370387818136674
0.9393939393939394,-1.6666666666666665,-0.07726809628105834
1.0,-1.6666666666666665,-0.08054858821696247
1.0606060606060606,-1.6666666666666665,-0.0835333081197345
1.121212121212121,-1.6666666666666665,-0.08621129618618588
1.1818181818181817,-1.6666666666666665,-0.08857271892335729
1.2424242424242422,-1.6666666666666665,-0.09060890525681374
1.3030303030303028,-1.6666666666666665,-0.09231237837057361
1.3636363636363633,-1.6666666666666665,-0.09367688316175554
1.4242424242424248,-1.6666666666666665,-0.09469740920913133
1.4848484848484853,-1.6666666666666665,-0.09537020917124434
1.5454545454545459,-1.6666666666666665,-0.09569281254653657
1.6060606060606064,-1.6666666666666665,-0.09566403474495724
1.666666666666667,-1.6666666666666665,-0.09528398143774247
1.7272727272727275,-1.6666666666666665,-0.09455404816939353
1.787878787878788,-1.6666666666666665,-0.09347691523327882
1.8484848484848486,-1.6666666666666665,-0.09205653782967582
1.9090909090909092,-1.6666666666666665,-0.09029813154239277
1.9696969696969697,-1.6666666666666665,-0.08820815318729912
2.0303030303030303,-1.6666666666666665,-0.0857942771030887
2.090909090909091,-1.6666666666666665,-0.08306536697133508
2.1515151515151514,-1.6666666666666665,-0.08003144326931506
2.212121212121212,-1.6666666666666665,-0.07670364647511244
2.2727272727272725,-1.6666666666666665,-0.07309419616011213
2.333333333333334,-1.6666666666666665,-0.06921634611909548
2.3939393939393945,-1.6666666666666665,-0.06508433570269803
2.454545454545455,-1.6666666666666665,-0.060713337530934997
2.5151515151515156,-1.6666666666666665,-0.056119401779789545
2.575757575757576,-1.6666666666666665,-0.05131939724544139
2.6363636363636367,-1.6666666666666665,-0.046330949402546194
2.6969696969696972,-1.6666666666666665,-0.04117237568401404
2.757575757575758,-1.6666666666666665,-0.035862618219937664
2.8181818181818183,-1.6666666666666665,-0.030421174282651103
2.878787878787879,-1.6666666666666665,-0.024868024693322447
2.9393939393939394,-1.6666666666666665,-0.019223560452969607
3.0,-1.6666666666666665,-0.013508507867307748
-3.0,-1.606060606060606,0.0049754640021123
-2.9393939393939394,-1.606060606060606,0.00708043656380845
-2.878787878787879,-1.606060606060606,0.009159409971896846
-2.8181818181818183,-1.606060606060606,0.011204750297523498
-2.757575757575758,-1.606060606060606,0.01320894711151827
-2.696969696969697,-1.606060606060606,0.015164641062468643
-2.6363636363636362,-1.606060606060606,0.017064650900040335
-2.5757575757575757,-1.606060606060606,0.018901999844316175
-2.515151515151515,-1.606060606060606,0.020669941204325526
-2.4545454545454546,-1.606060606060606,0.022361983151693937
-2.393939393939394,-1.606060606060606,0.023971912558444913
-2.333333333333333,-1.606060606060606,0.025493817811422053
-2.2727272727272725,-1.606060606060606,0.026922110519557636
-2.212121212121212,-1.606060606060606,0.02825154603427937
-2.1515151515151514,-1.606060606060606,0.02947724270770477
-2.090909090909091,-1.606060606060606,0.030594699817907745
-2.0303030303030303,-1.606060606060606,0.03159981409543643
-1.9696969696969697,-1.606060606060606,0.03248889479039718
-1.9090909090909092,-1.606060606060606,0.03325867722477902
-1.8484848484848484,-1.606060606060606,0.033906334780254725
-1.7878787878787878,-1.606060606060606,0.034429489277439676
-1.7272727272727273,-1.606060606060606,0.03482621970849626
-1.6666666666666665,-1.606060606060606,0.03509506929101778
-1.606060606060606,-1.606060606060606,0.03523505081729036
-1.5454545454545454,-1.606060606060606,0.035245650279290476
-1.4848484848484849,-1.606060606060606,0.035126828756107224
-1.4242424242424243,-1.606060606060606,0.034879022556858735
-1.3636363636363635,-1.606060606060606,0.034503141618578016
-1.303030303030303,-1.606060606060606,0.03400056616495107
-1.2424242424242424,-1.606060606060606,0.03337314163817633
-1.1818181818181817,-1.606060606060606,0.03262317192255556
-1.121212121212121,-1.606060606060606,0.0317534108846988
-1.0606060606060606,-1.606060606060606,0.030767052261407662
-1.0,-1.606060606060606,0.029667717932368252
-0.9393939393939394,-1.606060606060606,0.02845944462071613
-0.8787878787878789,-1.606060606060606,0.027146669070308358
-0.8181818181818183,-1.606060606060606,0.025734211754131306
-0.7575757575757573,-1.606060606060606,0.02422725917366644
-0.6969696969696968,-1.606060606060606,0.022631344814210346
-0.6363636363636362,-1.606060606060606,0.020952328826080356
-0.5757575757575757,-1.606060606060606,0.01919637650631598
-0.5151515151515151,-1.606060606060606,0.01736993565989054
-0.4545454545454546,-1.606060606060606,0.01547971292356206
-0.39393939393939403,-1.606060606060606,0.013532649139301483
-0.33333333333333304,-1.606060606060606,0.01153589386772626
-0.2727272727272725,-1.606060606060606,0.009496779135125328
-0.21212121212121193,-1.606060606060606,0.007422792510475382
-0.15151515151515138,-1.606060606060606,0.005321549611309147
-0.09090909090909083,-1.606060606060606,0.0032007661393930738
-0.030303030303030276,-1.606060606060606,0.0010682295488987001
0.030303030303030276,-1.606060606060606,-0.0010682295488987001
0.09090909090909083,-1.606060606060606,-0.0032007661393930738
0.15151515151515138,-1.606060606060606,-0.005321549611309147
0.21212121212121238,-1.606060606060606,-0.007422792510475397
0.27272727272727293,-1.606060606060606,-0.009496779135125344
0.3333333333333335,-1.606060606060606,-0.011535893867726275
0.39393939393939403,-1.606060606060606,-0.013532649139301483
0.4545454545454546,-1.606060606060606,-0.01547971292356206
0.5151515151515151,-1.606060606060606,-0.01736993565989054
0.5757575757575757,-1.606060606060606,-0.01919637650631598
0.6363636363636367,-1.606060606060606,-0.02095232882608037
0.6969696969696972,-1.606060606060606,-0.02263134481421036
0.7575757575757578,-1.606060606060606,-0.02422725917366645
0.8181818181818183,-1.606060606060606,-0.025734211754131306
0.8787878787878789,-1.606060606060606,-0.027146669070308358
0.9393939393939394,-1.606060606060606,-0.02845944462071613
1.0,-1.606060606060606,-0.029667717932368252
1.0606060606060606,-1.606060606060606,-0.030767052261407662
1.121212121212121,-1.606060606060606,-0.0317534108846988
1.1818181818181817,-1.606060606060606,-0.03262317192255556
1.2424242424242422,-1.606060606060606,-0.033373141638176326
1.3030303030303028,-1.606060606060606,-0.03400056616495106
1.3636363636363633,-1.606060606060606,-0.034503141618578016
1.4242424242424248,-1.606060606060606,-0.03487902255685874
1.4848484848484853,-1.606060606060606,-0.035126828756107224
1.5454545454545459,-1.606060606060606,-0.035245650279290476
1.6060606060606064,-1.606060606060606,-0.03523505081729036
1.666666666666667,-1.606060606060606,-0.03509506929101778
1.7272727272727275,-1.606060606060606,-0.03482621970849626
1.787878787878788,-1.606060606060606,-0.034429489277439676
1.8484848484848486,-1.606060606060606,-0.03390633478025472
1.9090909090909092,-1.606060606060606,-0.03325867722477902
1.9696969696969697,-1.606060606060606,-0.03248889479039718
2.0303030303030303,-1.606060606060606,-0.03159981409543643
2.090909090909091,-1.606060606060606,-0.030594699817907745
2.1515151515151514,-1.606060606060606,-0.02947724270770477
2.212121212121212,-1.606060606060606,-0.02825154603427937
2.2727272727272725,-1.606060606060606,-0.026922110519557636
2.333333333333334,-1.606060606060606,-0.025493817811422032
2.3939393939393945,-1.606060606060606,-0.0239719125584449
2.454545454545455,-1.606060606060606,-0.022361983151693927
2.5151515151515156,-1.606060606060606,-0.020669941204325516
2.575757575757576,-1.606060606060606,-0.018901999844316165
2.6363636363636367,-1.606060606060606,-0.01706465090004032
2.6969696969696972,-1.606060606060606,-0.015164641062468629
2.757575757575758,-1.606060606060606,-0.01320894711151827
2.8181818181818183,-1.606060606060606,-0.011204750297523498
2.878787878787879,-1.606060606060606,-0.009159409971896846
2.9393939393939394,-1.606060606060606,-0.00708043656380845
3.0,-1.606060606060606,-0.0049754640021123
-3.0,-1.5454545454545454,-0.0035758496197139727
-2.9393939393939394,-1.5454545454545454,-0.00508868647896046
-2.878787878787879,-1.5454545454545454,-0.0065828378319905
-2.8181818181818183,-1.5454545454545454,-0.008052817199235984
-2.757575757575758,-1.5454545454545454,-0.009493226859945534
-2.696969696969697,-1.5454545454545454,-0.010898777672455456
-2.6363636363636362,-1.5454545454545454,-0.01226430849576141
-2.5757575757575757,-1.5454545454545454,-0.013584805141075565
-2.515151515151515,-1.5454545454545454,-0.014855418783779465
-2.4545454545454546,-1.5454545454545454,-0.01607148376816459
-2.393939393939394,-1.5454545454545454,-0.017228534739582083
-2.333333333333333,-1.5454545454545454,-0.018322323041092974
-2.2727272727272725,-1.5454545454545454,-0.019348832314410716
-2.212121212121212,-1.5454545454545454,-0.020304293247850037
-2.1515151515151514,-1.5454545454545454,-0.02118519741712795
-2.090909090909091,-1.5454545454545454,-0.021988310168193897
-2.0303030303030303,-1.5454545454545454,-0.022710682494783772
-1.9696969696969697,-1.5454545454545454,-0.023349661867083666
-1.9090909090909092,-1.5454545454545454,-0.023902901971740876
-1.8484848484848484,-1.5454545454545454,-0.024368371327457138
-1.7878787878787878,-1.5454545454545454,-0.024744360744527842
-1.7272727272727273,-1.5454545454545454,-0.025029489600936084
-1.6666666666666665,-1.5454545454545454,-0.025222710911955853
-1.606060606060606,-1.5454545454545454,-0.025323315174648996
-1.5454545454545454,-1.5454545454545454,-0.02533093297313899
-1.4848484848484849,-1.5454545454545454,-0.025245536335095124
-1.4242424242424243,-1.5454545454545454,-0.025067438834446086
-1.3636363636363635,-1.5454545454545454,-0.02479729443994575
-1.303030303030303,-1.5454545454545454,-0.02443609511381927
-1.2424242424242424,-1.5454545454545454,-0.02398516716930713
-1.1818181818181817,-1.5454545454545454,-0.023446166400482152
-1.121212121212121,-1.5454545454545454,-0.022821072002222664
-1.0606060606060606,-1.5454545454545454,-0.022112179302667446
-1.0,-1.5454545454545454,-0.021322091334838675
-0.9393939393939394,-1.5454545454545454,-0.02045370927838173
-0.8787878787878789,-1.5454545454545454,-0.019510221806519307
-0.8181818181818183,-1.5454545454545454,-0.018495093377337693
-0.7575757575757573,-1.5454545454545454,-0.017412051512399152
-0.6969696969696968,-1.5454545454545454,-0.016265073109393045
-0.6363636363636362,-1.5454545454545454,-0.015058369839085112
-0.5757575757575757,-1.5454545454545454,-0.013796372680187047
-0.5151515151515151,-1.5454545454545454,-0.01248371564893373
-0.4545454545454546,-1.5454545454545454,-0.011125218783112704
-0.39393939393939403,-1.5454545454545454,-0.009725870443028002
-0.33333333333333304,-1.5454545454545454,-0.00829080899438867
-0.2727272727272725,-1.5454545454545454,-0.006825303940381925
-0.21212121212121193,-1.5454545454545454,-0.005334736572213276
-0.15151515151515138,-1.5454545454545454,-0.0038245802091644503
-0.09090909090909083,-1.5454545454545454,-0.002300380100726885
-0.030303030303030276,-1.5454545454545454,-0.0007677330646096452
0.030303030303030276,-1.5454545454545454,0.0007677330646096452
0.09090909090909083,-1.5454545454545454,0.002300380100726885
0.15151515151515138,-1.5454545454545454,0.0038245802091644503
0.21212121212121238,-1.5454545454545454,0.005334736572213288
0.27272727272727293,-1.5454545454545454,0.006825303940381936
0.3333333333333335,-1.5454545454545454,0.00829080899438868
0.39393939393939403,-1.5454545454545454,0.009725870443028002
0.4545454545454546,-1.5454545454545454,0.011125218783112704
0.5151515151515151,-1.5454545454545454,0.01248371564893373
0.5757575757575757,-1.5454545454545454,0.013796372680187047
0.6363636363636367,-1.5454545454545454,0.015058369839085121
0.6969696969696972,-1.5454545454545454,0.01626507310939305
0.7575757575757578,-1.5454545454545454,0.01741205151239916
0.8181818181818183,-1.5454545454545454,0.018495093377337693
0.8787878787878789,-1.5454545454545454,0.019510221806519307
0.9393939393939394,-1.5454545454545454,0.02045370927838173
1.0,-1.5454545454545454,0.021322091334838675
1.0606060606060606,-1.5454545454545454,0.022112179302667446
1.121212121212121,-1.5454545454545454,0.022821072002222664
1.1818181818181817,-1.5454545454545454,0.023446166400482152
1.2424242424242422,-1.5454545454545454,0.023985167169307126
1.3030303030303028,-1.5454545454545454,0.024436095113819268
1.3636363636363633,-1.5454545454545454,0.02479729443994575
1.4242424242424248,-1.5454545454545454,0.02506743883444609
1.4848484848484853,-1.5454545454545454,0.025245536335095124
1.5454545454545459,-1.5454545454545454,0.02533093297313899
1.6060606060606064,-1.5454545454545454,0.025323315174648996
1.666666666666667,-1.5454545454545454,0.025222710911955853
1.7272727272727275,-1.5454545454545454,0.025029489600936084
1.787878787878788,-1.5454545454545454,0.024744360744527842
1.8484848484848486,-1.5454545454545454,0.024368371327457134
1.9090909090909092,-1.5454545454545454,0.023902901971740876
1.9696969696969697,-1.5454545454545454,0.023349661867083666
2.0303030303030303,-1.5454545454545454,0.022710682494783772
2.090909090909091,-1.5454545454545454,0.021988310168193897
2.1515151515151514,-1.5454545454545454,0.02118519741712795
2.212121212121212,-1.5454545454545454,0.020304293247850037
2.2727272727272725,-1.5454545454545454,0.019348832314410716
2.333333333333334,-1.5454545454545454,0.01832232304109296
2.3939393939393945,-1.5454545454545454,0.017228534739582073
2.454545454545455,-1.5454545454545454,0.016071483768164578
2.5151515151515156,-1.5454545454545454,0.014855418783779458
2.575757575757576,-1.5454545454545454,0.013584805141075558
2.6363636363636367,-1.5454545454545454,0.0122643084957614
2.6969696969696972,-1.5454545454545454,0.010898777672455446
2.757575757575758,-1.5454545454545454,0.009493226859945534
2.8181818181818183,-1.5454545454545454,0.008052817199235984
2.878787878787879,-1.5454545454545454,0.0065828378319905
2.9393939393939394,-1.5454545454545454,0.00508868647896046
3.0,-1.5454545454545454,0.0035758496197139727
-3.0,-1.4848484848484849,-0.012114032827517983
-2.9393939393939394,-1.4848484848484849,-0.017239124015512926
-2.878787878787879,-1.4848484848484849,-0.02230091365009329
-2.8181818181818183,-1.4848484848484849,-0.027280814989459536
-2.757575757575758,-1.4848484848484849,-0.0321605419832097
-2.696969696969697,-1.4848484848484849,-0.0369221764181756
-2.6363636363636362,-1.4848484848484849,-0.04154823371357136
-2.5757575757575757,-1.4848484848484849,-0.046021727123857055
-2.515151515151515,-1.4848484848484849,-0.050326230113565684
-2.4545454545454546,-1.4848484848484849,-0.05444593667505549
-2.393939393939394,-1.4848484848484849,-0.05836571936770247
-2.333333333333333,-1.4848484848484849,-0.06207118486541486
-2.2727272727272725,-1.4848484848484849,-0.06554872680850066
-2.212121212121212,-1.4848484848484849,-0.06878557576581804
-2.1515151515151514,-1.4848484848484849,-0.0717698461237487
-2.090909090909091,-1.4848484848484849,-0.07449057972981947
-2.0303030303030303,-1.4848484848484849,-0.076937786130714
-1.9696969696969697,-1.4848484848484849,-0.07910247925692183
-1.9090909090909092,-1.4848484848484849,-0.08097671041931982
-1.8484848484848484,-1.4848484848484849,-0.08255359749652345
-1.7878787878787878,-1.4848484848484849,-0.0838273502058329
-1.7272727272727273,-1.4848484848484849,-0.08479329136497996
-1.6666666666666665,-1.4848484848484849,-0.08544787406660286
-1.606060606060606,-1.4848484848484849,-0.0857886947023852
-1.5454545454545454,-1.4848484848484849,-0.0858145017890346
-1.4848484848484849,-1.4848484848484849,-0.0855252005636923
-1.4242424242424243,-1.4848484848484849,-0.08492185333189962
-1.3636363636363635,-1.4848484848484849,-0.08400667556684338
-1.303030303030303,-1.4848484848484849,-0.08278302777420395
-1.2424242424242424,-1.4848484848484849,-0.08125540315247776
-1.1818181818181817,-1.4848484848484849,-0.07942941109408537
-1.121212121212121,-1.4848484848484849,-0.0773117565878484
-1.0606060606060606,-1.4848484848484849,-0.07491021559846901
-1.0,-1.4848484848484849,-0.07223360651341743
-0.9393939393939394,-1.4848484848484849,-0.06929175776207412
-0.8787878787878789,-1.4848484848484849,-0.06609547172602778
-0.8181818181818183,-1.4848484848484849,-0.06265648507304977
-0.7575757575757573,-1.4848484848484849,-0.05898742566039717
-0.6969696969696968,-1.4848484848484849,-0.055101766165694614
-0.6363636363636362,-1.4848484848484849,-0.05101377461566045
-0.5757575757575757,-1.4848484848484849,-0.046738461994334825
-0.5151515151515151,-1.4848484848484849,-0.042291527123190294
-0.4545454545454546,-1.4848484848484849,-0.03768929901552379
-0.39393939393939403,-1.4848484848484849,-0.03294867691680287
-0.33333333333333304,-1.4848484848484849,-0.02808706825113618
-0.2727272727272725,-1.4848484848484849,-0.023122324701727277
-0.21212121212121193,-1.4848484848484849,-0.018072676660021755
-0.15151515151515138,-1.4848484848484849,-0.01295666628424931
-0.09090909090909083,-1.4848484848484849,-0.007793079413167169
-0.030303030303030276,-1.4848484848484849,-0.00260087658501594
0.030303030303030276,-1.4848484848484849,0.00260087658501594
0.09090909090909083,-1.4848484848484849,0.007793079413167169
0.15151515151515138,-1.4848484848484849,0.01295666628424931
0.21212121212121238,-1.4848484848484849,0.018072676660021793
0.27272727272727293,-1.4848484848484849,0.023122324701727315
0.3333333333333335,-1.4848484848484849,0.028087068251136212
0.39393939393939403,-1.4848484848484849,0.03294867691680287
0.4545454545454546,-1.4848484848484849,0.03768929901552379
0.5151515151515151,-1.4848484848484849,0.042291527123190294
0.5757575757575757,-1.4848484848484849,0.046738461994334825
0.6363636363636367,-1.4848484848484849,0.05101377461566048
0.6969696969696972,-1.4848484848484849,0.05510176616569464
0.7575757575757578,-1.4848484848484849,0.0589874256603972
0.8181818181818183,-1.4848484848484849,0.06265648507304977
0.8787878787878789,-1.4848484848484849,0.06609547172602778
0.9393939393939394,-1.4848484848484849,0.06929175776207412
1.0,-1.4848484848484849,0.07223360651341743
1.0606060606060606,-1.4848484848484849,0.07491021559846901
1.121212121212121,-1.4848484848484849,0.0773117565878484
1.1818181818181817,-1.4848484848484849,0.07942941109408537
1.2424242424242422,-1.4848484848484849,0.08125540315247776
1.3030303030303028,-1.4848484848484849,0.08278302777420395
1.3636363636363633,-1.4848484848484849,0.08400667556684338
1.4242424242424248,-1.4848484848484849,0.08492185333189962
1.4848484848484853,-1.4848484848484849,0.0855252005636923
1.5454545454545459,-1.4848484848484849,0.0858145017890346
1.6060606060606064,-1.4848484848484849,0.0857886947023852
1.666666666666667,-1.4848484848484849,0.08544787406660286
1.7272727272727275,-1.4848484848484849,0.08479329136497996
1.787878787878788,-1.4848484848484849,0.0838273502058329
1.8484848484848486,-1.4848484848484849,0.08255359749652344
1.9090909090909092,-1.4848484848484849,0.08097671041931982
1.9696969696969697,-1.4848484848484849,0.07910247925692183
2.0303030303030303,-1.4848484848484849,0.076937786130714
2.090909090909091,-1.4848484848484849,0.07449057972981947
2.1515151515151514,-1.4848484848484849,0.0717698461237487
2.212121212121212,-1.4848484848484849,0.06878557576581804
2.2727272727272725,-1.4848484848484849,0.06554872680850066
2.333333333333334,-1.4848484848484849,0.06207118486541481
2.3939393939393945,-1.4848484848484849,0.05836571936770244
2.454545454545455,-1.4848484848484849,0.05444593667505546
2.5151515151515156,-1.4848484848484849,0.05032623011356565
2.575757575757576,-1.4848484848484849,0.04602172712385703
2.6363636363636367,-1.4848484848484849,0.04154823371357133
2.6969696969696972,-1.4848484848484849,0.036922176418175565
2.757575757575758,-1.4848484848484849,0.0321605419832097
2.8181818181818183,-1.4848484848484849,0.027280814989459536
2.878787878787879,-1.4848484848484849,0.02230091365009329
2.9393939393939394,-1.4848484848484849,0.017239124015512926
3.0,-1.4848484848484849,0.012114032827517983
-3.0,-1.4242424242424243,-0.02060773366513851
-2.9393939393939394,-1.4242424242424243,-0.02932625999865081
-2.878787878787879,-1.4242424242424243,-0.037937101172981956
-2.8181818181818183,-1.4242424242424243,-0.04640863843406701
-2.757575757575758,-1.4242424242424243,-0.05470976454768956
-2.696969696969697,-1.4242424242424243,-0.06280999802432563
-2.6363636363636362,-1.4242424242424243,-0.07067959504627125
-2.5757575757575757,-1.4242424242424243,-0.07828965868606147
-2.515151515151515,-1.4242424242424243,-0.08561224501513306
-2.4545454545454546,-1.4242424242424243,-0.09262046571310356
-2.393939393939394,-1.4242424242424243,-0.09928858680088823
-2.333333333333333,-1.4242424242424243,-0.10559212313511017
-2.2727272727272725,-1.4242424242424243,-0.11150792831682217
-2.212121212121212,-1.4242424242424243,-0.11701427968439931
-2.1515151515151514,-1.4242424242424243,-0.12209095807850956
-2.090909090909091,-1.4242424242424243,-0.1267193220862688
-2.0303030303030303,-1.4242424242424243,-0.13088237649195752
-1.9696969696969697,-1.4242424242424243,-0.13456483468295016
-1.9090909090909092,-1.4242424242424243,-0.13775317478170437
-1.8484848484848484,-1.4242424242424243,-0.1404356892976956
-1.7878787878787878,-1.4242424242424243,-0.14260252811697555
-1.7272727272727273,-1.4242424242424243,-0.14424573467149968
-1.6666666666666665,-1.4242424242424243,-0.1453592751554093
-1.606060606060606,-1.4242424242424243,-0.14593906068098847
-1.5454545454545454,-1.4242424242424243,-0.1459829622929385
-1.4848484848484849,-1.4242424242424243,-0.14549081878583908
-1.4242424242424243,-1.4242424242424243,-0.1444644372960896
-1.3636363636363635,-1.4242424242424243,-0.1429075866661578
-1.303030303030303,-1.4242424242424243,-0.14082598360550186
-1.2424242424242424,-1.4242424242424243,-0.1382272716989822
-1.1818181818181817,-1.4242424242424243,-0.135120993339844
-1.121212121212121,-1.4242424242424243,-0.1315185546903317
-1.0606060606060606,-1.4242424242424243,-0.1274331837985984
-1.0,-1.4242424242424243,-0.12287988202570445
-0.9393939393939394,-1.4242424242424243,-0.11787536896106349
-0.8787878787878789,-1.4242424242424243,-0.11243802102860458
-0.8181818181818183,-1.4242424242424243,-0.10658780400908728
-0.7575757575757573,-1.4242424242424243,-0.1003461997263452
-0.6969696969696968,-1.4242424242424243,-0.09373612716666457
-0.6363636363636362,-1.4242424242424243,-0.08678185832094432
-0.5757575757575757,-1.4242424242424243,-0.07950892905866369
-0.5151515151515151,-1.4242424242424243,-0.07194404536092489
-0.4545454545454546,-1.4242424242424243,-0.06411498525688045
-0.39393939393939403,-1.4242424242424243,-0.05605049682363201
-0.33333333333333304,-1.4242424242424243,-0.04778019262414144
-0.2727272727272725,-1.4242424242424243,-0.039334440970776006
-0.21212121212121193,-1.4242424242424243,-0.030744254413763304
-0.15151515151515138,-1.4242424242424243,-0.022041175864024477
-0.09090909090909083,-1.4242424242424243,-0.013257162768538363
-0.030303030303030276,-1.4242424242424243,-0.004424469763541584
0.030303030303030276,-1.4242424242424243,0.004424469763541584
0.09090909090909083,-1.4242424242424243,0.013257162768538363
0.15151515151515138,-1.4242424242424243,0.022041175864024477
0.21212121212121238,-1.4242424242424243,0.03074425441376337
0.27272727272727293,-1.4242424242424243,0.039334440970776076
0.3333333333333335,-1.4242424242424243,0.047780192624141495
0.39393939393939403,-1.4242424242424243,0.05605049682363201
0.4545454545454546,-1.4242424242424243,0.06411498525688045
0.5151515151515151,-1.4242424242424243,0.07194404536092489
0.5757575757575757,-1.4242424242424243,0.07950892905866369
0.6363636363636367,-1.4242424242424243,0.08678185832094437
0.6969696969696972,-1.4242424242424243,0.09373612716666463
0.7575757575757578,-1.4242424242424243,0.10034619972634526
0.8181818181818183,-1.4242424242424243,0.10658780400908728
0.8787878787878789,-1.4242424242424243,0.11243802102860458
0.9393939393939394,-1.4242424242424243,0.11787536896106349
1.0,-1.4242424242424243,0.12287988202570445
1.0606060606060606,-1.4242424242424243,0.1274331837985984
1.121212121212121,-1.4242424242424243,0.1315185546903317
1.1818181818181817,-1.4242424242424243,0.135120993339844
1.2424242424242422,-1.4242424242424243,0.13822727169898216
1.3030303030303028,-1.4242424242424243,0.14082598360550186
1.3636363636363633,-1.4242424242424243,0.1429075866661578
1.4242424242424248,-1.4242424242424243,0.1444644372960896
1.4848484848484853,-1.4242424242424243,0.14549081878583908
1.5454545454545459,-1.4242424242424243,0.1459829622929385
1.6060606060606064,-1.4242424242424243,0.14593906068098847
1.666666666666667,-1.4242424242424243,0.1453592751554093
1.7272727272727275,-1.4242424242424243,0.14424573467149968
1.787878787878788,-1.4242424242424243,0.14260252811697555
1.8484848484848486,-1.4242424242424243,0.14043568929769557
1.9090909090909092,-1.4242424242424243,0.13775317478170437
1.9696969696969697,-1.4242424242424243,0.13456483468295016
2.0303030303030303,-1.4242424242424243,0.13088237649195752
2.090909090909091,-1.4242424242424243,0.1267193220862688
2.1515151515151514,-1.4242424242424243,0.12209095807850956
2.212121212121212,-1.4242424242424243,0.11701427968439931
2.2727272727272725,-1.4242424242424243,0.11150792831682217
2.333333333333334,-1.4242424242424243,0.10559212313511009
2.3939393939393945,-1.4242424242424243,0.09928858680088819
2.454545454545455,-1.4242424242424243,0.09262046571310352
2.5151515151515156,-1.4242424242424243,0.08561224501513302
2.575757575757576,-1.4242424242424243,0.07828965868606141
2.6363636363636367,-1.4242424242424243,0.07067959504627119
2.6969696969696972,-1.4242424242424243,0.06280999802432558
2.757575757575758,-1.4242424242424243,0.05470976454768956
2.8181818181818183,-1.4242424242424243,0.04640863843406701
2.878787878787879,-1.4242424242424243,0.037937101172981956
2.9393939393939394,-1.4242424242424243,0.02932625999865081
3.0,-1.4242424242424243,0.02060773366513851
-3.0,-1.3636363636363635,-0.029025763514361785
-2.9393939393939394,-1.3636363636363635,-0.04130571082260758
-2.878787878787879,-1.3636363636363635,-0.05343398478262458
-2.8181818181818183,-1.3636363636363635,-0.06536605073121206
-2.757575757575758,-1.3636363636363635,-0.07705809447518297
-2.696969696969697,-1.3636363636363635,-0.08846718317578535
-2.6363636363636362,-1.3636363636363635,-0.09955142299681585
-2.5757575757575757,-1.3636363636363635,-0.11027011293754736
-2.515151515151515,-1.3636363636363635,-0.12058389428559947
-2.4545454545454546,-1.3636363636363635,-0.13045489514096598
-2.393939393939394,-1.3636363636363635,-0.13984686948051137
-2.333333333333333,-1.3636363636363635,-0.14872533025229576
-2.2727272727272725,-1.3636363636363635,-0.15705767601100898
-2.212121212121212,-1.3636363636363635,-0.16481331062951385
-2.1515151515151514,-1.3636363636363635,-0.1719637556469196
-2.090909090909091,-1.3636363636363635,-0.1784827548406478
-2.0303030303030303,-1.3636363636363635,-0.18434637063850515
-1.9696969696969697,-1.3636363636363635,-0.18953307201674027
-1.9090909090909092,-1.3636363636363635,-0.1940238135613261
-1.8484848484848484,-1.3636363636363635,-0.19780210540215673
-1.7878787878787878,-1.3636363636363635,-0.20085407376336256
-1.7272727272727273,-1.3636363636363635,-0.2031685119074051
-1.6666666666666665,-1.3636363636363635,-0.20473692128588547
-1.606060606060606,-1.3636363636363635,-0.20555354274596283
-1.5454545454545454,-1.3636363636363635,-0.20561537767779317
-1.4848484848484849,-1.3636363636363635,-0.204922199025336
-1.4242424242424243,-1.3636363636363635,-0.2034765521200975
-1.3636363636363635,-1.3636363636363635,-0.20128374533474827
-1.303030303030303,-1.3636363636363635,-0.19835183059093625
-1.2424242424242424,-1.3636363636363635,-0.1946915737928683
-1.1818181818181817,-1.3636363636363635,-0.19031641529522872
-1.121212121212121,-1.3636363636363635,-0.18524242055059414
-1.0606060606060606,-1.3636363636363635,-0.17948822111756732
-1.0,-1.3636363636363635,-0.17307494624624462
-0.9393939393939394,-1.3636363636363635,-0.16602614529223508
-0.8787878787878789,-1.3636363636363635,-0.15836770124412314
-0.8181818181818183,-1.3636363636363635,-0.15012773568190022
-0.7575757575757573,-1.3636363636363635,-0.1413365055153548
-0.6969696969696968,-1.3636363636363635,-0.13202629188159506
-0.6363636363636362,-1.3636363636363635,-0.12223128160966794
-0.5757575757575757,-1.3636363636363635,-0.1119874416875345
-0.5151515151515151,-1.3636363636363635,-0.10133238719235396
-0.4545454545454546,-1.3636363636363635,-0.09030524316903318
-0.39393939393939403,-1.3636363636363635,-0.07894650096421917
-0.33333333333333304,-1.3636363636363635,-0.06729786954327185
-0.2727272727272725,-1.3636363636363635,-0.05540212233617752
-0.21212121212121193,-1.3636363636363635,-0.04330294017477877
-0.15151515151515138,-1.3636363636363635,-0.031044750898052396
-0.09090909090909083,-1.3636363636363635,-0.01867256621439891
-0.030303030303030276,-1.3636363636363635,-0.0062318164199808455
0.030303030303030276,-1.3636363636363635,0.0062318164199808455
0.09090909090909083,-1.3636363636363635,0.01867256621439891
0.15151515151515138,-1.3636363636363635,0.031044750898052396
0.21212121212121238,-1.3636363636363635,0.04330294017477886
0.27272727272727293,-1.3636363636363635,0.05540212233617761
0.3333333333333335,-1.3636363636363635,0.06729786954327192
0.39393939393939403,-1.3636363636363635,0.07894650096421917
0.4545454545454546,-1.3636363636363635,0.09030524316903318
0.5151515151515151,-1.3636363636363635,0.10133238719235396
0.5757575757575757,-1.3636363636363635,0.1119874416875345
0.6363636363636367,-1.3636363636363635,0.12223128160966801
0.6969696969696972,-1.3636363636363635,0.13202629188159512
0.7575757575757578,-1.3636363636363635,0.14133650551535487
0.8181818181818183,-1.3636363636363635,0.15012773568190022
0.8787878787878789,-1.3636363636363635,0.15836770124412314
0.9393939393939394,-1.3636363636363635,0.16602614529223508
1.0,-1.3636363636363635,0.17307494624624462
1.0606060606060606,-1.3636363636363635,0.17948822111756732
1.121212121212121,-1.3636363636363635,0.18524242055059414
1.1818181818181817,-1.3636363636363635,0.19031641529522872
1.2424242424242422,-1.3636363636363635,0.1946915737928683
1.3030303030303028,-1.3636363636363635,0.19835183059093622
1.3636363636363633,-1.3636363636363635,0.20128374533474827
1.4242424242424248,-1.3636363636363635,0.2034765521200975
1.4848484848484853,-1.3636363636363635,0.204922199025336
1.5454545454545459,-1.3636363636363635,0.20561537767779317
1.6060606060606064,-1.3636363636363635,0.20555354274596283
1.666666666666667,-1.3636363636363635,0.20473692128588547
1.7272727272727275,-1.3636363636363635,0.2031685119074051
1.787878787878788,-1.3636363636363635,0.20085407376336256
1.8484848484848486,-1.3636363636363635,0.1978021054021567
1.9090909090909092,-1.3636363636363635,0.1940238135613261
1.9696969696969697,-1.3636363636363635,0.18953307201674027
2.0303030303030303,-1.3636363636363635,0.18434637063850515
2.090909090909091,-1.3636363636363635,0.1784827548406478
2.1515151515151514,-1.3636363636363635,0.1719637556469196
2.212121212121212,-1.3636363636363635,0.16481331062951385
2.2727272727272725,-1.3636363636363635,0.15705767601100898
2.333333333333334,-1.3636363636363635,0.14872533025229565
2.3939393939393945,-1.3636363636363635,0.13984686948051128
2.454545454545455,-1.3636363636363635,0.1304548951409659
2.5151515151515156,-1.3636363636363635,0.1205838942855994
2.575757575757576,-1.3636363636363635,0.1102701129375473
2.6363636363636367,-1.3636363636363635,0.09955142299681577
2.6969696969696972,-1.3636363636363635,0.08846718317578528
2.757575757575758,-1.3636363636363635,0.07705809447518297
2.8181818181818183,-1.3636363636363635,0.06536605073121206
2.878787878787879,-1.3636363636363635,0.05343398478262458
2.9393939393939394,-1.3636363636363635,0.04130571082260758
3.0,-1.3636363636363635,0.029025763514361785
-3.0,-1.303030303030303,-0.03733721161860485
-2.9393939393939394,-1.303030303030303,-0.05313348829833551
-2.878787878787879,-1.303030303030303,-0.06873466038083761
-2.8181818181818183,-1.303030303030303,-0.08408344082374047
-2.757575757575758,-1.303030303030303,-0.09912346935930769
-2.696969696969697,-1.303030303030303,-0.11379951944767316
-2.6363636363636362,-1.303030303030303,-0.12805770106706138
-2.5757575757575757,-1.303030303030303,-0.14184565859635373
-2.515151515151515,-1.303030303030303,-0.15511276306338012
-2.4545454545454546,-1.303030303030303,-0.16781029805300715
-2.393939393939394,-1.303030303030303,-0.17989163859237325
-2.333333333333333,-1.303030303030303,-0.19131242235641008
-2.2727272727272725,-1.303030303030303,-0.20203071256498725
-2.212121212121212,-1.303030303030303,-0.21200715197352907
-2.1515151515151514,-1.303030303030303,-0.22120510739165192
-2.090909090909091,-1.303030303030303,-0.22959080419915573
-2.0303030303030303,-1.303030303030303,-0.23713345036543035
-1.9696969696969697,-1.303030303030303,-0.24380534951688088
-1.9090909090909092,-1.303030303030303,-0.24958200263719238
-1.8484848484848484,-1.303030303030303,-0.25444219802699286
-1.7878787878787878,-1.303030303030303,-0.258368089192586
-1.7272727272727273,-1.303030303030303,-0.26134526037774813
-1.6666666666666665,-1.303030303030303,-0.2633627794979584
-1.606060606060606,-1.303030303030303,-0.26441323828269
-1.5454545454545454,-1.303030303030303,-0.2644927794783601
-1.4848484848484849,-1.303030303030303,-0.26360111101205136
-1.4242424242424243,-1.303030303030303,-0.26174150706399446
-1.3636363636363635,-1.303030303030303,-0.25892079604487567
-1.303030303030303,-1.303030303030303,-0.2551493355221145
-1.2424242424242424,-1.303030303030303,-0.2504409741871826
-1.1818181818181817,-1.303030303030303,-0.24481300100361827
-1.121212121212121,-1.303030303030303,-0.2382860817224641
-1.0606060606060606,-1.303030303030303,-0.2308841829982402
-1.0,-1.303030303030303,-0.22263448438409775
-0.9393939393939394,-1.303030303030303,-0.2135672785293041
-0.8787878787878789,-1.303030303030303,-0.20371585994553054
-0.8181818181818183,-1.303030303030303,-0.19311640275039055
-0.7575757575757573,-1.303030303030303,-0.18180782783714983
-0.6969696969696968,-1.303030303030303,-0.16983165995835803
-0.6363636363636362,-1.303030303030303,-0.15723187524818508
-0.5757575757575757,-1.303030303030303,-0.14405473974335808
-0.5151515151515151,-1.303030303030303,-0.13034863949564268
-0.4545454545454546,-1.303030303030303,-0.11616390289969257
-0.39393939393939403,-1.303030303030303,-0.10155261588867304
-0.33333333333333304,-1.303030303030303,-0.0865684306762551
-0.2727272727272725,-1.303030303030303,-0.07126636874727454
-0.21212121212121193,-1.303030303030303,-0.05570261882046656
-0.15151515151515138,-1.303030303030303,-0.039934330525153175
-0.09090909090909083,-1.303030303030303,-0.024019404549494857
-0.030303030303030276,-1.303030303030303,-0.008016280030876472
0.030303030303030276,-1.303030303030303,0.008016280030876472
0.09090909090909083,-1.303030303030303,0.024019404549494857
0.15151515151515138,-1.303030303030303,0.039934330525153175
0.21212121212121238,-1.303030303030303,0.055702618820466676
0.27272727272727293,-1.303030303030303,0.07126636874727466
0.3333333333333335,-1.303030303030303,0.0865684306762552
0.39393939393939403,-1.303030303030303,0.10155261588867304
0.4545454545454546,-1.303030303030303,0.11616390289969257
0.5151515151515151,-1.303030303030303,0.13034863949564268
0.5757575757575757,-1.303030303030303,0.14405473974335808
0.6363636363636367,-1.303030303030303,0.15723187524818516
0.6969696969696972,-1.303030303030303,0.1698316599583581
0.7575757575757578,-1.303030303030303,0.18180782783714994
0.8181818181818183,-1.303030303030303,0.19311640275039055
0.8787878787878789,-1.303030303030303,0.20371585994553054
0.9393939393939394,-1.303030303030303,0.2135672785293041
1.0,-1.303030303030303,0.22263448438409775
1.0606060606060606,-1.303030303030303,0.2308841829982402
1.121212121212121,-1.303030303030303,0.2382860817224641
1.1818181818181817,-1.303030303030303,0.24481300100361827
1.2424242424242422,-1.303030303030303,0.25044097418718253
1.3030303030303028,-1.303030303030303,0.2551493355221145
1.3636363636363633,-1.303030303030303,0.25892079604487567
1.4242424242424248,-1.303030303030303,0.2617415070639945
1.4848484848484853,-1.303030303030303,0.26360111101205136
1.5454545454545459,-1.303030303030303,0.2644927794783601
1.6060606060606064,-1.303030303030303,0.26441323828269
1.666666666666667,-1.303030303030303,0.2633627794979584
1.7272727272727275,-1.303030303030303,0.26134526037774813
1.787878787878788,-1.303030303030303,0.258368089192586
1.8484848484848486,-1.303030303030303,0.25444219802699286
1.9090909090909092,-1.303030303030303,0.24958200263719238
1.9696969696969697,-1.303030303030303,0.24380534951688088
2.0303030303030303,-1.303030303030303,0.23713345036543035
2.090909090909091,-1.303030303030303,0.22959080419915573
2.1515151515151514,-1.303030303030303,0.22120510739165192
2.212121212121212,-1.303030303030303,0.21200715197352907
2.2727272727272725,-1.303030303030303,0.20203071256498725
2.333333333333334,-1.303030303030303,0.19131242235640994
2.3939393939393945,-1.303030303030303,0.17989163859237317
2.454545454545455,-1.303030303030303,0.16781029805300707
2.5151515151515156,-1.303030303030303,0.15511276306338004
2.575757575757576,-1.303030303030303,0.14184565859635362
2.6363636363636367,-1.303030303030303,0.12805770106706127
2.6969696969696972,-1.303030303030303,0.11379951944767305
2.757575757575758,-1.303030303030303,0.09912346935930769
2.8181818181818183,-1.303030303030303,0.08408344082374047
2.878787878787879,-1.303030303030303,0.06873466038083761
2.9393939393939394,-1.303030303030303,0.05313348829833551
3.0,-1.303030303030303,0.03733721161860485
-3.0,-1.2424242424242424,-0.04551155858629947
-2.9393939393939394,-1.2424242424242424,-0.0647661611768349
-2.878787878787879,-1.2424242424242424,-0.08378294433945141
-2.8181818181818183,-1.2424242424242424,-0.10249207900893327
-2.757575757575758,-1.2424242424242424,-0.12082486579623058
-2.696969696969697,-1.2424242424242424,-0.13871398725058381
-2.6363636363636362,-1.2424242424242424,-0.15609375504721107
-2.5757575757575757,-1.2424242424242424,-0.17290035119289413
-2.515151515151515,-1.2424242424242424,-0.18907206236376142
-2.4545454545454546,-1.2424242424242424,-0.20454950651478748
-2.393939393939394,-1.2424242424242424,-0.2192758509289058
-2.333333333333333,-1.2424242424242424,-0.2331970209050649
-2.2727272727272725,-1.2424242424242424,-0.2462618983189302
-2.212121212121212,-1.2424242424242424,-0.25842250932712535
-2.1515151515151514,-1.2424242424242424,-0.2696342005257653
-2.090909090909091,-1.2424242424242424,-0.2798558029164345
-2.0303030303030303,-1.2424242424242424,-0.28904978307753154
-1.9696969696969697,-1.2424242424242424,-0.2971823809858825
-1.9090909090909092,-1.2424242424242424,-0.3042237339825477
-1.8484848484848484,-1.2424242424242424,-0.31014798642762176
-1.7878787878787878,-1.2424242424242424,-0.3149333846413785
-1.7272727272727273,-1.2424242424242424,-0.3185623567831394
-1.6666666666666665,-1.2424242424242424,-0.32102157737455267
-1.606060606060606,-1.2424242424242424,-0.3223020162303557
-1.5454545454545454,-1.2424242424242424,-0.3223989716169482
-1.4848484848484849,-1.2424242424242424,-0.3213120875170186
-1.4242424242424243,-1.2424242424242424,-0.3190453549368296
-1.3636363636363635,-1.2424242424242424,-0.3156070972513607
-1.303030303030303,-1.2424242424242424,-0.31100993964112206
-1.2424242424242424,-1.2424242424242424,-0.3052707627328645
-1.1818181818181817,-1.2424242424242424,-0.298410640614418
-1.121212121212121,-1.2424242424242424,-0.2904547634512643
-1.0606060606060606,-1.2424242424242424,-0.2814323449889946
-1.0,-1.2424242424242424,-0.2713765152812997
-0.9393939393939394,-1.2424242424242424,-0.2603241990373933
-0.8787878787878789,-1.2424242424242424,-0.24831598003557154
-0.8181818181818183,-1.2424242424242424,-0.2353959521007803
-0.7575757575757573,-1.2424242424242424,-0.22161155719339373
-0.6969696969696968,-1.2424242424242424,-0.20701341120373992
-0.6363636363636362,-1.2424242424242424,-0.1916551180920482
-0.5757575757575757,-1.2424242424242424,-0.1755930730562933
-0.5151515151515151,-1.2424242424242424,-0.15888625545069673
-0.4545454545454546,-1.2424242424242424,-0.14159601221528254
-0.39393939393939403,-1.2424242424242424,-0.12378583261172864
-0.33333333333333304,-1.2424242424242424,-0.10552111509267564
-0.2727272727272725,-1.2424242424242424,-0.08686892716054415
-0.21212121212121193,-1.2424242424242424,-0.06789775909764895
-0.15151515151515138,-1.2424242424242424,-0.04867727247190904
-0.09090909090909083,-1.2424242424242424,-0.02927804434163074
-0.030303030303030276,-1.2424242424242424,-0.009771308098637537
0.030303030303030276,-1.2424242424242424,0.009771308098637537
0.09090909090909083,-1.2424242424242424,0.02927804434163074
0.15151515151515138,-1.2424242424242424,0.04867727247190904
0.21212121212121238,-1.2424242424242424,0.0678977590976491
0.27272727272727293,-1.2424242424242424,0.08686892716054428
0.3333333333333335,-1.2424242424242424,0.10552111509267577
0.39393939393939403,-1.2424242424242424,0.12378583261172864
0.4545454545454546,-1.2424242424242424,0.14159601221528254
0.5151515151515151,-1.2424242424242424,0.15888625545069673
0.5757575757575757,-1.2424242424242424,0.1755930730562933
0.6363636363636367,-1.2424242424242424,0.19165511809204827
0.6969696969696972,-1.2424242424242424,0.20701341120374003
0.7575757575757578,-1.2424242424242424,0.22161155719339384
0.8181818181818183,-1.2424242424242424,0.2353959521007803
0.8787878787878789,-1.2424242424242424,0.24831598003557154
0.9393939393939394,-1.2424242424242424,0.2603241990373933
1.0,-1.2424242424242424,0.2713765152812997
1.0606060606060606,-1.2424242424242424,0.2814323449889946
1.121212121212121,-1.2424242424242424,0.2904547634512643
1.1818181818181817,-1.2424242424242424,0.298410640614418
1.2424242424242422,-1.2424242424242424,0.3052707627328645
1.3030303030303028,-1.2424242424242424,0.31100993964112206
1.3636363636363633,-1.2424242424242424,0.3156070972513607
1.4242424242424248,-1.2424242424242424,0.3190453549368296
1.4848484848484853,-1.2424242424242424,0.3213120875170186
1.5454545454545459,-1.2424242424242424,0.3223989716169482
1.6060606060606064,-1.2424242424242424,0.3223020162303557
1.666666666666667,-1.2424242424242424,0.32102157737455267
1.7272727272727275,-1.2424242424242424,0.3185623567831394
1.787878787878788,-1.2424242424242424,0.3149333846413785
1.8484848484848486,-1.2424242424242424,0.31014798642762176
1.9090909090909092,-1.2424242424242424,0.3042237339825477
1.9696969696969697,-1.2424242424242424,0.2971823809858825
2.0303030303030303,-1.2424242424242424,0.28904978307753154
2.090909090909091,-1.2424242424242424,0.2798558029164345
2.1515151515151514,-1.2424242424242424,0.2696342005257653
2.212121212121212,-1.2424242424242424,0.25842250932712535
2.2727272727272725,-1.2424242424242424,0.2462618983189302
2.333333333333334,-1.2424242424242424,0.2331970209050647
2.3939393939393945,-1.2424242424242424,0.2192758509289057
2.454545454545455,-1.2424242424242424,0.20454950651478737
2.5151515151515156,-1.2424242424242424,0.1890720623637613
2.575757575757576,-1.2424242424242424,0.17290035119289404
2.6363636363636367,-1.2424242424242424,0.15609375504721096
2.6969696969696972,-1.2424242424242424,0.1387139872505837
2.757575757575758,-1.2424242424242424,0.12082486579623058
2.8181818181818183,-1.2424242424242424,0.10249207900893327
2.878787878787879,-1.2424242424242424,0.08378294433945141
2.9393939393939394,-1.2424242424242424,0.0647661611768349
3.0,-1.2424242424242424,0.04551155858629947
-3.0,-1.1818181818181817,-0.05351878845719508
-2.9393939393939394,-1.1818181818181817,-0.07616101462741541
-2.878787878787879,-1.1818181818181817,-0.09852357980493058
-2.8181818181818183,-1.1818181818181817,-0.12052436931194159
-2.757575757575758,-1.1818181818181817,-0.14208259690020936
-2.696969696969697,-1.1818181818181817,-0.16311910139576868
-2.6363636363636362,-1.1818181818181817,-0.1835566373764167
-2.5757575757575757,-1.1818181818181817,-0.20332015881461882
-2.515151515151515,-1.1818181818181817,-0.2223370946443016
-2.4545454545454546,-1.1818181818181817,-0.24053761523966022
-2.393939393939394,-1.1818181818181817,-0.2578548888274791
-2.333333333333333,-1.1818181818181817,-0.27422532689142615
-2.2727272727272725,-1.1818181818181817,-0.2895888176672031
-2.212121212121212,-1.1818181818181817,-0.3038889468711665
-2.1515151515151514,-1.1818181818181817,-0.3170732048519081
-2.090909090909091,-1.1818181818181817,-0.32909317940414123
-2.0303030303030303,-1.1818181818181817,-0.3399047335368868
-1.9696969696969697,-1.1818181818181817,-0.3494681675431985
-1.9090909090909092,-1.1818181818181817,-0.357748364776312
-1.8484848484848484,-1.1818181818181817,-0.3647149205969335
-1.7878787878787878,-1.1818181818181817,-0.3703422540181753
-1.7272727272727273,-1.1818181818181817,-0.3746097016381832
-1.6666666666666665,-1.1818181818181817,-0.37750159351553686
-1.606060606060606,-1.1818181818181817,-0.3790073107088111
-1.5454545454545454,-1.1818181818181817,-0.37912132426901446
-1.4848484848484849,-1.1818181818181817,-0.3778432155417266
-1.4242424242424243,-1.1818181818181817,-0.3751776777043851
-1.3636363636363635,-1.1818181818181817,-0.3711344985330761
-1.303030303030303,-1.1818181818181817,-0.36572852446211096
-1.2424242424242424,-1.1818181818181817,-0.3589796060683577
-1.1818181818181817,-1.1818181818181817,-0.35091252518051075
-1.121212121212121,-1.1818181818181817,-0.3415569038809486
-1.0606060606060606,-1.1818181818181817,-0.330947095734324
-1.0,-1.1818181818181817,-0.31912205964229023
-0.9393939393939394,-1.1818181818181817,-0.3061252167875673
-0.8787878787878789,-1.1818181818181817,-0.29200429119264315
-0.8181818181818183,-1.1818181818181817,-0.2768111344785749
-0.7575757575757573,-1.1818181818181817,-0.26060153546737036
-0.6969696969696968,-1.1818181818181817,-0.243435015327084
-0.6363636363636362,-1.1818181818181817,-0.22537460901184822
-0.5757575757575757,-1.1818181818181817,-0.2064866337993869
-0.5151515151515151,-1.1818181818181817,-0.18684044577593326
-0.4545454545454546,-1.1818181818181817,-0.16650818516273286
-0.39393939393939403,-1.1818181818181817,-0.14556451141928536
-0.33333333333333304,-1.1818181818181817,-0.12408632909601762
-0.2727272727272725,-1.1818181818181817,-0.10215250544305009
-0.21212121212121193,-1.1818181818181817,-0.07984358081198666
-0.15151515151515138,-1.1818181818181817,-0.057241472914126554
-0.09090909090909083,-1.1818181818181817,-0.034429176021051736
-0.030303030303030276,-1.1818181818181817,-0.011490456212116733
0.030303030303030276,-1.1818181818181817,0.011490456212116733
0.09090909090909083,-1.1818181818181817,0.034429176021051736
0.15151515151515138,-1.1818181818181817,0.057241472914126554
0.21212121212121238,-1.1818181818181817,0.07984358081198682
0.27272727272727293,-1.1818181818181817,0.10215250544305027
0.3333333333333335,-1.1818181818181817,0.12408632909601776
0.39393939393939403,-1.1818181818181817,0.14556451141928536
0.4545454545454546,-1.1818181818181817,0.16650818516273286
0.5151515151515151,-1.1818181818181817,0.18684044577593326
0.5757575757575757,-1.1818181818181817,0.2064866337993869
0.6363636363636367,-1.1818181818181817,0.22537460901184836
0.6969696969696972,-1.1818181818181817,0.24343501532708414
0.7575757575757578,-1.1818181818181817,0.2606015354673705
0.8181818181818183,-1.1818181818181817,0.2768111344785749
0.8787878787878789,-1.1818181818181817,0.29200429119264315
0.9393939393939394,-1.1818181818181817,0.3061252167875673
1.0,-1.1818181818181817,0.31912205964229023
1.0606060606060606,-1.1818181818181817,0.330947095734324
1.121212121212121,-1.1818181818181817,0.3415569038809486
1.1818181818181817,-1.1818181818181817,0.35091252518051075
1.2424242424242422,-1.1818181818181817,0.35897960606835766
1.3030303030303028,-1.1818181818181817,0.3657285244621109
1.3636363636363633,-1.1818181818181817,0.3711344985330761
1.4242424242424248,-1.1818181818181817,0.3751776777043851
1.4848484848484853,-1.1818181818181817,0.3778432155417266
1.5454545454545459,-1.1818181818181817,0.37912132426901446
1.6060606060606064,-1.1818181818181817,0.3790073107088111
1.666666666666667,-1.1818181818181817,0.37750159351553686
1.7272727272727275,-1.1818181818181817,0.3746097016381832
1.787878787878788,-1.1818181818181817,0.3703422540181753
1.8484848484848486,-1.1818181818181817,0.3647149205969335
1.9090909090909092,-1.1818181818181817,0.357748364776312
1.9696969696969697,-1.1818181818181817,0.3494681675431985
2.0303030303030303,-1.1818181818181817,0.3399047335368868
2.090909090909091,-1.1818181818181817,0.32909317940414123
2.1515151515151514,-1.1818181818181817,0.3170732048519081
2.212121212121212,-1.1818181818181817,0.3038889468711665
2.2727272727272725,-1.1818181818181817,0.2895888176672031
2.333333333333334,-1.1818181818181817,0.2742253268914259
2.3939393939393945,-1.1818181818181817,0.257854888827479
2.454545454545455,-1.1818181818181817,0.2405376152396601
2.5151515151515156,-1.1818181818181817,0.22233709464430146
2.575757575757576,-1.1818181818181817,0.2033201588146187
2.6363636363636367,-1.1818181818181817,0.18355663737641656
2.6969696969696972,-1.1818181818181817,0.16311910139576855
2.757575757575758,-1.1818181818181817,0.14208259690020936
2.8181818181818183,-1.1818181818181817,0.12052436931194159
2.878787878787879,-1.1818181818181817,0.09852357980493058
2.9393939393939394,-1.1818181818181817,0.07616101462741541
3.0,-1.1818181818181817,0.05351878845719508
-3.0,-1.121212121212121,-0.061329498920076775
-2.9393939393939394,-1.121212121212121,-0.08727620708529073
-2.878787878787879,-1.121212121212121,-0.11290243959990551
-2.8181818181818183,-1.121212121212121,-0.1381140976962066
-2.757575757575758,-1.121212121212121,-0.16281860491147948
-2.696969696969697,-1.121212121212121,-0.18692524702604227
-2.6363636363636362,-1.121212121212121,-0.21034550516317638
-2.5757575757575757,-1.121212121212121,-0.232993380827824
-2.515151515151515,-1.121212121212121,-0.2547857116905175
-2.4545454545454546,-1.121212121212121,-0.2756424769569931
-2.393939393939394,-1.121212121212121,-0.2954870912021803
-2.333333333333333,-1.121212121212121,-0.31424668558961727
-2.2727272727272725,-1.121212121212121,-0.3318523754436623
-2.212121212121212,-1.121212121212121,-0.34823951319198565
-2.1515151515151514,-1.121212121212121,-0.36334792574954233
-2.090909090909091,-1.121212121212121,-0.37712213547236023
-2.0303030303030303,-1.121212121212121,-0.389511563869808
-1.9696969696969697,-1.121212121212121,-0.40047071732731615
-1.9090909090909092,-1.121212121212121,-0.40995935415758405
-1.8484848484848484,-1.121212121212121,-0.4179426323668654
-1.7878787878787878,-1.121212121212121,-0.42439123759373804
-1.7272727272727273,-1.121212121212121,-0.4292814907505726
-1.6666666666666665,-1.121212121212121,-0.4325954349724414
-1.606060606060606,-1.121212121212121,-0.4343209015541954
-1.5454545454545454,-1.121212121212121,-0.4344515546335893
-1.4848484848484849,-1.121212121212121,-0.43298691445638066
-1.4242424242424243,-1.121212121212121,-0.42993235913797295
-1.3636363636363635,-1.121212121212121,-0.425299104915135
-1.303030303030303,-1.121212121212121,-0.4191041649603116
-1.2424242424242424,-1.121212121212121,-0.411370286909757
-1.1818181818181817,-1.121212121212121,-0.40212586933488814
-1.121212121212121,-1.121212121212121,-0.3914048574635702
-1.0606060606060606,-1.121212121212121,-0.37924661853424413
-1.0,-1.121212121212121,-0.3656957972405914
-0.9393939393939394,-1.121212121212121,-0.35080215179754
-0.8787878787878789,-1.121212121212121,-0.33462037123057053
-0.8181818181818183,-1.121212121212121,-0.3172098745592332
-0.7575757575757573,-1.121212121212121,-0.298634592612265
-0.6969696969696968,-1.121212121212121,-0.27896273327547855
-0.6363636363636362,-1.121212121212121,-0.2582665310344226
-0.5757575757575757,-1.121212121212121,-0.23662198173148805
-0.5151515151515151,-1.121212121212121,-0.21410856351142296
-0.4545454545454546,-1.121212121212121,-0.19080894497993597
-0.39393939393939403,-1.121212121212121,-0.16680868164702192
-0.33333333333333304,-1.121212121212121,-0.1421959017696596
-0.2727272727272725,-1.121212121212121,-0.11706098274746006
-0.21212121212121193,-1.121212121212121,-0.09149621925952764
-0.15151515151515138,-1.121212121212121,-0.06559548436112933
-0.09090909090909083,-1.121212121212121,-0.03945388478461253
-0.030303030303030276,-1.121212121212121,-0.013167411710297453
0.030303030303030276,-1.121212121212121,0.013167411710297453
0.09090909090909083,-1.121212121212121,0.03945388478461253
0.15151515151515138,-1.121212121212121,0.06559548436112933
0.21212121212121238,-1.121212121212121,0.09149621925952783
0.27272727272727293,-1.121212121212121,0.11706098274746025
0.3333333333333335,-1.121212121212121,0.14219590176965977
0.39393939393939403,-1.121212121212121,0.16680868164702192
0.4545454545454546,-1.121212121212121,0.19080894497993597
0.5151515151515151,-1.121212121212121,0.21410856351142296
0.5757575757575757,-1.121212121212121,0.23662198173148805
0.6363636363636367,-1.121212121212121,0.25826653103442276
0.6969696969696972,-1.121212121212121,0.2789627332754787
0.7575757575757578,-1.121212121212121,0.2986345926122651
0.8181818181818183,-1.121212121212121,0.3172098745592332
0.8787878787878789,-1.121212121212121,0.33462037123057053
0.9393939393939394,-1.121212121212121,0.35080215179754
1.0,-1.121212121212121,0.3656957972405914
1.0606060606060606,-1.121212121212121,0.37924661853424413
1.121212121212121,-1.121212121212121,0.3914048574635702
1.1818181818181817,-1.121212121212121,0.40212586933488814
1.2424242424242422,-1.121212121212121,0.41137028690975697
1.3030303030303028,-1.121212121212121,0.41910416496031155
1.3636363636363633,-1.121212121212121,0.425299104915135
1.4242424242424248,-1.121212121212121,0.429932359137973
1.4848484848484853,-1.121212121212121,0.43298691445638066
1.5454545454545459,-1.121212121212121,0.4344515546335893
1.6060606060606064,-1.121212121212121,0.4343209015541954
1.666666666666667,-1.121212121212121,0.4325954349724414
1.7272727272727275,-1.121212121212121,0.4292814907505726
1.787878787878788,-1.121212121212121,0.42439123759373804
1.8484848484848486,-1.121212121212121,0.41794263236686535
1.9090909090909092,-1.121212121212121,0.40995935415758405
1.9696969696969697,-1.121212121212121,0.40047071732731615
2.0303030303030303,-1.121212121212121,0.389511563869808
2.090909090909091,-1.121212121212121,0.37712213547236023
2.1515151515151514,-1.121212121212121,0.36334792574954233
2.212121212121212,-1.121212121212121,0.34823951319198565
2.2727272727272725,-1.121212121212121,0.3318523754436623
2.333333333333334,-1.121212121212121,0.31424668558961705
2.3939393939393945,-1.121212121212121,0.29548709120218014
2.454545454545455,-1.121212121212121,0.275642476956993
2.5151515151515156,-1.121212121212121,0.2547857116905174
2.575757575757576,-1.121212121212121,0.23299338082782384
2.6363636363636367,-1.121212121212121,0.2103455051631762
2.6969696969696972,-1.121212121212121,0.1869252470260421
2.757575757575758,-1.121212121212121,0.16281860491147948
2.8181818181818183,-1.121212121212121,0.1381140976962066
2.878787878787879,-1.121212121212121,0.11290243959990551
2.9393939393939394,-1.121212121212121,0.08727620708529073
3.0,-1.121212121212121,0.061329498920076775
-3.0,-1.0606060606060606,-0.06891500927718251
-2.9393939393939394,-1.0606060606060606,-0.09807092389256689
-2.878787878787879,-1.0606060606060606,-0.12686672497656673
-2.8181818181818183,-1.0606060606060606,-0.1551966751994434
-2.757575757575758,-1.0606060606060606,-0.18295674782203936
-2.696969696969697,-1.0606060606060606,-0.2100450086788873
-2.6363636363636362,-1.0606060606060606,-0.2363619904774496
-2.5757575757575757,-1.0606060606060606,-0.261811058039075
-2.515151515151515,-1.0606060606060606,-0.2862987631405155
-2.4545454545454546,-1.0606060606060606,-0.3097351876530376
-2.393939393939394,-1.0606060606060606,-0.33203427371913113
-2.333333333333333,-1.0606060606060606,-0.3531141397544166
-2.2727272727272725,-1.0606060606060606,-0.37289738111439985
-2.212121212121212,-1.0606060606060606,-0.39131135432203806
-2.1515151515151514,-1.0606060606060606,-0.4082884438124378
-2.090909090909091,-1.0606060606060606,-0.42376631021520905
-2.0303030303030303,-1.0606060606060606,-0.43768811926278955
-1.9696969696969697,-1.0606060606060606,-0.4500027504841936
-1.9090909090909092,-1.0606060606060606,-0.46066498491786945
-1.8484848484848484,-1.0606060606060606,-0.4696356711543886
-1.7878787878787878,-1.0606060606060606,-0.4768818690992626
-1.7272727272727273,-1.0606060606060606,-0.48237697092799614
-1.6666666666666665,-1.0606060606060606,-0.486100798789231
-1.606060606060606,-1.0606060606060606,-0.4880396788972196
-1.5454545454545454,-1.0606060606060606,-0.4881864917415616
-1.4848484848484849,-1.0606060606060606,-0.48654069822983564
-1.4242424242424243,-1.0606060606060606,-0.4831083416671306
-1.3636363636363635,-1.0606060606060606,-0.47790202556520833
-1.303030303030303,-1.0606060606060606,-0.47094086736278107
-1.2424242424242424,-1.0606060606060606,-0.46225042822684204
-1.1818181818181817,-1.0606060606060606,-0.45186261919281645
-1.121212121212121,-1.0606060606060606,-0.43981558398818354
-1.0606060606060606,-1.0606060606060606,-0.42615355896983764
-1.0,-1.0606060606060606,-0.4109267106894938
-0.9393939393939394,-1.0606060606060606,-0.39419095168359464
-0.8787878787878789,-1.0606060606060606,-0.37600773516413
-0.8181818181818183,-1.0606060606060606,-0.35644382936426067
-0.7575757575757573,-1.0606060606060606,-0.33557107236734124
-0.6969696969696968,-1.0606060606060606,-0.31346610831960353
-0.6363636363636362,-1.0606060606060606,-0.2902101059951184
-0.5757575757575757,-1.0606060606060606,-0.2658884607464586
-0.5151515151515151,-1.0606060606060606,-0.24059048093549076
-0.4545454545454546,-1.0606060606060606,-0.21440905999571197
-0.39393939393939403,-1.0606060606060606,-0.18744033533031038
-0.33333333333333304,-1.0606060606060606,-0.1597833352984642
-0.2727272727272725,-1.0606060606060606,-0.13153961558613714
-0.21212121212121193,-1.0606060606060606,-0.10281288629660272
-0.15151515151515138,-1.0606060606060606,-0.07370863113001362
-0.09090909090909083,-1.0606060606060606,-0.044333720050375044
-0.030303030303030276,-1.0606060606060606,-0.014796016862198336
0.030303030303030276,-1.0606060606060606,0.014796016862198336
0.09090909090909083,-1.0606060606060606,0.044333720050375044
0.15151515151515138,-1.0606060606060606,0.07370863113001362
0.21212121212121238,-1.0606060606060606,0.10281288629660293
0.27272727272727293,-1.0606060606060606,0.13153961558613736
0.3333333333333335,-1.0606060606060606,0.15978333529846436
0.39393939393939403,-1.0606060606060606,0.18744033533031038
0.4545454545454546,-1.0606060606060606,0.21440905999571197
0.5151515151515151,-1.0606060606060606,0.24059048093549076
0.5757575757575757,-1.0606060606060606,0.2658884607464586
0.6363636363636367,-1.0606060606060606,0.29021010599511854
0.6969696969696972,-1.0606060606060606,0.3134661083196037
0.7575757575757578,-1.0606060606060606,0.3355710723673414
0.8181818181818183,-1.0606060606060606,0.35644382936426067
0.8787878787878789,-1.0606060606060606,0.37600773516413
0.9393939393939394,-1.0606060606060606,0.39419095168359464
1.0,-1.0606060606060606,0.4109267106894938
1.0606060606060606,-1.0606060606060606,0.42615355896983764
1.121212121212121,-1.0606060606060606,0.43981558398818354
1.1818181818181817,-1.0606060606060606,0.45186261919281645
1.2424242424242422,-1.0606060606060606,0.462250428226842
1.3030303030303028,-1.0606060606060606,0.470940867362781
1.3636363636363633,-1.0606060606060606,0.47790202556520833
1.4242424242424248,-1.0606060606060606,0.4831083416671307
1.4848484848484853,-1.0606060606060606,0.48654069822983564
1.5454545454545459,-1.0606060606060606,0.4881864917415616
1.6060606060606064,-1.0606060606060606,0.4880396788972196
1.666666666666667,-1.0606060606060606,0.486100798789231
1.7272727272727275,-1.0606060606060606,0.48237697092799614
1.787878787878788,-1.0606060606060606,0.4768818690992626
1.8484848484848486,-1.0606060606060606,0.46963567115438853
1.9090909090909092,-1.0606060606060606,0.46066498491786945
1.9696969696969697,-1.0606060606060606,0.4500027504841936
2.0303030303030303,-1.0606060606060606,0.43768811926278955
2.090909090909091,-1.0606060606060606,0.42376631021520905
2.1515151515151514,-1.0606060606060606,0.4082884438124378
2.212121212121212,-1.0606060606060606,0.39131135432203806
2.2727272727272725,-1.0606060606060606,0.37289738111439985
2.333333333333334,-1.0606060606060606,0.3531141397544163
2.3939393939393945,-1.0606060606060606,0.33203427371913097
2.454545454545455,-1.0606060606060606,0.3097351876530375
2.5151515151515156,-1.0606060606060606,0.28629876314051533
2.575757575757576,-1.0606060606060606,0.26181105803907484
2.6363636363636367,-1.0606060606060606,0.2363619904774494
2.6969696969696972,-1.0606060606060606,0.21004500867888712
2.757575757575758,-1.0606060606060606,0.18295674782203936
2.8181818181818183,-1.0606060606060606,0.1551966751994434
2.878787878787879,-1.0606060606060606,0.12686672497656673
2.9393939393939394,-1.0606060606060606,0.09807092389256689
3.0,-1.0606060606060606,0.06891500927718251
-3.0,-1.0,-0.07624746575887673
-2.9393939393939394,-1.0,-0.10850552716845854
-2.878787878787879,-1.0,-0.14036515949210476
-2.8181818181818183,-1.0,-0.17170937510239953
-2.757575757575758,-1.0,-0.20242307896685108
-2.696969696969697,-1.0,-0.23239349127344688
-2.6363636363636362,-1.0,-0.26151056155478597
-2.5757575757575757,-1.0,-0.2896673727901411
-2.515151515151515,-1.0,-0.31676053400159515
-2.4545454545454546,-1.0,-0.3426905599026536
-2.393939393939394,-1.0,-0.3673622362052738
-2.333333333333333,-1.0,-0.3906849692439139
-2.2727272727272725,-1.0,-0.4125731186327924
-2.212121212121212,-1.0,-0.432946311734852
-2.1515151515151514,-1.0,-0.45172973878770495
-2.090909090909091,-1.0,-0.46885442760286716
-2.0303030303030303,-1.0,-0.48425749682959474
-1.9696969696969697,-1.0,-0.4978823868533429
-1.9090909090909092,-1.0,-0.5096790674809981
-1.8484848484848484,-1.0,-0.5196042216502669
-1.7878787878787878,-1.0,-0.5276214044886468
-1.7272727272727273,-1.0,-0.5337011771379212
-1.6666666666666665,-1.0,-0.5378212148527745
-1.606060606060606,-1.0,-0.5399663889765973
-1.5454545454545454,-1.0,-0.540128822493466
-1.4848484848484849,-1.0,-0.5383079189523117
-1.4242424242424243,-1.0,-0.5345103646570711
-1.3636363636363635,-1.0,-0.5287501041147766
-1.303030303030303,-1.0,-0.5210482888317389
-1.2424242424242424,-1.0,-0.5114331996458407
-1.1818181818181817,-1.0,-0.4999401428801375
-1.121212121212121,-1.0,-0.4866113206990838
-1.0606060606060606,-1.0,-0.47149567614343335
-1.0,-1.0,-0.4546487134128409
-0.9393939393939394,-1.0,-0.4361322940560839
-0.8787878787878789,-1.0,-0.4160144098172848
-0.8181818181818183,-1.0,-0.39436893297223824
-0.7575757575757573,-1.0,-0.3712753450715992
-0.6969696969696968,-1.0,-0.3468184450869811
-0.6363636363636362,-1.0,-0.3210880380316396
-0.5757575757575757,-1.0,-0.2941786051991211
-0.5151515151515151,-1.0,-0.2661889572307477
-0.4545454545454546,-1.0,-0.2372218712858652
-0.39393939393939403,-1.0,-0.2073837136471545
-0.33333333333333304,-1.0,-0.17678404914678775
-0.2727272727272725,-1.0,-0.14553523884760686
-0.21212121212121193,-1.0,-0.11375202745662312
-0.15151515151515138,-1.0,-0.08155112198584846
-0.09090909090909083,-1.0,-0.049050763207599435
-0.030303030303030276,-1.0,-0.016370291477879252
0.030303030303030276,-1.0,0.016370291477879252
0.09090909090909083,-1.0,0.049050763207599435
0.15151515151515138,-1.0,0.08155112198584846
0.21212121212121238,-1.0,0.11375202745662336
0.27272727272727293,-1.0,0.14553523884760708
0.3333333333333335,-1.0,0.17678404914678797
0.39393939393939403,-1.0,0.2073837136471545
0.4545454545454546,-1.0,0.2372218712858652
0.5151515151515151,-1.0,0.2661889572307477
0.5757575757575757,-1.0,0.2941786051991211
0.6363636363636367,-1.0,0.32108803803163977
0.6969696969696972,-1.0,0.3468184450869813
0.7575757575757578,-1.0,0.37127534507159937
0.8181818181818183,-1.0,0.39436893297223824
0.8787878787878789,-1.0,0.4160144098172848
0.9393939393939394,-1.0,0.4361322940560839
1.0,-1.0,0.4546487134128409
1.0606060606060606,-1.0,0.47149567614343335
1.121212121212121,-1.0,0.4866113206990838
1.1818181818181817,-1.0,0.4999401428801375
1.2424242424242422,-1.0,0.5114331996458406
1.3030303030303028,-1.0,0.5210482888317388
1.3636363636363633,-1.0,0.5287501041147766
1.4242424242424248,-1.0,0.5345103646570711
1.4848484848484853,-1.0,0.5383079189523117
1.5454545454545459,-1.0,0.540128822493466
1.6060606060606064,-1.0,0.5399663889765973
1.666666666666667,-1.0,0.5378212148527745
1.7272727272727275,-1.0,0.5337011771379212
1.787878787878788,-1.0,0.5276214044886468
1.8484848484848486,-1.0,0.5196042216502668
1.9090909090909092,-1.0,0.5096790674809981
1.9696969696969697,-1.0,0.4978823868533429
2.0303030303030303,-1.0,0.48425749682959474
2.090909090909091,-1.0,0.46885442760286716
2.1515151515151514,-1.0,0.45172973878770495
2.212121212121212,-1.0,0.432946311734852
2.2727272727272725,-1.0,0.4125731186327924
2.333333333333334,-1.0,0.3906849692439136
2.3939393939393945,-1.0,0.3673622362052736
2.454545454545455,-1.0,0.34269055990265346
2.5151515151515156,-1.0,0.316760534001595
2.575757575757576,-1.0,0.28966737279014093
2.6363636363636367,-1.0,0.2615105615547858
2.6969696969696972,-1.0,0.2323934912734467
2.757575757575758,-1.0,0.20242307896685108
2.8181818181818183,-1.0,0.17170937510239953
2.878787878787879,-1.0,0.14036515949210476
2.9393939393939394,-1.0,0.10850552716845854
3.0,-1.0,0.07624746575887673
-3.0,-0.9393939393939394,-0.08329994380186846
-2.9393939393939394,-0.9393939393939394,-0.1185417013584146
-2.878787878787879,-0.9393939393939394,-0.1533481772942913
-2.8181818181818183,-0.9393939393939394,-0.18759156325951246
-2.757575757575758,-0.9393939393939394,-0.2211461185538068
-2.696969696969697,-0.9393939393939394,-0.25388863184274996
-2.6363636363636362,-0.9393939393939394,-0.28569887358613844
-2.5757575757575757,-0.9393939393939394,-0.31646003751730606
-2.515151515151515,-0.9393939393939394,-0.34605916955227917
-2.4545454545454546,-0.9393939393939394,-0.3743875825538313
-2.393939393939394,-0.9393939393939394,-0.40134125542743615
-2.333333333333333,-0.9393939393939394,-0.4268212150836497
-2.2727272727272725,-0.9393939393939394,-0.450733899864366
-2.212121212121212,-0.9393939393939394,-0.47299150309845917
-2.1515151515151514,-0.9393939393939394,-0.49351229552528136
-2.090909090909091,-0.9393939393939394,-0.5122209254020905
-2.0303030303030303,-0.9393939393939394,-0.5290486951934205
-1.9696969696969697,-0.9393939393939394,-0.5439338138263992
-1.9090909090909092,-0.9393939393939394,-0.5568216235857402
-1.8484848484848484,-0.9393939393939394,-0.5676648008152564
-1.7878787878787878,-0.9393939393939394,-0.5764235296889253
-1.7272727272727273,-0.9393939393939394,-0.583065648413425
-1.6666666666666665,-0.9393939393939394,-0.5875667673252873
-1.606060606060606,-0.9393939393939394,-0.5899103584490208
-1.5454545454545454,-0.9393939393939394,-0.5900878161873473
-1.4848484848484849,-0.9393939393939394,-0.5880984889207014
-1.4242424242424243,-0.9393939393939394,-0.5839496813999576
-1.3636363636363635,-0.9393939393939394,-0.5776566279236015
-1.303030303030303,-0.9393939393939394,-0.5692424363978362
-1.2424242424242424,-0.9393939393939394,-0.5587380034850343
-1.1818181818181817,-0.9393939393939394,-0.546181901152108
-1.121212121212121,-0.9393939393939394,-0.5316202350353871
-1.0606060606060606,-0.9393939393939394,-0.5151064751420871
-1.0,-0.9393939393939394,-0.49670125951002336
-0.9393939393939394,-0.9393939393939394,-0.47647217154653104
-0.8787878787878789,-0.9393939393939394,-0.45449349186419213
-0.8181818181818183,-0.9393939393939394,-0.4308459255246235
-0.7575757575757573,-0.9393939393939394,-0.4056163056918779
-0.6969696969696968,-0.9393939393939394,-0.3788972747836352
-0.6363636363636362,-0.9393939393939394,-0.3507869442909838
-0.5757575757575757,-0.9393939393939394,-0.32138853451592864
-0.5151515151515151,-0.9393939393939394,-0.29080999554949555
-0.4545454545454546,-0.9393939393939394,-0.25916361088219014
-0.39393939393939403,-0.9393939393939394,-0.2265655851023428
-0.33333333333333304,-0.9393939393939394,-0.19313561719629693
-0.2727272727272725,-0.9393939393939394,-0.15899646101727372
-0.21212121212121193,-0.9393939393939394,-0.12427347453685257
-0.15151515151515138,-0.9393939393939394,-0.08909415953420895
-0.09090909090909083,-0.9393939393939394,-0.053587693413352656
-0.030303030303030276,-0.9393939393939394,-0.017884454867521844
0.030303030303030276,-0.9393939393939394,0.017884454867521844
0.09090909090909083,-0.9393939393939394,0.053587693413352656
0.15151515151515138,-0.9393939393939394,0.08909415953420895
0.21212121212121238,-0.9393939393939394,0.12427347453685283
0.27272727272727293,-0.9393939393939394,0.15899646101727397
0.3333333333333335,-0.9393939393939394,0.19313561719629718
0.39393939393939403,-0.9393939393939394,0.2265655851023428
0.4545454545454546,-0.9393939393939394,0.25916361088219014
0.5151515151515151,-0.9393939393939394,0.29080999554949555
0.5757575757575757,-0.9393939393939394,0.32138853451592864
0.6363636363636367,-0.9393939393939394,0.350786944290984
0.6969696969696972,-0.9393939393939394,0.3788972747836354
0.7575757575757578,-0.9393939393939394,0.4056163056918781
0.8181818181818183,-0.9393939393939394,0.4308459255246235
0.8787878787878789,-0.9393939393939394,0.45449349186419213
0.9393939393939394,-0.9393939393939394,0.47647217154653104
1.0,-0.9393939393939394,0.49670125951002336
1.0606060606060606,-0.9393939393939394,0.5151064751420871
1.121212121212121,-0.9393939393939394,0.5316202350353871
1.1818181818181817,-0.9393939393939394,0.546181901152108
1.2424242424242422,-0.9393939393939394,0.5587380034850343
1.3030303030303028,-0.9393939393939394,0.5692424363978361
1.3636363636363633,-0.9393939393939394,0.5776566279236015
1.4242424242424248,-0.9393939393939394,0.5839496813999577
1.4848484848484853,-0.9393939393939394,0.5880984889207014
1.5454545454545459,-0.9393939393939394,0.5900878161873473
1.6060606060606064,-0.9393939393939394,0.5899103584490208
1.666666666666667,-0.9393939393939394,0.5875667673252873
1.7272727272727275,-0.9393939393939394,0.583065648413425
1.787878787878788,-0.9393939393939394,0.5764235296889253
1.8484848484848486,-0.9393939393939394,0.5676648008152563
1.9090909090909092,-0.9393939393939394,0.5568216235857402
1.9696969696969697,-0.9393939393939394,0.5439338138263992
2.0303030303030303,-0.9393939393939394,0.5290486951934205
2.090909090909091,-0.9393939393939394,0.5122209254020905
2.1515151515151514,-0.9393939393939394,0.49351229552528136
2.212121212121212,-0.9393939393939394,0.47299150309845917
2.2727272727272725,-0.9393939393939394,0.450733899864366
2.333333333333334,-0.9393939393939394,0.4268212150836494
2.3939393939393945,-0.9393939393939394,0.401341255427436
2.454545454545455,-0.9393939393939394,0.37438758255383114
2.5151515151515156,-0.9393939393939394,0.346059169552279
2.575757575757576,-0.9393939393939394,0.31646003751730584
2.6363636363636367,-0.9393939393939394,0.28569887358613816
2.6969696969696972,-0.9393939393939394,0.25388863184274973
2.757575757575758,-0.9393939393939394,0.2211461185538068
2.8181818181818183,-0.9393939393939394,0.18759156325951246
2.878787878787879,-0.9393939393939394,0.1533481772942913
2.9393939393939394,-0.9393939393939394,0.1185417013584146
3.0,-0.9393939393939394,0.08329994380186846
-3.0,-0.8787878787878789,-0.09004654691541135
-2.9393939393939394,-0.8787878787878789,-0.1281425939277012
-2.878787878787879,-0.8787878787878789,-0.16576810512582224
-2.8181818181818183,-0.8787878787878789,-0.2027849207456986
-2.757575757575758,-0.8787878787878789,-0.23905711613541106
-2.696969696969697,-0.8787878787878789,-0.27445150086649855
-2.6363636363636362,-0.8787878787878789,-0.30883810780527
-2.5757575757575757,-0.8787878787878789,-0.3420906703482764
-2.515151515151515,-0.8787878787878789,-0.37408708606954216
-2.4545454545454546,-0.8787878787878789,-0.40470986507706175
-2.393939393939394,-0.8787878787878789,-0.433846561432207
-2.333333333333333,-0.8787878787878789,-0.4613901860478884
-2.2727272727272725,-0.8787878787878789,-0.4872395995493164
-2.212121212121212,-0.8787878787878789,-0.5112998836547953
-2.1515151515151514,-0.8787878787878789,-0.5334826897128447
-2.090909090909091,-0.8787878787878789,-0.5537065631158345
-2.0303030303030303,-0.8787878787878789,-0.571897242398895
-1.9696969696969697,-0.8787878787878789,-0.5879879319258177
-1.9090909090909092,-0.8787878787878789,-0.6019195471606573
-1.8484848484848484,-0.8787878787878789,-0.6136409316243986
-1.7878787878787878,-0.8787878787878789,-0.6231090447400345
-1.7272727272727273,-0.8787878787878789,-0.6302891198762914
-1.6666666666666665,-0.8787878787878789,-0.6351547920096713
-1.606060606060606,-0.8787878787878789,-0.6376881945360373
-1.5454545454545454,-0.8787878787878789,-0.6378800248762562
-1.4848484848484849,-0.8787878787878789,-0.6357295786349932
-1.4242424242424243,-0.8787878787878789,-0.6312447521872318
-1.3636363636363635,-0.8787878787878789,-0.624442013683017
-1.303030303030303,-0.8787878787878789,-0.6153463425768969
-1.2424242424242424,-0.8787878787878789,-0.6039911379041035
-1.1818181818181817,-0.8787878787878789,-0.5904180956402839
-1.121212121212121,-0.8787878787878789,-0.5746770555951111
-1.0606060606060606,-0.8787878787878789,-0.5568258184019772
-1.0,-0.8787878787878789,-0.5369299332757772
-0.9393939393939394,-0.8787878787878789,-0.5150624573181315
-0.8787878787878789,-0.8787878787878789,-0.49130368725386964
-0.8181818181818183,-0.8787878787878789,-0.4657408645838319
-0.7575757575757573,-0.8787878787878789,-0.43846785523665927
-0.6969696969696968,-0.8787878787878789,-0.40958480489588056
-0.6363636363636362,-0.8787878787878789,-0.3791977712679242
-0.5757575757575757,-0.8787878787878789,-0.34741833464135813
-0.5151515151515151,-0.8787878787878789,-0.3143631881673711
-0.4545454545454546,-0.8787878787878789,-0.28015370936597306
-0.39393939393939403,-0.8787878787878789,-0.24491551443133286
-0.33333333333333304,-0.8787878787878789,-0.2087779969728285
-0.2727272727272725,-0.8787878787878789,-0.17187385288554263
-0.21212121212121193,-0.8787878787878789,-0.13433859309485952
-0.15151515151515138,-0.8787878787878789,-0.09631004596435677
-0.09090909090909083,-0.8787878787878789,-0.05792785119413134
-0.030303030303030276,-0.8787878787878789,-0.019332947067951557
0.030303030303030276,-0.8787878787878789,0.019332947067951557
0.09090909090909083,-0.8787878787878789,0.05792785119413134
0.15151515151515138,-0.8787878787878789,0.09631004596435677
0.21212121212121238,-0.8787878787878789,0.1343385930948598
0.27272727272727293,-0.8787878787878789,0.1718738528855429
0.3333333333333335,-0.8787878787878789,0.20877799697282876
0.39393939393939403,-0.8787878787878789,0.24491551443133286
0.4545454545454546,-0.8787878787878789,0.28015370936597306
0.5151515151515151,-0.8787878787878789,0.3143631881673711
0.5757575757575757,-0.8787878787878789,0.34741833464135813
0.6363636363636367,-0.8787878787878789,0.3791977712679244
0.6969696969696972,-0.8787878787878789,0.4095848048958808
0.7575757575757578,-0.8787878787878789,0.4384678552366595
0.8181818181818183,-0.8787878787878789,0.4657408645838319
0.8787878787878789,-0.8787878787878789,0.49130368725386964
0.9393939393939394,-0.8787878787878789,0.5150624573181315
1.0,-0.8787878787878789,0.5369299332757772
1.0606060606060606,-0.8787878787878789,0.5568258184019772
1.121212121212121,-0.8787878787878789,0.5746770555951111
1.1818181818181817,-0.8787878787878789,0.5904180956402839
1.2424242424242422,-0.8787878787878789,0.6039911379041035
1.3030303030303028,-0.8787878787878789,0.6153463425768969
1.3636363636363633,-0.8787878787878789,0.624442013683017
1.4242424242424248,-0.8787878787878789,0.6312447521872319
1.4848484848484853,-0.8787878787878789,0.6357295786349932
1.5454545454545459,-0.8787878787878789,0.6378800248762562
1.6060606060606064,-0.8787878787878789,0.6376881945360373
1.666666666666667,-0.8787878787878789,0.6351547920096713
1.7272727272727275,-0.8787878787878789,0.6302891198762914
1.787878787878788,-0.8787878787878789,0.6231090447400345
1.8484848484848486,-0.8787878787878789,0.6136409316243986
1.9090909090909092,-0.8787878787878789,0.6019195471606573
1.9696969696969697,-0.8787878787878789,0.5879879319258177
2.0303030303030303,-0.8787878787878789,0.571897242398895
2.090909090909091,-0.8787878787878789,0.5537065631158345
2.1515151515151514,-0.8787878787878789,0.5334826897128447
2.212121212121212,-0.8787878787878789,0.5112998836547953
2.2727272727272725,-0.8787878787878789,0.4872395995493164
2.333333333333334,-0.8787878787878789,0.461390186047888
2.3939393939393945,-0.8787878787878789,0.4338465614322068
2.454545454545455,-0.8787878787878789,0.4047098650770615
2.5151515151515156,-0.8787878787878789,0.374087086069542
2.575757575757576,-0.8787878787878789,0.34209067034827617
2.6363636363636367,-0.8787878787878789,0.30883810780526977
2.6969696969696972,-0.8787878787878789,0.2744515008664983
2.757575757575758,-0.8787878787878789,0.23905711613541106
2.8181818181818183,-0.8787878787878789,0.2027849207456986
2.878787878787879,-0.8787878787878789,0.16576810512582224
2.9393939393939394,-0.8787878787878789,0.1281425939277012
3.0,-0.8787878787878789,0.09004654691541135
-3.0,-0.8181818181818183,-0.0964625017724515
-2.9393939393939394,-0.8181818181818183,-0.137272950682819
-2.878787878787879,-0.8181818181818183,-0.1775793373791085
-2.8181818181818183,-0.8181818181818183,-0.21723365800172093
-2.757575757575758,-0.8181818181818183,-0.2560903030583901
-2.696969696969697,-0.8181818181818183,-0.29400659209793145
-2.6363636363636362,-0.8181818181818183,-0.3308432976286366
-2.5757575757575757,-0.8181818181818183,-0.36646515635750615
-2.515151515151515,-0.8181818181818183,-0.400741365873059
-2.4545454545454546,-0.8181818181818183,-0.43354606494791803
-2.393939393939394,-0.8181818181818183,-0.4647587956975138
-2.333333333333333,-0.8181818181818183,-0.494264945897874
-2.2727272727272725,-0.8181818181818183,-0.5219561698383177
-2.212121212121212,-0.8181818181818183,-0.5477307861637021
-2.1515151515151514,-0.8181818181818183,-0.5714941512453486
-2.090909090909091,-0.8181818181818183,-0.5931590067096492
-2.0303030303030303,-0.8181818181818183,-0.612645799848232
-1.9696969696969697,-0.8181818181818183,-0.6298829757331531
-1.9090909090909092,-0.8181818181818183,-0.6448072399644762
-1.8484848484848484,-0.8181818181818183,-0.6573637910854356
-1.7878787878787878,-0.8181818181818183,-0.667506521811765
-1.7272727272727273,-0.8181818181818183,-0.6751981883362809
-1.6666666666666665,-0.8181818181818183,-0.6804105470870415
-1.606060606060606,-0.8181818181818183,-0.6831244584369068
-1.5454545454545454,-0.8181818181818183,-0.6833299569836835
-1.4848484848484849,-0.8181818181818183,-0.6810262881427867
-1.4242424242424243,-0.8181818181818183,-0.6762219109180528
-1.3636363636363635,-0.8181818181818183,-0.6689344668405273
-1.303030303030303,-0.8181818181818183,-0.6591907151892845
-1.2424242424242424,-0.8181818181818183,-0.6470264347321467
-1.1818181818181817,-0.8181818181818183,-0.6324862923471068
-1.121212121212121,-0.8181818181818183,-0.615623679006874
-1.0606060606060606,-0.8181818181818183,-0.5965005137288013
-1.0,-0.8181818181818183,-0.5751870162100854
-0.9393939393939394,-0.8181818181818183,-0.5517614489831159
-0.8787878787878789,-0.8181818181818183,-0.5263098300377714
-0.8181818181818183,-0.8181818181818183,-0.4989256169659057
-0.7575757575757573,-0.8181818181818183,-0.46970936378783446
-0.6969696969696968,-0.8181818181818183,-0.43876835172094836
-0.6363636363636362,-0.8181818181818183,-0.40621619524625496
-0.5757575757575757,-0.8181818181818183,-0.3721724249193667
-0.5151515151515151,-0.8181818181818183,-0.3367620484578358
-0.4545454545454546,-0.8181818181818183,-0.3001150917165138
-0.39393939393939403,-0.8181818181818183,-0.2623661212364591
-0.33333333333333304,-0.8181818181818183,-0.22365375012057834
-0.2727272727272725,-0.8181818181818183,-0.1841201290504143
-0.21212121212121193,-0.8181818181818183,-0.14391042431304685
-0.15151515151515138,-0.8181818181818183,-0.10317228475478195
-0.09090909090909083,-0.8181818181818183,-0.06205529961895569
-0.030303030303030276,-0.8181818181818183,-0.020710449258657938
0.030303030303030276,-0.8181818181818183,0.020710449258657938
0.09090909090909083,-0.8181818181818183,0.06205529961895569
0.15151515151515138,-0.8181818181818183,0.10317228475478195
0.21212121212121238,-0.8181818181818183,0.14391042431304715
0.27272727272727293,-0.8181818181818183,0.1841201290504146
0.3333333333333335,-0.8181818181818183,0.2236537501205786
0.39393939393939403,-0.8181818181818183,0.2623661212364591
0.4545454545454546,-0.8181818181818183,0.3001150917165138
0.5151515151515151,-0.8181818181818183,0.3367620484578358
0.5757575757575757,-0.8181818181818183,0.3721724249193667
0.6363636363636367,-0.8181818181818183,0.40621619524625524
0.6969696969696972,-0.8181818181818183,0.4387683517209486
0.7575757575757578,-0.8181818181818183,0.4697093637878347
0.8181818181818183,-0.8181818181818183,0.4989256169659057
0.8787878787878789,-0.8181818181818183,0.5263098300377714
0.9393939393939394,-0.8181818181818183,0.5517614489831159
1.0,-0.8181818181818183,0.5751870162100854
1.0606060606060606,-0.8181818181818183,0.5965005137288013
1.121212121212121,-0.8181818181818183,0.615623679006874
1.1818181818181817,-0.8181818181818183,0.6324862923471068
1.2424242424242422,-0.8181818181818183,0.6470264347321466
1.3030303030303028,-0.8181818181818183,0.6591907151892845
1.3636363636363633,-0.8181818181818183,0.6689344668405273
1.4242424242424248,-0.8181818181818183,0.6762219109180528
1.4848484848484853,-0.8181818181818183,0.6810262881427867
1.5454545454545459,-0.8181818181818183,0.6833299569836835
1.6060606060606064,-0.8181818181818183,0.6831244584369068
1.666666666666667,-0.8181818181818183,0.6804105470870415
1.7272727272727275,-0.8181818181818183,0.6751981883362809
1.787878787878788,-0.8181818181818183,0.667506521811765
1.8484848484848486,-0.8181818181818183,0.6573637910854355
1.9090909090909092,-0.8181818181818183,0.6448072399644762
1.9696969696969697,-0.8181818181818183,0.6298829757331531
2.0303030303030303,-0.8181818181818183,0.612645799848232
2.090909090909091,-0.8181818181818183,0.5931590067096492
2.1515151515151514,-0.8181818181818183,0.5714941512453486
2.212121212121212,-0.8181818181818183,0.5477307861637021
2.2727272727272725,-0.8181818181818183,0.5219561698383177
2.333333333333334,-0.8181818181818183,0.4942649458978736
2.3939393939393945,-0.8181818181818183,0.4647587956975136
2.454545454545455,-0.8181818181818183,0.4335460649479178
2.5151515151515156,-0.8181818181818183,0.40074136587305875
2.575757575757576,-0.8181818181818183,0.36646515635750593
2.6363636363636367,-0.8181818181818183,0.33084329762863635
2.6969696969696972,-0.8181818181818183,0.2940065920979312
2.757575757575758,-0.8181818181818183,0.2560903030583901
2.8181818181818183,-0.8181818181818183,0.21723365800172093
2.878787878787879,-0.8181818181818183,0.1775793373791085
2.9393939393939394,-0.8181818181818183,0.137272950682819
3.0,-0.8181818181818183,0.0964625017724515
-3.0,-0.7575757575757573,-0.10252424917655165
-2.9393939393939394,-0.7575757575757573,-0.1458992452238589
-2.878787878787879,-0.7575757575757573,-0.18873850355871774
-2.8181818181818183,-0.7575757575757573,-0.23088471969180016
-2.757575757575758,-0.7575757575757573,-0.27218313396424115
-2.696969696969697,-0.7575757575757573,-0.31248209982052855
-2.6363636363636362,-0.7575757575757573,-0.3516336406501678
-2.5757575757575757,-0.7575757575757573,-0.3894939931534193
-2.515151515151515,-0.7575757575757573,-0.42592413523588213
-2.4545454545454546,-0.7575757575757573,-0.4607902964935114
-2.393939393939394,-0.7575757575757573,-0.49396444941358497
-2.333333333333333,-0.7575757575757573,-0.5253247794879436
-2.2727272727272725,-0.7575757575757573,-0.5547561325122599
-2.212121212121212,-0.7575757575757573,-0.5821504374288713
-2.1515151515151514,-0.7575757575757573,-0.6074071031605068
-2.090909090909091,-0.7575757575757573,-0.6304333879777462
-2.0303030303030303,-0.7575757575757573,-0.6511447400439078
-1.9696969696969697,-0.7575757575757573,-0.6694651078868907
-1.9090909090909092,-0.7575757575757573,-0.6853272196579316
-1.8484848484848484,-0.7575757575757573,-0.6986728301518429
-1.7878787878787878,-0.7575757575757573,-0.7094529346816822
-1.7272727272727273,-0.7575757575757573,-0.7176279490225153
-1.6666666666666665,-0.7575757575757573,-0.7231678547635166
-1.606060606060606,-0.7575757575757573,-0.7260523095346879
-1.5454545454545454,-0.7575757575757573,-0.7262707217034376
-1.4848484848484849,-0.7575757575757573,-0.7238222892667433
-1.4242424242424243,-0.7575757575757573,-0.7187160027960825
-1.3636363636363635,-0.7575757575757573,-0.7109706124243205
-1.303030303030303,-0.7575757575757573,-0.7006145589957774
-1.2424242424242424,-0.7575757575757573,-0.6876858696322882
-1.1818181818181817,-0.7575757575757573,-0.672232018098737
-1.121212121212121,-0.7575757575757573,-0.6543097504807972
-1.0606060606060606,-0.7575757575757573,-0.6339848768149825
-1.0,-0.7575757575757573,-0.6113320294361403
-0.9393939393939394,-0.7575757575757573,-0.5864343889297255
-0.8787878787878789,-0.7575757575757573,-0.5593833786951522
-0.8181818181818183,-0.7575757575757573,-0.5302783292417744
-0.7575757575757573,-0.7575757575757573,-0.4992261134501948
-0.6969696969696968,-0.7575757575757573,-0.4663407541382091
-0.6363636363636362,-0.7575757575757573,-0.431743005372391
-0.5757575757575757,-0.7575757575757573,-0.39555990906273275
-0.5151515151515151,-0.7575757575757573,-0.3579243284685096
-0.4545454545454546,-0.7575757575757573,-0.31897446032832194
-0.39393939393939403,-0.7575757575757573,-0.2788533274057597
-0.33333333333333304,-0.7575757575757573,-0.23770825331404474
-0.2727272727272725,-0.7575757575757573,-0.1956903215480826
-0.21212121212121193,-0.7575757575757573,-0.15295382071033678
-0.15151515151515138,-0.7575757575757573,-0.10965567796764582
-0.09090909090909083,-0.7575757575757573,-0.06595488281930856
-0.030303030303030276,-0.7575757575757573,-0.022011903292346195
0.030303030303030276,-0.7575757575757573,0.022011903292346195
0.09090909090909083,-0.7575757575757573,0.06595488281930856
0.15151515151515138,-0.7575757575757573,0.10965567796764582
0.21212121212121238,-0.7575757575757573,0.1529538207103371
0.27272727272727293,-0.7575757575757573,0.19569032154808294
0.3333333333333335,-0.7575757575757573,0.23770825331404505
0.39393939393939403,-0.7575757575757573,0.2788533274057597
0.4545454545454546,-0.7575757575757573,0.31897446032832194
0.5151515151515151,-0.7575757575757573,0.3579243284685096
0.5757575757575757,-0.7575757575757573,0.39555990906273275
0.6363636363636367,-0.7575757575757573,0.43174300537239124
0.6969696969696972,-0.7575757575757573,0.46634075413820936
0.7575757575757578,-0.7575757575757573,0.499226113450195
0.8181818181818183,-0.7575757575757573,0.5302783292417744
0.8787878787878789,-0.7575757575757573,0.5593833786951522
0.9393939393939394,-0.7575757575757573,0.5864343889297255
1.0,-0.7575757575757573,0.6113320294361403
1.0606060606060606,-0.7575757575757573,0.6339848768149825
1.121212121212121,-0.7575757575757573,0.6543097504807972
1.1818181818181817,-0.7575757575757573,0.672232018098737
1.2424242424242422,-0.7575757575757573,0.6876858696322881
1.3030303030303028,-0.7575757575757573,0.7006145589957773
1.3636363636363633,-0.7575757575757573,0.7109706124243205
1.4242424242424248,-0.7575757575757573,0.7187160027960825
1.4848484848484853,-0.7575757575757573,0.7238222892667433
1.5454545454545459,-0.7575757575757573,0.7262707217034376
1.6060606060606064,-0.7575757575757573,0.7260523095346879
1.666666666666667,-0.7575757575757573,0.7231678547635166
1.7272727272727275,-0.7575757575757573,0.7176279490225153
1.787878787878788,-0.7575757575757573,0.7094529346816822
1.8484848484848486,-0.7575757575757573,0.6986728301518428
1.9090909090909092,-0.7575757575757573,0.6853272196579316
1.9696969696969697,-0.7575757575757573,0.6694651078868907
2.0303030303030303,-0.7575757575757573,0.6511447400439078
2.090909090909091,-0.7575757575757573,0.6304333879777462
2.1515151515151514,-0.7575757575757573,0.6074071031605068
2.212121212121212,-0.7575757575757573,0.5821504374288713
2.2727272727272725,-0.7575757575757573,0.5547561325122599
2.333333333333334,-0.7575757575757573,0.5253247794879432
2.3939393939393945,-0.7575757575757573,0.49396444941358475
2.454545454545455,-0.7575757575757573,0.4607902964935111
2.5151515151515156,-0.7575757575757573,0.4259241352358819
2.575757575757576,-0.7575757575757573,0.3894939931534191
2.6363636363636367,-0.7575757575757573,0.35163364065016744
2.6969696969696972,-0.7575757575757573,0.31248209982052827
2.757575757575758,-0.7575757575757573,0.27218313396424115
2.8181818181818183,-0.7575757575757573,0.23088471969180016
2.878787878787879,-0.7575757575757573,0.18873850355871774
2.9393939393939394,-0.7575757575757573,0.1458992452238589
3.0,-0.7575757575757573,0.10252424917655165
-3.0,-0.6969696969696968,-0.10820953057056339
-2.9393939393939394,-0.6969696969696968,-0.15398980205245033
-2.878787878787879,-0.6969696969696968,-0.19920462753655038
-2.8181818181818183,-0.6969696969696968,-0.24368797952123789
-2.757575757575758,-0.6969696969696968,-0.2872765164539382
-2.696969696969697,-0.6969696969696968,-0.3298101825164776
-2.6363636363636362,-0.6969696969696968,-0.37113279534531113
-2.5757575757575757,-0.6969696969696968,-0.4110926195285435
-2.515151515151515,-0.6969696969696968,-0.44954292377387145
-2.4545454545454546,-0.6969696969696968,-0.48634251970154896
-2.393939393939394,-0.6969696969696968,-0.5213562802839407
-2.333333333333333,-0.6969696969696968,-0.5544556360279708
-2.2727272727272725,-0.6969696969696968,-0.5855190470784969
-2.212121212121212,-0.6969696969696968,-0.6144324495090643
-2.1515151515151514,-0.6969696969696968,-0.6410896741612687
-2.090909090909091,-0.6969696969696968,-0.665392836494765
-2.0303030303030303,-0.6969696969696968,-0.6872526960164048
-1.9696969696969697,-0.6969696969696968,-0.706588983968686
-1.9090909090909092,-0.6969696969696968,-0.723330698074257
-1.8484848484848484,-0.6969696969696968,-0.7374163632541781
-1.7878787878787878,-0.6969696969696968,-0.7487942573625929
-1.7272727272727273,-0.6969696969696968,-0.7574226011089177
-1.6666666666666665,-0.6969696969696968,-0.7632697114701613
-1.606060606060606,-0.6969696969696968,-0.7663141180300471
-1.5454545454545454,-0.6969696969696968,-0.7665446418177474
-1.4848484848484849,-0.6969696969696968,-0.763960436356733
-1.4242424242424243,-0.6969696969696968,-0.7585709907730106
-1.3636363636363635,-0.6969696969696968,-0.7503960949513321
-1.303030303030303,-0.6969696969696968,-0.7394657668673238
-1.2424242424242424,-0.6969696969696968,-0.7258201423623675
-1.1818181818181817,-0.6969696969696968,-0.7095093277659782
-1.121212121212121,-0.6969696969696968,-0.6905932159068452
-1.0606060606060606,-0.6969696969696968,-0.6691412661881359
-1.0,-0.6969696969696968,-0.6452322495346223
-0.9393939393939394,-0.6969696969696968,-0.6189539591481763
-0.8787878787878789,-0.6969696969696968,-0.5904028881337283
-0.8181818181818183,-0.6969696969696968,-0.5596838751794412
-0.7575757575757573,-0.6969696969696968,-0.5269097195921486
-0.6969696969696968,-0.6969696969696968,-0.49220076710163724
-0.6363636363636362,-0.6969696969696968,-0.45568446795468665
-0.5757575757575757,-0.6969696969696968,-0.4174949089215336
-0.5151515151515151,-0.6969696969696968,-0.3777723209332188
-0.4545454545454546,-0.6969696969696968,-0.3366625641577553
-0.39393939393939403,-0.6969696969696968,-0.29431659240590774
-0.33333333333333304,-0.6969696969696968,-0.25088989883326357
-0.2727272727272725,-0.6969696969696968,-0.20654194497396713
-0.21212121212121193,-0.6969696969696968,-0.1614355752026815
-0.15151515151515138,-0.6969696969696968,-0.11573641877486339
-0.09090909090909083,-0.6969696969696968,-0.06961228164103629
-0.030303030303030276,-0.6969696969696968,-0.023232530268304418
0.030303030303030276,-0.6969696969696968,0.023232530268304418
0.09090909090909083,-0.6969696969696968,0.06961228164103629
0.15151515151515138,-0.6969696969696968,0.11573641877486339
0.21212121212121238,-0.6969696969696968,0.16143557520268184
0.27272727272727293,-0.6969696969696968,0.20654194497396747
0.3333333333333335,-0.6969696969696968,0.2508898988332639
0.39393939393939403,-0.6969696969696968,0.29431659240590774
0.4545454545454546,-0.6969696969696968,0.3366625641577553
0.5151515151515151,-0.6969696969696968,0.3777723209332188
0.5757575757575757,-0.6969696969696968,0.4174949089215336
0.6363636363636367,-0.6969696969696968,0.45568446795468687
0.6969696969696972,-0.6969696969696968,0.4922007671016375
0.7575757575757578,-0.6969696969696968,0.5269097195921488
0.8181818181818183,-0.6969696969696968,0.5596838751794412
0.8787878787878789,-0.6969696969696968,0.5904028881337283
0.9393939393939394,-0.6969696969696968,0.6189539591481763
1.0,-0.6969696969696968,0.6452322495346223
1.0606060606060606,-0.6969696969696968,0.6691412661881359
1.121212121212121,-0.6969696969696968,0.6905932159068452
1.1818181818181817,-0.6969696969696968,0.7095093277659782
1.2424242424242422,-0.6969696969696968,0.7258201423623674
1.3030303030303028,-0.6969696969696968,0.7394657668673238
1.3636363636363633,-0.6969696969696968,0.7503960949513321
1.4242424242424248,-0.6969696969696968,0.7585709907730107
1.4848484848484853,-0.6969696969696968,0.763960436356733
1.5454545454545459,-0.6969696969696968,0.7665446418177474
1.6060606060606064,-0.6969696969696968,0.7663141180300471
1.666666666666667,-0.6969696969696968,0.7632697114701613
1.7272727272727275,-0.6969696969696968,0.7574226011089177
1.787878787878788,-0.6969696969696968,0.7487942573625929
1.8484848484848486,-0.6969696969696968,0.737416363254178
1.9090909090909092,-0.6969696969696968,0.723330698074257
1.9696969696969697,-0.6969696969696968,0.706588983968686
2.0303030303030303,-0.6969696969696968,0.6872526960164048
2.090909090909091,-0.6969696969696968,0.665392836494765
2.1515151515151514,-0.6969696969696968,0.6410896741612687
2.212121212121212,-0.6969696969696968,0.6144324495090643
2.2727272727272725,-0.6969696969696968,0.5855190470784969
2.333333333333334,-0.6969696969696968,0.5544556360279703
2.3939393939393945,-0.6969696969696968,0.5213562802839404
2.454545454545455,-0.6969696969696968,0.48634251970154874
2.5151515151515156,-0.6969696969696968,0.44954292377387123
2.575757575757576,-0.6969696969696968,0.4110926195285432
2.6363636363636367,-0.6969696969696968,0.37113279534531085
2.6969696969696972,-0.6969696969696968,0.3298101825164773
2.757575757575758,-0.6969696969696968,0.2872765164539382
2.8181818181818183,-0.6969696969696968,0.24368797952123789
2.878787878787879,-0.6969696969696968,0.19920462753655038
2.9393939393939394,-0.6969696969696968,0.15398980205245033
3.0,-0.6969696969696968,0.10820953057056339
-3.0,-0.6363636363636362,-0.1134974697693908
-2.9393939393939394,-0.6363636363636362,-0.16151491288325492
-2.878787878787879,-0.6363636363636362,-0.2089392780149704
-2.8181818181818183,-0.6363636363636362,-0.25559642429868845
-2.757575757575758,-0.6363636363636362,-0.30131502807347404
-2.696969696969697,-0.6363636363636362,-0.34592721197872106
-2.6363636363636362,-0.6363636363636362,-0.38926916139485335
-2.5757575757575757,-0.6363636363636362,-0.4311817259657632
-2.515151515151515,-0.6363636363636362,-0.47151100399421025
-2.4545454545454546,-0.6363636363636362,-0.5101089075643008
-2.393939393939394,-0.6363636363636362,-0.5468337063159345
-2.333333333333333,-0.6363636363636362,-0.5815505478744942
-2.2727272727272725,-0.6363636363636362,-0.6141319530247753
-2.212121212121212,-0.6363636363636362,-0.6444582838108942
-2.1515151515151514,-0.6363636363636362,-0.6724181828433226
-2.090909090909091,-0.6363636363636362,-0.6979089821999271
-2.0303030303030303,-0.6363636363636362,-0.7208370804195433
-1.9696969696969697,-0.6363636363636362,-0.741118286203771
-1.9090909090909092,-0.6363636363636362,-0.7586781275649322
-1.8484848484848484,-0.6363636363636362,-0.773452125285007
-1.7878787878787878,-0.6363636363636362,-0.7853860296814135
-1.7272727272727273,-0.6363636363636362,-0.7944360198102388
-1.6666666666666665,-0.6363636363636362,-0.8005688643754482
-1.606060606060606,-0.6363636363636362,-0.8037620437532208
-1.5454545454545454,-0.6363636363636362,-0.8040038326833425
-1.4848484848484849,-0.6363636363636362,-0.8012933433240148
-1.4242424242424243,-0.6363636363636362,-0.7956405285119827
-1.3636363636363635,-0.6363636363636362,-0.7870661452160138
-1.303030303030303,-0.6363636363636362,-0.7756016783179223
-1.2424242424242424,-0.6363636363636362,-0.7612892250010139
-1.1818181818181817,-0.6363636363636362,-0.7441813401704755
-1.121212121212121,-0.6363636363636362,-0.7243408434733167
-1.0606060606060606,-0.6363636363636362,-0.701840588626485
-1.0,-0.6363636363636362,-0.6767631959001719
-0.9393939393939394,-0.6363636363636362,-0.6492007487386251
-0.8787878787878789,-0.6363636363636362,-0.6192544556324653
-0.8181818181818183,-0.6363636363636362,-0.5870342784841026
-0.7575757575757573,-0.6363636363636362,-0.5526585288308834
-0.6969696969696968,-0.6363636363636362,-0.5162534334086261
-0.6363636363636362,-0.6363636363636362,-0.47795267065077984
-0.5757575757575757,-0.6363636363636362,-0.43789687982517256
-0.5151515151515151,-0.6363636363636362,-0.3962331446107794
-0.4545454545454546,-0.6363636363636362,-0.3531144530108045
-0.39393939393939403,-0.6363636363636362,-0.3086991355852595
-0.33333333333333304,-0.6363636363636362,-0.2631502840658298
-0.2727272727272725,-0.6363636363636362,-0.21663515248786244
-0.21212121212121193,-0.6363636363636362,-0.1693245430384937
-0.15151515151515138,-0.6363636363636362,-0.121392178876072
-0.09090909090909083,-0.6363636363636362,-0.07301406622385923
-0.030303030303030276,-0.6363636363636362,-0.024367848080385668
0.030303030303030276,-0.6363636363636362,0.024367848080385668
0.09090909090909083,-0.6363636363636362,0.07301406622385923
0.15151515151515138,-0.6363636363636362,0.121392178876072
0.21212121212121238,-0.6363636363636362,0.16932454303849404
0.27272727272727293,-0.6363636363636362,0.2166351524878628
0.3333333333333335,-0.6363636363636362,0.26315028406583013
0.39393939393939403,-0.6363636363636362,0.3086991355852595
0.4545454545454546,-0.6363636363636362,0.3531144530108045
0.5151515151515151,-0.6363636363636362,0.3962331446107794
0.5757575757575757,-0.6363636363636362,0.43789687982517256
0.6363636363636367,-0.6363636363636362,0.4779526706507801
0.6969696969696972,-0.6363636363636362,0.5162534334086264
0.7575757575757578,-0.6363636363636362,0.5526585288308837
0.8181818181818183,-0.6363636363636362,0.5870342784841026
0.8787878787878789,-0.6363636363636362,0.6192544556324653
0.9393939393939394,-0.6363636363636362,0.6492007487386251
1.0,-0.6363636363636362,0.6767631959001719
1.0606060606060606,-0.6363636363636362,0.701840588626485
1.121212121212121,-0.6363636363636362,0.7243408434733167
1.1818181818181817,-0.6363636363636362,0.7441813401704755
1.2424242424242422,-0.6363636363636362,0.7612892250010139
1.3030303030303028,-0.6363636363636362,0.7756016783179221
1.3636363636363633,-0.6363636363636362,0.7870661452160138
1.4242424242424248,-0.6363636363636362,0.7956405285119829
1.4848484848484853,-0.6363636363636362,0.8012933433240148
1.5454545454545459,-0.6363636363636362,0.8040038326833425
1.6060606060606064,-0.6363636363636362,0.8037620437532208
1.666666666666667,-0.6363636363636362,0.8005688643754482
1.7272727272727275,-0.6363636363636362,0.7944360198102388
1.787878787878788,-0.6363636363636362,0.7853860296814135
1.8484848484848486,-0.6363636363636362,0.773452125285007
1.9090909090909092,-0.6363636363636362,0.7586781275649322
1.9696969696969697,-0.6363636363636362,0.741118286203771
2.0303030303030303,-0.6363636363636362,0.7208370804195433
2.090909090909091,-0.6363636363636362,0.6979089821999271
2.1515151515151514,-0.6363636363636362,0.6724181828433226
2.212121212121212,-0.6363636363636362,0.6444582838108942
2.2727272727272725,-0.6363636363636362,0.6141319530247753
2.333333333333334,-0.6363636363636362,0.5815505478744938
2.3939393939393945,-0.6363636363636362,0.5468337063159342
2.454545454545455,-0.6363636363636362,0.5101089075643006
2.5151515151515156,-0.6363636363636362,0.47151100399421003
2.575757575757576,-0.6363636363636362,0.43118172596576293
2.6363636363636367,-0.6363636363636362,0.389269161394853
2.6969696969696972,-0.6363636363636362,0.3459272119787208
2.757575757575758,-0.6363636363636362,0.30131502807347404
2.8181818181818183,-0.6363636363636362,0.25559642429868845
2.878787878787879,-0.6363636363636362,0.2089392780149704
2.9393939393939394,-0.6363636363636362,0.16151491288325492
3.0,-0.6363636363636362,0.1134974697693908
-3.0,-0.5757575757575757,-0.11836864961672443
-2.9393939393939394,-0.5757575757575757,-0.1684469457319109
-2.878787878787879,-0.5757575757575757,-0.21790670964539294
-2.8181818181818183,-0.5757575757575757,-0.2665663265672066
-2.757575757575758,-0.5757575757575757,-0.31424711982347103
-2.696969696969697,-0.5757575757575757,-0.3607740069518501
-2.6363636363636362,-0.5757575757575757,-0.4059761425991732
-2.5757575757575757,-0.5757575757575757,-0.44968754586052007
-2.515151515151515,-0.5757575757575757,-0.49174770975619253
-2.4545454545454546,-0.5757575757575757,-0.5320021906085959
-2.393939393939394,-0.5757575757575757,-0.5703031751548541
-2.333333333333333,-0.5757575757575757,-0.6065100233127392
-2.2727272727272725,-0.5757575757575757,-0.6404897846068914
-2.212121212121212,-0.5757575757575757,-0.6721176863590334
-2.1515151515151514,-0.5757575757575757,-0.7012775918495527
-2.090909090909091,-0.5757575757575757,-0.7278624267681006
-2.0303030303030303,-0.5757575757575757,-0.7517745723872934
-1.9696969696969697,-0.5757575757575757,-0.7729262240157895
-1.9090909090909092,-0.5757575757575757,-0.7912397134145208
-1.8484848484848484,-0.5757575757575757,-0.8066477939921677
-1.7878787878787878,-0.5757575757575757,-0.8190938877326529
-1.7272727272727273,-0.5757575757575757,-0.8285322929479438
-1.6666666666666665,-0.5757575757575757,-0.8349283520932983
-1.606060606060606,-0.5757575757575757,-0.8382585790287436
-1.5454545454545454,-0.5757575757575757,-0.8385107452594881
-1.4848484848484849,-0.5757575757575757,-0.8356839248385922
-1.4242424242424243,-0.5757575757575757,-0.8297884977670179
-1.3636363636363635,-0.5757575757575757,-0.8208461118785727
-1.303030303030303,-0.5757575757575757,-0.808889603349704
-1.2424242424242424,-0.5757575757575757,-0.7939628761260303
-1.1818181818181817,-0.5757575757575757,-0.7761207407083525
-1.121212121212121,-0.5757575757575757,-0.7554287128901153
-1.0606060606060606,-0.5757575757575757,-0.7319627731853527
-1.0,-0.5757575757575757,-0.7058090878304877
-0.9393939393939394,-0.5757575757575757,-0.6770636923844608
-0.8787878787878789,-0.5757575757575757,-0.6458321390889994
-0.8181818181818183,-0.5757575757575757,-0.6122291092839077
-0.7575757575757573,-0.5757575757575757,-0.57637799230058
-0.6969696969696968,-0.5757575757575757,-0.5384104323800261
-0.6363636363636362,-0.5757575757575757,-0.49846584527911203
-0.5757575757575757,-0.5757575757575757,-0.4566909063400255
-0.5151515151515151,-0.5757575757575757,-0.4132390119027584
-0.4545454545454546,-0.5757575757575757,-0.36826971603828357
-0.39393939393939403,-0.5757575757575757,-0.32194814467072697
-0.33333333333333304,-0.5757575757575757,-0.27444438923985803
-0.2727272727272725,-0.5757575757575757,-0.22593288213035637
-0.21212121212121193,-0.5757575757575757,-0.17659175616125292
-0.15151515151515138,-0.5757575757575757,-0.12660219048748955
-0.09090909090909083,-0.5757575757575757,-0.07614774531542136
-0.030303030303030276,-0.5757575757575757,-0.025413687875169132
0.030303030303030276,-0.5757575757575757,0.025413687875169132
0.09090909090909083,-0.5757575757575757,0.07614774531542136
0.15151515151515138,-0.5757575757575757,0.12660219048748955
0.21212121212121238,-0.5757575757575757,0.17659175616125328
0.27272727272727293,-0.5757575757575757,0.22593288213035673
0.3333333333333335,-0.5757575757575757,0.27444438923985837
0.39393939393939403,-0.5757575757575757,0.32194814467072697
0.4545454545454546,-0.5757575757575757,0.36826971603828357
0.5151515151515151,-0.5757575757575757,0.4132390119027584
0.5757575757575757,-0.5757575757575757,0.4566909063400255
0.6363636363636367,-0.5757575757575757,0.4984658452791123
0.6969696969696972,-0.5757575757575757,0.5384104323800264
0.7575757575757578,-0.5757575757575757,0.5763779923005802
0.8181818181818183,-0.5757575757575757,0.6122291092839077
0.8787878787878789,-0.5757575757575757,0.6458321390889994
0.9393939393939394,-0.5757575757575757,0.6770636923844608
1.0,-0.5757575757575757,0.7058090878304877
1.0606060606060606,-0.5757575757575757,0.7319627731853527
1.121212121212121,-0.5757575757575757,0.7554287128901153
1.1818181818181817,-0.5757575757575757,0.7761207407083525
1.2424242424242422,-0.5757575757575757,0.7939628761260302
1.3030303030303028,-0.5757575757575757,0.808889603349704
1.3636363636363633,-0.5757575757575757,0.8208461118785727
1.4242424242424248,-0.5757575757575757,0.829788497767018
1.4848484848484853,-0.5757575757575757,0.8356839248385922
1.5454545454545459,-0.5757575757575757,0.8385107452594881
1.6060606060606064,-0.5757575757575757,0.8382585790287436
1.666666666666667,-0.5757575757575757,0.8349283520932983
1.7272727272727275,-0.5757575757575757,0.8285322929479438
1.787878787878788,-0.5757575757575757,0.8190938877326529
1.8484848484848486,-0.5757575757575757,0.8066477939921676
1.9090909090909092,-0.5757575757575757,0.7912397134145208
1.9696969696969697,-0.5757575757575757,0.7729262240157895
2.0303030303030303,-0.5757575757575757,0.7517745723872934
2.090909090909091,-0.5757575757575757,0.7278624267681006
2.1515151515151514,-0.5757575757575757,0.7012775918495527
2.212121212121212,-0.5757575757575757,0.6721176863590334
2.2727272727272725,-0.5757575757575757,0.6404897846068914
2.333333333333334,-0.5757575757575757,0.6065100233127387
2.3939393939393945,-0.5757575757575757,0.5703031751548538
2.454545454545455,-0.5757575757575757,0.5320021906085955
2.5151515151515156,-0.5757575757575757,0.49174770975619225
2.575757575757576,-0.5757575757575757,0.4496875458605198
2.6363636363636367,-0.5757575757575757,0.40597614259917286
2.6969696969696972,-0.5757575757575757,0.36077400695184975
2.757575757575758,-0.5757575757575757,0.31424711982347103
2.8181818181818183,-0.5757575757575757,0.2665663265672066
2.878787878787879,-0.5757575757575757,0.21790670964539294
2.9393939393939394,-0.5757575757575757,0.1684469457319109
3.0,-0.5757575757575757,0.11836864961672443
-3.0,-0.5151515151515151,-0.12280518328426486
-2.9393939393939394,-0.5151515151515151,-0.1747604463788625
-2.878787878787879,-0.5151515151515151,-0.22607399428414707
-2.8181818181818183,-0.5151515151515151,-0.2765574051701756
-2.757575757575758,-0.5151515151515151,-0.32602530544558234
-2.696969696969697,-0.5151515151515151,-0.3742960504439235
-2.6363636363636362,-0.5151515151515151,-0.4211923914175169
-2.5757575757575757,-0.5151515151515151,-0.4665421263896025
-2.515151515151515,-0.5151515151515151,-0.5101787324749057
-2.4545454545454546,-0.5151515151515151,-0.551941977346746
-2.393939393939394,-0.5151515151515151,-0.5916785076054004
-2.333333333333333,-0.5151515151515151,-0.6292424118872516
-2.2727272727272725,-0.5151515151515151,-0.6644957566469974
-2.212121212121212,-0.5151515151515151,-0.69730909264555
-2.1515151515151514,-0.5151515151515151,-0.7275619302838118
-2.090909090909091,-0.5151515151515151,-0.755143182036919
-2.0303030303030303,-0.5151515151515151,-0.7799515703643471
-1.9696969696969697,-0.5151515151515151,-0.8018959995980434
-1.9090909090909092,-0.5151515151515151,-0.820895890443025
-1.8484848484848484,-0.5151515151515151,-0.8368814758621671
-1.7878787878787878,-0.5151515151515151,-0.8497940572586983
-1.7272727272727273,-0.5151515151515151,-0.8595862200157125
-1.6666666666666665,-0.5151515151515151,-0.8662220076012395
-1.606060606060606,-0.5151515151515151,-0.8696770535995658
-1.5454545454545454,-0.5151515151515151,-0.8699386711839934
-1.4848484848484849,-0.5151515151515151,-0.8670058997024914
-1.4242424242424243,-0.5151515151515151,-0.8608895082051823
-1.3636363636363635,-0.5151515151515151,-0.8516119559007082
-1.303030303030303,-0.5151515151515151,-0.839207309686681
-1.2424242424242424,-0.5151515151515151,-0.8237211190570427
-1.1818181818181817,-0.5151515151515151,-0.8052102488456703
-1.121212121212121,-0.5151515151515151,-0.7837426704203885
-1.0606060606060606,-0.5151515151515151,-0.7593972120941181
-1.0,-0.5151515151515151,-0.7322632696696418
-0.9393939393939394,-0.5151515151515151,-0.7024404781808622
-0.8787878787878789,-0.5151515151515151,-0.6700383460359034
-0.8181818181818183,-0.5151515151515151,-0.6351758529054771
-0.7575757575757573,-0.5151515151515151,-0.5979810128330502
-0.6969696969696968,-0.5151515151515151,-0.558590404171066
-0.6363636363636362,-0.5151515151515151,-0.5171486680692718
-0.5757575757575757,-0.5151515151515151,-0.47380797735669783
-0.5151515151515151,-0.5151515151515151,-0.42872747776752984
-0.4545454545454546,-0.5151515151515151,-0.3820727035626808
-0.39393939393939403,-0.5151515151515151,-0.3340149696928825
-0.33333333333333304,-0.5151515151515151,-0.28473074273525323
-0.2727272727272725,-0.5151515151515151,-0.23440099291324853
-0.21212121212121193,-0.5151515151515151,-0.18321052957935224
-0.15151515151515138,-0.5151515151515151,-0.13134732260060233
-0.09090909090909083,-0.5151515151515151,-0.07900181213879946
-0.030303030303030276,-0.5151515151515151,-0.026366209359866558
0.030303030303030276,-0.5151515151515151,0.026366209359866558
0.09090909090909083,-0.5151515151515151,0.07900181213879946
0.15151515151515138,-0.5151515151515151,0.13134732260060233
0.21212121212121238,-0.5151515151515151,0.18321052957935263
0.27272727272727293,-0.5151515151515151,0.23440099291324892
0.3333333333333335,-0.5151515151515151,0.28473074273525356
0.39393939393939403,-0.5151515151515151,0.3340149696928825
0.4545454545454546,-0.5151515151515151,0.3820727035626808
0.5151515151515151,-0.5151515151515151,0.42872747776752984
0.5757575757575757,-0.5151515151515151,0.47380797735669783
0.6363636363636367,-0.5151515151515151,0.5171486680692721
0.6969696969696972,-0.5151515151515151,0.5585904041710662
0.7575757575757578,-0.5151515151515151,0.5979810128330505
0.8181818181818183,-0.5151515151515151,0.6351758529054771
0.8787878787878789,-0.5151515151515151,0.6700383460359034
0.9393939393939394,-0.5151515151515151,0.7024404781808622
1.0,-0.5151515151515151,0.7322632696696418
1.0606060606060606,-0.5151515151515151,0.7593972120941181
1.121212121212121,-0.5151515151515151,0.7837426704203885
1.1818181818181817,-0.5151515151515151,0.8052102488456703
1.2424242424242422,-0.5151515151515151,0.8237211190570426
1.3030303030303028,-0.5151515151515151,0.839207309686681
1.3636363636363633,-0.5151515151515151,0.8516119559007082
1.4242424242424248,-0.5151515151515151,0.8608895082051824
1.4848484848484853,-0.5151515151515151,0.8670058997024914
1.5454545454545459,-0.5151515151515151,0.8699386711839934
1.6060606060606064,-0.5151515151515151,0.8696770535995658
1.666666666666667,-0.5151515151515151,0.8662220076012395
1.7272727272727275,-0.5151515151515151,0.8595862200157125
1.787878787878788,-0.5151515151515151,0.8497940572586983
1.8484848484848486,-0.5151515151515151,0.836881475862167
1.9090909090909092,-0.5151515151515151,0.820895890443025
1.9696969696969697,-0.5151515151515151,0.8018959995980434
2.0303030303030303,-0.5151515151515151,0.7799515703643471
2.090909090909091,-0.5151515151515151,0.755143182036919
2.1515151515151514,-0.5151515151515151,0.7275619302838118
2.212121212121212,-0.5151515151515151,0.69730909264555
2.2727272727272725,-0.5151515151515151,0.6644957566469974
2.333333333333334,-0.5151515151515151,0.6292424118872512
2.3939393939393945,-0.5151515151515151,0.5916785076054001
2.454545454545455,-0.5151515151515151,0.5519419773467457
2.5151515151515156,-0.5151515151515151,0.5101787324749054
2.575757575757576,-0.5151515151515151,0.4665421263896022
2.6363636363636367,-0.5151515151515151,0.4211923914175166
2.6969696969696972,-0.5151515151515151,0.37429605044392317
2.757575757575758,-0.5151515151515151,0.32602530544558234
2.8181818181818183,-0.5151515151515151,0.2765574051701756
2.878787878787879,-0.5151515151515151,0.22607399428414707
2.9393939393939394,-0.5151515151515151,0.1747604463788625
3.0,-0.5151515151515151,0.12280518328426486
-3.0,-0.4545454545454546,-0.12679077995162708
-2.9393939393939394,-0.4545454545454546,-0.18043223183650103
-2.878787878787879,-0.4545454545454546,-0.23341114190364506
-2.8181818181818183,-0.4545454545454546,-0.28553297316252285
-2.757575757575758,-0.4545454545454546,-0.33660633579062765
-2.696969696969697,-0.4545454545454546,-0.3864436899112495
-2.6363636363636362,-0.4545454545454546,-0.4348620342343528
-2.5757575757575757,-0.4545454545454546,-0.4816835780319024
-2.515151515151515,-0.4545454545454546,-0.5267363939801558
-2.4545454545454546,-0.4545454545454546,-0.5698550494717103
-2.393939393939394,-0.4545454545454546,-0.6108812140791432
-2.333333333333333,-0.4545454545454546,-0.6496642409396588
-2.2727272727272725,-0.4545454545454546,-0.6860617199259101
-2.212121212121212,-0.4545454545454546,-0.7199400005717757
-2.1515151515151514,-0.4545454545454546,-0.7511746828329163
-2.090909090909091,-0.4545454545454546,-0.779651073880058
-2.0303030303030303,-0.4545454545454546,-0.805264609247669
-1.9696969696969697,-0.4545454545454546,-0.8279212367915826
-1.9090909090909092,-0.4545454545454546,-0.8475377620456894
-1.8484848484848484,-0.4545454545454546,-0.8640421537095556
-1.7878787878787878,-0.4545454545454546,-0.8773738081452266
-1.7272727272727273,-0.4545454545454546,-0.8874837719119937
-1.6666666666666665,-0.4545454545454546,-0.8943349215219799
-1.606060606060606,-0.4545454545454546,-0.8979020997564892
-1.5454545454545454,-0.4545454545454546,-0.898172208042569
-1.4848484848484849,-0.4545454545454546,-0.8951442545505834
-1.4242424242424243,-0.4545454545454546,-0.8888293578361816
-1.3636363636363635,-0.4545454545454546,-0.8792507060132905
-1.303030303030303,-0.4545454545454546,-0.8664434716080468
-1.2424242424242424,-0.4545454545454546,-0.8504546824063209
-1.1818181818181817,-0.4545454545454546,-0.8313430487690787
-1.121212121212121,-0.4545454545454546,-0.8091787480496728
-1.0606060606060606,-0.4545454545454546,-0.7840431669046776
-1.0,-0.4545454545454546,-0.7560286024444925
-0.9393939393939394,-0.4545454545454546,-0.7252379233210844
-0.8787878787878789,-0.4545454545454546,-0.6917841919973398
-0.8181818181818183,-0.4545454545454546,-0.6557902495850461
-0.7575757575757573,-0.4545454545454546,-0.6173882647759628
-0.6969696969696968,-0.4545454545454546,-0.576719248522296
-0.6363636363636362,-0.4545454545454546,-0.5339325362486518
-0.5757575757575757,-0.4545454545454546,-0.489185239496776
-0.5151515151515151,-0.4545454545454546,-0.44264166901662033
-0.4545454545454546,-0.4545454545454546,-0.39447273142212874
-0.39393939393939403,-0.4545454545454546,-0.34485530162720746
-0.33333333333333304,-0.4545454545454546,-0.29397157336627266
-0.2727272727272725,-0.4545454545454546,-0.24200839018424905
-0.21212121212121193,-0.4545454545454546,-0.18915655935259792
-0.15151515151515138,-0.4545454545454546,-0.13561015123066217
-0.09090909090909083,-0.4545454545454546,-0.08156578664504752
-0.030303030303030276,-0.4545454545454546,-0.02722191490376377
0.030303030303030276,-0.4545454545454546,0.02722191490376377
0.09090909090909083,-0.4545454545454546,0.08156578664504752
0.15151515151515138,-0.4545454545454546,0.13561015123066217
0.21212121212121238,-0.4545454545454546,0.1891565593525983
0.27272727272727293,-0.4545454545454546,0.24200839018424944
0.3333333333333335,-0.4545454545454546,0.293971573366273
0.39393939393939403,-0.4545454545454546,0.34485530162720746
0.4545454545454546,-0.4545454545454546,0.39447273142212874
0.5151515151515151,-0.4545454545454546,0.44264166901662033
0.5757575757575757,-0.4545454545454546,0.489185239496776
0.6363636363636367,-0.4545454545454546,0.533932536248652
0.6969696969696972,-0.4545454545454546,0.5767192485222963
0.7575757575757578,-0.4545454545454546,0.6173882647759631
0.8181818181818183,-0.4545454545454546,0.6557902495850461
0.8787878787878789,-0.4545454545454546,0.6917841919973398
0.9393939393939394,-0.4545454545454546,0.7252379233210844
1.0,-0.4545454545454546,0.7560286024444925
1.0606060606060606,-0.4545454545454546,0.7840431669046776
1.121212121212121,-0.4545454545454546,0.8091787480496728
1.1818181818181817,-0.4545454545454546,0.8313430487690787
1.2424242424242422,-0.4545454545454546,0.8504546824063208
1.3030303030303028,-0.4545454545454546,0.8664434716080467
1.3636363636363633,-0.4545454545454546,0.8792507060132905
1.4242424242424248,-0.4545454545454546,0.8888293578361817
1.4848484848484853,-0.4545454545454546,0.8951442545505834
1.5454545454545459,-0.4545454545454546,0.898172208042569
1.6060606060606064,-0.4545454545454546,0.8979020997564892
1.666666666666667,-0.4545454545454546,0.8943349215219799
1.7272727272727275,-0.4545454545454546,0.8874837719119937
1.787878787878788,-0.4545454545454546,0.8773738081452266
1.8484848484848486,-0.4545454545454546,0.8640421537095555
1.9090909090909092,-0.4545454545454546,0.8475377620456894
1.9696969696969697,-0.4545454545454546,0.8279212367915826
2.0303030303030303,-0.4545454545454546,0.805264609247669
2.090909090909091,-0.4545454545454546,0.779651073880058
2.1515151515151514,-0.4545454545454546,0.7511746828329163
2.212121212121212,-0.4545454545454546,0.7199400005717757
2.2727272727272725,-0.4545454545454546,0.6860617199259101
2.333333333333334,-0.4545454545454546,0.6496642409396584
2.3939393939393945,-0.4545454545454546,0.610881214079143
2.454545454545455,-0.4545454545454546,0.56985504947171
2.5151515151515156,-0.4545454545454546,0.5267363939801556
2.575757575757576,-0.4545454545454546,0.48168357803190215
2.6363636363636367,-0.4545454545454546,0.4348620342343525
2.6969696969696972,-0.4545454545454546,0.3864436899112491
2.757575757575758,-0.4545454545454546,0.33660633579062765
2.8181818181818183,-0.4545454545454546,0.28553297316252285
2.878787878787879,-0.4545454545454546,0.23341114190364506
2.9393939393939394,-0.4545454545454546,0.18043223183650103
3.0,-0.4545454545454546,0.12679077995162708
-3.0,-0.39393939393939403,-0.13031080462575104
-2.9393939393939394,-0.39393939393939403,-0.18544147547640963
-2.878787878787879,-0.39393939393939403,-0.23989121071487676
-2.8181818181818183,-0.39393939393939403,-0.2934600725240972
-2.757575757575758,-0.39393939393939403,-0.3459513576281896
-2.696969696969697,-0.39393939393939403,-0.39717231958105736
-2.6363636363636362,-0.39393939393939403,-0.44693487652563507
-2.5757575757575757,-0.39393939393939403,-0.49505630182490606
-2.515151515151515,-0.39393939393939403,-0.541359895028707
-2.4545454545454546,-0.39393939393939403,-0.5856756307125531
-2.393939393939394,-0.39393939393939403,-0.6278407828059684
-2.333333333333333,-0.39393939393939403,-0.667700522117802
-2.2727272727272725,-0.39393939393939403,-0.705108484864437
-2.212121212121212,-0.39393939393939403,-0.7399273101132764
-2.1515151515151514,-0.39393939393939403,-0.772029144168022
-2.090909090909091,-0.39393939393939403,-0.8012961100436662
-2.0303030303030303,-0.39393939393939403,-0.8276207403072935
-1.9696969696969697,-0.39393939393939403,-0.850906371695315
-1.9090909090909092,-0.39393939393939403,-0.871067500058113
-1.8484848484848484,-0.39393939393939403,-0.888030094328749
-1.7878787878787878,-0.39393939393939403,-0.901731868362851
-1.7272727272727273,-0.39393939393939403,-0.9121225096514939
-1.6666666666666665,-0.39393939393939403,-0.9191638640672434
-1.606060606060606,-0.39393939393939403,-0.9228300759649831
-1.5454545454545454,-0.39393939393939403,-0.9231076831230792
-1.4848484848484849,-0.39393939393939403,-0.9199956661762592
-1.4242424242424243,-0.39393939393939403,-0.9135054523586916
-1.3636363636363635,-0.39393939393939403,-0.9036608735435201
-1.303030303030303,-0.39393939393939403,-0.8904980787329304
-1.2424242424242424,-0.39393939393939403,-0.8740654013200828
-1.1818181818181817,-0.39393939393939403,-0.8544231816103235
-1.121212121212121,-0.39393939393939403,-0.8316435452533676
-1.0606060606060606,-0.39393939393939403,-0.8058101384000473
-1.0,-0.39393939393939403,-0.77701782055612
-0.9393939393939394,-0.39393939393939403,-0.7453723162609701
-0.8787878787878789,-0.39393939393939403,-0.710989826870227
-0.8181818181818183,-0.39393939393939403,-0.6739966038678257
-0.7575757575757573,-0.39393939393939403,-0.6345284852742915
-0.6969696969696968,-0.39393939393939403,-0.5927303968535486
-0.6363636363636362,-0.39393939393939403,-0.5487558199498
-0.5757575757575757,-0.39393939393939403,-0.5027662279085741
-0.5151515151515151,-0.39393939393939403,-0.45493049315137496
-0.4545454545454546,-0.39393939393939403,-0.40542426708114687
-0.39393939393939403,-0.39393939393939403,-0.3544293350955192
-0.33333333333333304,-0.39393939393939403,-0.3021329490762029
-0.2727272727272725,-0.39393939393939403,-0.248727139805622
-0.21212121212121193,-0.39393939393939403,-0.19440801183555895
-0.15151515151515138,-0.39393939393939403,-0.13937502339704314
-0.09090909090909083,-0.39393939393939403,-0.08383025399562646
-0.030303030303030276,-0.39393939393939403,-0.027977662381417183
0.030303030303030276,-0.39393939393939403,0.027977662381417183
0.09090909090909083,-0.39393939393939403,0.08383025399562646
0.15151515151515138,-0.39393939393939403,0.13937502339704314
0.21212121212121238,-0.39393939393939403,0.19440801183555936
0.27272727272727293,-0.39393939393939403,0.24872713980562242
0.3333333333333335,-0.39393939393939403,0.3021329490762033
0.39393939393939403,-0.39393939393939403,0.3544293350955192
0.4545454545454546,-0.39393939393939403,0.40542426708114687
0.5151515151515151,-0.39393939393939403,0.45493049315137496
0.5757575757575757,-0.39393939393939403,0.5027662279085741
0.6363636363636367,-0.39393939393939403,0.5487558199498004
0.6969696969696972,-0.39393939393939403,0.5927303968535489
0.7575757575757578,-0.39393939393939403,0.6345284852742918
0.8181818181818183,-0.39393939393939403,0.6739966038678257
0.8787878787878789,-0.39393939393939403,0.710989826870227
0.9393939393939394,-0.39393939393939403,0.7453723162609701
1.0,-0.39393939393939403,0.77701782055612
1.0606060606060606,-0.39393939393939403,0.8058101384000473
1.121212121212121,-0.39393939393939403,0.8316435452533676
1.1818181818181817,-0.39393939393939403,0.8544231816103235
1.2424242424242422,-0.39393939393939403,0.8740654013200827
1.3030303030303028,-0.39393939393939403,0.8904980787329303
1.3636363636363633,-0.39393939393939403,0.9036608735435201
1.4242424242424248,-0.39393939393939403,0.9135054523586917
1.4848484848484853,-0.39393939393939403,0.9199956661762592
1.5454545454545459,-0.39393939393939403,0.9231076831230792
1.6060606060606064,-0.39393939393939403,0.9228300759649831
1.666666666666667,-0.39393939393939403,0.9191638640672434
1.7272727272727275,-0.39393939393939403,0.9121225096514939
1.787878787878788,-0.39393939393939403,0.901731868362851
1.8484848484848486,-0.39393939393939403,0.8880300943287489
1.9090909090909092,-0.39393939393939403,0.871067500058113
1.9696969696969697,-0.39393939393939403,0.850906371695315
2.0303030303030303,-0.39393939393939403,0.8276207403072935
2.090909090909091,-0.39393939393939403,0.8012961100436662
2.1515151515151514,-0.39393939393939403,0.772029144168022
2.212121212121212,-0.39393939393939403,0.7399273101132764
2.2727272727272725,-0.39393939393939403,0.705108484864437
2.333333333333334,-0.39393939393939403,0.6677005221178014
2.3939393939393945,-0.39393939393939403,0.6278407828059681
2.454545454545455,-0.39393939393939403,0.5856756307125529
2.5151515151515156,-0.39393939393939403,0.5413598950287066
2.575757575757576,-0.39393939393939403,0.4950563018249058
2.6363636363636367,-0.39393939393939403,0.44693487652563474
2.6969696969696972,-0.39393939393939403,0.397172319581057
2.757575757575758,-0.39393939393939403,0.3459513576281896
2.8181818181818183,-0.39393939393939403,0.2934600725240972
2.878787878787879,-0.39393939393939403,0.23989121071487676
2.9393939393939394,-0.39393939393939403,0.18544147547640963
3.0,-0.39393939393939403,0.13031080462575104
-3.0,-0.33333333333333304,-0.13335233188016332
-2.9393939393939394,-0.33333333333333304,-0.18976978350412682
-2.878787878787879,-0.33333333333333304,-0.24549040609686176
-2.8181818181818183,-0.33333333333333304,-0.3003095951805436
-2.757575757575758,-0.33333333333333304,-0.3540260563145266
-2.696969696969697,-0.33333333333333304,-0.40644254424257564
-2.6363636363636362,-0.33333333333333304,-0.4573665871716108
-2.5757575757575757,-0.33333333333333304,-0.5066111935224396
-2.515151515151515,-0.33333333333333304,-0.5539955385573035
-2.4545454545454546,-0.33333333333333304,-0.5993456283629653
-2.393939393939394,-0.33333333333333304,-0.6424949387512118
-2.333333333333333,-0.33333333333333304,-0.683285026730747
-2.2727272727272725,-0.33333333333333304,-0.7215661123051683
-2.212121212121212,-0.33333333333333304,-0.7571976284606835
-2.1515151515151514,-0.33333333333333304,-0.7900487373240266
-2.090909090909091,-0.33333333333333304,-0.8199988105952576
-2.0303030303030303,-0.33333333333333304,-0.8469378724913125
-1.9696969696969697,-0.33333333333333304,-0.8707670035738241
-1.9090909090909092,-0.33333333333333304,-0.8913987039783746
-1.8484848484848484,-0.33333333333333304,-0.9087572147114087
-1.7878787878787878,-0.33333333333333304,-0.9227787958350165
-1.7272727272727273,-0.33333333333333304,-0.9334119605181008
-1.6666666666666665,-0.33333333333333304,-0.9406176640944973
-1.606060606060606,-0.33333333333333304,-0.9443694474338337
-1.5454545454545454,-0.33333333333333304,-0.9446535340986736
-1.4848484848484849,-0.33333333333333304,-0.9414688809311876
-1.4242424242424243,-0.33333333333333304,-0.9348271818835979
-1.3636363636363635,-0.33333333333333304,-0.9247528250783316
-1.303030303030303,-0.33333333333333304,-0.9112828032555564
-1.2424242424242424,-0.33333333333333304,-0.8944665779369333
-1.1818181818181817,-0.33333333333333304,-0.874365897804372
-1.121212121212121,-0.33333333333333304,-0.851054571960698
-1.0606060606060606,-0.33333333333333304,-0.8246181989048104
-1.0,-0.33333333333333304,-0.795153852216525
-0.9393939393939394,-0.33333333333333304,-0.7627697241052629
-0.8787878787878789,-0.33333333333333304,-0.7275847281314562
-0.8181818181818183,-0.33333333333333304,-0.6897280625594729
-0.7575757575757573,-0.33333333333333304,-0.6493387359454114
-0.6969696969696968,-0.33333333333333304,-0.6065650567017958
-0.6363636363636362,-0.33333333333333304,-0.5615640885134711
-0.5757575757575757,-0.33333333333333304,-0.5145010736043991
-0.5151515151515151,-0.33333333333333304,-0.4655488259731009
-0.4545454545454546,-0.33333333333333304,-0.4148870968247655
-0.39393939393939403,-0.33333333333333304,-0.36270191453014283
-0.33333333333333304,-0.33333333333333304,-0.30918490153486833
-0.2727272727272725,-0.33333333333333304,-0.25453257072751284
-0.21212121212121193,-0.33333333333333304,-0.19894560385006724
-0.15151515151515138,-0.33333333333333304,-0.1426281146005233
-0.09090909090909083,-0.33333333333333304,-0.0857868991334128
-0.030303030303030276,-0.33333333333333304,-0.028630676710445505
0.030303030303030276,-0.33333333333333304,0.028630676710445505
0.09090909090909083,-0.33333333333333304,0.0857868991334128
0.15151515151515138,-0.33333333333333304,0.1426281146005233
0.21212121212121238,-0.33333333333333304,0.19894560385006765
0.27272727272727293,-0.33333333333333304,0.2545325707275133
0.3333333333333335,-0.33333333333333304,0.30918490153486866
0.39393939393939403,-0.33333333333333304,0.36270191453014283
0.4545454545454546,-0.33333333333333304,0.4148870968247655
0.5151515151515151,-0.33333333333333304,0.4655488259731009
0.5757575757575757,-0.33333333333333304,0.5145010736043991
0.6363636363636367,-0.33333333333333304,0.5615640885134714
0.6969696969696972,-0.33333333333333304,0.6065650567017962
0.7575757575757578,-0.33333333333333304,0.6493387359454117
0.8181818181818183,-0.33333333333333304,0.6897280625594729
0.8787878787878789,-0.33333333333333304,0.7275847281314562
0.9393939393939394,-0.33333333333333304,0.7627697241052629
1.0,-0.33333333333333304,0.795153852216525
1.0606060606060606,-0.33333333333333304,0.8246181989048104
1.121212121212121,-0.33333333333333304,0.851054571960698
1.1818181818181817,-0.33333333333333304,0.874365897804372
1.2424242424242422,-0.33333333333333304,0.8944665779369332
1.3030303030303028,-0.33333333333333304,0.9112828032555563
1.3636363636363633,-0.33333333333333304,0.9247528250783316
1.4242424242424248,-0.33333333333333304,0.934827181883598
1.4848484848484853,-0.33333333333333304,0.9414688809311876
1.5454545454545459,-0.33333333333333304,0.9446535340986736
1.6060606060606064,-0.33333333333333304,0.9443694474338337
1.666666666666667,-0.33333333333333304,0.9406176640944973
1.7272727272727275,-0.33333333333333304,0.9334119605181008
1.787878787878788,-0.33333333333333304,0.9227787958350165
1.8484848484848486,-0.33333333333333304,0.9087572147114086
1.9090909090909092,-0.33333333333333304,0.8913987039783746
1.9696969696969697,-0.33333333333333304,0.8707670035738241
2.0303030303030303,-0.33333333333333304,0.8469378724913125
2.090909090909091,-0.33333333333333304,0.8199988105952576
2.1515151515151514,-0.33333333333333304,0.7900487373240266
2.212121212121212,-0.33333333333333304,0.7571976284606835
2.2727272727272725,-0.33333333333333304,0.7215661123051683
2.333333333333334,-0.33333333333333304,0.6832850267307465
2.3939393939393945,-0.33333333333333304,0.6424949387512114
2.454545454545455,-0.33333333333333304,0.599345628362965
2.5151515151515156,-0.33333333333333304,0.5539955385573032
2.575757575757576,-0.33333333333333304,0.5066111935224393
2.6363636363636367,-0.33333333333333304,0.4573665871716104
2.6969696969696972,-0.33333333333333304,0.4064425442425753
2.757575757575758,-0.33333333333333304,0.3540260563145266
2.8181818181818183,-0.33333333333333304,0.3003095951805436
2.878787878787879,-0.33333333333333304,0.24549040609686176
2.9393939393939394,-0.33333333333333304,0.18976978350412682
3.0,-0.33333333333333304,0.13335233188016332
-3.0,-0.2727272727272725,-0.13590419331676057
-2.9393939393939394,-0.2727272727272725,-0.19340126250061543
-2.878787878787879,-0.2727272727272725,-0.2501881679697936
-2.8181818181818183,-0.2727272727272725,-0.30605638988729117
-2.757575757575758,-0.2727272727272725,-0.36080078179492925
-2.696969696969697,-0.2727272727272725,-0.4142203239050803
-2.6363636363636362,-0.2727272727272725,-0.4661188612393802
-2.5757575757575757,-0.2727272727272725,-0.516305823904008
-2.515151515151515,-0.2727272727272725,-0.5645969268566978
-2.4545454545454546,-0.2727272727272725,-0.6108148465959621
-2.393939393939394,-0.2727272727272725,-0.6547898722877435
-2.333333333333333,-0.2727272727272725,-0.6963605289385782
-2.2727272727272725,-0.2727272727272725,-0.7353741703269934
-2.212121212121212,-0.2727272727272725,-0.7716875395159183
-2.1515151515151514,-0.2727272727272725,-0.805167294887919
-2.090909090909091,-0.2727272727272725,-0.8356904997716725
-2.0303030303030303,-0.2727272727272725,-0.8631450738617881
-1.9696969696969697,-0.2727272727272725,-0.887430204774372
-1.9090909090909092,-0.2727272727272725,-0.9084567182271195
-1.8484848484848484,-0.2727272727272725,-0.9261474054846421
-1.7878787878787878,-0.2727272727272725,-0.9404373068666584
-1.7272727272727273,-0.2727272727272725,-0.9512739502780198
-1.6666666666666665,-0.2727272727272725,-0.9586175438846909
-1.606060606060606,-0.2727272727272725,-0.9624411222281876
-1.5454545454545454,-0.2727272727272725,-0.9627306452419419
-1.4848484848484849,-0.2727272727272725,-0.9594850498060121
-1.4242424242424243,-0.2727272727272725,-0.9527162536508273
-1.3636363636363635,-0.2727272727272725,-0.9424491115956339
-1.303030303030303,-0.2727272727272725,-0.9287213242823343
-1.2424242424242424,-0.2727272727272725,-0.9115832997398454
-1.1818181818181817,-0.2727272727272725,-0.8910979682873076
-1.121212121212121,-0.2727272727272725,-0.8673405514558143
-1.0606060606060606,-0.2727272727272725,-0.8403982857771757
-1.0,-0.2727272727272725,-0.8103701024539529
-0.9393939393939394,-0.2727272727272725,-0.777366264087011
-0.8787878787878789,-0.2727272727272725,-0.7415079597945086
-0.8181818181818183,-0.2727272727272725,-0.702926860209042
-0.7575757575757573,-0.2727272727272725,-0.6617646339869768
-0.6969696969696968,-0.2727272727272725,-0.6181724276053338
-0.6363636363636362,-0.2727272727272725,-0.5723103103563947
-0.5757575757575757,-0.2727272727272725,-0.5243466865779977
-0.5151515151515151,-0.2727272727272725,-0.47445767727778965
-0.4545454545454546,-0.2727272727272725,-0.42282647342209667
-0.39393939393939403,-0.2727272727272725,-0.36964266326411493
-0.33333333333333304,-0.2727272727272725,-0.31510153618145237
-0.2727272727272725,-0.2727272727272725,-0.2594033655793135
-0.21212121212121193,-0.2727272727272725,-0.20275267349247716
-0.15151515151515138,-0.2727272727272725,-0.1453574795864369
-0.09090909090909083,-0.2727272727272725,-0.08742853731534232
-0.030303030303030276,-0.2727272727272725,-0.0291785600415501
0.030303030303030276,-0.2727272727272725,0.0291785600415501
0.09090909090909083,-0.2727272727272725,0.08742853731534232
0.15151515151515138,-0.2727272727272725,0.1453574795864369
0.21212121212121238,-0.2727272727272725,0.20275267349247758
0.27272727272727293,-0.2727272727272725,0.25940336557931387
0.3333333333333335,-0.2727272727272725,0.31510153618145276
0.39393939393939403,-0.2727272727272725,0.36964266326411493
0.4545454545454546,-0.2727272727272725,0.42282647342209667
0.5151515151515151,-0.2727272727272725,0.47445767727778965
0.5757575757575757,-0.2727272727272725,0.5243466865779977
0.6363636363636367,-0.2727272727272725,0.572310310356395
0.6969696969696972,-0.2727272727272725,0.6181724276053341
0.7575757575757578,-0.2727272727272725,0.6617646339869772
0.8181818181818183,-0.2727272727272725,0.702926860209042
0.8787878787878789,-0.2727272727272725,0.7415079597945086
0.9393939393939394,-0.2727272727272725,0.777366264087011
1.0,-0.2727272727272725,0.8103701024539529
1.0606060606060606,-0.2727272727272725,0.8403982857771757
1.121212121212121,-0.2727272727272725,0.8673405514558143
1.1818181818181817,-0.2727272727272725,0.8910979682873076
1.2424242424242422,-0.2727272727272725,0.9115832997398454
1.3030303030303028,-0.2727272727272725,0.9287213242823342
1.3636363636363633,-0.2727272727272725,0.9424491115956339
1.4242424242424248,-0.2727272727272725,0.9527162536508275
1.4848484848484853,-0.2727272727272725,0.9594850498060121
1.5454545454545459,-0.2727272727272725,0.9627306452419419
1.6060606060606064,-0.2727272727272725,0.9624411222281876
1.666666666666667,-0.2727272727272725,0.9586175438846909
1.7272727272727275,-0.2727272727272725,0.9512739502780198
1.787878787878788,-0.2727272727272725,0.9404373068666584
1.8484848484848486,-0.2727272727272725,0.926147405484642
1.9090909090909092,-0.2727272727272725,0.9084567182271195
1.9696969696969697,-0.2727272727272725,0.887430204774372
2.0303030303030303,-0.2727272727272725,0.8631450738617881
2.090909090909091,-0.2727272727272725,0.8356904997716725
2.1515151515151514,-0.2727272727272725,0.805167294887919
2.212121212121212,-0.2727272727272725,0.7716875395159183
2.2727272727272725,-0.2727272727272725,0.7353741703269934
2.333333333333334,-0.2727272727272725,0.6963605289385777
2.3939393939393945,-0.2727272727272725,0.6547898722877432
2.454545454545455,-0.2727272727272725,0.6108148465959617
2.5151515151515156,-0.2727272727272725,0.5645969268566975
2.575757575757576,-0.2727272727272725,0.5163058239040077
2.6363636363636367,-0.2727272727272725,0.4661188612393798
2.6969696969696972,-0.2727272727272725,0.4142203239050799
2.757575757575758,-0.2727272727272725,0.36080078179492925
2.8181818181818183,-0.2727272727272725,0.30605638988729117
2.878787878787879,-0.2727272727272725,0.2501881679697936
2.9393939393939394,-0.2727272727272725,0.19340126250061543
3.0,-0.2727272727272725,0.13590419331676057
-3.0,-0.21212121212121193,-0.1379570185758372
-2.9393939393939394,-0.21212121212121193,-0.19632257778242734
-2.878787878787879,-0.21212121212121193,-0.2539672462910448
-2.8181818181818183,-0.21212121212121193,-0.3106793545841792
-2.757575757575758,-0.21212121212121193,-0.36625065747784447
-2.696969696969697,-0.21212121212121193,-0.4204770987917341
-2.6363636363636362,-0.21212121212121193,-0.4731595606374776
-2.5757575757575757,-0.21212121212121193,-0.5241045945736383
-2.515151515151515,-0.21212121212121193,-0.5731251319426666
-2.4545454545454546,-0.21212121212121193,-0.6200411707814761
-2.393939393939394,-0.21212121212121193,-0.6646804367833282
-2.333333333333333,-0.21212121212121193,-0.70687901588399
-2.2727272727272725,-0.21212121212121193,-0.7464819561493282
-2.212121212121212,-0.21212121212121193,-0.7833438367542288
-2.1515151515151514,-0.21212121212121193,-0.8173293019635643
-2.090909090909091,-0.21212121212121193,-0.8483135581544494
-2.0303030303030303,-0.21212121212121193,-0.8761828320547321
-1.9696969696969697,-0.21212121212121193,-0.9008347885150835
-1.9090909090909092,-0.21212121212121193,-0.9221789062806393
-1.8484848484848484,-0.21212121212121193,-0.9401368103823694
-1.7878787878787878,-0.21212121212121193,-0.9546425599276454
-1.7272727272727273,-0.21212121212121193,-0.9656428902332485
-1.6666666666666665,-0.21212121212121193,-0.9730974084117099
-1.606060606060606,-0.21212121212121193,-0.9769787416927992
-1.5454545454545454,-0.21212121212121193,-0.9772726379355261
-1.4848484848484849,-0.21212121212121193,-0.9739780179615817
-1.4242424242424243,-0.21212121212121193,-0.9671069795180481
-1.3636363636363635,-0.21212121212121193,-0.95668475285483
-1.303030303030303,-0.21212121212121193,-0.942749608079923
-1.2424242424242424,-0.21212121212121193,-0.9253527146327087
-1.1818181818181817,-0.21212121212121193,-0.9045579533912879
-1.121212121212121,-0.21212121212121193,-0.880441682103785
-1.0606060606060606,-0.21212121212121193,-0.8530924550049571
-1.0,-0.21212121212121193,-0.8226106976476616
-0.9393939393939394,-0.21212121212121193,-0.7891083381431987
-0.8787878787878789,-0.21212121212121193,-0.7527083961645968
-0.8181818181818183,-0.21212121212121193,-0.7135445312220128
-0.7575757575757573,-0.21212121212121193,-0.6717605518689641
-0.6969696969696968,-0.21212121212121193,-0.6275098876415757
-0.6363636363636362,-0.21212121212121193,-0.5809550256698603
-0.5757575757575757,-0.21212121212121193,-0.5322669140297852
-0.5151515151515151,-0.21212121212121193,-0.4816243340269935
-0.4545454545454546,-0.21212121212121193,-0.429213243717139
-0.39393939393939403,-0.21212121212121193,-0.3752260950734066
-0.33333333333333304,-0.21212121212121193,-0.3198611273085597
-0.2727272727272725,-0.21212121212121193,-0.26332163894641664
-0.21212121212121193,-0.21212121212121193,-0.2058152413156831
-0.15151515151515138,-0.21212121212121193,-0.1475530962072962
-0.09090909090909083,-0.21212121212121193,-0.0887491404945742
-0.030303030303030276,-0.21212121212121193,-0.02961930056334672
0.030303030303030276,-0.21212121212121193,0.02961930056334672
0.09090909090909083,-0.21212121212121193,0.0887491404945742
0.15151515151515138,-0.21212121212121193,0.1475530962072962
0.21212121212121238,-0.21212121212121193,0.20581524131568354
0.27272727272727293,-0.21212121212121193,0.2633216389464171
0.3333333333333335,-0.21212121212121193,0.3198611273085601
0.39393939393939403,-0.21212121212121193,0.3752260950734066
0.4545454545454546,-0.21212121212121193,0.429213243717139
0.5151515151515151,-0.21212121212121193,0.4816243340269935
0.5757575757575757,-0.21212121212121193,0.5322669140297852
0.6363636363636367,-0.21212121212121193,0.5809550256698607
0.6969696969696972,-0.21212121212121193,0.627509887641576
0.7575757575757578,-0.21212121212121193,0.6717605518689644
0.8181818181818183,-0.21212121212121193,0.7135445312220128
0.8787878787878789,-0.21212121212121193,0.7527083961645968
0.9393939393939394,-0.21212121212121193,0.7891083381431987
1.0,-0.21212121212121193,0.8226106976476616
1.0606060606060606,-0.21212121212121193,0.8530924550049571
1.121212121212121,-0.21212121212121193,0.880441682103785
1.1818181818181817,-0.21212121212121193,0.9045579533912879
1.2424242424242422,-0.21212121212121193,0.9253527146327086
1.3030303030303028,-0.21212121212121193,0.9427496080799229
1.3636363636363633,-0.21212121212121193,0.95668475285483
1.4242424242424248,-0.21212121212121193,0.9671069795180482
1.4848484848484853,-0.21212121212121193,0.9739780179615817
1.5454545454545459,-0.21212121212121193,0.9772726379355261
1.6060606060606064,-0.21212121212121193,0.9769787416927992
1.666666666666667,-0.21212121212121193,0.9730974084117099
1.7272727272727275,-0.21212121212121193,0.9656428902332485
1.787878787878788,-0.21212121212121193,0.9546425599276454
1.8484848484848486,-0.21212121212121193,0.9401368103823693
1.9090909090909092,-0.21212121212121193,0.9221789062806393
1.9696969696969697,-0.21212121212121193,0.9008347885150835
2.0303030303030303,-0.21212121212121193,0.8761828320547321
2.090909090909091,-0.21212121212121193,0.8483135581544494
2.1515151515151514,-0.21212121212121193,0.8173293019635643
2.212121212121212,-0.21212121212121193,0.7833438367542288
2.2727272727272725,-0.21212121212121193,0.7464819561493282
2.333333333333334,-0.21212121212121193,0.7068790158839896
2.3939393939393945,-0.21212121212121193,0.6646804367833279
2.454545454545455,-0.21212121212121193,0.6200411707814758
2.5151515151515156,-0.21212121212121193,0.5731251319426662
2.575757575757576,-0.21212121212121193,0.524104594573638
2.6363636363636367,-0.21212121212121193,0.4731595606374772
2.6969696969696972,-0.21212121212121193,0.4204770987917337
2.757575757575758,-0.21212121212121193,0.36625065747784447
2.8181818181818183,-0.21212121212121193,0.3106793545841792
2.878787878787879,-0.21212121212121193,0.2539672462910448
2.9393939393939394,-0.21212121212121193,0.19632257778242734
3.0,-0.21212121212121193,0.1379570185758372
-3.0,-0.15151515151515138,-0.13950326974376887
-2.9393939393939394,-0.15151515151515138,-0.19852300236626655
-2.878787878787879,-0.15151515151515138,-0.2568137643968129
-2.8181818181818183,-0.15151515151515138,-0.31416151388159813
-2.757575757575758,-0.15151515151515138,-0.3703556715809837
-2.696969696969697,-0.15151515151515138,-0.4251898942102421
-2.6363636363636362,-0.15151515151515138,-0.4784628321259923
-2.5757575757575757,-0.15151515151515138,-0.529978868676136
-2.515151515151515,-0.15151515151515138,-0.5795488384984165
-2.4545454545454546,-0.15151515151515138,-0.6269907221300328
-2.393939393939394,-0.15151515151515138,-0.6721303143777224
-2.333333333333333,-0.15151515151515138,-0.7148018639940785
-2.2727272727272725,-0.15151515151515138,-0.7548486823112255
-2.212121212121212,-0.15151515151515138,-0.7921237185969743
-2.1515151515151514,-0.15151515151515138,-0.8264901000207593
-2.090909090909091,-0.15151515151515138,-0.8578216342466238
-2.0303030303030303,-0.15151515151515138,-0.8860032728077449
-1.9696969696969697,-0.15151515151515138,-0.9109315335609994
-1.9090909090909092,-0.15151515151515138,-0.9325148806703332
-1.8484848484848484,-0.15151515151515138,-0.9506740607236426
-1.7878787878787878,-0.15151515151515138,-0.9653423937489594
-1.7272727272727273,-0.15151515151515138,-0.9764660180613355
-1.6666666666666665,-0.15151515151515138,-0.9840040880413566
-1.606060606060606,-0.15151515151515138,-0.9879289241190485
-1.5454545454545454,-0.15151515151515138,-0.988226114412439
-1.4848484848484849,-0.15151515151515138,-0.9848945676475621
-1.4242424242424243,-0.15151515151515138,-0.9779465171655843
-1.3636363636363635,-0.15151515151515138,-0.9674074760023371
-1.303030303030303,-0.15151515151515138,-0.9533161432052045
-1.2424242424242424,-0.15151515151515138,-0.9357242617313655
-1.1818181818181817,-0.15151515151515138,-0.9146964284491862
-1.121212121212121,-0.15151515151515138,-0.8903098569404304
-1.0606060606060606,-0.15151515151515138,-0.8626540939742711
-1.0,-0.15151515151515138,-0.8318306906942028
-0.9393939393939394,-0.15151515151515138,-0.7979528297252474
-0.8787878787878789,-0.15151515151515138,-0.7611449095707029
-0.8181818181818183,-0.15151515151515138,-0.7215420878245192
-0.7575757575757573,-0.15151515151515138,-0.6792897848766114
-0.6969696969696968,-0.15151515151515138,-0.6345431499334907
-0.6363636363636362,-0.15151515151515138,-0.5874664913149661
-0.5757575757575757,-0.15151515151515138,-0.5382326731188561
-0.5151515151515151,-0.15151515151515138,-0.4870224804691346
-0.4545454545454546,-0.15151515151515138,-0.4340239556783034
-0.39393939393939403,-0.15151515151515138,-0.3794317077615842
-0.33333333333333304,-0.15151515151515138,-0.32344619783837053
-0.2727272727272725,-0.15151515151515138,-0.26627300304492935
-0.21212121212121193,-0.15151515151515138,-0.20812206166123565
-0.15151515151515138,-0.15151515151515138,-0.14920690222382044
-0.09090909090909083,-0.15151515151515138,-0.08974385945530058
-0.030303030303030276,-0.15151515151515138,-0.029951279889677388
0.030303030303030276,-0.15151515151515138,0.029951279889677388
0.09090909090909083,-0.15151515151515138,0.08974385945530058
0.15151515151515138,-0.15151515151515138,0.14920690222382044
0.21212121212121238,-0.15151515151515138,0.2081220616612361
0.27272727272727293,-0.15151515151515138,0.2662730030449298
0.3333333333333335,-0.15151515151515138,0.3234461978383709
0.39393939393939403,-0.15151515151515138,0.3794317077615842
0.4545454545454546,-0.15151515151515138,0.4340239556783034
0.5151515151515151,-0.15151515151515138,0.4870224804691346
0.5757575757575757,-0.15151515151515138,0.5382326731188561
0.6363636363636367,-0.15151515151515138,0.5874664913149664
0.6969696969696972,-0.15151515151515138,0.634543149933491
0.7575757575757578,-0.15151515151515138,0.6792897848766117
0.8181818181818183,-0.15151515151515138,0.7215420878245192
0.8787878787878789,-0.15151515151515138,0.7611449095707029
0.9393939393939394,-0.15151515151515138,0.7979528297252474
1.0,-0.15151515151515138,0.8318306906942028
1.0606060606060606,-0.15151515151515138,0.8626540939742711
1.121212121212121,-0.15151515151515138,0.8903098569404304
1.1818181818181817,-0.15151515151515138,0.9146964284491862
1.2424242424242422,-0.15151515151515138,0.9357242617313654
1.3030303030303028,-0.15151515151515138,0.9533161432052044
1.3636363636363633,-0.15151515151515138,0.9674074760023371
1.4242424242424248,-0.15151515151515138,0.9779465171655845
1.4848484848484853,-0.15151515151515138,0.9848945676475621
1.5454545454545459,-0.15151515151515138,0.988226114412439
1.6060606060606064,-0.15151515151515138,0.9879289241190485
1.666666666666667,-0.15151515151515138,0.9840040880413566
1.7272727272727275,-0.15151515151515138,0.9764660180613355
1.787878787878788,-0.15151515151515138,0.9653423937489594
1.8484848484848486,-0.15151515151515138,0.9506740607236425
1.9090909090909092,-0.15151515151515138,0.9325148806703332
1.9696969696969697,-0.15151515151515138,0.9109315335609994
2.0303030303030303,-0.15151515151515138,0.8860032728077449
2.090909090909091,-0.15151515151515138,0.8578216342466238
2.1515151515151514,-0.15151515151515138,0.8264901000207593
2.212121212121212,-0.15151515151515138,0.7921237185969743
2.2727272727272725,-0.15151515151515138,0.7548486823112255
2.333333333333334,-0.15151515151515138,0.714801863994078
2.3939393939393945,-0.15151515151515138,0.6721303143777221
2.454545454545455,-0.15151515151515138,0.6269907221300325
2.5151515151515156,-0.15151515151515138,0.5795488384984162
2.575757575757576,-0.15151515151515138,0.5299788686761356
2.6363636363636367,-0.15151515151515138,0.4784628321259919
2.6969696969696972,-0.15151515151515138,0.4251898942102417
2.757575757575758,-0.15151515151515138,0.3703556715809837
2.8181818181818183,-0.15151515151515138,0.31416151388159813
2.878787878787879,-0.15151515151515138,0.2568137643968129
2.9393939393939394,-0.15151515151515138,0.19852300236626655
3.0,-0.15151515151515138,0.13950326974376887
-3.0,-0.09090909090909083,-0.14053726903200833
-2.9393939393939394,-0.09090909090909083,-0.19999445635815447
-2.878787878787879,-0.09090909090909083,-0.2587172699568198
-2.8181818181818183,-0.09090909090909083,-0.31649008139361745
-2.757575757575758,-0.09090909090909083,-0.3731007506139954
-2.696969696969697,-0.09090909090909083,-0.4283414049152423
-2.6363636363636362,-0.09090909090909083,-0.48200920224890065
-2.5757575757575757,-0.09090909090909083,-0.5339070760507705
-2.515151515151515,-0.09090909090909083,-0.5838444588635023
-2.4545454545454546,-0.09090909090909083,-0.6316379820946629
-2.393939393939394,-0.09090909090909083,-0.6771121493407828
-2.333333333333333,-0.09090909090909083,-0.7200999808049581
-2.2727272727272725,-0.09090909090909083,-0.7604436264417246
-2.212121212121212,-0.09090909090909083,-0.797994945577756
-2.1515151515151514,-0.09090909090909083,-0.8326160508800338
-2.090909090909091,-0.09090909090909083,-0.8641798146740547
-2.0303030303030303,-0.09090909090909083,-0.8925703357528912
-1.9696969696969697,-0.09090909090909083,-0.9176833649629946
-1.9090909090909092,-0.09090909090909083,-0.9394266880040026
-1.8484848484848484,-0.09090909090909083,-0.9577204640369233
-1.7878787878787878,-0.09090909090909083,-0.9724975188573327
-1.7272727272727273,-0.09090909090909083,-0.9837035915570675
-1.6666666666666665,-0.09090909090909083,-0.9912975337686741
-1.606060606060606,-0.09090909090909083,-0.9952514607609965
-1.5454545454545454,-0.09090909090909083,-0.9955508538310845
-1.4848484848484849,-0.09090909090909083,-0.9921946136164417
-1.4242424242424243,-0.09090909090909083,-0.9851950641318512
-1.3636363636363635,-0.09090909090909083,-0.9745779075159587
-1.303030303030303,-0.09090909090909083,-0.9603821296537797
-1.2424242424242424,-0.09090909090909083,-0.9426598570216821
-1.1818181818181817,-0.09090909090909083,-0.9214761652805081
-1.121212121212121,-0.09090909090909083,-0.8969088403196721
-1.0606060606060606,-0.09090909090909083,-0.8690480926296762
-1.0,-0.09090909090909083,-0.8379962260518569
-0.9393939393939394,-0.09090909090909083,-0.803867262121707
-0.8787878787878789,-0.09090909090909083,-0.7667865213851698
-0.8181818181818183,-0.09090909090909083,-0.7268901632253018
-0.7575757575757573,-0.09090909090909083,-0.6843246858890455
-0.6969696969696968,-0.09090909090909083,-0.6392463885500018
-0.6363636363636362,-0.09090909090909083,-0.5918207973824865
-0.5757575757575757,-0.09090909090909083,-0.5422220577543155
-0.5151515151515151,-0.09090909090909083,-0.4906322947701661
-0.4545454545454546,-0.09090909090909083,-0.43724094451357975
-0.39393939393939403,-0.09090909090909083,-0.38224405844326775
-0.33333333333333304,-0.09090909090909083,-0.32584358349795345
-0.2727272727272725,-0.09090909090909083,-0.26824662055318954
-0.21212121212121193,-0.09090909090909083,-0.20966466395306663
-0.15151515151515138,-0.09090909090909083,-0.15031282490924008
-0.09090909090909083,-0.09090909090909083,-0.0904090416189236
-0.030303030303030276,-0.09090909090909083,-0.030173279002276475
0.030303030303030276,-0.09090909090909083,0.030173279002276475
0.09090909090909083,-0.09090909090909083,0.0904090416189236
0.15151515151515138,-0.09090909090909083,0.15031282490924008
0.21212121212121238,-0.09090909090909083,0.20966466395306707
0.27272727272727293,-0.09090909090909083,0.26824662055319
0.3333333333333335,-0.09090909090909083,0.32584358349795384
0.39393939393939403,-0.09090909090909083,0.38224405844326775
0.4545454545454546,-0.09090909090909083,0.43724094451357975
0.5151515151515151,-0.09090909090909083,0.4906322947701661
0.5757575757575757,-0.09090909090909083,0.5422220577543155
0.6363636363636367,-0.09090909090909083,0.5918207973824868
0.6969696969696972,-0.09090909090909083,0.6392463885500022
0.7575757575757578,-0.09090909090909083,0.6843246858890458
0.8181818181818183,-0.09090909090909083,0.7268901632253018
0.8787878787878789,-0.09090909090909083,0.7667865213851698
0.9393939393939394,-0.09090909090909083,0.803867262121707
1.0,-0.09090909090909083,0.8379962260518569
1.0606060606060606,-0.09090909090909083,0.8690480926296762
1.121212121212121,-0.09090909090909083,0.8969088403196721
1.1818181818181817,-0.09090909090909083,0.9214761652805081
1.2424242424242422,-0.09090909090909083,0.942659857021682
1.3030303030303028,-0.09090909090909083,0.9603821296537796
1.3636363636363633,-0.09090909090909083,0.9745779075159587
1.4242424242424248,-0.09090909090909083,0.9851950641318513
1.4848484848484853,-0.09090909090909083,0.9921946136164417
1.5454545454545459,-0.09090909090909083,0.9955508538310845
1.6060606060606064,-0.09090909090909083,0.9952514607609965
1.666666666666667,-0.09090909090909083,0.9912975337686741
1.7272727272727275,-0.09090909090909083,0.9837035915570675
1.787878787878788,-0.09090909090909083,0.9724975188573327
1.8484848484848486,-0.09090909090909083,0.9577204640369232
1.9090909090909092,-0.09090909090909083,0.9394266880040026
1.9696969696969697,-0.09090909090909083,0.9176833649629946
2.0303030303030303,-0.09090909090909083,0.8925703357528912
2.090909090909091,-0.09090909090909083,0.8641798146740547
2.1515151515151514,-0.09090909090909083,0.8326160508800338
2.212121212121212,-0.09090909090909083,0.797994945577756
2.2727272727272725,-0.09090909090909083,0.7604436264417246
2.333333333333334,-0.09090909090909083,0.7200999808049575
2.3939393939393945,-0.09090909090909083,0.6771121493407825
2.454545454545455,-0.09090909090909083,0.6316379820946626
2.5151515151515156,-0.09090909090909083,0.583844458863502
2.575757575757576,-0.09090909090909083,0.5339070760507701
2.6363636363636367,-0.09090909090909083,0.48200920224890026
2.6969696969696972,-0.09090909090909083,0.4283414049152419
2.757575757575758,-0.09090909090909083,0.3731007506139954
2.8181818181818183,-0.09090909090909083,0.31649008139361745
2.878787878787879,-0.09090909090909083,0.2587172699568198
2.9393939393939394,-0.09090909090909083,0.19999445635815447
3.0,-0.09090909090909083,0.14053726903200833
-3.0,-0.030303030303030276,-0.14105521962575715
-2.9393939393939394,-0.030303030303030276,-0.20073153662256166
-2.878787878787879,-0.030303030303030276,-0.2596707733549589
-2.8181818181818183,-0.030303030303030276,-0.3176565066892172
-2.757575757575758,-0.030303030303030276,-0.37447581472787567
-2.696969696969697,-0.030303030303030276,-0.42992005865265426
-2.6363636363636362,-0.030303030303030276,-0.48378564884002057
-2.5757575757575757,-0.030303030303030276,-0.5358747924362668
-2.515151515151515,-0.030303030303030276,-0.5859962196470169
-2.4545454545454546,-0.030303030303030276,-0.6339658860742523
-2.393939393939394,-0.030303030303030276,-0.6796076485218984
-2.333333333333333,-0.030303030303030276,-0.7227539117884291
-2.2727272727272725,-0.030303030303030276,-0.7632462440714886
-2.212121212121212,-0.030303030303030276,-0.800935958724784
-2.1515151515151514,-0.030303030303030276,-0.8356846602310515
-2.090909090909091,-0.030303030303030276,-0.8673647523863012
-2.0303030303030303,-0.030303030303030276,-0.8958599068293045
-1.9696969696969697,-0.030303030303030276,-0.9210654901958945
-1.9090909090909092,-0.030303030303030276,-0.9428889483295846
-1.8484848484848484,-0.030303030303030276,-0.9612501461376929
-1.7878787878787878,-0.030303030303030276,-0.9760816618450315
-1.7272727272727273,-0.030303030303030276,-0.9873290345646714
-1.6666666666666665,-0.030303030303030276,-0.9949509642767074
-1.606060606060606,-0.030303030303030276,-0.9989194634807101
-1.5454545454545454,-0.030303030303030276,-0.9992199599649992
-1.4848484848484849,-0.030303030303030276,-0.9958513503153736
-1.4242424242424243,-0.030303030303030276,-0.9888260039668161
-1.3636363636363635,-0.030303030303030276,-0.9781697177832936
-1.303030303030303,-0.030303030303030276,-0.9639216213324364
-1.2424242424242424,-0.030303030303030276,-0.9461340332029223
-1.1818181818181817,-0.030303030303030276,-0.924872268892168
-1.121212121212121,-0.030303030303030276,-0.9002144009697537
-1.0606060606060606,-0.030303030303030276,-0.872250972397258
-1.0,-0.030303030303030276,-0.8410846640571804
-0.9393939393939394,-0.030303030303030276,-0.8068299177117794
-0.8787878787878789,-0.030303030303030276,-0.769612515776306
-0.8181818181818183,-0.030303030303030276,-0.7295691194496964
-0.7575757575757573,-0.030303030303030276,-0.686846766898692
-0.6969696969696968,-0.030303030303030276,-0.6416023333380414
-0.6363636363636362,-0.030303030303030276,-0.5940019549893513
-0.5757575757575757,-0.030303030303030276,-0.5442204190337964
-0.5151515151515151,-0.030303030303030276,-0.49244052179876074
-0.4545454545454546,-0.030303030303030276,-0.4388523975351304
-0.39393939393939403,-0.030303030303030276,-0.38365282024994946
-0.33333333333333304,-0.030303030303030276,-0.3270444811580864
-0.2727272727272725,-0.030303030303030276,-0.26923524440609076
-0.21212121212121193,-0.030303030303030276,-0.21043738380119392
-0.15151515151515138,-0.030303030303030276,-0.15086680334816982
-0.09090909090909083,-0.030303030303030276,-0.09074224445621595
-0.030303030303030276,-0.030303030303030276,-0.030284482726969736
0.030303030303030276,-0.030303030303030276,0.030284482726969736
0.09090909090909083,-0.030303030303030276,0.09074224445621595
0.15151515151515138,-0.030303030303030276,0.15086680334816982
0.21212121212121238,-0.030303030303030276,0.21043738380119437
0.27272727272727293,-0.030303030303030276,0.2692352444060912
0.3333333333333335,-0.030303030303030276,0.32704448115808676
0.39393939393939403,-0.030303030303030276,0.38365282024994946
0.4545454545454546,-0.030303030303030276,0.4388523975351304
0.5151515151515151,-0.030303030303030276,0.49244052179876074
0.5757575757575757,-0.030303030303030276,0.5442204190337964
0.6363636363636367,-0.030303030303030276,0.5940019549893516
0.6969696969696972,-0.030303030303030276,0.6416023333380417
0.7575757575757578,-0.030303030303030276,0.6868467668986923
0.8181818181818183,-0.030303030303030276,0.7295691194496964
0.8787878787878789,-0.030303030303030276,0.769612515776306
0.9393939393939394,-0.030303030303030276,0.8068299177117794
1.0,-0.030303030303030276,0.8410846640571804
1.0606060606060606,-0.030303030303030276,0.872250972397258
1.121212121212121,-0.030303030303030276,0.9002144009697537
1.1818181818181817,-0.030303030303030276,0.924872268892168
1.2424242424242422,-0.030303030303030276,0.9461340332029222
1.3030303030303028,-0.030303030303030276,0.9639216213324363
1.3636363636363633,-0.030303030303030276,0.9781697177832936
1.4242424242424248,-0.030303030303030276,0.9888260039668162
1.4848484848484853,-0.030303030303030276,0.9958513503153736
1.5454545454545459,-0.030303030303030276,0.9992199599649992
1.6060606060606064,-0.030303030303030276,0.9989194634807101
1.666666666666667,-0.030303030303030276,0.9949509642767074
1.7272727272727275,-0.030303030303030276,0.9873290345646714
1.787878787878788,-0.030303030303030276,0.9760816618450315
1.8484848484848486,-0.030303030303030276,0.9612501461376928
1.9090909090909092,-0.030303030303030276,0.9428889483295846
1.9696969696969697,-0.030303030303030276,0.9210654901958945
2.0303030303030303,-0.030303030303030276,0.8958599068293045
2.090909090909091,-0.030303030303030276,0.8673647523863012
2.1515151515151514,-0.030303030303030276,0.8356846602310515
2.212121212121212,-0.030303030303030276,0.800935958724784
2.2727272727272725,-0.030303030303030276,0.7632462440714886
2.333333333333334,-0.030303030303030276,0.7227539117884285
2.3939393939393945,-0.030303030303030276,0.679607648521898
2.454545454545455,-0.030303030303030276,0.633965886074252
2.5151515151515156,-0.030303030303030276,0.5859962196470165
2.575757575757576,-0.030303030303030276,0.5358747924362665
2.6363636363636367,-0.030303030303030276,0.4837856488400202
2.6969696969696972,-0.030303030303030276,0.42992005865265387
2.757575757575758,-0.030303030303030276,0.37447581472787567
2.8181818181818183,-0.030303030303030276,0.3176565066892172
2.878787878787879,-0.030303030303030276,0.2596707733549589
2.9393939393939394,-0.030303030303030276,0.20073153662256166
3.0,-0.030303030303030276,0.14105521962575715
-3.0,0.030303030303030276,-0.14105521962575715
-2.9393939393939394,0.030303030303030276,-0.20073153662256166
-2.878787878787879,0.030303030303030276,-0.2596707733549589
-2.8181818181818183,0.030303030303030276,-0.3176565066892172
-2.757575757575758,0.030303030303030276,-0.37447581472787567
-2.696969696969697,0.030303030303030276,-0.42992005865265426
-2.6363636363636362,0.030303030303030276,-0.48378564884002057
-2.5757575757575757,0.030303030303030276,-0.5358747924362668
-2.515151515151515,0.030303030303030276,-0.5859962196470169
-2.4545454545454546,0.030303030303030276,-0.6339658860742523
-2.393939393939394,0.030303030303030276,-0.6796076485218984
-2.333333333333333,0.030303030303030276,-0.7227539117884291
-2.2727272727272725,0.030303030303030276,-0.7632462440714886
-2.212121212121212,0.030303030303030276,-0.800935958724784
-2.1515151515151514,0.030303030303030276,-0.8356846602310515
-2.090909090909091,0.030303030303030276,-0.8673647523863012
-2.0303030303030303,0.030303030303030276,-0.8958599068293045
-1.9696969696969697,0.030303030303030276,-0.9210654901958945
-1.9090909090909092,0.030303030303030276,-0.9428889483295846
-1.8484848484848484,0.030303030303030276,-0.9612501461376929
-1.7878787878787878,0.030303030303030276,-0.9760816618450315
-1.7272727272727273,0.030303030303030276,-0.9873290345646714
-1.6666666666666665,0.030303030303030276,-0.9949509642767074
-1.606060606060606,0.030303030303030276,-0.9989194634807101
-1.5454545454545454,0.030303030303030276,-0.9992199599649992
-1.4848484848484849,0.030303030303030276,-0.9958513503153736
-1.4242424242424243,0.030303030303030276,-0.9888260039668161
-1.3636363636363635,0.030303030303030276,-0.9781697177832936
-1.303030303030303,0.030303030303030276,-0.9639216213324364
-1.2424242424242424,0.030303030303030276,-0.9461340332029223
-1.1818181818181817,0.030303030303030276,-0.924872268892168
-1.121212121212121,0.030303030303030276,-0.9002144009697537
-1.0606060606060606,0.030303030303030276,-0.872250972397258
-1.0,0.030303030303030276,-0.8410846640571804
-0.9393939393939394,0.030303030303030276,-0.8068299177117794
-0.8787878787878789,0.030303030303030276,-0.769612515776306
-0.8181818181818183,0.030303030303030276,-0.7295691194496964
-0.7575757575757573,0.030303030303030276,-0.686846766898692
-0.6969696969696968,0.030303030303030276,-0.6416023333380414
-0.6363636363636362,0.030303030303030276,-0.5940019549893513
-0.5757575757575757,0.030303030303030276,-0.5442204190337964
-0.5151515151515151,0.030303030303030276,-0.49244052179876074
-0.4545454545454546,0.030303030303030276,-0.4388523975351304
-0.39393939393939403,0.030303030303030276,-0.38365282024994946
-0.33333333333333304,0.030303030303030276,-0.3270444811580864
-0.2727272727272725,0.030303030303030276,-0.26923524440609076
-0.21212121212121193,0.030303030303030276,-0.21043738380119392
-0.15151515151515138,0.030303030303030276,-0.15086680334816982
-0.09090909090909083,0.030303030303030276,-0.09074224445621595
-0.030303030303030276,0.030303030303030276,-0.030284482726969736
0.030303030303030276,0.030303030303030276,0.030284482726969736
0.09090909090909083,0.030303030303030276,0.09074224445621595
0.15151515151515138,0.030303030303030276,0.15086680334816982
0.21212121212121238,0.030303030303030276,0.21043738380119437
0.27272727272727293,0.030303030303030276,0.2692352444060912
0.3333333333333335,0.030303030303030276,0.32704448115808676
0.39393939393939403,0.030303030303030276,0.38365282024994946
0.4545454545454546,0.030303030303030276,0.4388523975351304
0.5151515151515151,0.030303030303030276,0.49244052179876074
0.5757575757575757,0.030303030303030276,0.5442204190337964
0.6363636363636367,0.030303030303030276,0.5940019549893516
0.6969696969696972,0.030303030303030276,0.6416023333380417
0.7575757575757578,0.030303030303030276,0.6868467668986923
0.8181818181818183,0.030303030303030276,0.7295691194496964
0.8787878787878789,0.030303030303030276,0.769612515776306
0.9393939393939394,0.030303030303030276,0.8068299177117794
1.0,0.030303030303030276,0.8410846640571804
1.0606060606060606,0.030303030303030276,0.872250972397258
1.121212121212121,0.030303030303030276,0.9002144009697537
1.1818181818181817,0.030303030303030276,0.924872268892168
1.2424242424242422,0.030303030303030276,0.9461340332029222
1.3030303030303028,0.030303030303030276,0.9639216213324363
1.3636363636363633,0.030303030303030276,0.9781697177832936
1.4242424242424248,0.030303030303030276,0.9888260039668162
1.4848484848484853,0.030303030303030276,0.9958513503153736
1.5454545454545459,0.030303030303030276,0.9992199599649992
1.6060606060606064,0.030303030303030276,0.9989194634807101
1.666666666666667,0.030303030303030276,0.9949509642767074
1.7272727272727275,0.030303030303030276,0.9873290345646714
1.787878787878788,0.030303030303030276,0.9760816618450315
1.8484848484848486,0.030303030303030276,0.9612501461376928
1.9090909090909092,0.030303030303030276,0.9428889483295846
1.9696969696969697,0.030303030303030276,0.9210654901958945
2.0303030303030303,0.030303030303030276,0.8958599068293045
2.090909090909091,0.030303030303030276,0.8673647523863012
2.1515151515151514,0.030303030303030276,0.8356846602310515
2.212121212121212,0.030303030303030276,0.800935958724784
2.2727272727272725,0.030303030303030276,0.7632462440714886
2.333333333333334,0.030303030303030276,0.7227539117884285
2.3939393939393945,0.030303030303030276,0.679607648521898
2.454545454545455,0.030303030303030276,0.633965886074252
2.5151515151515156,0.030303030303030276,0.5859962196470165
2.575757575757576,0.030303030303030276,0.5358747924362665
2.6363636363636367,0.030303030303030276,0.4837856488400202
2.6969696969696972,0.030303030303030276,0.42992005865265387
2.757575757575758,0.030303030303030276,0.37447581472787567
2.8181818181818183,0.030303030303030276,0.3176565066892172
2.878787878787879,0.030303030303030276,0.2596707733549589
2.9393939393939394,0.030303030303030276,0.20073153662256166
3.0,0.030303030303030276,0.14105521962575715
-3.0,0.09090909090909083,-0.14053726903200833
-2.9393939393939394,0.09090909090909083,-0.19999445635815447
-2.878787878787879,0.09090909090909083,-0.2587172699568198
-2.8181818181818183,0.09090909090909083,-0.31649008139361745
-2.757575757575758,0.09090909090909083,-0.3731007506139954
-2.696969696969697,0.09090909090909083,-0.4283414049152423
-2.6363636363636362,0.09090909090909083,-0.48200920224890065
-2.5757575757575757,0.09090909090909083,-0.5339070760507705
-2.515151515151515,0.09090909090909083,-0.5838444588635023
-2.4545454545454546,0.09090909090909083,-0.6316379820946629
-2.393939393939394,0.09090909090909083,-0.6771121493407828
-2.333333333333333,0.09090909090909083,-0.7200999808049581
-2.2727272727272725,0.09090909090909083,-0.7604436264417246
-2.212121212121212,0.09090909090909083,-0.797994945577756
-2.1515151515151514,0.09090909090909083,-0.8326160508800338
-2.090909090909091,0.09090909090909083,-0.8641798146740547
-2.0303030303030303,0.09090909090909083,-0.8925703357528912
-1.9696969696969697,0.09090909090909083,-0.9176833649629946
-1.9090909090909092,0.09090909090909083,-0.9394266880040026
-1.8484848484848484,0.09090909090909083,-0.9577204640369233
-1.7878787878787878,0.09090909090909083,-0.9724975188573327
-1.7272727272727273,0.09090909090909083,-0.9837035915570675
-1.6666666666666665,0.09090909090909083,-0.9912975337686741
-1.606060606060606,0.09090909090909083,-0.9952514607609965
-1.5454545454545454,0.09090909090909083,-0.9955508538310845
-1.4848484848484849,0.09090909090909083,-0.9921946136164417
-1.4242424242424243,0.09090909090909083,-0.9851950641318512
-1.3636363636363635,0.09090909090909083,-0.9745779075159587
-1.303030303030303,0.09090909090909083,-0.9603821296537797
-1.2424242424242424,0.09090909090909083,-0.9426598570216821
-1.1818181818181817,0.09090909090909083,-0.9214761652805081
-1.121212121212121,0.09090909090909083,-0.8969088403196721
-1.0606060606060606,0.09090909090909083,-0.8690480926296762
-1.0,0.09090909090909083,-0.8379962260518569
-0.9393939393939394,0.09090909090909083,-0.803867262121707
-0.8787878787878789,0.09090909090909083,-0.7667865213851698
-0.8181818181818183,0.09090909090909083,-0.7268901632253018
-0.7575757575757573,0.09090909090909083,-0.6843246858890455
-0.6969696969696968,0.09090909090909083,-0.6392463885500018
-0.6363636363636362,0.09090909090909083,-0.5918207973824865
-0.5757575757575757,0.09090909090909083,-0.5422220577543155
-0.5151515151515151,0.09090909090909083,-0.4906322947701661
-0.4545454545454546,0.09090909090909083,-0.43724094451357975
-0.39393939393939403,0.09090909090909083,-0.38224405844326775
-0.33333333333333304,0.09090909090909083,-0.32584358349795345
-0.2727272727272725,0.09090909090909083,-0.26824662055318954
-0.21212121212121193,0.09090909090909083,-0.20966466395306663
-0.15151515151515138,0.09090909090909083,-0.15031282490924008
-0.09090909090909083,0.09090909090909083,-0.0904090416189236
-0.030303030303030276,0.09090909090909083,-0.030173279002276475
0.030303030303030276,0.09090909090909083,0.030173279002276475
0.09090909090909083,0.09090909090909083,0.0904090416189236
0.15151515151515138,0.09090909090909083,0.15031282490924008
0.21212121212121238,0.09090909090909083,0.20966466395306707
0.27272727272727293,0.09090909090909083,0.26824662055319
0.3333333333333335,0.09090909090909083,0.32584358349795384
0.39393939393939403,0.09090909090909083,0.38224405844326775
0.4545454545454546,0.09090909090909083,0.43724094451357975
0.5151515151515151,0.09090909090909083,0.4906322947701661
0.5757575757575757,0.09090909090909083,0.5422220577543155
0.6363636363636367,0.09090909090909083,0.5918207973824868
0.6969696969696972,0.09090909090909083,0.6392463885500022
0.7575757575757578,0.09090909090909083,0.6843246858890458
0.8181818181818183,0.09090909090909083,0.7268901632253018
0.8787878787878789,0.09090909090909083,0.7667865213851698
0.9393939393939394,0.09090909090909083,0.803867262121707
1.0,0.09090909090909083,0.8379962260518569
1.0606060606060606,0.09090909090909083,0.8690480926296762
1.121212121212121,0.09090909090909083,0.8969088403196721
1.1818181818181817,0.09090909090909083,0.9214761652805081
1.2424242424242422,0.09090909090909083,0.942659857021682
1.3030303030303028,0.09090909090909083,0.9603821296537796
1.3636363636363633,0.09090909090909083,0.9745779075159587
1.4242424242424248,0.09090909090909083,0.9851950641318513
1.4848484848484853,0.09090909090909083,0.9921946136164417
1.5454545454545459,0.09090909090909083,0.9955508538310845
1.6060606060606064,0.09090909090909083,0.9952514607609965
1.666666666666667,0.09090909090909083,0.9912975337686741
1.7272727272727275,0.09090909090909083,0.9837035915570675
1.787878787878788,0.09090909090909083,0.9724975188573327
1.8484848484848486,0.09090909090909083,0.9577204640369232
1.9090909090909092,0.09090909090909083,0.9394266880040026
1.9696969696969697,0.09090909090909083,0.9176833649629946
2.0303030303030303,0.09090909090909083,0.8925703357528912
2.090909090909091,0.09090909090909083,0.8641798146740547
2.1515151515151514,0.09090909090909083,0.8326160508800338
2.212121212121212,0.09090909090909083,0.797994945577756
2.2727272727272725,0.09090909090909083,0.7604436264417246
2.333333333333334,0.09090909090909083,0.7200999808049575
2.3939393939393945,0.09090909090909083,0.6771121493407825
2.454545454545455,0.09090909090909083,0.6316379820946626
2.5151515151515156,0.09090909090909083,0.583844458863502
2.575757575757576,0.09090909090909083,0.5339070760507701
2.6363636363636367,0.09090909090909083,0.48200920224890026
2.6969696969696972,0.09090909090909083,0.4283414049152419
2.757575757575758,0.09090909090909083,0.3731007506139954
2.8181818181818183,0.09090909090909083,0.31649008139361745
2.878787878787879,0.09090909090909083,0.2587172699568198
2.9393939393939394,0.09090909090909083,0.19999445635815447
3.0,0.09090909090909083,0.14053726903200833
-3.0,0.15151515151515138,-0.13950326974376887
-2.9393939393939394,0.15151515151515138,-0.19852300236626655
-2.878787878787879,0.15151515151515138,-0.2568137643968129
-2.8181818181818183,0.15151515151515138,-0.31416151388159813
-2.757575757575758,0.15151515151515138,-0.3703556715809837
-2.696969696969697,0.15151515151515138,-0.4251898942102421
-2.6363636363636362,0.15151515151515138,-0.4784628321259923
-2.5757575757575757,0.15151515151515138,-0.529978868676136
-2.515151515151515,0.15151515151515138,-0.5795488384984165
-2.4545454545454546,0.15151515151515138,-0.6269907221300328
-2.393939393939394,0.15151515151515138,-0.6721303143777224
-2.333333333333333,0.15151515151515138,-0.7148018639940785
-2.2727272727272725,0.15151515151515138,-0.7548486823112255
-2.212121212121212,0.15151515151515138,-0.7921237185969743
-2.1515151515151514,0.15151515151515138,-0.8264901000207593
-2.090909090909091,0.15151515151515138,-0.8578216342466238
-2.0303030303030303,0.15151515151515138,-0.8860032728077449
-1.9696969696969697,0.15151515151515138,-0.9109315335609994
-1.9090909090909092,0.15151515151515138,-0.9325148806703332
-1.8484848484848484,0.15151515151515138,-0.9506740607236426
-1.7878787878787878,0.15151515151515138,-0.9653423937489594
-1.7272727272727273,0.15151515151515138,-0.9764660180613355
-1.6666666666666665,0.15151515151515138,-0.9840040880413566
-1.606060606060606,0.15151515151515138,-0.9879289241190485
-1.5454545454545454,0.15151515151515138,-0.988226114412439
-1.4848484848484849,0.15151515151515138,-0.9848945676475621
-1.4242424242424243,0.15151515151515138,-0.9779465171655843
-1.3636363636363635,0.15151515151515138,-0.9674074760023371
-1.303030303030303,0.15151515151515138,-0.9533161432052045
-1.2424242424242424,0.15151515151515138,-0.9357242617313655
-1.1818181818181817,0.15151515151515138,-0.9146964284491862
-1.121212121212121,0.15151515151515138,-0.8903098569404304
-1.0606060606060606,0.15151515151515138,-0.8626540939742711
-1.0,0.15151515151515138,-0.8318306906942028
-0.9393939393939394,0.15151515151515138,-0.7979528297252474
-0.8787878787878789,0.15151515151515138,-0.7611449095707029
-0.8181818181818183,0.15151515151515138,-0.7215420878245192
-0.7575757575757573,0.15151515151515138,-0.6792897848766114
-0.6969696969696968,0.15151515151515138,-0.6345431499334907
-0.6363636363636362,0.15151515151515138,-0.5874664913149661
-0.5757575757575757,0.15151515151515138,-0.5382326731188561
-0.5151515151515151,0.15151515151515138,-0.4870224804691346
-0.4545454545454546,0.15151515151515138,-0.4340239556783034
-0.39393939393939403,0.15151515151515138,-0.3794317077615842
-0.33333333333333304,0.15151515151515138,-0.32344619783837053
-0.2727272727272725,0.15151515151515138,-0.26627300304492935
-0.21212121212121193,0.15151515151515138,-0.20812206166123565
-0.15151515151515138,0.15151515151515138,-0.14920690222382044
-0.09090909090909083,0.15151515151515138,-0.08974385945530058
-0.030303030303030276,0.15151515151515138,-0.029951279889677388
0.030303030303030276,0.15151515151515138,0.029951279889677388
0.09090909090909083,0.15151515151515138,0.08974385945530058
0.15151515151515138,0.15151515151515138,0.14920690222382044
0.21212121212121238,0.15151515151515138,0.2081220616612361
0.27272727272727293,0.15151515151515138,0.2662730030449298
0.3333333333333335,0.15151515151515138,0.3234461978383709
0.39393939393939403,0.15151515151515138,0.3794317077615842
0.4545454545454546,0.15151515151515138,0.4340239556783034
0.5151515151515151,0.15151515151515138,0.4870224804691346
0.5757575757575757,0.15151515151515138,0.5382326731188561
0.6363636363636367,0.15151515151515138,0.5874664913149664
0.6969696969696972,0.15151515151515138,0.634543149933491
0.7575757575757578,0.15151515151515138,0.6792897848766117
0.8181818181818183,0.15151515151515138,0.7215420878245192
0.8787878787878789,0.15151515151515138,0.7611449095707029
0.9393939393939394,0.15151515151515138,0.7979528297252474
1.0,0.15151515151515138,0.8318306906942028
1.0606060606060606,0.15151515151515138,0.8626540939742711
1.121212121212121,0.15151515151515138,0.8903098569404304
1.1818181818181817,0.15151515151515138,0.9146964284491862
1.2424242424242422,0.15151515151515138,0.9357242617313654
1.3030303030303028,0.15151515151515138,0.9533161432052044
1.3636363636363633,0.15151515151515138,0.9674074760023371
1.4242424242424248,0.15151515151515138,0.9779465171655845
1.4848484848484853,0.15151515151515138,0.9848945676475621
1.5454545454545459,0.15151515151515138,0.988226114412439
1.6060606060606064,0.15151515151515138,0.9879289241190485
1.666666666666667,0.15151515151515138,0.9840040880413566
1.7272727272727275,0.15151515151515138,0.9764660180613355
1.787878787878788,0.15151515151515138,0.9653423937489594
1.8484848484848486,0.15151515151515138,0.9506740607236425
1.9090909090909092,0.15151515151515138,0.9325148806703332
1.9696969696969697,0.15151515151515138,0.9109315335609994
2.0303030303030303,0.15151515151515138,0.8860032728077449
2.090909090909091,0.15151515151515138,0.8578216342466238
2.1515151515151514,0.15151515151515138,0.8264901000207593
2.212121212121212,0.15151515151515138,0.7921237185969743
2.2727272727272725,0.15151515151515138,0.7548486823112255
2.333333333333334,0.15151515151515138,0.714801863994078
2.3939393939393945,0.15151515151515138,0.6721303143777221
2.454545454545455,0.15151515151515138,0.6269907221300325
2.5151515151515156,0.15151515151515138,0.5795488384984162
2.575757575757576,0.15151515151515138,0.5299788686761356
2.6363636363636367,0.15151515151515138,0.4784628321259919
2.6969696969696972,0.15151515151515138,0.4251898942102417
2.757575757575758,0.15151515151515138,0.3703556715809837
2.8181818181818183,0.15151515151515138,0.31416151388159813
2.878787878787879,0.15151515151515138,0.2568137643968129
2.9393939393939394,0.15151515151515138,0.19852300236626655
3.0,0.15151515151515138,0.13950326974376887
-3.0,0.21212121212121238,-0.13795701857583717
-2.9393939393939394,0.21212121212121238,-0.19632257778242732
-2.878787878787879,0.21212121212121238,-0.2539672462910447
-2.8181818181818183,0.21212121212121238,-0.3106793545841792
-2.757575757575758,0.21212121212121238,-0.3662506574778444
-2.696969696969697,0.21212121212121238,-0.42047709879173406
-2.6363636363636362,0.21212121212121238,-0.47315956063747755
-2.5757575757575757,0.21212121212121238,-0.5241045945736382
-2.515151515151515,0.21212121212121238,-0.5731251319426665
-2.4545454545454546,0.21212121212121238,-0.620041170781476
-2.393939393939394,0.21212121212121238,-0.6646804367833282
-2.333333333333333,0.21212121212121238,-0.70687901588399
-2.2727272727272725,0.21212121212121238,-0.7464819561493281
-2.212121212121212,0.21212121212121238,-0.7833438367542287
-2.1515151515151514,0.21212121212121238,-0.8173293019635643
-2.090909090909091,0.21212121212121238,-0.8483135581544493
-2.0303030303030303,0.21212121212121238,-0.876182832054732
-1.9696969696969697,0.21212121212121238,-0.9008347885150834
-1.9090909090909092,0.21212121212121238,-0.9221789062806391
-1.8484848484848484,0.21212121212121238,-0.9401368103823693
-1.7878787878787878,0.21212121212121238,-0.9546425599276452
-1.7272727272727273,0.21212121212121238,-0.9656428902332483
-1.6666666666666665,0.21212121212121238,-0.9730974084117098
-1.606060606060606,0.21212121212121238,-0.9769787416927991
-1.5454545454545454,0.21212121212121238,-0.977272637935526
-1.4848484848484849,0.21212121212121238,-0.9739780179615816
-1.4242424242424243,0.21212121212121238,-0.967106979518048
-1.3636363636363635,0.21212121212121238,-0.9566847528548299
-1.303030303030303,0.21212121212121238,-0.9427496080799229
-1.2424242424242424,0.21212121212121238,-0.9253527146327086
-1.1818181818181817,0.21212121212121238,-0.9045579533912878
-1.121212121212121,0.21212121212121238,-0.8804416821037849
-1.0606060606060606,0.21212121212121238,-0.853092455004957
-1.0,0.21212121212121238,-0.8226106976476615
-0.9393939393939394,0.21212121212121238,-0.7891083381431986
-0.8787878787878789,0.21212121212121238,-0.7527083961645967
-0.8181818181818183,0.21212121212121238,-0.7135445312220127
-0.7575757575757573,0.21212121212121238,-0.671760551868964
-0.6969696969696968,0.21212121212121238,-0.6275098876415757
-0.6363636363636362,0.21212121212121238,-0.5809550256698602
-0.5757575757575757,0.21212121212121238,-0.5322669140297851
-0.5151515151515151,0.21212121212121238,-0.48162433402699345
-0.4545454545454546,0.21212121212121238,-0.4292132437171389
-0.39393939393939403,0.21212121212121238,-0.3752260950734066
-0.33333333333333304,0.21212121212121238,-0.31986112730855965
-0.2727272727272725,0.21212121212121238,-0.2633216389464166
-0.21212121212121193,0.21212121212121238,-0.2058152413156831
-0.15151515151515138,0.21212121212121238,-0.14755309620729617
-0.09090909090909083,0.21212121212121238,-0.0887491404945742
-0.030303030303030276,0.21212121212121238,-0.029619300563346718
0.030303030303030276,0.21212121212121238,0.029619300563346718
0.09090909090909083,0.21212121212121238,0.0887491404945742
0.15151515151515138,0.21212121212121238,0.14755309620729617
0.21212121212121238,0.21212121212121238,0.20581524131568352
0.27272727272727293,0.21212121212121238,0.263321638946417
0.3333333333333335,0.21212121212121238,0.31986112730856003
0.39393939393939403,0.21212121212121238,0.3752260950734066
0.4545454545454546,0.21212121212121238,0.4292132437171389
0.5151515151515151,0.21212121212121238,0.48162433402699345
0.5757575757575757,0.21212121212121238,0.5322669140297851
0.6363636363636367,0.21212121212121238,0.5809550256698606
0.6969696969696972,0.21212121212121238,0.627509887641576
0.7575757575757578,0.21212121212121238,0.6717605518689643
0.8181818181818183,0.21212121212121238,0.7135445312220127
0.8787878787878789,0.21212121212121238,0.7527083961645967
0.9393939393939394,0.21212121212121238,0.7891083381431986
1.0,0.21212121212121238,0.8226106976476615
1.0606060606060606,0.21212121212121238,0.853092455004957
1.121212121212121,0.21212121212121238,0.8804416821037849
1.1818181818181817,0.21212121212121238,0.9045579533912878
1.2424242424242422,0.21212121212121238,0.9253527146327085
1.3030303030303028,0.21212121212121238,0.9427496080799228
1.3636363636363633,0.21212121212121238,0.9566847528548299
1.4242424242424248,0.21212121212121238,0.9671069795180481
1.4848484848484853,0.21212121212121238,0.9739780179615816
1.5454545454545459,0.21212121212121238,0.977272637935526
1.6060606060606064,0.21212121212121238,0.9769787416927991
1.666666666666667,0.21212121212121238,0.9730974084117098
1.7272727272727275,0.21212121212121238,0.9656428902332483
1.787878787878788,0.21212121212121238,0.9546425599276452
1.8484848484848486,0.21212121212121238,0.9401368103823692
1.9090909090909092,0.21212121212121238,0.9221789062806391
1.9696969696969697,0.21212121212121238,0.9008347885150834
2.0303030303030303,0.21212121212121238,0.876182832054732
2.090909090909091,0.21212121212121238,0.8483135581544493
2.1515151515151514,0.21212121212121238,0.8173293019635643
2.212121212121212,0.21212121212121238,0.7833438367542287
2.2727272727272725,0.21212121212121238,0.7464819561493281
2.333333333333334,0.21212121212121238,0.7068790158839895
2.3939393939393945,0.21212121212121238,0.6646804367833279
2.454545454545455,0.21212121212121238,0.6200411707814757
2.5151515151515156,0.21212121212121238,0.5731251319426661
2.575757575757576,0.21212121212121238,0.5241045945736379
2.6363636363636367,0.21212121212121238,0.47315956063747716
2.6969696969696972,0.21212121212121238,0.42047709879173367
2.757575757575758,0.21212121212121238,0.3662506574778444
2.8181818181818183,0.21212121212121238,0.3106793545841792
2.878787878787879,0.21212121212121238,0.2539672462910447
2.9393939393939394,0.21212121212121238,0.19632257778242732
3.0,0.21212121212121238,0.13795701857583717
-3.0,0.27272727272727293,-0.13590419331676054
-2.9393939393939394,0.27272727272727293,-0.1934012625006154
-2.878787878787879,0.27272727272727293,-0.25018816796979354
-2.8181818181818183,0.27272727272727293,-0.3060563898872911
-2.757575757575758,0.27272727272727293,-0.36080078179492914
-2.696969696969697,0.27272727272727293,-0.4142203239050802
-2.6363636363636362,0.27272727272727293,-0.46611886123938007
-2.5757575757575757,0.27272727272727293,-0.5163058239040079
-2.515151515151515,0.27272727272727293,-0.5645969268566977
-2.4545454545454546,0.27272727272727293,-0.610814846595962
-2.393939393939394,0.27272727272727293,-0.6547898722877433
-2.333333333333333,0.27272727272727293,-0.6963605289385781
-2.2727272727272725,0.27272727272727293,-0.7353741703269931
-2.212121212121212,0.27272727272727293,-0.7716875395159181
-2.1515151515151514,0.27272727272727293,-0.8051672948879188
-2.090909090909091,0.27272727272727293,-0.8356904997716723
-2.0303030303030303,0.27272727272727293,-0.863145073861788
-1.9696969696969697,0.27272727272727293,-0.8874302047743717
-1.9090909090909092,0.27272727272727293,-0.9084567182271194
-1.8484848484848484,0.27272727272727293,-0.9261474054846419
-1.7878787878787878,0.27272727272727293,-0.9404373068666582
-1.7272727272727273,0.27272727272727293,-0.9512739502780195
-1.6666666666666665,0.27272727272727293,-0.9586175438846907
-1.606060606060606,0.27272727272727293,-0.9624411222281873
-1.5454545454545454,0.27272727272727293,-0.9627306452419416
-1.4848484848484849,0.27272727272727293,-0.9594850498060119
-1.4242424242424243,0.27272727272727293,-0.9527162536508271
-1.3636363636363635,0.27272727272727293,-0.9424491115956337
-1.303030303030303,0.27272727272727293,-0.9287213242823341
-1.2424242424242424,0.27272727272727293,-0.9115832997398453
-1.1818181818181817,0.27272727272727293,-0.8910979682873074
-1.121212121212121,0.27272727272727293,-0.8673405514558141
-1.0606060606060606,0.27272727272727293,-0.8403982857771755
-1.0,0.27272727272727293,-0.8103701024539528
-0.9393939393939394,0.27272727272727293,-0.7773662640870108
-0.8787878787878789,0.27272727272727293,-0.7415079597945085
-0.8181818181818183,0.27272727272727293,-0.7029268602090418
-0.7575757575757573,0.27272727272727293,-0.6617646339869766
-0.6969696969696968,0.27272727272727293,-0.6181724276053336
-0.6363636363636362,0.27272727272727293,-0.5723103103563946
-0.5757575757575757,0.27272727272727293,-0.5243466865779974
-0.5151515151515151,0.27272727272727293,-0.47445767727778954
-0.4545454545454546,0.27272727272727293,-0.42282647342209656
-0.39393939393939403,0.27272727272727293,-0.3696426632641148
-0.33333333333333304,0.27272727272727293,-0.3151015361814523
-0.2727272727272725,0.27272727272727293,-0.25940336557931337
-0.21212121212121193,0.27272727272727293,-0.2027526734924771
-0.15151515151515138,0.27272727272727293,-0.14535747958643688
-0.09090909090909083,0.27272727272727293,-0.08742853731534231
-0.030303030303030276,0.27272727272727293,-0.029178560041550092
0.030303030303030276,0.27272727272727293,0.029178560041550092
0.09090909090909083,0.27272727272727293,0.08742853731534231
0.15151515151515138,0.27272727272727293,0.14535747958643688
0.21212121212121238,0.27272727272727293,0.20275267349247753
0.27272727272727293,0.27272727272727293,0.2594033655793138
0.3333333333333335,0.27272727272727293,0.31510153618145265
0.39393939393939403,0.27272727272727293,0.3696426632641148
0.4545454545454546,0.27272727272727293,0.42282647342209656
0.5151515151515151,0.27272727272727293,0.47445767727778954
0.5757575757575757,0.27272727272727293,0.5243466865779974
0.6363636363636367,0.27272727272727293,0.5723103103563949
0.6969696969696972,0.27272727272727293,0.618172427605334
0.7575757575757578,0.27272727272727293,0.6617646339869769
0.8181818181818183,0.27272727272727293,0.7029268602090418
0.8787878787878789,0.27272727272727293,0.7415079597945085
0.9393939393939394,0.27272727272727293,0.7773662640870108
1.0,0.27272727272727293,0.8103701024539528
1.0606060606060606,0.27272727272727293,0.8403982857771755
1.121212121212121,0.27272727272727293,0.8673405514558141
1.1818181818181817,0.27272727272727293,0.8910979682873074
1.2424242424242422,0.27272727272727293,0.9115832997398452
1.3030303030303028,0.27272727272727293,0.928721324282334
1.3636363636363633,0.27272727272727293,0.9424491115956337
1.4242424242424248,0.27272727272727293,0.9527162536508272
1.4848484848484853,0.27272727272727293,0.9594850498060119
1.5454545454545459,0.27272727272727293,0.9627306452419416
1.6060606060606064,0.27272727272727293,0.9624411222281873
1.666666666666667,0.27272727272727293,0.9586175438846907
1.7272727272727275,0.27272727272727293,0.9512739502780195
1.787878787878788,0.27272727272727293,0.9404373068666582
1.8484848484848486,0.27272727272727293,0.9261474054846418
1.9090909090909092,0.27272727272727293,0.9084567182271194
1.9696969696969697,0.27272727272727293,0.8874302047743717
2.0303030303030303,0.27272727272727293,0.863145073861788
2.090909090909091,0.27272727272727293,0.8356904997716723
2.1515151515151514,0.27272727272727293,0.8051672948879188
2.212121212121212,0.27272727272727293,0.7716875395159181
2.2727272727272725,0.27272727272727293,0.7353741703269931
2.333333333333334,0.27272727272727293,0.6963605289385776
2.3939393939393945,0.27272727272727293,0.654789872287743
2.454545454545455,0.27272727272727293,0.6108148465959616
2.5151515151515156,0.27272727272727293,0.5645969268566974
2.575757575757576,0.27272727272727293,0.5163058239040076
2.6363636363636367,0.27272727272727293,0.4661188612393797
2.6969696969696972,0.27272727272727293,0.41422032390507985
2.757575757575758,0.27272727272727293,0.36080078179492914
2.8181818181818183,0.27272727272727293,0.3060563898872911
2.878787878787879,0.27272727272727293,0.25018816796979354
2.9393939393939394,0.27272727272727293,0.1934012625006154
3.0,0.27272727272727293,0.13590419331676054
-3.0,0.3333333333333335,-0.13335233188016327
-2.9393939393939394,0.3333333333333335,-0.1897697835041268
-2.878787878787879,0.3333333333333335,-0.2454904060968617
-2.8181818181818183,0.3333333333333335,-0.30030959518054356
-2.757575757575758,0.3333333333333335,-0.35402605631452655
-2.696969696969697,0.3333333333333335,-0.40644254424257553
-2.6363636363636362,0.3333333333333335,-0.45736658717161066
-2.5757575757575757,0.3333333333333335,-0.5066111935224394
-2.515151515151515,0.3333333333333335,-0.5539955385573034
-2.4545454545454546,0.3333333333333335,-0.5993456283629651
-2.393939393939394,0.3333333333333335,-0.6424949387512116
-2.333333333333333,0.3333333333333335,-0.6832850267307469
-2.2727272727272725,0.3333333333333335,-0.7215661123051681
-2.212121212121212,0.3333333333333335,-0.7571976284606833
-2.1515151515151514,0.3333333333333335,-0.7900487373240264
-2.090909090909091,0.3333333333333335,-0.8199988105952574
-2.0303030303030303,0.3333333333333335,-0.8469378724913122
-1.9696969696969697,0.3333333333333335,-0.8707670035738239
-1.9090909090909092,0.3333333333333335,-0.8913987039783744
-1.8484848484848484,0.3333333333333335,-0.9087572147114085
-1.7878787878787878,0.3333333333333335,-0.9227787958350163
-1.7272727272727273,0.3333333333333335,-0.9334119605181006
-1.6666666666666665,0.3333333333333335,-0.9406176640944971
-1.606060606060606,0.3333333333333335,-0.9443694474338334
-1.5454545454545454,0.3333333333333335,-0.9446535340986734
-1.4848484848484849,0.3333333333333335,-0.9414688809311874
-1.4242424242424243,0.3333333333333335,-0.9348271818835977
-1.3636363636363635,0.3333333333333335,-0.9247528250783313
-1.303030303030303,0.3333333333333335,-0.9112828032555562
-1.2424242424242424,0.3333333333333335,-0.8944665779369331
-1.1818181818181817,0.3333333333333335,-0.8743658978043718
-1.121212121212121,0.3333333333333335,-0.8510545719606978
-1.0606060606060606,0.3333333333333335,-0.8246181989048101
-1.0,0.3333333333333335,-0.7951538522165248
-0.9393939393939394,0.3333333333333335,-0.7627697241052627
-0.8787878787878789,0.3333333333333335,-0.727584728131456
-0.8181818181818183,0.3333333333333335,-0.6897280625594727
-0.7575757575757573,0.3333333333333335,-0.6493387359454112
-0.6969696969696968,0.3333333333333335,-0.6065650567017957
-0.6363636363636362,0.3333333333333335,-0.561564088513471
-0.5757575757575757,0.3333333333333335,-0.514501073604399
-0.5151515151515151,0.3333333333333335,-0.46554882597310077
-0.4545454545454546,0.3333333333333335,-0.4148870968247654
-0.39393939393939403,0.3333333333333335,-0.3627019145301428
-0.33333333333333304,0.3333333333333335,-0.3091849015348682
-0.2727272727272725,0.3333333333333335,-0.2545325707275128
-0.21212121212121193,0.3333333333333335,-0.19894560385006718
-0.15151515151515138,0.3333333333333335,-0.14262811460052327
-0.09090909090909083,0.3333333333333335,-0.08578689913341278
-0.030303030303030276,0.3333333333333335,-0.0286306767104455
0.030303030303030276,0.3333333333333335,0.0286306767104455
0.09090909090909083,0.3333333333333335,0.08578689913341278
0.15151515151515138,0.3333333333333335,0.14262811460052327
0.21212121212121238,0.3333333333333335,0.19894560385006763
0.27272727272727293,0.3333333333333335,0.25453257072751323
0.3333333333333335,0.3333333333333335,0.3091849015348686
0.39393939393939403,0.3333333333333335,0.3627019145301428
0.4545454545454546,0.3333333333333335,0.4148870968247654
0.5151515151515151,0.3333333333333335,0.46554882597310077
0.5757575757575757,0.3333333333333335,0.514501073604399
0.6363636363636367,0.3333333333333335,0.5615640885134713
0.6969696969696972,0.3333333333333335,0.6065650567017961
0.7575757575757578,0.3333333333333335,0.6493387359454116
0.8181818181818183,0.3333333333333335,0.6897280625594727
0.8787878787878789,0.3333333333333335,0.727584728131456
0.9393939393939394,0.3333333333333335,0.7627697241052627
1.0,0.3333333333333335,0.7951538522165248
1.0606060606060606,0.3333333333333335,0.8246181989048101
1.121212121212121,0.3333333333333335,0.8510545719606978
1.1818181818181817,0.3333333333333335,0.8743658978043718
1.2424242424242422,0.3333333333333335,0.894466577936933
1.3030303030303028,0.3333333333333335,0.9112828032555561
1.3636363636363633,0.3333333333333335,0.9247528250783313
1.4242424242424248,0.3333333333333335,0.9348271818835978
1.4848484848484853,0.3333333333333335,0.9414688809311874
1.5454545454545459,0.3333333333333335,0.9446535340986734
1.6060606060606064,0.3333333333333335,0.9443694474338334
1.666666666666667,0.3333333333333335,0.9406176640944971
1.7272727272727275,0.3333333333333335,0.9334119605181006
1.787878787878788,0.3333333333333335,0.9227787958350163
1.8484848484848486,0.3333333333333335,0.9087572147114084
1.9090909090909092,0.3333333333333335,0.8913987039783744
1.9696969696969697,0.3333333333333335,0.8707670035738239
2.0303030303030303,0.3333333333333335,0.8469378724913122
2.090909090909091,0.3333333333333335,0.8199988105952574
2.1515151515151514,0.3333333333333335,0.7900487373240264
2.212121212121212,0.3333333333333335,0.7571976284606833
2.2727272727272725,0.3333333333333335,0.7215661123051681
2.333333333333334,0.3333333333333335,0.6832850267307463
2.3939393939393945,0.3333333333333335,0.6424949387512113
2.454545454545455,0.3333333333333335,0.5993456283629649
2.5151515151515156,0.3333333333333335,0.5539955385573031
2.575757575757576,0.3333333333333335,0.5066111935224392
2.6363636363636367,0.3333333333333335,0.4573665871716103
2.6969696969696972,0.3333333333333335,0.4064425442425752
2.757575757575758,0.3333333333333335,0.35402605631452655
2.8181818181818183,0.3333333333333335,0.30030959518054356
2.878787878787879,0.3333333333333335,0.2454904060968617
2.9393939393939394,0.3333333333333335,0.1897697835041268
3.0,0.3333333333333335,0.13335233188016327
-3.0,0.39393939393939403,-0.13031080462575104
-2.9393939393939394,0.39393939393939403,-0.18544147547640963
-2.878787878787879,0.39393939393939403,-0.23989121071487676
-2.8181818181818183,0.39393939393939403,-0.2934600725240972
-2.757575757575758,0.39393939393939403,-0.3459513576281896
-2.696969696969697,0.39393939393939403,-0.39717231958105736
-2.6363636363636362,0.39393939393939403,-0.44693487652563507
-2.5757575757575757,0.39393939393939403,-0.49505630182490606
-2.515151515151515,0.39393939393939403,-0.541359895028707
-2.4545454545454546,0.39393939393939403,-0.5856756307125531
-2.393939393939394,0.39393939393939403,-0.6278407828059684
-2.333333333333333,0.39393939393939403,-0.667700522117802
-2.2727272727272725,0.39393939393939403,-0.705108484864437
-2.212121212121212,0.39393939393939403,-0.7399273101132764
-2.1515151515151514,0.39393939393939403,-0.772029144168022
-2.090909090909091,0.39393939393939403,-0.8012961100436662
-2.0303030303030303,0.39393939393939403,-0.8276207403072935
-1.9696969696969697,0.39393939393939403,-0.850906371695315
-1.9090909090909092,0.39393939393939403,-0.871067500058113
-1.8484848484848484,0.39393939393939403,-0.888030094328749
-1.7878787878787878,0.39393939393939403,-0.901731868362851
-1.7272727272727273,0.39393939393939403,-0.9121225096514939
-1.6666666666666665,0.39393939393939403,-0.9191638640672434
-1.606060606060606,0.39393939393939403,-0.9228300759649831
-1.5454545454545454,0.39393939393939403,-0.9231076831230792
-1.4848484848484849,0.39393939393939403,-0.9199956661762592
-1.4242424242424243,0.39393939393939403,-0.9135054523586916
-1.3636363636363635,0.39393939393939403,-0.9036608735435201
-1.303030303030303,0.39393939393939403,-0.8904980787329304
-1.2424242424242424,0.39393939393939403,-0.8740654013200828
-1.1818181818181817,0.39393939393939403,-0.8544231816103235
-1.121212121212121,0.39393939393939403,-0.8316435452533676
-1.0606060606060606,0.39393939393939403,-0.8058101384000473
-1.0,0.39393939393939403,-0.77701782055612
-0.9393939393939394,0.39393939393939403,-0.7453723162609701
-0.8787878787878789,0.39393939393939403,-0.710989826870227
-0.8181818181818183,0.39393939393939403,-0.6739966038678257
-0.7575757575757573,0.39393939393939403,-0.6345284852742915
-0.6969696969696968,0.39393939393939403,-0.5927303968535486
-0.6363636363636362,0.39393939393939403,-0.5487558199498
-0.5757575757575757,0.39393939393939403,-0.5027662279085741
-0.5151515151515151,0.39393939393939403,-0.45493049315137496
-0.4545454545454546,0.39393939393939403,-0.40542426708114687
-0.39393939393939403,0.39393939393939403,-0.3544293350955192
-0.33333333333333304,0.39393939393939403,-0.3021329490762029
-0.2727272727272725,0.39393939393939403,-0.248727139805622
-0.21212121212121193,0.39393939393939403,-0.19440801183555895
-0.15151515151515138,0.39393939393939403,-0.13937502339704314
-0.09090909090909083,0.39393939393939403,-0.08383025399562646
-0.030303030303030276,0.39393939393939403,-0.027977662381417183
0.030303030303030276,0.39393939393939403,0.027977662381417183
0.09090909090909083,0.39393939393939403,0.08383025399562646
0.15151515151515138,0.39393939393939403,0.13937502339704314
0.21212121212121238,0.39393939393939403,0.19440801183555936
0.27272727272727293,0.39393939393939403,0.24872713980562242
0.3333333333333335,0.39393939393939403,0.3021329490762033
0.39393939393939403,0.39393939393939403,0.3544293350955192
0.4545454545454546,0.39393939393939403,0.40542426708114687
0.5151515151515151,0.39393939393939403,0.45493049315137496
0.5757575757575757,0.39393939393939403,0.5027662279085741
0.6363636363636367,0.39393939393939403,0.5487558199498004
0.6969696969696972,0.39393939393939403,0.5927303968535489
0.7575757575757578,0.39393939393939403,0.6345284852742918
0.8181818181818183,0.39393939393939403,0.6739966038678257
0.8787878787878789,0.39393939393939403,0.710989826870227
0.9393939393939394,0.39393939393939403,0.7453723162609701
1.0,0.39393939393939403,0.77701782055612
1.0606060606060606,0.39393939393939403,0.8058101384000473
1.121212121212121,0.39393939393939403,0.8316435452533676
1.1818181818181817,0.39393939393939403,0.8544231816103235
1.2424242424242422,0.39393939393939403,0.8740654013200827
1.3030303030303028,0.39393939393939403,0.8904980787329303
1.3636363636363633,0.39393939393939403,0.9036608735435201
1.4242424242424248,0.39393939393939403,0.9135054523586917
1.4848484848484853,0.39393939393939403,0.9199956661762592
1.5454545454545459,0.39393939393939403,0.9231076831230792
1.6060606060606064,0.39393939393939403,0.9228300759649831
1.666666666666667,0.39393939393939403,0.9191638640672434
1.7272727272727275,0.39393939393939403,0.9121225096514939
1.787878787878788,0.39393939393939403,0.901731868362851
1.8484848484848486,0.39393939393939403,0.8880300943287489
1.9090909090909092,0.39393939393939403,0.871067500058113
1.9696969696969697,0.39393939393939403,0.850906371695315
2.0303030303030303,0.39393939393939403,0.8276207403072935
2.090909090909091,0.39393939393939403,0.8012961100436662
2.1515151515151514,0.39393939393939403,0.772029144168022
2.212121212121212,0.39393939393939403,0.7399273101132764
2.2727272727272725,0.39393939393939403,0.705108484864437
2.333333333333334,0.39393939393939403,0.6677005221178014
2.3939393939393945,0.39393939393939403,0.6278407828059681
2.454545454545455,0.39393939393939403,0.5856756307125529
2.5151515151515156,0.39393939393939403,0.5413598950287066
2.575757575757576,0.39393939393939403,0.4950563018249058
2.6363636363636367,0.39393939393939403,0.44693487652563474
2.6969696969696972,0.39393939393939403,0.397172319581057
2.757575757575758,0.39393939393939403,0.3459513576281896
2.8181818181818183,0.39393939393939403,0.2934600725240972
2.878787878787879,0.39393939393939403,0.23989121071487676
2.9393939393939394,0.39393939393939403,0.18544147547640963
3.0,0.39393939393939403,0.13031080462575104
-3.0,0.4545454545454546,-0.12679077995162708
-2.9393939393939394,0.4545454545454546,-0.18043223183650103
-2.878787878787879,0.4545454545454546,-0.23341114190364506
-2.8181818181818183,0.4545454545454546,-0.28553297316252285
-2.757575757575758,0.4545454545454546,-0.33660633579062765
-2.696969696969697,0.4545454545454546,-0.3864436899112495
-2.6363636363636362,0.4545454545454546,-0.4348620342343528
-2.5757575757575757,0.4545454545454546,-0.4816835780319024
-2.515151515151515,0.4545454545454546,-0.5267363939801558
-2.4545454545454546,0.4545454545454546,-0.5698550494717103
-2.393939393939394,0.4545454545454546,-0.6108812140791432
-2.333333333333333,0.4545454545454546,-0.6496642409396588
-2.2727272727272725,0.4545454545454546,-0.6860617199259101
-2.212121212121212,0.4545454545454546,-0.7199400005717757
-2.1515151515151514,0.4545454545454546,-0.7511746828329163
-2.090909090909091,0.4545454545454546,-0.779651073880058
-2.0303030303030303,0.4545454545454546,-0.805264609247669
-1.9696969696969697,0.4545454545454546,-0.8279212367915826
-1.9090909090909092,0.4545454545454546,-0.8475377620456894
-1.8484848484848484,0.4545454545454546,-0.8640421537095556
-1.7878787878787878,0.4545454545454546,-0.8773738081452266
-1.7272727272727273,0.4545454545454546,-0.8874837719119937
-1.6666666666666665,0.4545454545454546,-0.8943349215219799
-1.606060606060606,0.4545454545454546,-0.8979020997564892
-1.5454545454545454,0.4545454545454546,-0.898172208042569
-1.4848484848484849,0.4545454545454546,-0.8951442545505834
-1.4242424242424243,0.4545454545454546,-0.8888293578361816
-1.3636363636363635,0.4545454545454546,-0.8792507060132905
-1.303030303030303,0.4545454545454546,-0.8664434716080468
-1.2424242424242424,0.4545454545454546,-0.8504546824063209
-1.1818181818181817,0.4545454545454546,-0.8313430487690787
-1.121212121212121,0.4545454545454546,-0.8091787480496728
-1.0606060606060606,0.4545454545454546,-0.7840431669046776
-1.0,0.4545454545454546,-0.7560286024444925
-0.9393939393939394,0.4545454545454546,-0.7252379233210844
-0.8787878787878789,0.4545454545454546,-0.6917841919973398
-0.8181818181818183,0.4545454545454546,-0.6557902495850461
-0.7575757575757573,0.4545454545454546,-0.6173882647759628
-0.6969696969696968,0.4545454545454546,-0.576719248522296
-0.6363636363636362,0.4545454545454546,-0.5339325362486518
-0.5757575757575757,0.4545454545454546,-0.489185239496776
-0.5151515151515151,0.4545454545454546,-0.44264166901662033
-0.4545454545454546,0.4545454545454546,-0.39447273142212874
-0.39393939393939403,0.4545454545454546,-0.34485530162720746
-0.33333333333333304,0.4545454545454546,-0.29397157336627266
-0.2727272727272725,0.4545454545454546,-0.24200839018424905
-0.21212121212121193,0.4545454545454546,-0.18915655935259792
-0.15151515151515138,0.4545454545454546,-0.13561015123066217
-0.09090909090909083,0.4545454545454546,-0.08156578664504752
-0.030303030303030276,0.4545454545454546,-0.02722191490376377
0.030303030303030276,0.4545454545454546,0.02722191490376377
0.09090909090909083,0.4545454545454546,0.08156578664504752
0.15151515151515138,0.4545454545454546,0.13561015123066217
0.21212121212121238,0.4545454545454546,0.1891565593525983
0.27272727272727293,0.4545454545454546,0.24200839018424944
0.3333333333333335,0.4545454545454546,0.293971573366273
0.39393939393939403,0.4545454545454546,0.34485530162720746
0.4545454545454546,0.4545454545454546,0.39447273142212874
0.5151515151515151,0.4545454545454546,0.44264166901662033
0.5757575757575757,0.4545454545454546,0.489185239496776
0.6363636363636367,0.4545454545454546,0.533932536248652
0.6969696969696972,0.4545454545454546,0.5767192485222963
0.7575757575757578,0.4545454545454546,0.6173882647759631
0.8181818181818183,0.4545454545454546,0.6557902495850461
0.8787878787878789,0.4545454545454546,0.6917841919973398
0.9393939393939394,0.4545454545454546,0.7252379233210844
1.0,0.4545454545454546,0.7560286024444925
1.0606060606060606,0.4545454545454546,0.7840431669046776
1.121212121212121,0.4545454545454546,0.8091787480496728
1.1818181818181817,0.4545454545454546,0.8313430487690787
1.2424242424242422,0.4545454545454546,0.8504546824063208
1.3030303030303028,0.4545454545454546,0.8664434716080467
1.3636363636363633,0.4545454545454546,0.8792507060132905
1.4242424242424248,0.4545454545454546,0.8888293578361817
1.4848484848484853,0.4545454545454546,0.8951442545505834
1.5454545454545459,0.4545454545454546,0.898172208042569
1.6060606060606064,0.4545454545454546,0.8979020997564892
1.666666666666667,0.4545454545454546,0.8943349215219799
1.7272727272727275,0.4545454545454546,0.8874837719119937
1.787878787878788,0.4545454545454546,0.8773738081452266
1.8484848484848486,0.4545454545454546,0.8640421537095555
1.9090909090909092,0.4545454545454546,0.8475377620456894
1.9696969696969697,0.4545454545454546,0.8279212367915826
2.0303030303030303,0.4545454545454546,0.805264609247669
2.090909090909091,0.4545454545454546,0.779651073880058
2.1515151515151514,0.4545454545454546,0.7511746828329163
2.212121212121212,0.4545454545454546,0.7199400005717757
2.2727272727272725,0.4545454545454546,0.6860617199259101
2.333333333333334,0.4545454545454546,0.6496642409396584
2.3939393939393945,0.4545454545454546,0.610881214079143
2.454545454545455,0.4545454545454546,0.56985504947171
2.5151515151515156,0.4545454545454546,0.5267363939801556
2.575757575757576,0.4545454545454546,0.48168357803190215
2.6363636363636367,0.4545454545454546,0.4348620342343525
2.6969696969696972,0.4545454545454546,0.3864436899112491
2.757575757575758,0.4545454545454546,0.33660633579062765
2.8181818181818183,0.4545454545454546,0.28553297316252285
2.878787878787879,0.4545454545454546,0.23341114190364506
2.9393939393939394,0.4545454545454546,0.18043223183650103
3.0,0.4545454545454546,0.12679077995162708
-3.0,0.5151515151515151,-0.12280518328426486
-2.9393939393939394,0.5151515151515151,-0.1747604463788625
-2.878787878787879,0.5151515151515151,-0.22607399428414707
-2.8181818181818183,0.5151515151515151,-0.2765574051701756
-2.757575757575758,0.5151515151515151,-0.32602530544558234
-2.696969696969697,0.5151515151515151,-0.3742960504439235
-2.6363636363636362,0.5151515151515151,-0.4211923914175169
-2.5757575757575757,0.5151515151515151,-0.4665421263896025
-2.515151515151515,0.5151515151515151,-0.5101787324749057
-2.4545454545454546,0.5151515151515151,-0.551941977346746
-2.393939393939394,0.5151515151515151,-0.5916785076054004
-2.333333333333333,0.5151515151515151,-0.6292424118872516
-2.2727272727272725,0.5151515151515151,-0.6644957566469974
-2.212121212121212,0.5151515151515151,-0.69730909264555
-2.1515151515151514,0.5151515151515151,-0.7275619302838118
-2.090909090909091,0.5151515151515151,-0.755143182036919
-2.0303030303030303,0.5151515151515151,-0.7799515703643471
-1.9696969696969697,0.5151515151515151,-0.8018959995980434
-1.9090909090909092,0.5151515151515151,-0.820895890443025
-1.8484848484848484,0.5151515151515151,-0.8368814758621671
-1.7878787878787878,0.5151515151515151,-0.8497940572586983
-1.7272727272727273,0.5151515151515151,-0.8595862200157125
-1.6666666666666665,0.5151515151515151,-0.8662220076012395
-1.606060606060606,0.5151515151515151,-0.8696770535995658
-1.5454545454545454,0.5151515151515151,-0.8699386711839934
-1.4848484848484849,0.5151515151515151,-0.8670058997024914
-1.4242424242424243,0.5151515151515151,-0.8608895082051823
-1.3636363636363635,0.5151515151515151,-0.8516119559007082
-1.303030303030303,0.5151515151515151,-0.839207309686681
-1.2424242424242424,0.5151515151515151,-0.8237211190570427
-1.1818181818181817,0.5151515151515151,-0.8052102488456703
-1.121212121212121,0.5151515151515151,-0.7837426704203885
-1.0606060606060606,0.5151515151515151,-0.7593972120941181
-1.0,0.5151515151515151,-0.7322632696696418
-0.9393939393939394,0.5151515151515151,-0.7024404781808622
-0.8787878787878789,0.5151515151515151,-0.6700383460359034
-0.8181818181818183,0.5151515151515151,-0.6351758529054771
-0.7575757575757573,0.5151515151515151,-0.5979810128330502
-0.6969696969696968,0.5151515151515151,-0.558590404171066
-0.6363636363636362,0.5151515151515151,-0.5171486680692718
-0.5757575757575757,0.5151515151515151,-0.47380797735669783
-0.5151515151515151,0.5151515151515151,-0.42872747776752984
-0.4545454545454546,0.5151515151515151,-0.3820727035626808
-0.39393939393939403,0.5151515151515151,-0.3340149696928825
-0.33333333333333304,0.5151515151515151,-0.28473074273525323
-0.2727272727272725,0.5151515151515151,-0.23440099291324853
-0.21212121212121193,0.5151515151515151,-0.18321052957935224
-0.15151515151515138,0.5151515151515151,-0.13134732260060233
-0.09090909090909083,0.5151515151515151,-0.07900181213879946
-0.030303030303030276,0.5151515151515151,-0.026366209359866558
0.030303030303030276,0.5151515151515151,0.026366209359866558
0.09090909090909083,0.5151515151515151,0.07900181213879946
0.15151515151515138,0.5151515151515151,0.13134732260060233
0.21212121212121238,0.5151515151515151,0.18321052957935263
0.27272727272727293,0.5151515151515151,0.23440099291324892
0.3333333333333335,0.5151515151515151,0.28473074273525356
0.39393939393939403,0.5151515151515151,0.3340149696928825
0.4545454545454546,0.5151515151515151,0.3820727035626808
0.5151515151515151,0.5151515151515151,0.42872747776752984
0.5757575757575757,0.5151515151515151,0.47380797735669783
0.6363636363636367,0.5151515151515151,0.5171486680692721
0.6969696969696972,0.5151515151515151,0.5585904041710662
0.7575757575757578,0.5151515151515151,0.5979810128330505
0.8181818181818183,0.5151515151515151,0.6351758529054771
0.8787878787878789,0.5151515151515151,0.6700383460359034
0.9393939393939394,0.5151515151515151,0.7024404781808622
1.0,0.5151515151515151,0.7322632696696418
1.0606060606060606,0.5151515151515151,0.7593972120941181
1.121212121212121,0.5151515151515151,0.7837426704203885
1.1818181818181817,0.5151515151515151,0.8052102488456703
1.2424242424242422,0.5151515151515151,0.8237211190570426
1.3030303030303028,0.5151515151515151,0.839207309686681
1.3636363636363633,0.5151515151515151,0.8516119559007082
1.4242424242424248,0.5151515151515151,0.8608895082051824
1.4848484848484853,0.5151515151515151,0.8670058997024914
1.5454545454545459,0.5151515151515151,0.8699386711839934
1.6060606060606064,0.5151515151515151,0.8696770535995658
1.666666666666667,0.5151515151515151,0.8662220076012395
1.7272727272727275,0.5151515151515151,0.8595862200157125
1.787878787878788,0.5151515151515151,0.8497940572586983
1.8484848484848486,0.5151515151515151,0.836881475862167
1.9090909090909092,0.5151515151515151,0.820895890443025
1.9696969696969697,0.5151515151515151,0.8018959995980434
2.0303030303030303,0.5151515151515151,0.7799515703643471
2.090909090909091,0.5151515151515151,0.755143182036919
2.1515151515151514,0.5151515151515151,0.7275619302838118
2.212121212121212,0.5151515151515151,0.69730909264555
2.2727272727272725,0.5151515151515151,0.6644957566469974
2.333333333333334,0.5151515151515151,0.6292424118872512
2.3939393939393945,0.5151515151515151,0.5916785076054001
2.454545454545455,0.5151515151515151,0.5519419773467457
2.5151515151515156,0.5151515151515151,0.5101787324749054
2.575757575757576,0.5151515151515151,0.4665421263896022
2.6363636363636367,0.5151515151515151,0.4211923914175166
2.6969696969696972,0.5151515151515151,0.37429605044392317
2.757575757575758,0.5151515151515151,0.32602530544558234
2.8181818181818183,0.5151515151515151,0.2765574051701756
2.878787878787879,0.5151515151515151,0.22607399428414707
2.9393939393939394,0.5151515151515151,0.1747604463788625
3.0,0.5151515151515151,0.12280518328426486
-3.0,0.5757575757575757,-0.11836864961672443
-2.9393939393939394,0.5757575757575757,-0.1684469457319109
-2.878787878787879,0.5757575757575757,-0.21790670964539294
-2.8181818181818183,0.5757575757575757,-0.2665663265672066
-2.757575757575758,0.5757575757575757,-0.31424711982347103
-2.696969696969697,0.5757575757575757,-0.3607740069518501
-2.6363636363636362,0.5757575757575757,-0.4059761425991732
-2.5757575757575757,0.5757575757575757,-0.44968754586052007
-2.515151515151515,0.5757575757575757,-0.49174770975619253
-2.4545454545454546,0.5757575757575757,-0.5320021906085959
-2.393939393939394,0.5757575757575757,-0.5703031751548541
-2.333333333333333,0.5757575757575757,-0.6065100233127392
-2.2727272727272725,0.5757575757575757,-0.6404897846068914
-2.212121212121212,0.5757575757575757,-0.6721176863590334
-2.1515151515151514,0.5757575757575757,-0.7012775918495527
-2.090909090909091,0.5757575757575757,-0.7278624267681006
-2.0303030303030303,0.5757575757575757,-0.7517745723872934
-1.9696969696969697,0.5757575757575757,-0.7729262240157895
-1.9090909090909092,0.5757575757575757,-0.7912397134145208
-1.8484848484848484,0.5757575757575757,-0.8066477939921677
-1.7878787878787878,0.5757575757575757,-0.8190938877326529
-1.7272727272727273,0.5757575757575757,-0.8285322929479438
-1.6666666666666665,0.5757575757575757,-0.8349283520932983
-1.606060606060606,0.5757575757575757,-0.8382585790287436
-1.5454545454545454,0.5757575757575757,-0.8385107452594881
-1.4848484848484849,0.5757575757575757,-0.8356839248385922
-1.4242424242424243,0.5757575757575757,-0.8297884977670179
-1.3636363636363635,0.5757575757575757,-0.8208461118785727
-1.303030303030303,0.5757575757575757,-0.808889603349704
-1.2424242424242424,0.5757575757575757,-0.7939628761260303
-1.1818181818181817,0.5757575757575757,-0.7761207407083525
-1.121212121212121,0.5757575757575757,-0.7554287128901153
-1.0606060606060606,0.5757575757575757,-0.7319627731853527
-1.0,0.5757575757575757,-0.7058090878304877
-0.9393939393939394,0.5757575757575757,-0.6770636923844608
-0.8787878787878789,0.5757575757575757,-0.6458321390889994
-0.8181818181818183,0.5757575757575757,-0.6122291092839077
-0.7575757575757573,0.5757575757575757,-0.57637799230058
-0.6969696969696968,0.5757575757575757,-0.5384104323800261
-0.6363636363636362,0.5757575757575757,-0.49846584527911203
-0.5757575757575757,0.5757575757575757,-0.4566909063400255
-0.5151515151515151,0.5757575757575757,-0.4132390119027584
-0.4545454545454546,0.5757575757575757,-0.36826971603828357
-0.39393939393939403,0.5757575757575757,-0.32194814467072697
-0.33333333333333304,0.5757575757575757,-0.27444438923985803
-0.2727272727272725,0.5757575757575757,-0.22593288213035637
-0.21212121212121193,0.5757575757575757,-0.17659175616125292
-0.15151515151515138,0.5757575757575757,-0.12660219048748955
-0.09090909090909083,0.5757575757575757,-0.07614774531542136
-0.030303030303030276,0.5757575757575757,-0.025413687875169132
0.030303030303030276,0.5757575757575757,0.025413687875169132
0.09090909090909083,0.5757575757575757,0.07614774531542136
0.15151515151515138,0.5757575757575757,0.12660219048748955
0.21212121212121238,0.5757575757575757,0.17659175616125328
0.27272727272727293,0.5757575757575757,0.22593288213035673
0.3333333333333335,0.5757575757575757,0.27444438923985837
0.39393939393939403,0.5757575757575757,0.32194814467072697
0.4545454545454546,0.5757575757575757,0.36826971603828357
0.5151515151515151,0.5757575757575757,0.4132390119027584
0.5757575757575757,0.5757575757575757,0.4566909063400255
0.6363636363636367,0.5757575757575757,0.4984658452791123
0.6969696969696972,0.5757575757575757,0.5384104323800264
0.7575757575757578,0.5757575757575757,0.5763779923005802
0.8181818181818183,0.5757575757575757,0.6122291092839077
0.8787878787878789,0.5757575757575757,0.6458321390889994
0.9393939393939394,0.5757575757575757,0.6770636923844608
1.0,0.5757575757575757,0.7058090878304877
1.0606060606060606,0.5757575757575757,0.7319627731853527
1.121212121212121,0.5757575757575757,0.7554287128901153
1.1818181818181817,0.5757575757575757,0.7761207407083525
1.2424242424242422,0.5757575757575757,0.7939628761260302
1.3030303030303028,0.5757575757575757,0.808889603349704
1.3636363636363633,0.5757575757575757,0.8208461118785727
1.4242424242424248,0.5757575757575757,0.829788497767018
1.4848484848484853,0.5757575757575757,0.8356839248385922
1.5454545454545459,0.5757575757575757,0.8385107452594881
1.6060606060606064,0.5757575757575757,0.8382585790287436
1.666666666666667,0.5757575757575757,0.8349283520932983
1.7272727272727275,0.5757575757575757,0.8285322929479438
1.787878787878788,0.5757575757575757,0.8190938877326529
1.8484848484848486,0.5757575757575757,0.8066477939921676
1.9090909090909092,0.5757575757575757,0.7912397134145208
1.9696969696969697,0.5757575757575757,0.7729262240157895
2.0303030303030303,0.5757575757575757,0.7517745723872934
2.090909090909091,0.5757575757575757,0.7278624267681006
2.1515151515151514,0.5757575757575757,0.7012775918495527
2.212121212121212,0.5757575757575757,0.6721176863590334
2.2727272727272725,0.5757575757575757,0.6404897846068914
2.333333333333334,0.5757575757575757,0.6065100233127387
2.3939393939393945,0.5757575757575757,0.5703031751548538
2.454545454545455,0.5757575757575757,0.5320021906085955
2.5151515151515156,0.5757575757575757,0.49174770975619225
2.575757575757576,0.5757575757575757,0.4496875458605198
2.6363636363636367,0.5757575757575757,0.40597614259917286
2.6969696969696972,0.5757575757575757,0.36077400695184975
2.757575757575758,0.5757575757575757,0.31424711982347103
2.8181818181818183,0.5757575757575757,0.2665663265672066
2.878787878787879,0.5757575757575757,0.21790670964539294
2.9393939393939394,0.5757575757575757,0.1684469457319109
3.0,0.5757575757575757,0.11836864961672443
-3.0,0.6363636363636367,-0.11349746976939076
-2.9393939393939394,0.6363636363636367,-0.16151491288325484
-2.878787878787879,0.6363636363636367,-0.2089392780149703
-2.8181818181818183,0.6363636363636367,-0.25559642429868834
-2.757575757575758,0.6363636363636367,-0.3013150280734739
-2.696969696969697,0.6363636363636367,-0.34592721197872095
-2.6363636363636362,0.6363636363636367,-0.3892691613948532
-2.5757575757575757,0.6363636363636367,-0.43118172596576304
-2.515151515151515,0.6363636363636367,-0.4715110039942101
-2.4545454545454546,0.6363636363636367,-0.5101089075643006
-2.393939393939394,0.6363636363636367,-0.5468337063159343
-2.333333333333333,0.6363636363636367,-0.5815505478744939
-2.2727272727272725,0.6363636363636367,-0.614131953024775
-2.212121212121212,0.6363636363636367,-0.6444582838108939
-2.1515151515151514,0.6363636363636367,-0.6724181828433223
-2.090909090909091,0.6363636363636367,-0.6979089821999268
-2.0303030303030303,0.6363636363636367,-0.720837080419543
-1.9696969696969697,0.6363636363636367,-0.7411182862037706
-1.9090909090909092,0.6363636363636367,-0.7586781275649319
-1.8484848484848484,0.6363636363636367,-0.7734521252850066
-1.7878787878787878,0.6363636363636367,-0.7853860296814131
-1.7272727272727273,0.6363636363636367,-0.7944360198102385
-1.6666666666666665,0.6363636363636367,-0.8005688643754478
-1.606060606060606,0.6363636363636367,-0.8037620437532205
-1.5454545454545454,0.6363636363636367,-0.8040038326833422
-1.4848484848484849,0.6363636363636367,-0.8012933433240145
-1.4242424242424243,0.6363636363636367,-0.7956405285119824
-1.3636363636363635,0.6363636363636367,-0.7870661452160135
-1.303030303030303,0.6363636363636367,-0.7756016783179219
-1.2424242424242424,0.6363636363636367,-0.7612892250010136
-1.1818181818181817,0.6363636363636367,-0.7441813401704752
-1.121212121212121,0.6363636363636367,-0.7243408434733164
-1.0606060606060606,0.6363636363636367,-0.7018405886264848
-1.0,0.6363636363636367,-0.6767631959001715
-0.9393939393939394,0.6363636363636367,-0.6492007487386248
-0.8787878787878789,0.6363636363636367,-0.6192544556324651
-0.8181818181818183,0.6363636363636367,-0.5870342784841024
-0.7575757575757573,0.6363636363636367,-0.5526585288308832
-0.6969696969696968,0.6363636363636367,-0.5162534334086258
-0.6363636363636362,0.6363636363636367,-0.4779526706507797
-0.5757575757575757,0.6363636363636367,-0.4378968798251724
-0.5151515151515151,0.6363636363636367,-0.39623314461077924
-0.4545454545454546,0.6363636363636367,-0.3531144530108044
-0.39393939393939403,0.6363636363636367,-0.30869913558525935
-0.33333333333333304,0.6363636363636367,-0.26315028406582974
-0.2727272727272725,0.6363636363636367,-0.21663515248786236
-0.21212121212121193,0.6363636363636367,-0.16932454303849362
-0.15151515151515138,0.6363636363636367,-0.12139217887607194
-0.09090909090909083,0.6363636363636367,-0.0730140662238592
-0.030303030303030276,0.6363636363636367,-0.02436784808038566
0.030303030303030276,0.6363636363636367,0.02436784808038566
0.09090909090909083,0.6363636363636367,0.0730140662238592
0.15151515151515138,0.6363636363636367,0.12139217887607194
0.21212121212121238,0.6363636363636367,0.16932454303849398
0.27272727272727293,0.6363636363636367,0.21663515248786272
0.3333333333333335,0.6363636363636367,0.26315028406583
0.39393939393939403,0.6363636363636367,0.30869913558525935
0.4545454545454546,0.6363636363636367,0.3531144530108044
0.5151515151515151,0.6363636363636367,0.39623314461077924
0.5757575757575757,0.6363636363636367,0.4378968798251724
0.6363636363636367,0.6363636363636367,0.47795267065077995
0.6969696969696972,0.6363636363636367,0.5162534334086262
0.7575757575757578,0.6363636363636367,0.5526585288308835
0.8181818181818183,0.6363636363636367,0.5870342784841024
0.8787878787878789,0.6363636363636367,0.6192544556324651
0.9393939393939394,0.6363636363636367,0.6492007487386248
1.0,0.6363636363636367,0.6767631959001715
1.0606060606060606,0.6363636363636367,0.7018405886264848
1.121212121212121,0.6363636363636367,0.7243408434733164
1.1818181818181817,0.6363636363636367,0.7441813401704752
1.2424242424242422,0.6363636363636367,0.7612892250010136
1.3030303030303028,0.6363636363636367,0.7756016783179218
1.3636363636363633,0.6363636363636367,0.7870661452160135
1.4242424242424248,0.6363636363636367,0.7956405285119825
1.4848484848484853,0.6363636363636367,0.8012933433240145
1.5454545454545459,0.6363636363636367,0.8040038326833422
1.6060606060606064,0.6363636363636367,0.8037620437532205
1.666666666666667,0.6363636363636367,0.8005688643754478
1.7272727272727275,0.6363636363636367,0.7944360198102385
1.787878787878788,0.6363636363636367,0.7853860296814131
1.8484848484848486,0.6363636363636367,0.7734521252850066
1.9090909090909092,0.6363636363636367,0.7586781275649319
1.9696969696969697,0.6363636363636367,0.7411182862037706
2.0303030303030303,0.6363636363636367,0.720837080419543
2.090909090909091,0.6363636363636367,0.6979089821999268
2.1515151515151514,0.6363636363636367,0.6724181828433223
2.212121212121212,0.6363636363636367,0.6444582838108939
2.2727272727272725,0.6363636363636367,0.614131953024775
2.333333333333334,0.6363636363636367,0.5815505478744935
2.3939393939393945,0.6363636363636367,0.546833706315934
2.454545454545455,0.6363636363636367,0.5101089075643004
2.5151515151515156,0.6363636363636367,0.4715110039942098
2.575757575757576,0.6363636363636367,0.43118172596576276
2.6363636363636367,0.6363636363636367,0.38926916139485285
2.6969696969696972,0.6363636363636367,0.3459272119787206
2.757575757575758,0.6363636363636367,0.3013150280734739
2.8181818181818183,0.6363636363636367,0.25559642429868834
2.878787878787879,0.6363636363636367,0.2089392780149703
2.9393939393939394,0.6363636363636367,0.16151491288325484
3.0,0.6363636363636367,0.11349746976939076
-3.0,0.6969696969696972,-0.10820953057056334
-2.9393939393939394,0.6969696969696972,-0.15398980205245025
-2.878787878787879,0.6969696969696972,-0.1992046275365503
-2.8181818181818183,0.6969696969696972,-0.24368797952123777
-2.757575757575758,0.6969696969696972,-0.2872765164539381
-2.696969696969697,0.6969696969696972,-0.3298101825164774
-2.6363636363636362,0.6969696969696972,-0.371132795345311
-2.5757575757575757,0.6969696969696972,-0.4110926195285433
-2.515151515151515,0.6969696969696972,-0.4495429237738713
-2.4545454545454546,0.6969696969696972,-0.48634251970154874
-2.393939393939394,0.6969696969696972,-0.5213562802839404
-2.333333333333333,0.6969696969696972,-0.5544556360279705
-2.2727272727272725,0.6969696969696972,-0.5855190470784967
-2.212121212121212,0.6969696969696972,-0.6144324495090641
-2.1515151515151514,0.6969696969696972,-0.6410896741612684
-2.090909090909091,0.6969696969696972,-0.6653928364947648
-2.0303030303030303,0.6969696969696972,-0.6872526960164045
-1.9696969696969697,0.6969696969696972,-0.7065889839686856
-1.9090909090909092,0.6969696969696972,-0.7233306980742567
-1.8484848484848484,0.6969696969696972,-0.7374163632541778
-1.7878787878787878,0.6969696969696972,-0.7487942573625925
-1.7272727272727273,0.6969696969696972,-0.7574226011089173
-1.6666666666666665,0.6969696969696972,-0.763269711470161
-1.606060606060606,0.6969696969696972,-0.7663141180300468
-1.5454545454545454,0.6969696969696972,-0.7665446418177471
-1.4848484848484849,0.6969696969696972,-0.7639604363567327
-1.4242424242424243,0.6969696969696972,-0.7585709907730103
-1.3636363636363635,0.6969696969696972,-0.7503960949513317
-1.303030303030303,0.6969696969696972,-0.7394657668673236
-1.2424242424242424,0.6969696969696972,-0.7258201423623671
-1.1818181818181817,0.6969696969696972,-0.709509327765978
-1.121212121212121,0.6969696969696972,-0.6905932159068449
-1.0606060606060606,0.6969696969696972,-0.6691412661881356
-1.0,0.6969696969696972,-0.6452322495346221
-0.9393939393939394,0.6969696969696972,-0.6189539591481761
-0.8787878787878789,0.6969696969696972,-0.590402888133728
-0.8181818181818183,0.6969696969696972,-0.559683875179441
-0.7575757575757573,0.6969696969696972,-0.5269097195921484
-0.6969696969696968,0.6969696969696972,-0.492200767101637
-0.6363636363636362,0.6969696969696972,-0.4556844679546864
-0.5757575757575757,0.6969696969696972,-0.41749490892153346
-0.5151515151515151,0.6969696969696972,-0.3777723209332186
-0.4545454545454546,0.6969696969696972,-0.33666256415775514
-0.39393939393939403,0.6969696969696972,-0.29431659240590763
-0.33333333333333304,0.6969696969696972,-0.25088989883326346
-0.2727272727272725,0.6969696969696972,-0.20654194497396702
-0.21212121212121193,0.6969696969696972,-0.16143557520268143
-0.15151515151515138,0.6969696969696972,-0.11573641877486333
-0.09090909090909083,0.6969696969696972,-0.06961228164103626
-0.030303030303030276,0.6969696969696972,-0.023232530268304408
0.030303030303030276,0.6969696969696972,0.023232530268304408
0.09090909090909083,0.6969696969696972,0.06961228164103626
0.15151515151515138,0.6969696969696972,0.11573641877486333
0.21212121212121238,0.6969696969696972,0.16143557520268176
0.27272727272727293,0.6969696969696972,0.20654194497396738
0.3333333333333335,0.6969696969696972,0.2508898988332638
0.39393939393939403,0.6969696969696972,0.29431659240590763
0.4545454545454546,0.6969696969696972,0.33666256415775514
0.5151515151515151,0.6969696969696972,0.3777723209332186
0.5757575757575757,0.6969696969696972,0.41749490892153346
0.6363636363636367,0.6969696969696972,0.4556844679546867
0.6969696969696972,0.6969696969696972,0.4922007671016373
0.7575757575757578,0.6969696969696972,0.5269097195921486
0.8181818181818183,0.6969696969696972,0.559683875179441
0.8787878787878789,0.6969696969696972,0.590402888133728
0.9393939393939394,0.6969696969696972,0.6189539591481761
1.0,0.6969696969696972,0.6452322495346221
1.0606060606060606,0.6969696969696972,0.6691412661881356
1.121212121212121,0.6969696969696972,0.6905932159068449
1.1818181818181817,0.6969696969696972,0.709509327765978
1.2424242424242422,0.6969696969696972,0.725820142362367
1.3030303030303028,0.6969696969696972,0.7394657668673235
1.3636363636363633,0.6969696969696972,0.7503960949513317
1.4242424242424248,0.6969696969696972,0.7585709907730104
1.4848484848484853,0.6969696969696972,0.7639604363567327
1.5454545454545459,0.6969696969696972,0.7665446418177471
1.6060606060606064,0.6969696969696972,0.7663141180300468
1.666666666666667,0.6969696969696972,0.763269711470161
1.7272727272727275,0.6969696969696972,0.7574226011089173
1.787878787878788,0.6969696969696972,0.7487942573625925
1.8484848484848486,0.6969696969696972,0.7374163632541777
1.9090909090909092,0.6969696969696972,0.7233306980742567
1.9696969696969697,0.6969696969696972,0.7065889839686856
2.0303030303030303,0.6969696969696972,0.6872526960164045
2.090909090909091,0.6969696969696972,0.6653928364947648
2.1515151515151514,0.6969696969696972,0.6410896741612684
2.212121212121212,0.6969696969696972,0.6144324495090641
2.2727272727272725,0.6969696969696972,0.5855190470784967
2.333333333333334,0.6969696969696972,0.5544556360279701
2.3939393939393945,0.6969696969696972,0.5213562802839402
2.454545454545455,0.6969696969696972,0.4863425197015485
2.5151515151515156,0.6969696969696972,0.449542923773871
2.575757575757576,0.6969696969696972,0.41109261952854304
2.6363636363636367,0.6969696969696972,0.3711327953453107
2.6969696969696972,0.6969696969696972,0.32981018251647715
2.757575757575758,0.6969696969696972,0.2872765164539381
2.8181818181818183,0.6969696969696972,0.24368797952123777
2.878787878787879,0.6969696969696972,0.1992046275365503
2.9393939393939394,0.6969696969696972,0.15398980205245025
3.0,0.6969696969696972,0.10820953057056334
-3.0,0.7575757575757578,-0.1025242491765516
-2.9393939393939394,0.7575757575757578,-0.1458992452238588
-2.878787878787879,0.7575757575757578,-0.18873850355871766
-2.8181818181818183,0.7575757575757578,-0.23088471969180005
-2.757575757575758,0.7575757575757578,-0.272183133964241
-2.696969696969697,0.7575757575757578,-0.31248209982052844
-2.6363636363636362,0.7575757575757578,-0.3516336406501676
-2.5757575757575757,0.7575757575757578,-0.38949399315341915
-2.515151515151515,0.7575757575757578,-0.42592413523588196
-2.4545454545454546,0.7575757575757578,-0.46079029649351116
-2.393939393939394,0.7575757575757578,-0.49396444941358475
-2.333333333333333,0.7575757575757578,-0.5253247794879434
-2.2727272727272725,0.7575757575757578,-0.5547561325122596
-2.212121212121212,0.7575757575757578,-0.5821504374288711
-2.1515151515151514,0.7575757575757578,-0.6074071031605066
-2.090909090909091,0.7575757575757578,-0.630433387977746
-2.0303030303030303,0.7575757575757578,-0.6511447400439074
-1.9696969696969697,0.7575757575757578,-0.6694651078868904
-1.9090909090909092,0.7575757575757578,-0.6853272196579313
-1.8484848484848484,0.7575757575757578,-0.6986728301518426
-1.7878787878787878,0.7575757575757578,-0.7094529346816819
-1.7272727272727273,0.7575757575757578,-0.7176279490225149
-1.6666666666666665,0.7575757575757578,-0.7231678547635163
-1.606060606060606,0.7575757575757578,-0.7260523095346876
-1.5454545454545454,0.7575757575757578,-0.7262707217034373
-1.4848484848484849,0.7575757575757578,-0.723822289266743
-1.4242424242424243,0.7575757575757578,-0.7187160027960822
-1.3636363636363635,0.7575757575757578,-0.7109706124243202
-1.303030303030303,0.7575757575757578,-0.7006145589957771
-1.2424242424242424,0.7575757575757578,-0.6876858696322878
-1.1818181818181817,0.7575757575757578,-0.6722320180987368
-1.121212121212121,0.7575757575757578,-0.6543097504807969
-1.0606060606060606,0.7575757575757578,-0.6339848768149823
-1.0,0.7575757575757578,-0.61133202943614
-0.9393939393939394,0.7575757575757578,-0.5864343889297253
-0.8787878787878789,0.7575757575757578,-0.559383378695152
-0.8181818181818183,0.7575757575757578,-0.5302783292417741
-0.7575757575757573,0.7575757575757578,-0.4992261134501946
-0.6969696969696968,0.7575757575757578,-0.46634075413820886
-0.6363636363636362,0.7575757575757578,-0.4317430053723908
-0.5757575757575757,0.7575757575757578,-0.39555990906273253
-0.5151515151515151,0.7575757575757578,-0.3579243284685094
-0.4545454545454546,0.7575757575757578,-0.3189744603283218
-0.39393939393939403,0.7575757575757578,-0.2788533274057596
-0.33333333333333304,0.7575757575757578,-0.23770825331404463
-0.2727272727272725,0.7575757575757578,-0.19569032154808252
-0.21212121212121193,0.7575757575757578,-0.15295382071033672
-0.15151515151515138,0.7575757575757578,-0.10965567796764576
-0.09090909090909083,0.7575757575757578,-0.06595488281930853
-0.030303030303030276,0.7575757575757578,-0.022011903292346185
0.030303030303030276,0.7575757575757578,0.022011903292346185
0.09090909090909083,0.7575757575757578,0.06595488281930853
0.15151515151515138,0.7575757575757578,0.10965567796764576
0.21212121212121238,0.7575757575757578,0.15295382071033703
0.27272727272727293,0.7575757575757578,0.19569032154808286
0.3333333333333335,0.7575757575757578,0.23770825331404494
0.39393939393939403,0.7575757575757578,0.2788533274057596
0.4545454545454546,0.7575757575757578,0.3189744603283218
0.5151515151515151,0.7575757575757578,0.3579243284685094
0.5757575757575757,0.7575757575757578,0.39555990906273253
0.6363636363636367,0.7575757575757578,0.431743005372391
0.6969696969696972,0.7575757575757578,0.46634075413820913
0.7575757575757578,0.7575757575757578,0.4992261134501948
0.8181818181818183,0.7575757575757578,0.5302783292417741
0.8787878787878789,0.7575757575757578,0.559383378695152
0.9393939393939394,0.7575757575757578,0.5864343889297253
1.0,0.7575757575757578,0.61133202943614
1.0606060606060606,0.7575757575757578,0.6339848768149823
1.121212121212121,0.7575757575757578,0.6543097504807969
1.1818181818181817,0.7575757575757578,0.6722320180987368
1.2424242424242422,0.7575757575757578,0.6876858696322877
1.3030303030303028,0.7575757575757578,0.700614558995777
1.3636363636363633,0.7575757575757578,0.7109706124243202
1.4242424242424248,0.7575757575757578,0.7187160027960822
1.4848484848484853,0.7575757575757578,0.723822289266743
1.5454545454545459,0.7575757575757578,0.7262707217034373
1.6060606060606064,0.7575757575757578,0.7260523095346876
1.666666666666667,0.7575757575757578,0.7231678547635163
1.7272727272727275,0.7575757575757578,0.7176279490225149
1.787878787878788,0.7575757575757578,0.7094529346816819
1.8484848484848486,0.7575757575757578,0.6986728301518424
1.9090909090909092,0.7575757575757578,0.6853272196579313
1.9696969696969697,0.7575757575757578,0.6694651078868904
2.0303030303030303,0.7575757575757578,0.6511447400439074
2.090909090909091,0.7575757575757578,0.630433387977746
2.1515151515151514,0.7575757575757578,0.6074071031605066
2.212121212121212,0.7575757575757578,0.5821504374288711
2.2727272727272725,0.7575757575757578,0.5547561325122596
2.333333333333334,0.7575757575757578,0.525324779487943
2.3939393939393945,0.7575757575757578,0.4939644494135845
2.454545454545455,0.7575757575757578,0.4607902964935109
2.5151515151515156,0.7575757575757578,0.4259241352358817
2.575757575757576,0.7575757575757578,0.38949399315341887
2.6363636363636367,0.7575757575757578,0.35163364065016733
2.6969696969696972,0.7575757575757578,0.31248209982052816
2.757575757575758,0.7575757575757578,0.272183133964241
2.8181818181818183,0.7575757575757578,0.23088471969180005
2.878787878787879,0.7575757575757578,0.18873850355871766
2.9393939393939394,0.7575757575757578,0.1458992452238588
3.0,0.7575757575757578,0.1025242491765516
-3.0,0.8181818181818183,-0.0964625017724515
-2.9393939393939394,0.8181818181818183,-0.137272950682819
-2.878787878787879,0.8181818181818183,-0.1775793373791085
-2.8181818181818183,0.8181818181818183,-0.21723365800172093
-2.757575757575758,0.8181818181818183,-0.2560903030583901
-2.696969696969697,0.8181818181818183,-0.29400659209793145
-2.6363636363636362,0.8181818181818183,-0.3308432976286366
-2.5757575757575757,0.8181818181818183,-0.36646515635750615
-2.515151515151515,0.8181818181818183,-0.400741365873059
-2.4545454545454546,0.8181818181818183,-0.43354606494791803
-2.393939393939394,0.8181818181818183,-0.4647587956975138
-2.333333333333333,0.8181818181818183,-0.494264945897874
-2.2727272727272725,0.8181818181818183,-0.5219561698383177
-2.212121212121212,0.8181818181818183,-0.5477307861637021
-2.1515151515151514,0.8181818181818183,-0.5714941512453486
-2.090909090909091,0.8181818181818183,-0.5931590067096492
-2.0303030303030303,0.8181818181818183,-0.612645799848232
-1.9696969696969697,0.8181818181818183,-0.6298829757331531
-1.9090909090909092,0.8181818181818183,-0.6448072399644762
-1.8484848484848484,0.8181818181818183,-0.6573637910854356
-1.7878787878787878,0.8181818181818183,-0.667506521811765
-1.7272727272727273,0.8181818181818183,-0.6751981883362809
-1.6666666666666665,0.8181818181818183,-0.6804105470870415
-1.606060606060606,0.8181818181818183,-0.6831244584369068
-1.5454545454545454,0.8181818181818183,-0.6833299569836835
-1.4848484848484849,0.8181818181818183,-0.6810262881427867
-1.4242424242424243,0.8181818181818183,-0.6762219109180528
-1.3636363636363635,0.8181818181818183,-0.6689344668405273
-1.303030303030303,0.8181818181818183,-0.6591907151892845
-1.2424242424242424,0.8181818181818183,-0.6470264347321467
-1.1818181818181817,0.8181818181818183,-0.6324862923471068
-1.121212121212121,0.8181818181818183,-0.615623679006874
-1.0606060606060606,0.8181818181818183,-0.5965005137288013
-1.0,0.8181818181818183,-0.5751870162100854
-0.9393939393939394,0.8181818181818183,-0.5517614489831159
-0.8787878787878789,0.8181818181818183,-0.5263098300377714
-0.8181818181818183,0.8181818181818183,-0.4989256169659057
-0.7575757575757573,0.8181818181818183,-0.46970936378783446
-0.6969696969696968,0.8181818181818183,-0.43876835172094836
-0.6363636363636362,0.8181818181818183,-0.40621619524625496
-0.5757575757575757,0.8181818181818183,-0.3721724249193667
-0.5151515151515151,0.8181818181818183,-0.3367620484578358
-0.4545454545454546,0.8181818181818183,-0.3001150917165138
-0.39393939393939403,0.8181818181818183,-0.2623661212364591
-0.33333333333333304,0.8181818181818183,-0.22365375012057834
-0.2727272727272725,0.8181818181818183,-0.1841201290504143
-0.21212121212121193,0.8181818181818183,-0.14391042431304685
-0.15151515151515138,0.8181818181818183,-0.10317228475478195
-0.09090909090909083,0.8181818181818183,-0.06205529961895569
-0.030303030303030276,0.8181818181818183,-0.020710449258657938
0.030303030303030276,0.8181818181818183,0.020710449258657938
0.09090909090909083,0.8181818181818183,0.06205529961895569
0.15151515151515138,0.8181818181818183,0.10317228475478195
0.21212121212121238,0.8181818181818183,0.14391042431304715
0.27272727272727293,0.8181818181818183,0.1841201290504146
0.3333333333333335,0.8181818181818183,0.2236537501205786
0.39393939393939403,0.8181818181818183,0.2623661212364591
0.4545454545454546,0.8181818181818183,0.3001150917165138
0.5151515151515151,0.8181818181818183,0.3367620484578358
0.5757575757575757,0.8181818181818183,0.3721724249193667
0.6363636363636367,0.8181818181818183,0.40621619524625524
0.6969696969696972,0.8181818181818183,0.4387683517209486
0.7575757575757578,0.8181818181818183,0.4697093637878347
0.8181818181818183,0.8181818181818183,0.4989256169659057
0.8787878787878789,0.8181818181818183,0.5263098300377714
0.9393939393939394,0.8181818181818183,0.5517614489831159
1.0,0.8181818181818183,0.5751870162100854
1.0606060606060606,0.8181818181818183,0.5965005137288013
1.121212121212121,0.8181818181818183,0.615623679006874
1.1818181818181817,0.8181818181818183,0.6324862923471068
1.2424242424242422,0.8181818181818183,0.6470264347321466
1.3030303030303028,0.8181818181818183,0.6591907151892845
1.3636363636363633,0.8181818181818183,0.6689344668405273
1.4242424242424248,0.8181818181818183,0.6762219109180528
1.4848484848484853,0.8181818181818183,0.6810262881427867
1.5454545454545459,0.8181818181818183,0.6833299569836835
1.6060606060606064,0.8181818181818183,0.6831244584369068
1.666666666666667,0.8181818181818183,0.6804105470870415
1.7272727272727275,0.8181818181818183,0.6751981883362809
1.787878787878788,0.8181818181818183,0.667506521811765
1.8484848484848486,0.8181818181818183,0.6573637910854355
1.9090909090909092,0.8181818181818183,0.6448072399644762
1.9696969696969697,0.8181818181818183,0.6298829757331531
2.0303030303030303,0.8181818181818183,0.612645799848232
2.090909090909091,0.8181818181818183,0.5931590067096492
2.1515151515151514,0.8181818181818183,0.5714941512453486
2.212121212121212,0.8181818181818183,0.5477307861637021
2.2727272727272725,0.8181818181818183,0.5219561698383177
2.333333333333334,0.8181818181818183,0.4942649458978736
2.3939393939393945,0.8181818181818183,0.4647587956975136
2.454545454545455,0.8181818181818183,0.4335460649479178
2.5151515151515156,0.8181818181818183,0.40074136587305875
2.575757575757576,0.8181818181818183,0.36646515635750593
2.6363636363636367,0.8181818181818183,0.33084329762863635
2.6969696969696972,0.8181818181818183,0.2940065920979312
2.757575757575758,0.8181818181818183,0.2560903030583901
2.8181818181818183,0.8181818181818183,0.21723365800172093
2.878787878787879,0.8181818181818183,0.1775793373791085
2.9393939393939394,0.8181818181818183,0.137272950682819
3.0,0.8181818181818183,0.0964625017724515
-3.0,0.8787878787878789,-0.09004654691541135
-2.9393939393939394,0.8787878787878789,-0.1281425939277012
-2.878787878787879,0.8787878787878789,-0.16576810512582224
-2.8181818181818183,0.8787878787878789,-0.2027849207456986
-2.757575757575758,0.8787878787878789,-0.23905711613541106
-2.696969696969697,0.8787878787878789,-0.27445150086649855
-2.6363636363636362,0.8787878787878789,-0.30883810780527
-2.5757575757575757,0.8787878787878789,-0.3420906703482764
-2.515151515151515,0.8787878787878789,-0.37408708606954216
-2.4545454545454546,0.8787878787878789,-0.40470986507706175
-2.393939393939394,0.8787878787878789,-0.433846561432207
-2.333333333333333,0.8787878787878789,-0.4613901860478884
-2.2727272727272725,0.8787878787878789,-0.4872395995493164
-2.212121212121212,0.8787878787878789,-0.5112998836547953
-2.1515151515151514,0.8787878787878789,-0.5334826897128447
-2.090909090909091,0.8787878787878789,-0.5537065631158345
-2.0303030303030303,0.8787878787878789,-0.571897242398895
-1.9696969696969697,0.8787878787878789,-0.5879879319258177
-1.9090909090909092,0.8787878787878789,-0.6019195471606573
-1.8484848484848484,0.8787878787878789,-0.6136409316243986
-1.7878787878787878,0.8787878787878789,-0.6231090447400345
-1.7272727272727273,0.8787878787878789,-0.6302891198762914
-1.6666666666666665,0.8787878787878789,-0.6351547920096713
-1.606060606060606,0.8787878787878789,-0.6376881945360373
-1.5454545454545454,0.8787878787878789,-0.6378800248762562
-1.4848484848484849,0.8787878787878789,-0.6357295786349932
-1.4242424242424243,0.8787878787878789,-0.6312447521872318
-1.3636363636363635,0.8787878787878789,-0.624442013683017
-1.303030303030303,0.8787878787878789,-0.6153463425768969
-1.2424242424242424,0.8787878787878789,-0.6039911379041035
-1.1818181818181817,0.8787878787878789,-0.5904180956402839
-1.121212121212121,0.8787878787878789,-0.5746770555951111
-1.0606060606060606,0.8787878787878789,-0.5568258184019772
-1.0,0.8787878787878789,-0.5369299332757772
-0.9393939393939394,0.8787878787878789,-0.5150624573181315
-0.8787878787878789,0.8787878787878789,-0.49130368725386964
-0.8181818181818183,0.8787878787878789,-0.4657408645838319
-0.7575757575757573,0.8787878787878789,-0.43846785523665927
-0.6969696969696968,0.8787878787878789,-0.40958480489588056
-0.6363636363636362,0.8787878787878789,-0.3791977712679242
-0.5757575757575757,0.8787878787878789,-0.34741833464135813
-0.5151515151515151,0.8787878787878789,-0.3143631881673711
-0.4545454545454546,0.8787878787878789,-0.28015370936597306
-0.39393939393939403,0.8787878787878789,-0.24491551443133286
-0.33333333333333304,0.8787878787878789,-0.2087779969728285
-0.2727272727272725,0.8787878787878789,-0.17187385288554263
-0.21212121212121193,0.8787878787878789,-0.13433859309485952
-0.15151515151515138,0.8787878787878789,-0.09631004596435677
-0.09090909090909083,0.8787878787878789,-0.05792785119413134
-0.030303030303030276,0.8787878787878789,-0.019332947067951557
0.030303030303030276,0.8787878787878789,0.019332947067951557
0.09090909090909083,0.8787878787878789,0.05792785119413134
0.15151515151515138,0.8787878787878789,0.09631004596435677
0.21212121212121238,0.8787878787878789,0.1343385930948598
0.27272727272727293,0.8787878787878789,0.1718738528855429
0.3333333333333335,0.8787878787878789,0.20877799697282876
0.39393939393939403,0.8787878787878789,0.24491551443133286
0.4545454545454546,0.8787878787878789,0.28015370936597306
0.5151515151515151,0.8787878787878789,0.3143631881673711
0.5757575757575757,0.8787878787878789,0.34741833464135813
0.6363636363636367,0.8787878787878789,0.3791977712679244
0.6969696969696972,0.8787878787878789,0.4095848048958808
0.7575757575757578,0.8787878787878789,0.4384678552366595
0.8181818181818183,0.8787878787878789,0.4657408645838319
0.8787878787878789,0.8787878787878789,0.49130368725386964
0.9393939393939394,0.8787878787878789,0.5150624573181315
1.0,0.8787878787878789,0.5369299332757772
1.0606060606060606,0.8787878787878789,0.5568258184019772
1.121212121212121,0.8787878787878789,0.5746770555951111
1.1818181818181817,0.8787878787878789,0.5904180956402839
1.2424242424242422,0.8787878787878789,0.6039911379041035
1.3030303030303028,0.8787878787878789,0.6153463425768969
1.3636363636363633,0.8787878787878789,0.624442013683017
1.4242424242424248,0.8787878787878789,0.6312447521872319
1.4848484848484853,0.8787878787878789,0.6357295786349932
1.5454545454545459,0.8787878787878789,0.6378800248762562
1.6060606060606064,0.8787878787878789,0.6376881945360373
1.666666666666667,0.8787878787878789,0.6351547920096713
1.7272727272727275,0.8787878787878789,0.6302891198762914
1.787878787878788,0.8787878787878789,0.6231090447400345
1.8484848484848486,0.8787878787878789,0.6136409316243986
1.9090909090909092,0.8787878787878789,0.6019195471606573
1.9696969696969697,0.8787878787878789,0.5879879319258177
2.0303030303030303,0.8787878787878789,0.571897242398895
2.090909090909091,0.8787878787878789,0.5537065631158345
2.1515151515151514,0.8787878787878789,0.5334826897128447
2.212121212121212,0.8787878787878789,0.5112998836547953
2.2727272727272725,0.8787878787878789,0.4872395995493164
2.333333333333334,0.8787878787878789,0.461390186047888
2.3939393939393945,0.8787878787878789,0.4338465614322068
2.454545454545455,0.8787878787878789,0.4047098650770615
2.5151515151515156,0.8787878787878789,0.374087086069542
2.575757575757576,0.8787878787878789,0.34209067034827617
2.6363636363636367,0.8787878787878789,0.30883810780526977
2.6969696969696972,0.8787878787878789,0.2744515008664983
2.757575757575758,0.8787878787878789,0.23905711613541106
2.8181818181818183,0.8787878787878789,0.2027849207456986
2.878787878787879,0.8787878787878789,0.16576810512582224
2.9393939393939394,0.8787878787878789,0.1281425939277012
3.0,0.8787878787878789,0.09004654691541135
-3.0,0.9393939393939394,-0.08329994380186846
-2.9393939393939394,0.9393939393939394,-0.1185417013584146
-2.878787878787879,0.9393939393939394,-0.1533481772942913
-2.8181818181818183,0.9393939393939394,-0.18759156325951246
-2.757575757575758,0.9393939393939394,-0.2211461185538068
-2.696969696969697,0.9393939393939394,-0.25388863184274996
-2.6363636363636362,0.9393939393939394,-0.28569887358613844
-2.5757575757575757,0.9393939393939394,-0.31646003751730606
-2.515151515151515,0.9393939393939394,-0.34605916955227917
-2.4545454545454546,0.9393939393939394,-0.3743875825538313
-2.393939393939394,0.9393939393939394,-0.40134125542743615
-2.333333333333333,0.9393939393939394,-0.4268212150836497
-2.2727272727272725,0.9393939393939394,-0.450733899864366
-2.212121212121212,0.9393939393939394,-0.47299150309845917
-2.1515151515151514,0.9393939393939394,-0.49351229552528136
-2.090909090909091,0.9393939393939394,-0.5122209254020905
-2.0303030303030303,0.9393939393939394,-0.5290486951934205
-1.9696969696969697,0.9393939393939394,-0.5439338138263992
-1.9090909090909092,0.9393939393939394,-0.5568216235857402
-1.8484848484848484,0.9393939393939394,-0.5676648008152564
-1.7878787878787878,0.9393939393939394,-0.5764235296889253
-1.7272727272727273,0.9393939393939394,-0.583065648413425
-1.6666666666666665,0.9393939393939394,-0.5875667673252873
-1.606060606060606,0.9393939393939394,-0.5899103584490208
-1.5454545454545454,0.9393939393939394,-0.5900878161873473
-1.4848484848484849,0.9393939393939394,-0.5880984889207014
-1.4242424242424243,0.9393939393939394,-0.5839496813999576
-1.3636363636363635,0.9393939393939394,-0.5776566279236015
-1.303030303030303,0.9393939393939394,-0.5692424363978362
-1.2424242424242424,0.9393939393939394,-0.5587380034850343
-1.1818181818181817,0.9393939393939394,-0.546181901152108
-1.121212121212121,0.9393939393939394,-0.5316202350353871
-1.0606060606060606,0.9393939393939394,-0.5151064751420871
-1.0,0.9393939393939394,-0.49670125951002336
-0.9393939393939394,0.9393939393939394,-0.47647217154653104
-0.8787878787878789,0.9393939393939394,-0.45449349186419213
-0.8181818181818183,0.9393939393939394,-0.4308459255246235
-0.7575757575757573,0.9393939393939394,-0.4056163056918779
-0.6969696969696968,0.9393939393939394,-0.3788972747836352
-0.6363636363636362,0.9393939393939394,-0.3507869442909838
-0.5757575757575757,0.9393939393939394,-0.32138853451592864
-0.5151515151515151,0.9393939393939394,-0.29080999554949555
-0.4545454545454546,0.9393939393939394,-0.25916361088219014
-0.39393939393939403,0.9393939393939394,-0.2265655851023428
-0.33333333333333304,0.9393939393939394,-0.19313561719629693
-0.2727272727272725,0.9393939393939394,-0.15899646101727372
-0.21212121212121193,0.9393939393939394,-0.12427347453685257
-0.15151515151515138,0.9393939393939394,-0.08909415953420895
-0.09090909090909083,0.9393939393939394,-0.053587693413352656
-0.030303030303030276,0.9393939393939394,-0.017884454867521844
0.030303030303030276,0.9393939393939394,0.017884454867521844
0.09090909090909083,0.9393939393939394,0.053587693413352656
0.15151515151515138,0.9393939393939394,0.08909415953420895
0.21212121212121238,0.9393939393939394,0.12427347453685283
0.27272727272727293,0.9393939393939394,0.15899646101727397
0.3333333333333335,0.9393939393939394,0.19313561719629718
0.39393939393939403,0.9393939393939394,0.2265655851023428
0.4545454545454546,0.9393939393939394,0.25916361088219014
0.5151515151515151,0.9393939393939394,0.29080999554949555
0.5757575757575757,0.9393939393939394,0.32138853451592864
0.6363636363636367,0.9393939393939394,0.350786944290984
0.6969696969696972,0.9393939393939394,0.3788972747836354
0.7575757575757578,0.9393939393939394,0.4056163056918781
0.8181818181818183,0.9393939393939394,0.4308459255246235
0.8787878787878789,0.9393939393939394,0.45449349186419213
0.9393939393939394,0.9393939393939394,0.47647217154653104
1.0,0.9393939393939394,0.49670125951002336
1.0606060606060606,0.9393939393939394,0.5151064751420871
1.121212121212121,0.9393939393939394,0.5316202350353871
1.1818181818181817,0.9393939393939394,0.546181901152108
1.2424242424242422,0.9393939393939394,0.5587380034850343
1.3030303030303028,0.9393939393939394,0.5692424363978361
1.3636363636363633,0.9393939393939394,0.5776566279236015
1.4242424242424248,0.9393939393939394,0.5839496813999577
1.4848484848484853,0.9393939393939394,0.5880984889207014
1.5454545454545459,0.9393939393939394,0.5900878161873473
1.6060606060606064,0.9393939393939394,0.5899103584490208
1.666666666666667,0.9393939393939394,0.5875667673252873
1.7272727272727275,0.9393939393939394,0.583065648413425
1.787878787878788,0.9393939393939394,0.5764235296889253
1.8484848484848486,0.9393939393939394,0.5676648008152563
1.9090909090909092,0.9393939393939394,0.5568216235857402
1.9696969696969697,0.9393939393939394,0.5439338138263992
2.0303030303030303,0.9393939393939394,0.5290486951934205
2.090909090909091,0.9393939393939394,0.5122209254020905
2.1515151515151514,0.9393939393939394,0.49351229552528136
2.212121212121212,0.9393939393939394,0.47299150309845917
2.2727272727272725,0.9393939393939394,0.450733899864366
2.333333333333334,0.9393939393939394,0.4268212150836494
2.3939393939393945,0.9393939393939394,0.401341255427436
2.454545454545455,0.9393939393939394,0.37438758255383114
2.5151515151515156,0.9393939393939394,0.346059169552279
2.575757575757576,0.9393939393939394,0.31646003751730584
2.6363636363636367,0.9393939393939394,0.28569887358613816
2.6969696969696972,0.9393939393939394,0.25388863184274973
2.757575757575758,0.9393939393939394,0.2211461185538068
2.8181818181818183,0.9393939393939394,0.18759156325951246
2.878787878787879,0.9393939393939394,0.1533481772942913
2.9393939393939394,0.9393939393939394,0.1185417013584146
3.0,0.9393939393939394,0.08329994380186846
-3.0,1.0,-0.07624746575887673
-2.9393939393939394,1.0,-0.10850552716845854
-2.878787878787879,1.0,-0.14036515949210476
-2.8181818181818183,1.0,-0.17170937510239953
-2.757575757575758,1.0,-0.20242307896685108
-2.696969696969697,1.0,-0.23239349127344688
-2.6363636363636362,1.0,-0.26151056155478597
-2.5757575757575757,1.0,-0.2896673727901411
-2.515151515151515,1.0,-0.31676053400159515
-2.4545454545454546,1.0,-0.3426905599026536
-2.393939393939394,1.0,-0.3673622362052738
-2.333333333333333,1.0,-0.3906849692439139
-2.2727272727272725,1.0,-0.4125731186327924
-2.212121212121212,1.0,-0.432946311734852
-2.1515151515151514,1.0,-0.45172973878770495
-2.090909090909091,1.0,-0.46885442760286716
-2.0303030303030303,1.0,-0.48425749682959474
-1.9696969696969697,1.0,-0.4978823868533429
-1.9090909090909092,1.0,-0.5096790674809981
-1.8484848484848484,1.0,-0.5196042216502669
-1.7878787878787878,1.0,-0.5276214044886468
-1.7272727272727273,1.0,-0.5337011771379212
-1.6666666666666665,1.0,-0.5378212148527745
-1.606060606060606,1.0,-0.5399663889765973
-1.5454545454545454,1.0,-0.540128822493466
-1.4848484848484849,1.0,-0.5383079189523117
-1.4242424242424243,1.0,-0.5345103646570711
-1.3636363636363635,1.0,-0.5287501041147766
-1.303030303030303,1.0,-0.5210482888317389
-1.2424242424242424,1.0,-0.5114331996458407
-1.1818181818181817,1.0,-0.4999401428801375
-1.121212121212121,1.0,-0.4866113206990838
-1.0606060606060606,1.0,-0.47149567614343335
-1.0,1.0,-0.4546487134128409
-0.9393939393939394,1.0,-0.4361322940560839
-0.8787878787878789,1.0,-0.4160144098172848
-0.8181818181818183,1.0,-0.39436893297223824
-0.7575757575757573,1.0,-0.3712753450715992
-0.6969696969696968,1.0,-0.3468184450869811
-0.6363636363636362,1.0,-0.3210880380316396
-0.5757575757575757,1.0,-0.2941786051991211
-0.5151515151515151,1.0,-0.2661889572307477
-0.4545454545454546,1.0,-0.2372218712858652
-0.39393939393939403,1.0,-0.2073837136471545
-0.33333333333333304,1.0,-0.17678404914678775
-0.2727272727272725,1.0,-0.14553523884760686
-0.21212121212121193,1.0,-0.11375202745662312
-0.15151515151515138,1.0,-0.08155112198584846
-0.09090909090909083,1.0,-0.049050763207599435
-0.030303030303030276,1.0,-0.016370291477879252
0.030303030303030276,1.0,0.016370291477879252
0.09090909090909083,1.0,0.049050763207599435
0.15151515151515138,1.0,0.08155112198584846
0.21212121212121238,1.0,0.11375202745662336
0.27272727272727293,1.0,0.14553523884760708
0.3333333333333335,1.0,0.17678404914678797
0.39393939393939403,1.0,0.2073837136471545
0.4545454545454546,1.0,0.2372218712858652
0.5151515151515151,1.0,0.2661889572307477
0.5757575757575757,1.0,0.2941786051991211
0.6363636363636367,1.0,0.32108803803163977
0.6969696969696972,1.0,0.3468184450869813
0.7575757575757578,1.0,0.37127534507159937
0.8181818181818183,1.0,0.39436893297223824
0.8787878787878789,1.0,0.4160144098172848
0.9393939393939394,1.0,0.4361322940560839
1.0,1.0,0.4546487134128409
1.0606060606060606,1.0,0.47149567614343335
1.121212121212121,1.0,0.4866113206990838
1.1818181818181817,1.0,0.4999401428801375
1.2424242424242422,1.0,0.5114331996458406
1.3030303030303028,1.0,0.5210482888317388
1.3636363636363633,1.0,0.5287501041147766
1.4242424242424248,1.0,0.5345103646570711
1.4848484848484853,1.0,0.5383079189523117
1.5454545454545459,1.0,0.540128822493466
1.6060606060606064,1.0,0.5399663889765973
1.666666666666667,1.0,0.5378212148527745
1.7272727272727275,1.0,0.5337011771379212
1.787878787878788,1.0,0.5276214044886468
1.8484848484848486,1.0,0.5196042216502668
1.9090909090909092,1.0,0.5096790674809981
1.9696969696969697,1.0,0.4978823868533429
2.0303030303030303,1.0,0.48425749682959474
2.090909090909091,1.0,0.46885442760286716
2.1515151515151514,1.0,0.45172973878770495
2.212121212121212,1.0,0.432946311734852
2.2727272727272725,1.0,0.4125731186327924
2.333333333333334,1.0,0.3906849692439136
2.3939393939393945,1.0,0.3673622362052736
2.454545454545455,1.0,0.34269055990265346
2.5151515151515156,1.0,0.316760534001595
2.575757575757576,1.0,0.28966737279014093
2.6363636363636367,1.0,0.2615105615547858
2.6969696969696972,1.0,0.2323934912734467
2.757575757575758,1.0,0.20242307896685108
2.8181818181818183,1.0,0.17170937510239953
2.878787878787879,1.0,0.14036515949210476
2.9393939393939394,1.0,0.10850552716845854
3.0,1.0,0.07624746575887673
-3.0,1.0606060606060606,-0.06891500927718251
-2.9393939393939394,1.0606060606060606,-0.09807092389256689
-2.878787878787879,1.0606060606060606,-0.12686672497656673
-2.8181818181818183,1.0606060606060606,-0.1551966751994434
-2.757575757575758,1.0606060606060606,-0.18295674782203936
-2.696969696969697,1.0606060606060606,-0.2100450086788873
-2.6363636363636362,1.0606060606060606,-0.2363619904774496
-2.5757575757575757,1.0606060606060606,-0.261811058039075
-2.515151515151515,1.0606060606060606,-0.2862987631405155
-2.4545454545454546,1.0606060606060606,-0.3097351876530376
-2.393939393939394,1.0606060606060606,-0.33203427371913113
-2.333333333333333,1.0606060606060606,-0.3531141397544166
-2.2727272727272725,1.0606060606060606,-0.37289738111439985
-2.212121212121212,1.0606060606060606,-0.39131135432203806
-2.1515151515151514,1.0606060606060606,-0.4082884438124378
-2.090909090909091,1.0606060606060606,-0.42376631021520905
-2.0303030303030303,1.0606060606060606,-0.43768811926278955
-1.9696969696969697,1.0606060606060606,-0.4500027504841936
-1.9090909090909092,1.0606060606060606,-0.46066498491786945
-1.8484848484848484,1.0606060606060606,-0.4696356711543886
-1.7878787878787878,1.0606060606060606,-0.4768818690992626
-1.7272727272727273,1.0606060606060606,-0.48237697092799614
-1.6666666666666665,1.0606060606060606,-0.486100798789231
-1.606060606060606,1.0606060606060606,-0.4880396788972196
-1.5454545454545454,1.0606060606060606,-0.4881864917415616
-1.4848484848484849,1.0606060606060606,-0.48654069822983564
-1.4242424242424243,1.0606060606060606,-0.4831083416671306
-1.3636363636363635,1.0606060606060606,-0.47790202556520833
-1.303030303030303,1.0606060606060606,-0.47094086736278107
-1.2424242424242424,1.0606060606060606,-0.46225042822684204
-1.1818181818181817,1.0606060606060606,-0.45186261919281645
-1.121212121212121,1.0606060606060606,-0.43981558398818354
-1.0606060606060606,1.0606060606060606,-0.42615355896983764
-1.0,1.0606060606060606,-0.4109267106894938
-0.9393939393939394,1.0606060606060606,-0.39419095168359464
-0.8787878787878789,1.0606060606060606,-0.37600773516413
-0.8181818181818183,1.0606060606060606,-0.35644382936426067
-0.7575757575757573,1.0606060606060606,-0.33557107236734124
-0.6969696969696968,1.0606060606060606,-0.31346610831960353
-0.6363636363636362,1.0606060606060606,-0.2902101059951184
-0.5757575757575757,1.0606060606060606,-0.2658884607464586
-0.5151515151515151,1.0606060606060606,-0.24059048093549076
-0.4545454545454546,1.0606060606060606,-0.21440905999571197
-0.39393939393939403,1.0606060606060606,-0.18744033533031038
-0.33333333333333304,1.0606060606060606,-0.1597833352984642
-0.2727272727272725,1.0606060606060606,-0.13153961558613714
-0.21212121212121193,1.0606060606060606,-0.10281288629660272
-0.15151515151515138,1.0606060606060606,-0.07370863113001362
-0.09090909090909083,1.0606060606060606,-0.044333720050375044
-0.030303030303030276,1.0606060606060606,-0.014796016862198336
0.030303030303030276,1.0606060606060606,0.014796016862198336
0.09090909090909083,1.0606060606060606,0.044333720050375044
0.15151515151515138,1.0606060606060606,0.07370863113001362
0.21212121212121238,1.0606060606060606,0.10281288629660293
0.27272727272727293,1.0606060606060606,0.13153961558613736
0.3333333333333335,1.0606060606060606,0.15978333529846436
0.39393939393939403,1.0606060606060606,0.18744033533031038
0.4545454545454546,1.0606060606060606,0.21440905999571197
0.5151515151515151,1.0606060606060606,0.24059048093549076
0.5757575757575757,1.0606060606060606,0.2658884607464586
0.6363636363636367,1.0606060606060606,0.29021010599511854
0.6969696969696972,1.0606060606060606,0.3134661083196037
0.7575757575757578,1.0606060606060606,0.3355710723673414
0.8181818181818183,1.0606060606060606,0.35644382936426067
0.8787878787878789,1.0606060606060606,0.37600773516413
0.9393939393939394,1.0606060606060606,0.39419095168359464
1.0,1.0606060606060606,0.4109267106894938
1.0606060606060606,1.0606060606060606,0.42615355896983764
1.121212121212121,1.0606060606060606,0.43981558398818354
1.1818181818181817,1.0606060606060606,0.45186261919281645
1.2424242424242422,1.0606060606060606,0.462250428226842
1.3030303030303028,1.0606060606060606,0.470940867362781
1.3636363636363633,1.0606060606060606,0.47790202556520833
1.4242424242424248,1.0606060606060606,0.4831083416671307
1.4848484848484853,1.0606060606060606,0.48654069822983564
1.5454545454545459,1.0606060606060606,0.4881864917415616
1.6060606060606064,1.0606060606060606,0.4880396788972196
1.666666666666667,1.0606060606060606,0.486100798789231
1.7272727272727275,1.0606060606060606,0.48237697092799614
1.787878787878788,1.0606060606060606,0.4768818690992626
1.8484848484848486,1.0606060606060606,0.46963567115438853
1.9090909090909092,1.0606060606060606,0.46066498491786945
1.9696969696969697,1.0606060606060606,0.4500027504841936
2.0303030303030303,1.0606060606060606,0.43768811926278955
2.090909090909091,1.0606060606060606,0.42376631021520905
2.1515151515151514,1.0606060606060606,0.4082884438124378
2.212121212121212,1.0606060606060606,0.39131135432203806
2.2727272727272725,1.0606060606060606,0.37289738111439985
2.333333333333334,1.0606060606060606,0.3531141397544163
2.3939393939393945,1.0606060606060606,0.33203427371913097
2.454545454545455,1.0606060606060606,0.3097351876530375
2.5151515151515156,1.0606060606060606,0.28629876314051533
2.575757575757576,1.0606060606060606,0.26181105803907484
2.6363636363636367,1.0606060606060606,0.2363619904774494
2.6969696969696972,1.0606060606060606,0.21004500867888712
2.757575757575758,1.0606060606060606,0.18295674782203936
2.8181818181818183,1.0606060606060606,0.1551966751994434
2.878787878787879,1.0606060606060606,0.12686672497656673
2.9393939393939394,1.0606060606060606,0.09807092389256689
3.0,1.0606060606060606,0.06891500927718251
-3.0,1.121212121212121,-0.061329498920076775
-2.9393939393939394,1.121212121212121,-0.08727620708529073
-2.878787878787879,1.121212121212121,-0.11290243959990551
-2.8181818181818183,1.121212121212121,-0.1381140976962066
-2.757575757575758,1.121212121212121,-0.16281860491147948
-2.696969696969697,1.121212121212121,-0.18692524702604227
-2.6363636363636362,1.121212121212121,-0.21034550516317638
-2.5757575757575757,1.121212121212121,-0.232993380827824
-2.515151515151515,1.121212121212121,-0.2547857116905175
-2.4545454545454546,1.121212121212121,-0.2756424769569931
-2.393939393939394,1.121212121212121,-0.2954870912021803
-2.333333333333333,1.121212121212121,-0.31424668558961727
-2.2727272727272725,1.121212121212121,-0.3318523754436623
-2.212121212121212,1.121212121212121,-0.34823951319198565
-2.1515151515151514,1.121212121212121,-0.36334792574954233
-2.090909090909091,1.121212121212121,-0.37712213547236023
-2.0303030303030303,1.121212121212121,-0.389511563869808
-1.9696969696969697,1.121212121212121,-0.40047071732731615
-1.9090909090909092,1.121212121212121,-0.40995935415758405
-1.8484848484848484,1.121212121212121,-0.4179426323668654
-1.7878787878787878,1.121212121212121,-0.42439123759373804
-1.7272727272727273,1.121212121212121,-0.4292814907505726
-1.6666666666666665,1.121212121212121,-0.4325954349724414
-1.606060606060606,1.121212121212121,-0.4343209015541954
-1.5454545454545454,1.121212121212121,-0.4344515546335893
-1.4848484848484849,1.121212121212121,-0.43298691445638066
-1.4242424242424243,1.121212121212121,-0.42993235913797295
-1.3636363636363635,1.121212121212121,-0.425299104915135
-1.303030303030303,1.121212121212121,-0.4191041649603116
-1.2424242424242424,1.121212121212121,-0.411370286909757
-1.1818181818181817,1.121212121212121,-0.40212586933488814
-1.121212121212121,1.121212121212121,-0.3914048574635702
-1.0606060606060606,1.121212121212121,-0.37924661853424413
-1.0,1.121212121212121,-0.3656957972405914
-0.9393939393939394,1.121212121212121,-0.35080215179754
-0.8787878787878789,1.121212121212121,-0.33462037123057053
-0.8181818181818183,1.121212121212121,-0.3172098745592332
-0.7575757575757573,1.121212121212121,-0.298634592612265
-0.6969696969696968,1.121212121212121,-0.27896273327547855
-0.6363636363636362,1.121212121212121,-0.2582665310344226
-0.5757575757575757,1.121212121212121,-0.23662198173148805
-0.5151515151515151,1.121212121212121,-0.21410856351142296
-0.4545454545454546,1.121212121212121,-0.19080894497993597
-0.39393939393939403,1.121212121212121,-0.16680868164702192
-0.33333333333333304,1.121212121212121,-0.1421959017696596
-0.2727272727272725,1.121212121212121,-0.11706098274746006
-0.21212121212121193,1.121212121212121,-0.09149621925952764
-0.15151515151515138,1.121212121212121,-0.06559548436112933
-0.09090909090909083,1.121212121212121,-0.03945388478461253
-0.030303030303030276,1.121212121212121,-0.013167411710297453
0.030303030303030276,1.121212121212121,0.013167411710297453
0.09090909090909083,1.121212121212121,0.03945388478461253
0.15151515151515138,1.121212121212121,0.06559548436112933
0.21212121212121238,1.121212121212121,0.09149621925952783
0.27272727272727293,1.121212121212121,0.11706098274746025
0.3333333333333335,1.121212121212121,0.14219590176965977
0.39393939393939403,1.121212121212121,0.16680868164702192
0.4545454545454546,1.121212121212121,0.19080894497993597
0.5151515151515151,1.121212121212121,0.21410856351142296
0.5757575757575757,1.121212121212121,0.23662198173148805
0.6363636363636367,1.121212121212121,0.25826653103442276
0.6969696969696972,1.121212121212121,0.2789627332754787
0.7575757575757578,1.121212121212121,0.2986345926122651
0.8181818181818183,1.121212121212121,0.3172098745592332
0.8787878787878789,1.121212121212121,0.33462037123057053
0.9393939393939394,1.121212121212121,0.35080215179754
1.0,1.121212121212121,0.3656957972405914
1.0606060606060606,1.121212121212121,0.37924661853424413
1.121212121212121,1.121212121212121,0.3914048574635702
1.1818181818181817,1.121212121212121,0.40212586933488814
1.2424242424242422,1.121212121212121,0.41137028690975697
1.3030303030303028,1.121212121212121,0.41910416496031155
1.3636363636363633,1.121212121212121,0.425299104915135
1.4242424242424248,1.121212121212121,0.429932359137973
1.4848484848484853,1.121212121212121,0.43298691445638066
1.5454545454545459,1.121212121212121,0.4344515546335893
1.6060606060606064,1.121212121212121,0.4343209015541954
1.666666666666667,1.121212121212121,0.4325954349724414
1.7272727272727275,1.121212121212121,0.4292814907505726
1.787878787878788,1.121212121212121,0.42439123759373804
1.8484848484848486,1.121212121212121,0.41794263236686535
1.9090909090909092,1.121212121212121,0.40995935415758405
1.9696969696969697,1.121212121212121,0.40047071732731615
2.0303030303030303,1.121212121212121,0.389511563869808
2.090909090909091,1.121212121212121,0.37712213547236023
2.1515151515151514,1.121212121212121,0.36334792574954233
2.212121212121212,1.121212121212121,0.34823951319198565
2.2727272727272725,1.121212121212121,0.3318523754436623
2.333333333333334,1.121212121212121,0.31424668558961705
2.3939393939393945,1.121212121212121,0.29548709120218014
2.454545454545455,1.121212121212121,0.275642476956993
2.5151515151515156,1.121212121212121,0.2547857116905174
2.575757575757576,1.121212121212121,0.23299338082782384
2.6363636363636367,1.121212121212121,0.2103455051631762
2.6969696969696972,1.121212121212121,0.1869252470260421
2.757575757575758,1.121212121212121,0.16281860491147948
2.8181818181818183,1.121212121212121,0.1381140976962066
2.878787878787879,1.121212121212121,0.11290243959990551
2.9393939393939394,1.121212121212121,0.08727620708529073
3.0,1.121212121212121,0.061329498920076775
-3.0,1.1818181818181817,-0.05351878845719508
-2.9393939393939394,1.1818181818181817,-0.07616101462741541
-2.878787878787879,1.1818181818181817,-0.09852357980493058
-2.8181818181818183,1.1818181818181817,-0.12052436931194159
-2.757575757575758,1.1818181818181817,-0.14208259690020936
-2.696969696969697,1.1818181818181817,-0.16311910139576868
-2.6363636363636362,1.1818181818181817,-0.1835566373764167
-2.5757575757575757,1.1818181818181817,-0.20332015881461882
-2.515151515151515,1.1818181818181817,-0.2223370946443016
-2.4545454545454546,1.1818181818181817,-0.24053761523966022
-2.393939393939394,1.1818181818181817,-0.2578548888274791
-2.333333333333333,1.1818181818181817,-0.27422532689142615
-2.2727272727272725,1.1818181818181817,-0.2895888176672031
-2.212121212121212,1.1818181818181817,-0.3038889468711665
-2.1515151515151514,1.1818181818181817,-0.3170732048519081
-2.090909090909091,1.1818181818181817,-0.32909317940414123
-2.0303030303030303,1.1818181818181817,-0.3399047335368868
-1.9696969696969697,1.1818181818181817,-0.3494681675431985
-1.9090909090909092,1.1818181818181817,-0.357748364776312
-1.8484848484848484,1.1818181818181817,-0.3647149205969335
-1.7878787878787878,1.1818181818181817,-0.3703422540181753
-1.7272727272727273,1.1818181818181817,-0.3746097016381832
-1.6666666666666665,1.1818181818181817,-0.37750159351553686
-1.606060606060606,1.1818181818181817,-0.3790073107088111
-1.5454545454545454,1.1818181818181817,-0.37912132426901446
-1.4848484848484849,1.1818181818181817,-0.3778432155417266
-1.4242424242424243,1.1818181818181817,-0.3751776777043851
-1.3636363636363635,1.1818181818181817,-0.3711344985330761
-1.303030303030303,1.1818181818181817,-0.36572852446211096
-1.2424242424242424,1.1818181818181817,-0.3589796060683577
-1.1818181818181817,1.1818181818181817,-0.35091252518051075
-1.121212121212121,1.1818181818181817,-0.3415569038809486
-1.0606060606060606,1.1818181818181817,-0.330947095734324
-1.0,1.1818181818181817,-0.31912205964229023
-0.9393939393939394,1.1818181818181817,-0.3061252167875673
-0.8787878787878789,1.1818181818181817,-0.29200429119264315
-0.8181818181818183,1.1818181818181817,-0.2768111344785749
-0.7575757575757573,1.1818181818181817,-0.26060153546737036
-0.6969696969696968,1.1818181818181817,-0.243435015327084
-0.6363636363636362,1.1818181818181817,-0.22537460901184822
-0.5757575757575757,1.1818181818181817,-0.2064866337993869
-0.5151515151515151,1.1818181818181817,-0.18684044577593326
-0.4545454545454546,1.1818181818181817,-0.16650818516273286
-0.39393939393939403,1.1818181818181817,-0.14556451141928536
-0.33333333333333304,1.1818181818181817,-0.12408632909601762
-0.2727272727272725,1.1818181818181817,-0.10215250544305009
-0.21212121212121193,1.1818181818181817,-0.07984358081198666
-0.15151515151515138,1.1818181818181817,-0.057241472914126554
-0.09090909090909083,1.1818181818181817,-0.034429176021051736
-0.030303030303030276,1.1818181818181817,-0.011490456212116733
0.030303030303030276,1.1818181818181817,0.011490456212116733
0.09090909090909083,1.1818181818181817,0.034429176021051736
0.15151515151515138,1.1818181818181817,0.057241472914126554
0.21212121212121238,1.1818181818181817,0.07984358081198682
0.27272727272727293,1.1818181818181817,0.10215250544305027
0.3333333333333335,1.1818181818181817,0.12408632909601776
0.39393939393939403,1.1818181818181817,0.14556451141928536
0.4545454545454546,1.1818181818181817,0.16650818516273286
0.5151515151515151,1.1818181818181817,0.18684044577593326
0.5757575757575757,1.1818181818181817,0.2064866337993869
0.6363636363636367,1.1818181818181817,0.22537460901184836
0.6969696969696972,1.1818181818181817,0.24343501532708414
0.7575757575757578,1.1818181818181817,0.2606015354673705
0.8181818181818183,1.1818181818181817,0.2768111344785749
0.8787878787878789,1.1818181818181817,0.29200429119264315
0.9393939393939394,1.1818181818181817,0.3061252167875673
1.0,1.1818181818181817,0.31912205964229023
1.0606060606060606,1.1818181818181817,0.330947095734324
1.121212121212121,1.1818181818181817,0.3415569038809486
1.1818181818181817,1.1818181818181817,0.35091252518051075
1.2424242424242422,1.1818181818181817,0.35897960606835766
1.3030303030303028,1.1818181818181817,0.3657285244621109
1.3636363636363633,1.1818181818181817,0.3711344985330761
1.4242424242424248,1.1818181818181817,0.3751776777043851
1.4848484848484853,1.1818181818181817,0.3778432155417266
1.5454545454545459,1.1818181818181817,0.37912132426901446
1.6060606060606064,1.1818181818181817,0.3790073107088111
1.666666666666667,1.1818181818181817,0.37750159351553686
1.7272727272727275,1.1818181818181817,0.3746097016381832
1.787878787878788,1.1818181818181817,0.3703422540181753
1.8484848484848486,1.1818181818181817,0.3647149205969335
1.9090909090909092,1.1818181818181817,0.357748364776312
1.9696969696969697,1.1818181818181817,0.3494681675431985
2.0303030303030303,1.1818181818181817,0.3399047335368868
2.090909090909091,1.1818181818181817,0.32909317940414123
2.1515151515151514,1.1818181818181817,0.3170732048519081
2.212121212121212,1.1818181818181817,0.3038889468711665
2.2727272727272725,1.1818181818181817,0.2895888176672031
2.333333333333334,1.1818181818181817,0.2742253268914259
2.3939393939393945,1.1818181818181817,0.257854888827479
2.454545454545455,1.1818181818181817,0.2405376152396601
2.5151515151515156,1.1818181818181817,0.22233709464430146
2.575757575757576,1.1818181818181817,0.2033201588146187
2.6363636363636367,1.1818181818181817,0.18355663737641656
2.6969696969696972,1.1818181818181817,0.16311910139576855
2.757575757575758,1.1818181818181817,0.14208259690020936
2.8181818181818183,1.1818181818181817,0.12052436931194159
2.878787878787879,1.1818181818181817,0.09852357980493058
2.9393939393939394,1.1818181818181817,0.07616101462741541
3.0,1.1818181818181817,0.05351878845719508
-3.0,1.2424242424242422,-0.0455115585862995
-2.9393939393939394,1.2424242424242422,-0.06476616117683494
-2.878787878787879,1.2424242424242422,-0.08378294433945147
-2.8181818181818183,1.2424242424242422,-0.10249207900893334
-2.757575757575758,1.2424242424242422,-0.12082486579623067
-2.696969696969697,1.2424242424242422,-0.13871398725058393
-2.6363636363636362,1.2424242424242422,-0.15609375504721118
-2.5757575757575757,1.2424242424242422,-0.17290035119289426
-2.515151515151515,1.2424242424242422,-0.18907206236376153
-2.4545454545454546,1.2424242424242422,-0.20454950651478762
-2.393939393939394,1.2424242424242422,-0.21927585092890595
-2.333333333333333,1.2424242424242422,-0.23319702090506503
-2.2727272727272725,1.2424242424242422,-0.24626189831893036
-2.212121212121212,1.2424242424242422,-0.2584225093271255
-2.1515151515151514,1.2424242424242422,-0.2696342005257655
-2.090909090909091,1.2424242424242422,-0.2798558029164347
-2.0303030303030303,1.2424242424242422,-0.28904978307753176
-1.9696969696969697,1.2424242424242422,-0.2971823809858827
-1.9090909090909092,1.2424242424242422,-0.3042237339825479
-1.8484848484848484,1.2424242424242422,-0.310147986427622
-1.7878787878787878,1.2424242424242422,-0.3149333846413787
-1.7272727272727273,1.2424242424242422,-0.3185623567831396
-1.6666666666666665,1.2424242424242422,-0.3210215773745529
-1.606060606060606,1.2424242424242422,-0.3223020162303559
-1.5454545454545454,1.2424242424242422,-0.3223989716169484
-1.4848484848484849,1.2424242424242422,-0.32131208751701884
-1.4242424242424243,1.2424242424242422,-0.3190453549368298
-1.3636363636363635,1.2424242424242422,-0.31560709725136094
-1.303030303030303,1.2424242424242422,-0.3110099396411223
-1.2424242424242424,1.2424242424242422,-0.30527076273286474
-1.1818181818181817,1.2424242424242422,-0.29841064061441824
-1.121212121212121,1.2424242424242422,-0.29045476345126453
-1.0606060606060606,1.2424242424242422,-0.2814323449889948
-1.0,1.2424242424242422,-0.2713765152812999
-0.9393939393939394,1.2424242424242422,-0.26032419903739346
-0.8787878787878789,1.2424242424242422,-0.2483159800355717
-0.8181818181818183,1.2424242424242422,-0.23539595210078043
-0.7575757575757573,1.2424242424242422,-0.22161155719339387
-0.6969696969696968,1.2424242424242422,-0.20701341120374006
-0.6363636363636362,1.2424242424242422,-0.1916551180920483
-0.5757575757575757,1.2424242424242422,-0.1755930730562934
-0.5151515151515151,1.2424242424242422,-0.15888625545069684
-0.4545454545454546,1.2424242424242422,-0.14159601221528265
-0.39393939393939403,1.2424242424242422,-0.12378583261172872
-0.33333333333333304,1.2424242424242422,-0.10552111509267571
-0.2727272727272725,1.2424242424242422,-0.0868689271605442
-0.21212121212121193,1.2424242424242422,-0.067897759097649
-0.15151515151515138,1.2424242424242422,-0.04867727247190907
-0.09090909090909083,1.2424242424242422,-0.02927804434163076
-0.030303030303030276,1.2424242424242422,-0.009771308098637544
0.030303030303030276,1.2424242424242422,0.009771308098637544
0.09090909090909083,1.2424242424242422,0.02927804434163076
0.15151515151515138,1.2424242424242422,0.04867727247190907
0.21212121212121238,1.2424242424242422,0.06789775909764914
0.27272727272727293,1.2424242424242422,0.08686892716054435
0.3333333333333335,1.2424242424242422,0.10552111509267584
0.39393939393939403,1.2424242424242422,0.12378583261172872
0.4545454545454546,1.2424242424242422,0.14159601221528265
0.5151515151515151,1.2424242424242422,0.15888625545069684
0.5757575757575757,1.2424242424242422,0.1755930730562934
0.6363636363636367,1.2424242424242422,0.1916551180920484
0.6969696969696972,1.2424242424242422,0.20701341120374017
0.7575757575757578,1.2424242424242422,0.22161155719339398
0.8181818181818183,1.2424242424242422,0.23539595210078043
0.8787878787878789,1.2424242424242422,0.2483159800355717
0.9393939393939394,1.2424242424242422,0.26032419903739346
1.0,1.2424242424242422,0.2713765152812999
1.0606060606060606,1.2424242424242422,0.2814323449889948
1.121212121212121,1.2424242424242422,0.29045476345126453
1.1818181818181817,1.2424242424242422,0.29841064061441824
1.2424242424242422,1.2424242424242422,0.3052707627328647
1.3030303030303028,1.2424242424242422,0.3110099396411223
1.3636363636363633,1.2424242424242422,0.31560709725136094
1.4242424242424248,1.2424242424242422,0.31904535493682984
1.4848484848484853,1.2424242424242422,0.32131208751701884
1.5454545454545459,1.2424242424242422,0.3223989716169484
1.6060606060606064,1.2424242424242422,0.3223020162303559
1.666666666666667,1.2424242424242422,0.3210215773745529
1.7272727272727275,1.2424242424242422,0.3185623567831396
1.787878787878788,1.2424242424242422,0.3149333846413787
1.8484848484848486,1.2424242424242422,0.310147986427622
1.9090909090909092,1.2424242424242422,0.3042237339825479
1.9696969696969697,1.2424242424242422,0.2971823809858827
2.0303030303030303,1.2424242424242422,0.28904978307753176
2.090909090909091,1.2424242424242422,0.2798558029164347
2.1515151515151514,1.2424242424242422,0.2696342005257655
2.212121212121212,1.2424242424242422,0.2584225093271255
2.2727272727272725,1.2424242424242422,0.24626189831893036
2.333333333333334,1.2424242424242422,0.23319702090506486
2.3939393939393945,1.2424242424242422,0.21927585092890586
2.454545454545455,1.2424242424242422,0.2045495065147875
2.5151515151515156,1.2424242424242422,0.18907206236376142
2.575757575757576,1.2424242424242422,0.17290035119289415
2.6363636363636367,1.2424242424242422,0.15609375504721104
2.6969696969696972,1.2424242424242422,0.1387139872505838
2.757575757575758,1.2424242424242422,0.12082486579623067
2.8181818181818183,1.2424242424242422,0.10249207900893334
2.878787878787879,1.2424242424242422,0.08378294433945147
2.9393939393939394,1.2424242424242422,0.06476616117683494
3.0,1.2424242424242422,0.0455115585862995
-3.0,1.3030303030303028,-0.03733721161860488
-2.9393939393939394,1.3030303030303028,-0.05313348829833556
-2.878787878787879,1.3030303030303028,-0.06873466038083767
-2.8181818181818183,1.3030303030303028,-0.08408344082374054
-2.757575757575758,1.3030303030303028,-0.09912346935930777
-2.696969696969697,1.3030303030303028,-0.11379951944767326
-2.6363636363636362,1.3030303030303028,-0.1280577010670615
-2.5757575757575757,1.3030303030303028,-0.14184565859635384
-2.515151515151515,1.3030303030303028,-0.15511276306338026
-2.4545454545454546,1.3030303030303028,-0.1678102980530073
-2.393939393939394,1.3030303030303028,-0.17989163859237342
-2.333333333333333,1.3030303030303028,-0.19131242235641024
-2.2727272727272725,1.3030303030303028,-0.20203071256498742
-2.212121212121212,1.3030303030303028,-0.21200715197352923
-2.1515151515151514,1.3030303030303028,-0.2212051073916521
-2.090909090909091,1.3030303030303028,-0.22959080419915592
-2.0303030303030303,1.3030303030303028,-0.23713345036543057
-1.9696969696969697,1.3030303030303028,-0.2438053495168811
-1.9090909090909092,1.3030303030303028,-0.24958200263719257
-1.8484848484848484,1.3030303030303028,-0.2544421980269931
-1.7878787878787878,1.3030303030303028,-0.25836808919258625
-1.7272727272727273,1.3030303030303028,-0.26134526037774836
-1.6666666666666665,1.3030303030303028,-0.2633627794979586
-1.606060606060606,1.3030303030303028,-0.2644132382826902
-1.5454545454545454,1.3030303030303028,-0.2644927794783603
-1.4848484848484849,1.3030303030303028,-0.2636011110120516
-1.4242424242424243,1.3030303030303028,-0.2617415070639947
-1.3636363636363635,1.3030303030303028,-0.2589207960448759
-1.303030303030303,1.3030303030303028,-0.2551493355221147
-1.2424242424242424,1.3030303030303028,-0.2504409741871828
-1.1818181818181817,1.3030303030303028,-0.24481300100361847
-1.121212121212121,1.3030303030303028,-0.2382860817224643
-1.0606060606060606,1.3030303030303028,-0.2308841829982404
-1.0,1.3030303030303028,-0.22263448438409794
-0.9393939393939394,1.3030303030303028,-0.21356727852930427
-0.8787878787878789,1.3030303030303028,-0.2037158599455307
-0.8181818181818183,1.3030303030303028,-0.19311640275039071
-0.7575757575757573,1.3030303030303028,-0.18180782783715
-0.6969696969696968,1.3030303030303028,-0.16983165995835817
-0.6363636363636362,1.3030303030303028,-0.15723187524818522
-0.5757575757575757,1.3030303030303028,-0.1440547397433582
-0.5151515151515151,1.3030303030303028,-0.1303486394956428
-0.4545454545454546,1.3030303030303028,-0.11616390289969267
-0.39393939393939403,1.3030303030303028,-0.10155261588867312
-0.33333333333333304,1.3030303030303028,-0.08656843067625518
-0.2727272727272725,1.3030303030303028,-0.0712663687472746
-0.21212121212121193,1.3030303030303028,-0.05570261882046661
-0.15151515151515138,1.3030303030303028,-0.03993433052515321
-0.09090909090909083,1.3030303030303028,-0.024019404549494874
-0.030303030303030276,1.3030303030303028,-0.008016280030876479
0.030303030303030276,1.3030303030303028,0.008016280030876479
0.09090909090909083,1.3030303030303028,0.024019404549494874
0.15151515151515138,1.3030303030303028,0.03993433052515321
0.21212121212121238,1.3030303030303028,0.055702618820466725
0.27272727272727293,1.3030303030303028,0.07126636874727472
0.3333333333333335,1.3030303030303028,0.08656843067625528
0.39393939393939403,1.3030303030303028,0.10155261588867312
0.4545454545454546,1.3030303030303028,0.11616390289969267
0.5151515151515151,1.3030303030303028,0.1303486394956428
0.5757575757575757,1.3030303030303028,0.1440547397433582
0.6363636363636367,1.3030303030303028,0.1572318752481853
0.6969696969696972,1.3030303030303028,0.16983165995835825
0.7575757575757578,1.3030303030303028,0.18180782783715008
0.8181818181818183,1.3030303030303028,0.19311640275039071
0.8787878787878789,1.3030303030303028,0.2037158599455307
0.9393939393939394,1.3030303030303028,0.21356727852930427
1.0,1.3030303030303028,0.22263448438409794
1.0606060606060606,1.3030303030303028,0.2308841829982404
1.121212121212121,1.3030303030303028,0.2382860817224643
1.1818181818181817,1.3030303030303028,0.24481300100361847
1.2424242424242422,1.3030303030303028,0.25044097418718275
1.3030303030303028,1.3030303030303028,0.2551493355221147
1.3636363636363633,1.3030303030303028,0.2589207960448759
1.4242424242424248,1.3030303030303028,0.26174150706399474
1.4848484848484853,1.3030303030303028,0.2636011110120516
1.5454545454545459,1.3030303030303028,0.2644927794783603
1.6060606060606064,1.3030303030303028,0.2644132382826902
1.666666666666667,1.3030303030303028,0.2633627794979586
1.7272727272727275,1.3030303030303028,0.26134526037774836
1.787878787878788,1.3030303030303028,0.25836808919258625
1.8484848484848486,1.3030303030303028,0.2544421980269931
1.9090909090909092,1.3030303030303028,0.24958200263719257
1.9696969696969697,1.3030303030303028,0.2438053495168811
2.0303030303030303,1.3030303030303028,0.23713345036543057
2.090909090909091,1.3030303030303028,0.22959080419915592
2.1515151515151514,1.3030303030303028,0.2212051073916521
2.212121212121212,1.3030303030303028,0.21200715197352923
2.2727272727272725,1.3030303030303028,0.20203071256498742
2.333333333333334,1.3030303030303028,0.19131242235641008
2.3939393939393945,1.3030303030303028,0.1798916385923733
2.454545454545455,1.3030303030303028,0.1678102980530072
2.5151515151515156,1.3030303030303028,0.15511276306338015
2.575757575757576,1.3030303030303028,0.14184565859635376
2.6363636363636367,1.3030303030303028,0.12805770106706138
2.6969696969696972,1.3030303030303028,0.11379951944767315
2.757575757575758,1.3030303030303028,0.09912346935930777
2.8181818181818183,1.3030303030303028,0.08408344082374054
2.878787878787879,1.3030303030303028,0.06873466038083767
2.9393939393939394,1.3030303030303028,0.05313348829833556
3.0,1.3030303030303028,0.03733721161860488
-3.0,1.3636363636363633,-0.029025763514361817
-2.9393939393939394,1.3636363636363633,-0.04130571082260763
-2.878787878787879,1.3636363636363633,-0.053433984782624636
-2.8181818181818183,1.3636363636363633,-0.06536605073121213
-2.757575757575758,1.3636363636363633,-0.07705809447518305
-2.696969696969697,1.3636363636363633,-0.08846718317578545
-2.6363636363636362,1.3636363636363633,-0.09955142299681596
-2.5757575757575757,1.3636363636363633,-0.11027011293754747
-2.515151515151515,1.3636363636363633,-0.1205838942855996
-2.4545454545454546,1.3636363636363633,-0.13045489514096612
-2.393939393939394,1.3636363636363633,-0.1398468694805115
-2.333333333333333,1.3636363636363633,-0.1487253302522959
-2.2727272727272725,1.3636363636363633,-0.15705767601100915
-2.212121212121212,1.3636363636363633,-0.16481331062951404
-2.1515151515151514,1.3636363636363633,-0.1719637556469198
-2.090909090909091,1.3636363636363633,-0.178482754840648
-2.0303030303030303,1.3636363636363633,-0.18434637063850534
-1.9696969696969697,1.3636363636363633,-0.1895330720167405
-1.9090909090909092,1.3636363636363633,-0.1940238135613263
-1.8484848484848484,1.3636363636363633,-0.19780210540215692
-1.7878787878787878,1.3636363636363633,-0.20085407376336278
-1.7272727272727273,1.3636363636363633,-0.2031685119074053
-1.6666666666666665,1.3636363636363633,-0.2047369212858857
-1.606060606060606,1.3636363636363633,-0.20555354274596305
-1.5454545454545454,1.3636363636363633,-0.2056153776777934
-1.4848484848484849,1.3636363636363633,-0.20492219902533623
-1.4242424242424243,1.3636363636363633,-0.20347655212009771
-1.3636363636363635,1.3636363636363633,-0.2012837453347485
-1.303030303030303,1.3636363636363633,-0.19835183059093647
-1.2424242424242424,1.3636363636363633,-0.19469157379286853
-1.1818181818181817,1.3636363636363633,-0.1903164152952289
-1.121212121212121,1.3636363636363633,-0.18524242055059437
-1.0606060606060606,1.3636363636363633,-0.17948822111756751
-1.0,1.3636363636363633,-0.17307494624624478
-0.9393939393939394,1.3636363636363633,-0.16602614529223525
-0.8787878787878789,1.3636363636363633,-0.1583677012441233
-0.8181818181818183,1.3636363636363633,-0.15012773568190038
-0.7575757575757573,1.3636363636363633,-0.14133650551535495
-0.6969696969696968,1.3636363636363633,-0.1320262918815952
-0.6363636363636362,1.3636363636363633,-0.12223128160966806
-0.5757575757575757,1.3636363636363633,-0.1119874416875346
-0.5151515151515151,1.3636363636363633,-0.10133238719235407
-0.4545454545454546,1.3636363636363633,-0.09030524316903328
-0.39393939393939403,1.3636363636363633,-0.07894650096421925
-0.33333333333333304,1.3636363636363633,-0.06729786954327192
-0.2727272727272725,1.3636363636363633,-0.055402122336177584
-0.21212121212121193,1.3636363636363633,-0.043302940174778815
-0.15151515151515138,1.3636363636363633,-0.03104475089805243
-0.09090909090909083,1.3636363636363633,-0.01867256621439893
-0.030303030303030276,1.3636363636363633,-0.0062318164199808524
0.030303030303030276,1.3636363636363633,0.0062318164199808524
0.09090909090909083,1.3636363636363633,0.01867256621439893
0.15151515151515138,1.3636363636363633,0.03104475089805243
0.21212121212121238,1.3636363636363633,0.043302940174778905
0.27272727272727293,1.3636363636363633,0.055402122336177674
0.3333333333333335,1.3636363636363633,0.06729786954327201
0.39393939393939403,1.3636363636363633,0.07894650096421925
0.4545454545454546,1.3636363636363633,0.09030524316903328
0.5151515151515151,1.3636363636363633,0.10133238719235407
0.5757575757575757,1.3636363636363633,0.1119874416875346
0.6363636363636367,1.3636363636363633,0.12223128160966813
0.6969696969696972,1.3636363636363633,0.13202629188159526
0.7575757575757578,1.3636363636363633,0.141336505515355
0.8181818181818183,1.3636363636363633,0.15012773568190038
0.8787878787878789,1.3636363636363633,0.1583677012441233
0.9393939393939394,1.3636363636363633,0.16602614529223525
1.0,1.3636363636363633,0.17307494624624478
1.0606060606060606,1.3636363636363633,0.17948822111756751
1.121212121212121,1.3636363636363633,0.18524242055059437
1.1818181818181817,1.3636363636363633,0.1903164152952289
1.2424242424242422,1.3636363636363633,0.1946915737928685
1.3030303030303028,1.3636363636363633,0.19835183059093645
1.3636363636363633,1.3636363636363633,0.2012837453347485
1.4242424242424248,1.3636363636363633,0.20347655212009771
1.4848484848484853,1.3636363636363633,0.20492219902533623
1.5454545454545459,1.3636363636363633,0.2056153776777934
1.6060606060606064,1.3636363636363633,0.20555354274596305
1.666666666666667,1.3636363636363633,0.2047369212858857
1.7272727272727275,1.3636363636363633,0.2031685119074053
1.787878787878788,1.3636363636363633,0.20085407376336278
1.8484848484848486,1.3636363636363633,0.19780210540215692
1.9090909090909092,1.3636363636363633,0.1940238135613263
1.9696969696969697,1.3636363636363633,0.1895330720167405
2.0303030303030303,1.3636363636363633,0.18434637063850534
2.090909090909091,1.3636363636363633,0.178482754840648
2.1515151515151514,1.3636363636363633,0.1719637556469198
2.212121212121212,1.3636363636363633,0.16481331062951404
2.2727272727272725,1.3636363636363633,0.15705767601100915
2.333333333333334,1.3636363636363633,0.14872533025229578
2.3939393939393945,1.3636363636363633,0.13984686948051145
2.454545454545455,1.3636363636363633,0.13045489514096603
2.5151515151515156,1.3636363636363633,0.12058389428559953
2.575757575757576,1.3636363636363633,0.11027011293754742
2.6363636363636367,1.3636363636363633,0.09955142299681588
2.6969696969696972,1.3636363636363633,0.08846718317578538
2.757575757575758,1.3636363636363633,0.07705809447518305
2.8181818181818183,1.3636363636363633,0.06536605073121213
2.878787878787879,1.3636363636363633,0.053433984782624636
2.9393939393939394,1.3636363636363633,0.04130571082260763
3.0,1.3636363636363633,0.029025763514361817
-3.0,1.4242424242424248,-0.020607733665138447
-2.9393939393939394,1.4242424242424248,-0.029326259998650725
-2.878787878787879,1.4242424242424248,-0.03793710117298184
-2.8181818181818183,1.4242424242424248,-0.04640863843406687
-2.757575757575758,1.4242424242424248,-0.054709764547689395
-2.696969696969697,1.4242424242424248,-0.06280999802432545
-2.6363636363636362,1.4242424242424248,-0.07067959504627103
-2.5757575757575757,1.4242424242424248,-0.07828965868606122
-2.515151515151515,1.4242424242424248,-0.08561224501513282
-2.4545454545454546,1.4242424242424248,-0.09262046571310328
-2.393939393939394,1.4242424242424248,-0.09928858680088794
-2.333333333333333,1.4242424242424248,-0.10559212313510985
-2.2727272727272725,1.4242424242424248,-0.11150792831682184
-2.212121212121212,1.4242424242424248,-0.11701427968439895
-2.1515151515151514,1.4242424242424248,-0.12209095807850918
-2.090909090909091,1.4242424242424248,-0.1267193220862684
-2.0303030303030303,1.4242424242424248,-0.13088237649195714
-1.9696969696969697,1.4242424242424248,-0.13456483468294975
-1.9090909090909092,1.4242424242424248,-0.13775317478170396
-1.8484848484848484,1.4242424242424248,-0.14043568929769518
-1.7878787878787878,1.4242424242424248,-0.14260252811697513
-1.7272727272727273,1.4242424242424248,-0.14424573467149923
-1.6666666666666665,1.4242424242424248,-0.14535927515540886
-1.606060606060606,1.4242424242424248,-0.14593906068098803
-1.5454545454545454,1.4242424242424248,-0.14598296229293806
-1.4848484848484849,1.4242424242424248,-0.14549081878583864
-1.4242424242424243,1.4242424242424248,-0.14446443729608915
-1.3636363636363635,1.4242424242424248,-0.14290758666615735
-1.303030303030303,1.4242424242424248,-0.14082598360550144
-1.2424242424242424,1.4242424242424248,-0.13822727169898177
-1.1818181818181817,1.4242424242424248,-0.1351209933398436
-1.121212121212121,1.4242424242424248,-0.13151855469033127
-1.0606060606060606,1.4242424242424248,-0.127433183798598
-1.0,1.4242424242424248,-0.12287988202570407
-0.9393939393939394,1.4242424242424248,-0.11787536896106313
-0.8787878787878789,1.4242424242424248,-0.11243802102860424
-0.8181818181818183,1.4242424242424248,-0.10658780400908696
-0.7575757575757573,1.4242424242424248,-0.1003461997263449
-0.6969696969696968,1.4242424242424248,-0.0937361271666643
-0.6363636363636362,1.4242424242424248,-0.08678185832094405
-0.5757575757575757,1.4242424242424248,-0.07950892905866344
-0.5151515151515151,1.4242424242424248,-0.07194404536092466
-0.4545454545454546,1.4242424242424248,-0.06411498525688025
-0.39393939393939403,1.4242424242424248,-0.056050496823631835
-0.33333333333333304,1.4242424242424248,-0.04778019262414129
-0.2727272727272725,1.4242424242424248,-0.03933444097077589
-0.21212121212121193,1.4242424242424248,-0.030744254413763213
-0.15151515151515138,1.4242424242424248,-0.02204117586402441
-0.09090909090909083,1.4242424242424248,-0.013257162768538323
-0.030303030303030276,1.4242424242424248,-0.00442446976354157
0.030303030303030276,1.4242424242424248,0.00442446976354157
0.09090909090909083,1.4242424242424248,0.013257162768538323
0.15151515151515138,1.4242424242424248,0.02204117586402441
0.21212121212121238,1.4242424242424248,0.030744254413763276
0.27272727272727293,1.4242424242424248,0.03933444097077595
0.3333333333333335,1.4242424242424248,0.04778019262414135
0.39393939393939403,1.4242424242424248,0.056050496823631835
0.4545454545454546,1.4242424242424248,0.06411498525688025
0.5151515151515151,1.4242424242424248,0.07194404536092466
0.5757575757575757,1.4242424242424248,0.07950892905866344
0.6363636363636367,1.4242424242424248,0.08678185832094411
0.6969696969696972,1.4242424242424248,0.09373612716666434
0.7575757575757578,1.4242424242424248,0.10034619972634495
0.8181818181818183,1.4242424242424248,0.10658780400908696
0.8787878787878789,1.4242424242424248,0.11243802102860424
0.9393939393939394,1.4242424242424248,0.11787536896106313
1.0,1.4242424242424248,0.12287988202570407
1.0606060606060606,1.4242424242424248,0.127433183798598
1.121212121212121,1.4242424242424248,0.13151855469033127
1.1818181818181817,1.4242424242424248,0.1351209933398436
1.2424242424242422,1.4242424242424248,0.13822727169898175
1.3030303030303028,1.4242424242424248,0.14082598360550141
1.3636363636363633,1.4242424242424248,0.14290758666615735
1.4242424242424248,1.4242424242424248,0.14446443729608915
1.4848484848484853,1.4242424242424248,0.14549081878583864
1.5454545454545459,1.4242424242424248,0.14598296229293806
1.6060606060606064,1.4242424242424248,0.14593906068098803
1.666666666666667,1.4242424242424248,0.14535927515540886
1.7272727272727275,1.4242424242424248,0.14424573467149923
1.787878787878788,1.4242424242424248,0.14260252811697513
1.8484848484848486,1.4242424242424248,0.14043568929769515
1.9090909090909092,1.4242424242424248,0.13775317478170396
1.9696969696969697,1.4242424242424248,0.13456483468294975
2.0303030303030303,1.4242424242424248,0.13088237649195714
2.090909090909091,1.4242424242424248,0.1267193220862684
2.1515151515151514,1.4242424242424248,0.12209095807850918
2.212121212121212,1.4242424242424248,0.11701427968439895
2.2727272727272725,1.4242424242424248,0.11150792831682184
2.333333333333334,1.4242424242424248,0.10559212313510977
2.3939393939393945,1.4242424242424248,0.09928858680088788
2.454545454545455,1.4242424242424248,0.09262046571310324
2.5151515151515156,1.4242424242424248,0.08561224501513276
2.575757575757576,1.4242424242424248,0.07828965868606118
2.6363636363636367,1.4242424242424248,0.07067959504627097
2.6969696969696972,1.4242424242424248,0.0628099980243254
2.757575757575758,1.4242424242424248,0.054709764547689395
2.8181818181818183,1.4242424242424248,0.04640863843406687
2.878787878787879,1.4242424242424248,0.03793710117298184
2.9393939393939394,1.4242424242424248,0.029326259998650725
3.0,1.4242424242424248,0.020607733665138447
-3.0,1.4848484848484853,-0.01211403282751792
-2.9393939393939394,1.4848484848484853,-0.017239124015512836
-2.878787878787879,1.4848484848484853,-0.022300913650093172
-2.8181818181818183,1.4848484848484853,-0.027280814989459397
-2.757575757575758,1.4848484848484853,-0.032160541983209535
-2.696969696969697,1.4848484848484853,-0.036922176418175405
-2.6363636363636362,1.4848484848484853,-0.041548233713571144
-2.5757575757575757,1.4848484848484853,-0.04602172712385681
-2.515151515151515,1.4848484848484853,-0.05032623011356542
-2.4545454545454546,1.4848484848484853,-0.05444593667505521
-2.393939393939394,1.4848484848484853,-0.05836571936770217
-2.333333333333333,1.4848484848484853,-0.06207118486541454
-2.2727272727272725,1.4848484848484853,-0.06554872680850031
-2.212121212121212,1.4848484848484853,-0.06878557576581767
-2.1515151515151514,1.4848484848484853,-0.07176984612374834
-2.090909090909091,1.4848484848484853,-0.07449057972981908
-2.0303030303030303,1.4848484848484853,-0.0769377861307136
-1.9696969696969697,1.4848484848484853,-0.07910247925692143
-1.9090909090909092,1.4848484848484853,-0.0809767104193194
-1.8484848484848484,1.4848484848484853,-0.08255359749652302
-1.7878787878787878,1.4848484848484853,-0.08382735020583247
-1.7272727272727273,1.4848484848484853,-0.08479329136497953
-1.6666666666666665,1.4848484848484853,-0.08544787406660243
-1.606060606060606,1.4848484848484853,-0.08578869470238476
-1.5454545454545454,1.4848484848484853,-0.08581450178903416
-1.4848484848484849,1.4848484848484853,-0.08552520056369187
-1.4242424242424243,1.4848484848484853,-0.08492185333189918
-1.3636363636363635,1.4848484848484853,-0.08400667556684294
-1.303030303030303,1.4848484848484853,-0.08278302777420353
-1.2424242424242424,1.4848484848484853,-0.08125540315247734
-1.1818181818181817,1.4848484848484853,-0.07942941109408495
-1.121212121212121,1.4848484848484853,-0.077311756587848
-1.0606060606060606,1.4848484848484853,-0.07491021559846862
-1.0,1.4848484848484853,-0.07223360651341705
-0.9393939393939394,1.4848484848484853,-0.06929175776207376
-0.8787878787878789,1.4848484848484853,-0.06609547172602745
-0.8181818181818183,1.4848484848484853,-0.06265648507304945
-0.7575757575757573,1.4848484848484853,-0.058987425660396865
-0.6969696969696968,1.4848484848484853,-0.05510176616569433
-0.6363636363636362,1.4848484848484853,-0.05101377461566019
-0.5757575757575757,1.4848484848484853,-0.04673846199433458
-0.5151515151515151,1.4848484848484853,-0.04229152712319008
-0.4545454545454546,1.4848484848484853,-0.0376892990155236
-0.39393939393939403,1.4848484848484853,-0.0329486769168027
-0.33333333333333304,1.4848484848484853,-0.028087068251136035
-0.2727272727272725,1.4848484848484853,-0.023122324701727155
-0.21212121212121193,1.4848484848484853,-0.018072676660021665
-0.15151515151515138,1.4848484848484853,-0.012956666284249243
-0.09090909090909083,1.4848484848484853,-0.007793079413167129
-0.030303030303030276,1.4848484848484853,-0.0026008765850159266
0.030303030303030276,1.4848484848484853,0.0026008765850159266
0.09090909090909083,1.4848484848484853,0.007793079413167129
0.15151515151515138,1.4848484848484853,0.012956666284249243
0.21212121212121238,1.4848484848484853,0.0180726766600217
0.27272727272727293,1.4848484848484853,0.023122324701727193
0.3333333333333335,1.4848484848484853,0.02808706825113607
0.39393939393939403,1.4848484848484853,0.0329486769168027
0.4545454545454546,1.4848484848484853,0.0376892990155236
0.5151515151515151,1.4848484848484853,0.04229152712319008
0.5757575757575757,1.4848484848484853,0.04673846199433458
0.6363636363636367,1.4848484848484853,0.051013774615660215
0.6969696969696972,1.4848484848484853,0.05510176616569436
0.7575757575757578,1.4848484848484853,0.05898742566039689
0.8181818181818183,1.4848484848484853,0.06265648507304945
0.8787878787878789,1.4848484848484853,0.06609547172602745
0.9393939393939394,1.4848484848484853,0.06929175776207376
1.0,1.4848484848484853,0.07223360651341705
1.0606060606060606,1.4848484848484853,0.07491021559846862
1.121212121212121,1.4848484848484853,0.077311756587848
1.1818181818181817,1.4848484848484853,0.07942941109408495
1.2424242424242422,1.4848484848484853,0.08125540315247734
1.3030303030303028,1.4848484848484853,0.08278302777420352
1.3636363636363633,1.4848484848484853,0.08400667556684294
1.4242424242424248,1.4848484848484853,0.0849218533318992
1.4848484848484853,1.4848484848484853,0.08552520056369187
1.5454545454545459,1.4848484848484853,0.08581450178903416
1.6060606060606064,1.4848484848484853,0.08578869470238476
1.666666666666667,1.4848484848484853,0.08544787406660243
1.7272727272727275,1.4848484848484853,0.08479329136497953
1.787878787878788,1.4848484848484853,0.08382735020583247
1.8484848484848486,1.4848484848484853,0.08255359749652301
1.9090909090909092,1.4848484848484853,0.0809767104193194
1.9696969696969697,1.4848484848484853,0.07910247925692143
2.0303030303030303,1.4848484848484853,0.0769377861307136
2.090909090909091,1.4848484848484853,0.07449057972981908
2.1515151515151514,1.4848484848484853,0.07176984612374834
2.212121212121212,1.4848484848484853,0.06878557576581767
2.2727272727272725,1.4848484848484853,0.06554872680850031
2.333333333333334,1.4848484848484853,0.06207118486541449
2.3939393939393945,1.4848484848484853,0.05836571936770214
2.454545454545455,1.4848484848484853,0.05444593667505518
2.5151515151515156,1.4848484848484853,0.05032623011356539
2.575757575757576,1.4848484848484853,0.046021727123856784
2.6363636363636367,1.4848484848484853,0.041548233713571116
2.6969696969696972,1.4848484848484853,0.03692217641817538
2.757575757575758,1.4848484848484853,0.032160541983209535
2.8181818181818183,1.4848484848484853,0.027280814989459397
2.878787878787879,1.4848484848484853,0.022300913650093172
2.9393939393939394,1.4848484848484853,0.017239124015512836
3.0,1.4848484848484853,0.01211403282751792
-3.0,1.5454545454545459,-0.0035758496197139103
-2.9393939393939394,1.5454545454545459,-0.005088686478960371
-2.878787878787879,1.5454545454545459,-0.006582837831990385
-2.8181818181818183,1.5454545454545459,-0.008052817199235843
-2.757575757575758,1.5454545454545459,-0.009493226859945369
-2.696969696969697,1.5454545454545459,-0.010898777672455265
-2.6363636363636362,1.5454545454545459,-0.012264308495761194
-2.5757575757575757,1.5454545454545459,-0.013584805141075327
-2.515151515151515,1.5454545454545459,-0.014855418783779205
-2.4545454545454546,1.5454545454545459,-0.016071483768164304
-2.393939393939394,1.5454545454545459,-0.01722853473958178
-2.333333333333333,1.5454545454545459,-0.018322323041092655
-2.2727272727272725,1.5454545454545459,-0.019348832314410376
-2.212121212121212,1.5454545454545459,-0.020304293247849683
-2.1515151515151514,1.5454545454545459,-0.02118519741712758
-2.090909090909091,1.5454545454545459,-0.021988310168193508
-2.0303030303030303,1.5454545454545459,-0.022710682494783373
-1.9696969696969697,1.5454545454545459,-0.023349661867083257
-1.9090909090909092,1.5454545454545459,-0.023902901971740456
-1.8484848484848484,1.5454545454545459,-0.02436837132745671
-1.7878787878787878,1.5454545454545459,-0.02474436074452741
-1.7272727272727273,1.5454545454545459,-0.025029489600935644
-1.6666666666666665,1.5454545454545459,-0.025222710911955413
-1.606060606060606,1.5454545454545459,-0.02532331517464855
-1.5454545454545454,1.5454545454545459,-0.025330932973138546
-1.4848484848484849,1.5454545454545459,-0.02524553633509468
-1.4242424242424243,1.5454545454545459,-0.025067438834445645
-1.3636363636363635,1.5454545454545459,-0.024797294439945314
-1.303030303030303,1.5454545454545459,-0.024436095113818845
-1.2424242424242424,1.5454545454545459,-0.02398516716930671
-1.1818181818181817,1.5454545454545459,-0.023446166400481742
-1.121212121212121,1.5454545454545459,-0.022821072002222265
-1.0606060606060606,1.5454545454545459,-0.022112179302667057
-1.0,1.5454545454545459,-0.021322091334838304
-0.9393939393939394,1.5454545454545459,-0.020453709278381374
-0.8787878787878789,1.5454545454545459,-0.019510221806518964
-0.8181818181818183,1.5454545454545459,-0.018495093377337367
-0.7575757575757573,1.5454545454545459,-0.017412051512398847
-0.6969696969696968,1.5454545454545459,-0.01626507310939276
-0.6363636363636362,1.5454545454545459,-0.015058369839084849
-0.5757575757575757,1.5454545454545459,-0.013796372680186806
-0.5151515151515151,1.5454545454545459,-0.012483715648933512
-0.4545454545454546,1.5454545454545459,-0.01112521878311251
-0.39393939393939403,1.5454545454545459,-0.009725870443027832
-0.33333333333333304,1.5454545454545459,-0.008290808994388525
-0.2727272727272725,1.5454545454545459,-0.006825303940381805
-0.21212121212121193,1.5454545454545459,-0.005334736572213183
-0.15151515151515138,1.5454545454545459,-0.0038245802091643835
-0.09090909090909083,1.5454545454545459,-0.0023003801007268447
-0.030303030303030276,1.5454545454545459,-0.0007677330646096317
0.030303030303030276,1.5454545454545459,0.0007677330646096317
0.09090909090909083,1.5454545454545459,0.0023003801007268447
0.15151515151515138,1.5454545454545459,0.0038245802091643835
0.21212121212121238,1.5454545454545459,0.005334736572213194
0.27272727272727293,1.5454545454545459,0.006825303940381816
0.3333333333333335,1.5454545454545459,0.008290808994388535
0.39393939393939403,1.5454545454545459,0.009725870443027832
0.4545454545454546,1.5454545454545459,0.01112521878311251
0.5151515151515151,1.5454545454545459,0.012483715648933512
0.5757575757575757,1.5454545454545459,0.013796372680186806
0.6363636363636367,1.5454545454545459,0.015058369839084857
0.6969696969696972,1.5454545454545459,0.016265073109392767
0.7575757575757578,1.5454545454545459,0.017412051512398854
0.8181818181818183,1.5454545454545459,0.018495093377337367
0.8787878787878789,1.5454545454545459,0.019510221806518964
0.9393939393939394,1.5454545454545459,0.020453709278381374
1.0,1.5454545454545459,0.021322091334838304
1.0606060606060606,1.5454545454545459,0.022112179302667057
1.121212121212121,1.5454545454545459,0.022821072002222265
1.1818181818181817,1.5454545454545459,0.023446166400481742
1.2424242424242422,1.5454545454545459,0.023985167169306706
1.3030303030303028,1.5454545454545459,0.02443609511381884
1.3636363636363633,1.5454545454545459,0.024797294439945314
1.4242424242424248,1.5454545454545459,0.02506743883444565
1.4848484848484853,1.5454545454545459,0.02524553633509468
1.5454545454545459,1.5454545454545459,0.025330932973138546
1.6060606060606064,1.5454545454545459,0.02532331517464855
1.666666666666667,1.5454545454545459,0.025222710911955413
1.7272727272727275,1.5454545454545459,0.025029489600935644
1.787878787878788,1.5454545454545459,0.02474436074452741
1.8484848484848486,1.5454545454545459,0.024368371327456707
1.9090909090909092,1.5454545454545459,0.023902901971740456
1.9696969696969697,1.5454545454545459,0.023349661867083257
2.0303030303030303,1.5454545454545459,0.022710682494783373
2.090909090909091,1.5454545454545459,0.021988310168193508
2.1515151515151514,1.5454545454545459,0.02118519741712758
2.212121212121212,1.5454545454545459,0.020304293247849683
2.2727272727272725,1.5454545454545459,0.019348832314410376
2.333333333333334,1.5454545454545459,0.01832232304109264
2.3939393939393945,1.5454545454545459,0.01722853473958177
2.454545454545455,1.5454545454545459,0.016071483768164297
2.5151515151515156,1.5454545454545459,0.014855418783779197
2.575757575757576,1.5454545454545459,0.013584805141075318
2.6363636363636367,1.5454545454545459,0.012264308495761185
2.6969696969696972,1.5454545454545459,0.010898777672455255
2.757575757575758,1.5454545454545459,0.009493226859945369
2.8181818181818183,1.5454545454545459,0.008052817199235843
2.878787878787879,1.5454545454545459,0.006582837831990385
2.9393939393939394,1.5454545454545459,0.005088686478960371
3.0,1.5454545454545459,0.0035758496197139103
-3.0,1.6060606060606064,0.004975464002112362
-2.9393939393939394,1.6060606060606064,0.007080436563808539
-2.878787878787879,1.6060606060606064,0.009159409971896963
-2.8181818181818183,1.6060606060606064,0.01120475029752364
-2.757575757575758,1.6060606060606064,0.013208947111518437
-2.696969696969697,1.6060606060606064,0.015164641062468833
-2.6363636363636362,1.6060606060606064,0.01706465090004055
-2.5757575757575757,1.6060606060606064,0.018901999844316415
-2.515151515151515,1.6060606060606064,0.020669941204325786
-2.4545454545454546,1.6060606060606064,0.022361983151694218
-2.393939393939394,1.6060606060606064,0.023971912558445215
-2.333333333333333,1.6060606060606064,0.025493817811422372
-2.2727272727272725,1.6060606060606064,0.026922110519557976
-2.212121212121212,1.6060606060606064,0.028251546034279727
-2.1515151515151514,1.6060606060606064,0.029477242707705142
-2.090909090909091,1.6060606060606064,0.030594699817908133
-2.0303030303030303,1.6060606060606064,0.031599814095436836
-1.9696969696969697,1.6060606060606064,0.03248889479039759
-1.9090909090909092,1.6060606060606064,0.03325867722477944
-1.8484848484848484,1.6060606060606064,0.03390633478025515
-1.7878787878787878,1.6060606060606064,0.03442948927744011
-1.7272727272727273,1.6060606060606064,0.0348262197084967
-1.6666666666666665,1.6060606060606064,0.03509506929101822
-1.606060606060606,1.6060606060606064,0.0352350508172908
-1.5454545454545454,1.6060606060606064,0.03524565027929092
-1.4848484848484849,1.6060606060606064,0.03512682875610767
-1.4242424242424243,1.6060606060606064,0.03487902255685918
-1.3636363636363635,1.6060606060606064,0.03450314161857845
-1.303030303030303,1.6060606060606064,0.03400056616495149
-1.2424242424242424,1.6060606060606064,0.03337314163817675
-1.1818181818181817,1.6060606060606064,0.032623171922555975
-1.121212121212121,1.6060606060606064,0.0317534108846992
-1.0606060606060606,1.6060606060606064,0.03076705226140805
-1.0,1.6060606060606064,0.029667717932368626
-0.9393939393939394,1.6060606060606064,0.02845944462071649
-0.8787878787878789,1.6060606060606064,0.0271466690703087
-0.8181818181818183,1.6060606060606064,0.02573421175413163
-0.7575757575757573,1.6060606060606064,0.024227259173666745
-0.6969696969696968,1.6060606060606064,0.022631344814210634
-0.6363636363636362,1.6060606060606064,0.02095232882608062
-0.5757575757575757,1.6060606060606064,0.01919637650631622
-0.5151515151515151,1.6060606060606064,0.01736993565989076
-0.4545454545454546,1.6060606060606064,0.015479712923562254
-0.39393939393939403,1.6060606060606064,0.013532649139301654
-0.33333333333333304,1.6060606060606064,0.011535893867726407
-0.2727272727272725,1.6060606060606064,0.009496779135125448
-0.21212121212121193,1.6060606060606064,0.007422792510475475
-0.15151515151515138,1.6060606060606064,0.005321549611309213
-0.09090909090909083,1.6060606060606064,0.0032007661393931137
-0.030303030303030276,1.6060606060606064,0.0010682295488987136
0.030303030303030276,1.6060606060606064,-0.0010682295488987136
0.09090909090909083,1.6060606060606064,-0.0032007661393931137
0.15151515151515138,1.6060606060606064,-0.005321549611309213
0.21212121212121238,1.6060606060606064,-0.007422792510475491
0.27272727272727293,1.6060606060606064,-0.009496779135125463
0.3333333333333335,1.6060606060606064,-0.01153589386772642
0.39393939393939403,1.6060606060606064,-0.013532649139301654
0.4545454545454546,1.6060606060606064,-0.015479712923562254
0.5151515151515151,1.6060606060606064,-0.01736993565989076
0.5757575757575757,1.6060606060606064,-0.01919637650631622
0.6363636363636367,1.6060606060606064,-0.020952328826080634
0.6969696969696972,1.6060606060606064,-0.022631344814210645
0.7575757575757578,1.6060606060606064,-0.024227259173666756
0.8181818181818183,1.6060606060606064,-0.02573421175413163
0.8787878787878789,1.6060606060606064,-0.0271466690703087
0.9393939393939394,1.6060606060606064,-0.02845944462071649
1.0,1.6060606060606064,-0.029667717932368626
1.0606060606060606,1.6060606060606064,-0.03076705226140805
1.121212121212121,1.6060606060606064,-0.0317534108846992
1.1818181818181817,1.6060606060606064,-0.032623171922555975
1.2424242424242422,1.6060606060606064,-0.03337314163817675
1.3030303030303028,1.6060606060606064,-0.03400056616495149
1.3636363636363633,1.6060606060606064,-0.03450314161857845
1.4242424242424248,1.6060606060606064,-0.03487902255685918
1.4848484848484853,1.6060606060606064,-0.03512682875610767
1.5454545454545459,1.6060606060606064,-0.03524565027929092
1.6060606060606064,1.6060606060606064,-0.0352350508172908
1.666666666666667,1.6060606060606064,-0.03509506929101822
1.7272727272727275,1.6060606060606064,-0.0348262197084967
1.787878787878788,1.6060606060606064,-0.03442948927744011
1.8484848484848486,1.6060606060606064,-0.03390633478025515
1.9090909090909092,1.6060606060606064,-0.03325867722477944
1.9696969696969697,1.6060606060606064,-0.03248889479039759
2.0303030303030303,1.6060606060606064,-0.031599814095436836
2.090909090909091,1.6060606060606064,-0.030594699817908133
2.1515151515151514,1.6060606060606064,-0.029477242707705142
2.212121212121212,1.6060606060606064,-0.028251546034279727
2.2727272727272725,1.6060606060606064,-0.026922110519557976
2.333333333333334,1.6060606060606064,-0.025493817811422355
2.3939393939393945,1.6060606060606064,-0.0239719125584452
2.454545454545455,1.6060606060606064,-0.022361983151694208
2.5151515151515156,1.6060606060606064,-0.020669941204325776
2.575757575757576,1.6060606060606064,-0.018901999844316404
2.6363636363636367,1.6060606060606064,-0.017064650900040536
2.6969696969696972,1.6060606060606064,-0.01516464106246882
2.757575757575758,1.6060606060606064,-0.013208947111518437
2.8181818181818183,1.6060606060606064,-0.01120475029752364
2.878787878787879,1.6060606060606064,-0.009159409971896963
2.9393939393939394,1.6060606060606064,-0.007080436563808539
3.0,1.6060606060606064,-0.004975464002112362
-3.0,1.666666666666667,0.01350850786730781
-2.9393939393939394,1.666666666666667,0.019223560452969694
-2.878787878787879,1.666666666666667,0.02486802469332256
-2.8181818181818183,1.666666666666667,0.03042117428265124
-2.757575757575758,1.666666666666667,0.03586261821993783
-2.696969696969697,1.666666666666667,0.041172375684014266
-2.6363636363636362,1.666666666666667,0.046330949402546444
-2.5757575757575757,1.666666666666667,0.05131939724544166
-2.515151515151515,1.666666666666667,0.056119401779789836
-2.4545454545454546,1.666666666666667,0.06071333753093531
-2.393939393939394,1.666666666666667,0.06508433570269836
-2.333333333333333,1.666666666666667,0.06921634611909586
-2.2727272727272725,1.666666666666667,0.07309419616011248
-2.212121212121212,1.666666666666667,0.0767036464751128
-2.1515151515151514,1.666666666666667,0.08003144326931544
-2.090909090909091,1.666666666666667,0.08306536697133547
-2.0303030303030303,1.666666666666667,0.0857942771030891
-1.9696969696969697,1.666666666666667,0.08820815318729952
-1.9090909090909092,1.666666666666667,0.09029813154239319
-1.8484848484848484,1.666666666666667,0.09205653782967627
-1.7878787878787878,1.666666666666667,0.09347691523327925
-1.7272727272727273,1.666666666666667,0.09455404816939397
-1.6666666666666665,1.666666666666667,0.09528398143774292
-1.606060606060606,1.666666666666667,0.09566403474495769
-1.5454545454545454,1.666666666666667,0.09569281254653701
-1.4848484848484849,1.666666666666667,0.09537020917124478
-1.4242424242424243,1.666666666666667,0.09469740920913176
-1.3636363636363635,1.666666666666667,0.09367688316175599
-1.303030303030303,1.666666666666667,0.09231237837057404
-1.2424242424242424,1.666666666666667,0.09060890525681417
-1.1818181818181817,1.666666666666667,0.08857271892335769
-1.121212121212121,1.666666666666667,0.08621129618618628
-1.0606060606060606,1.666666666666667,0.08353330811973489
-1.0,1.666666666666667,0.08054858821696284
-0.9393939393939394,1.666666666666667,0.0772680962810587
-0.8787878787878789,1.666666666666667,0.07370387818136709
-0.8181818181818183,1.666666666666667,0.06986902162131282
-0.7575757575757573,1.666666666666667,0.0657776080807411
-0.6969696969696968,1.666666666666667,0.061444661109140125
-0.6363636363636362,1.666666666666667,0.0568860911596117
-0.5757575757575757,1.666666666666667,0.05211863716615818
-0.5151515151515151,1.666666666666667,0.04715980507881199
-0.4545454545454546,1.666666666666667,0.04202780358230492
-0.39393939393939403,1.666666666666667,0.036741477234316505
-0.33333333333333304,1.666666666666667,0.03132023726881561
-0.2727272727272725,1.666666666666667,0.025783990318583683
-0.21212121212121193,1.666666666666667,0.020153065318647842
-0.15151515151515138,1.666666666666667,0.014448138859032972
-0.09090909090909083,1.666666666666667,0.008690159260934771
-0.030303030303030276,1.666666666666667,0.002900269655104032
0.030303030303030276,1.666666666666667,-0.002900269655104032
0.09090909090909083,1.666666666666667,-0.008690159260934771
0.15151515151515138,1.666666666666667,-0.014448138859032972
0.21212121212121238,1.666666666666667,-0.020153065318647887
0.27272727272727293,1.666666666666667,-0.02578399031858373
0.3333333333333335,1.666666666666667,-0.03132023726881565
0.39393939393939403,1.666666666666667,-0.036741477234316505
0.4545454545454546,1.666666666666667,-0.04202780358230492
0.5151515151515151,1.666666666666667,-0.04715980507881199
0.5757575757575757,1.666666666666667,-0.05211863716615818
0.6363636363636367,1.666666666666667,-0.05688609115961173
0.6969696969696972,1.666666666666667,-0.06144466110914016
0.7575757575757578,1.666666666666667,-0.06577760808074112
0.8181818181818183,1.666666666666667,-0.06986902162131282
0.8787878787878789,1.666666666666667,-0.07370387818136709
0.9393939393939394,1.666666666666667,-0.0772680962810587
1.0,1.666666666666667,-0.08054858821696284
1.0606060606060606,1.666666666666667,-0.08353330811973489
1.121212121212121,1.666666666666667,-0.08621129618618628
1.1818181818181817,1.666666666666667,-0.08857271892335769
1.2424242424242422,1.666666666666667,-0.09060890525681417
1.3030303030303028,1.666666666666667,-0.09231237837057404
1.3636363636363633,1.666666666666667,-0.09367688316175599
1.4242424242424248,1.666666666666667,-0.09469740920913178
1.4848484848484853,1.666666666666667,-0.09537020917124478
1.5454545454545459,1.666666666666667,-0.09569281254653701
1.6060606060606064,1.666666666666667,-0.09566403474495769
1.666666666666667,1.666666666666667,-0.09528398143774292
1.7272727272727275,1.666666666666667,-0.09455404816939397
1.787878787878788,1.666666666666667,-0.09347691523327925
1.8484848484848486,1.666666666666667,-0.09205653782967625
1.9090909090909092,1.666666666666667,-0.09029813154239319
1.9696969696969697,1.666666666666667,-0.08820815318729952
2.0303030303030303,1.666666666666667,-0.0857942771030891
2.090909090909091,1.666666666666667,-0.08306536697133547
2.1515151515151514,1.666666666666667,-0.08003144326931544
2.212121212121212,1.666666666666667,-0.0767036464751128
2.2727272727272725,1.666666666666667,-0.07309419616011248
2.333333333333334,1.666666666666667,-0.0692163461190958
2.3939393939393945,1.666666666666667,-0.06508433570269832
2.454545454545455,1.666666666666667,-0.060713337530935274
2.5151515151515156,1.666666666666667,-0.05611940177978981
2.575757575757576,1.666666666666667,-0.05131939724544163
2.6363636363636367,1.666666666666667,-0.04633094940254641
2.6969696969696972,1.666666666666667,-0.041172375684014224
2.757575757575758,1.666666666666667,-0.03586261821993783
2.8181818181818183,1.666666666666667,-0.03042117428265124
2.878787878787879,1.666666666666667,-0.02486802469332256
2.9393939393939394,1.666666666666667,-0.019223560452969694
3.0,1.666666666666667,-0.01350850786730781
-3.0,1.7272727272727275,0.021991948891225237
-2.9393939393939394,1.7272727272727275,0.03129609599682183
-2.878787878787879,1.7272727272727275,0.04048532476372397
-2.8181818181818183,1.7272727272727275,0.04952589261573675
-2.757575757575758,1.7272727272727275,0.05838460285514703
-2.696969696969697,1.7272727272727275,0.06702892656001547
-2.6363636363636362,1.7272727272727275,0.07542712202941537
-2.5757575757575757,1.7272727272727275,0.08354835133801986
-2.515151515151515,1.7272727272727275,0.09136279357205117
-2.4545454545454546,1.7272727272727275,0.09884175433079398
-2.393939393939394,1.7272727272727275,0.10595777109158591
-2.333333333333333,1.7272727272727275,0.11268471405138848
-2.2727272727272725,1.7272727272727275,0.11899788207465066
-2.212121212121212,1.7272727272727275,0.12487409339514817
-2.1515151515151514,1.7272727272727275,0.13029177073874312
-2.090909090909091,1.7272727272727275,0.13523102055449637
-2.0303030303030303,1.7272727272727275,0.13967370606319818
-1.9696969696969697,1.7272727272727275,0.14360351385508469
-1.9090909090909092,1.7272727272727275,0.14700601379219633
-1.8484848484848484,1.7272727272727275,0.1498687119954173
-1.7878787878787878,1.7272727272727275,0.1521810967216301
-1.7272727272727273,1.7272727272727275,0.15393467696252544
-1.6666666666666665,1.7272727272727275,0.15512301362333342
-1.606060606060606,1.7272727272727275,0.1557417431669891
-1.5454545454545454,1.7272727272727275,0.15578859363691153
-1.4848484848484849,1.7272727272727275,0.1552633929995611
-1.4242424242424243,1.7272727272727275,0.15416806977614156
-1.3636363636363635,1.7272727272727275,0.15250664596112734
-1.303030303030303,1.7272727272727275,0.15028522225361865
-1.2424242424242424,1.7272727272727275,0.14751195565575498
-1.1818181818181817,1.7272727272727275,0.14419702952044447
-1.121212121212121,1.7272727272727275,0.14035261615839334
-1.0606060606060606,1.7272727272727275,0.13599283214174107
-1.0,1.7272727272727275,0.13113368646842494
-0.9393939393939394,1.7272727272727275,0.12579302177761342
-0.8787878787878789,1.7272727272727275,0.11999044883206281
-0.8181818181818183,1.7272727272727275,0.11374727450797657
-0.7575757575757573,1.7272727272727275,0.10708642355678616
-0.6969696969696968,1.7272727272727275,0.10003235442614215
-0.6363636363636362,1.7272727272727275,0.09261096944921768
-0.5757575757575757,1.7272727272727275,0.08484951973210746
-0.5151515151515151,1.7272727272727275,0.07677650508857234
-0.4545454545454546,1.7272727272727275,0.06842156938956623
-0.39393939393939403,1.7272727272727275,0.05981539171181892
-0.33333333333333304,1.7272727272727275,0.05098957368517375
-0.2727272727272725,1.7272727272727275,0.041976523452338
-0.21212121212121193,1.7272727272727275,0.03280933666714118
-0.15151515151515138,1.7272727272727275,0.023521674968273402
-0.09090909090909083,1.7272727272727275,0.014147642374743889
-0.030303030303030276,1.7272727272727275,0.004721660056932026
0.030303030303030276,1.7272727272727275,-0.004721660056932026
0.09090909090909083,1.7272727272727275,-0.014147642374743889
0.15151515151515138,1.7272727272727275,-0.023521674968273402
0.21212121212121238,1.7272727272727275,-0.032809336667141246
0.27272727272727293,1.7272727272727275,-0.04197652345233807
0.3333333333333335,1.7272727272727275,-0.05098957368517381
0.39393939393939403,1.7272727272727275,-0.05981539171181892
0.4545454545454546,1.7272727272727275,-0.06842156938956623
0.5151515151515151,1.7272727272727275,-0.07677650508857234
0.5757575757575757,1.7272727272727275,-0.08484951973210746
0.6363636363636367,1.7272727272727275,-0.09261096944921773
0.6969696969696972,1.7272727272727275,-0.10003235442614221
0.7575757575757578,1.7272727272727275,-0.10708642355678621
0.8181818181818183,1.7272727272727275,-0.11374727450797657
0.8787878787878789,1.7272727272727275,-0.11999044883206281
0.9393939393939394,1.7272727272727275,-0.12579302177761342
1.0,1.7272727272727275,-0.13113368646842494
1.0606060606060606,1.7272727272727275,-0.13599283214174107
1.121212121212121,1.7272727272727275,-0.14035261615839334
1.1818181818181817,1.7272727272727275,-0.14419702952044447
1.2424242424242422,1.7272727272727275,-0.14751195565575498
1.3030303030303028,1.7272727272727275,-0.15028522225361865
1.3636363636363633,1.7272727272727275,-0.15250664596112734
1.4242424242424248,1.7272727272727275,-0.1541680697761416
1.4848484848484853,1.7272727272727275,-0.1552633929995611
1.5454545454545459,1.7272727272727275,-0.15578859363691153
1.6060606060606064,1.7272727272727275,-0.1557417431669891
1.666666666666667,1.7272727272727275,-0.15512301362333342
1.7272727272727275,1.7272727272727275,-0.15393467696252544
1.787878787878788,1.7272727272727275,-0.1521810967216301
1.8484848484848486,1.7272727272727275,-0.1498687119954173
1.9090909090909092,1.7272727272727275,-0.14700601379219633
1.9696969696969697,1.7272727272727275,-0.14360351385508469
2.0303030303030303,1.7272727272727275,-0.13967370606319818
2.090909090909091,1.7272727272727275,-0.13523102055449637
2.1515151515151514,1.7272727272727275,-0.13029177073874312
2.212121212121212,1.7272727272727275,-0.12487409339514817
2.2727272727272725,1.7272727272727275,-0.11899788207465066
2.333333333333334,1.7272727272727275,-0.1126847140513884
2.3939393939393945,1.7272727272727275,-0.10595777109158586
2.454545454545455,1.7272727272727275,-0.09884175433079392
2.5151515151515156,1.7272727272727275,-0.09136279357205113
2.575757575757576,1.7272727272727275,-0.0835483513380198
2.6363636363636367,1.7272727272727275,-0.07542712202941532
2.6969696969696972,1.7272727272727275,-0.06702892656001541
2.757575757575758,1.7272727272727275,-0.05838460285514703
2.8181818181818183,1.7272727272727275,-0.04952589261573675
2.878787878787879,1.7272727272727275,-0.04048532476372397
2.9393939393939394,1.7272727272727275,-0.03129609599682183
3.0,1.7272727272727275,-0.021991948891225237
-3.0,1.787878787878788,0.030394636129383267
-2.9393939393939394,1.787878787878788,0.043253713201979516
-2.878787878787879,1.787878787878788,0.055953963919236016
-2.8181818181818183,1.787878787878788,0.06844875333621978
-2.757575757575758,1.787878787878788,0.08069220095581434
-2.696969696969697,1.787878787878788,0.09263934920054821
-2.6363636363636362,1.787878787878788,0.1042463284954889
-2.5757575757575757,1.787878787878788,0.11547051835602488
-2.515151515151515,1.787878787878788,0.126270703889024
-2.4545454545454546,1.787878787878788,0.13660722713270182
-2.393939393939394,1.787878787878788,0.14644213267948408
-2.333333333333333,1.787878787878788,0.15573930704714078
-2.2727272727272725,1.787878787878788,0.1644646112864242
-2.212121212121212,1.787878787878788,0.172586006338281
-2.1515151515151514,1.787878787878788,0.18007367068032917
-2.090909090909091,1.787878787878788,0.18690010983060582
-2.0303030303030303,1.787878787878788,0.19304025730649202
-1.9696969696969697,1.787878787878788,0.19847156666809498
-1.9090909090909092,1.787878787878788,0.2031740943081088
-1.8484848484848484,1.787878787878788,0.20713057268415022
-1.7878787878787878,1.787878787878788,0.2103264737246635
-1.7272727272727273,1.787878787878788,0.21275006217556958
-1.6666666666666665,1.787878787878788,0.2143924386917717
-1.606060606060606,1.787878787878788,0.2152475725152873
-1.5454545454545454,1.787878787878788,0.21531232362001324
-1.4848484848484849,1.787878787878788,0.21458645424180836
-1.4242424242424243,1.787878787878788,0.2130726297515567
-1.3636363636363635,1.787878787878788,0.21077640886800425
-1.303030303030303,1.787878787878788,0.2077062232463083
-1.2424242424242424,1.787878787878788,0.203873346517249
-1.1818181818181817,1.787878787878788,0.19929185289079068
-1.121212121212121,1.787878787878788,0.19397856547599926
-1.0606060606060606,1.787878787878788,0.18795299450708344
-1.0,1.787878787878788,0.18123726570239168
-0.9393939393939394,1.787878787878788,0.1738560390194291
-0.8787878787878789,1.787878787878788,0.16583641810422295
-0.8181818181818183,1.787878787878788,0.1572078507675362
-0.7575757575757573,1.787878787878788,0.1480020208533776
-0.6969696969696968,1.787878787878788,0.13825273189686374
-0.6363636363636362,1.787878787878788,0.12799578299863792
-0.5757575757575757,1.787878787878788,0.11726883737163184
-0.5151515151515151,1.787878787878788,0.10611128404286173
-0.4545454545454546,1.787878787878788,0.09456409321808634
-0.39393939393939403,1.787878787878788,0.08266966584042355
-0.33333333333333304,1.787878787878788,0.07047167789534126
-0.2727272727272725,1.787878787878788,0.058014920033731245
-0.21212121212121193,1.787878787878788,0.045345133101963565
-0.15151515151515138,1.787878787878788,0.032508840182852106
-0.09090909090909083,1.787878787878788,0.019553175764270656
-0.030303030303030276,1.787878787878788,0.006525712662707832
0.030303030303030276,1.787878787878788,-0.006525712662707832
0.09090909090909083,1.787878787878788,-0.019553175764270656
0.15151515151515138,1.787878787878788,-0.032508840182852106
0.21212121212121238,1.787878787878788,-0.04534513310196366
0.27272727272727293,1.787878787878788,-0.05801492003373134
0.3333333333333335,1.787878787878788,-0.07047167789534134
0.39393939393939403,1.787878787878788,-0.08266966584042355
0.4545454545454546,1.787878787878788,-0.09456409321808634
0.5151515151515151,1.787878787878788,-0.10611128404286173
0.5757575757575757,1.787878787878788,-0.11726883737163184
0.6363636363636367,1.787878787878788,-0.127995782998638
0.6969696969696972,1.787878787878788,-0.13825273189686382
0.7575757575757578,1.787878787878788,-0.14800202085337769
0.8181818181818183,1.787878787878788,-0.1572078507675362
0.8787878787878789,1.787878787878788,-0.16583641810422295
0.9393939393939394,1.787878787878788,-0.1738560390194291
1.0,1.787878787878788,-0.18123726570239168
1.0606060606060606,1.787878787878788,-0.18795299450708344
1.121212121212121,1.787878787878788,-0.19397856547599926
1.1818181818181817,1.787878787878788,-0.19929185289079068
1.2424242424242422,1.787878787878788,-0.20387334651724898
1.3030303030303028,1.787878787878788,-0.2077062232463083
1.3636363636363633,1.787878787878788,-0.21077640886800425
1.4242424242424248,1.787878787878788,-0.21307262975155672
1.4848484848484853,1.787878787878788,-0.21458645424180836
1.5454545454545459,1.787878787878788,-0.21531232362001324
1.6060606060606064,1.787878787878788,-0.2152475725152873
1.666666666666667,1.787878787878788,-0.2143924386917717
1.7272727272727275,1.787878787878788,-0.21275006217556958
1.787878787878788,1.787878787878788,-0.2103264737246635
1.8484848484848486,1.787878787878788,-0.2071305726841502
1.9090909090909092,1.787878787878788,-0.2031740943081088
1.9696969696969697,1.787878787878788,-0.19847156666809498
2.0303030303030303,1.787878787878788,-0.19304025730649202
2.090909090909091,1.787878787878788,-0.18690010983060582
2.1515151515151514,1.787878787878788,-0.18007367068032917
2.212121212121212,1.787878787878788,-0.172586006338281
2.2727272727272725,1.787878787878788,-0.1644646112864242
2.333333333333334,1.787878787878788,-0.15573930704714067
2.3939393939393945,1.787878787878788,-0.146442132679484
2.454545454545455,1.787878787878788,-0.13660722713270174
2.5151515151515156,1.787878787878788,-0.12627070388902395
2.575757575757576,1.787878787878788,-0.11547051835602481
2.6363636363636367,1.787878787878788,-0.10424632849548882
2.6969696969696972,1.787878787878788,-0.09263934920054813
2.757575757575758,1.787878787878788,-0.08069220095581434
2.8181818181818183,1.787878787878788,-0.06844875333621978
2.878787878787879,1.787878787878788,-0.055953963919236016
2.9393939393939394,1.787878787878788,-0.043253713201979516
3.0,1.787878787878788,-0.030394636129383267
-3.0,1.8484848484848486,0.038685715162812946
-2.9393939393939394,1.8484848484848486,0.05505250405179745
-2.878787878787879,1.8484848484848486,0.0712171417744753
-2.8181818181818183,1.8484848484848486,0.08712027225931361
-2.757575757575758,1.8484848484848486,0.10270349968162086
-2.696969696969697,1.8484848484848486,0.11790960289128785
-2.6363636363636362,1.8484848484848486,0.13268274552715772
-2.5757575757575757,1.8484848484848486,0.14696868104649302
-2.515151515151515,1.8484848484848486,0.1607149519166755
-2.4545454545454546,1.8484848484848486,0.1738710822377141
-2.393939393939394,1.8484848484848486,0.1863887630882566
-2.333333333333333,1.8484848484848486,0.19822202991451984
-2.2727272727272725,1.8484848484848486,0.2093274313107711
-2.212121212121212,1.8484848484848486,0.21966418857160516
-2.1515151515151514,1.8484848484848486,0.22919434543014372
-2.090909090909091,1.8484848484848486,0.23788290743232474
-2.0303030303030303,1.8484848484848486,0.24569797043550265
-1.9696969696969697,1.8484848484848486,0.2526108377595161
-1.9090909090909092,1.8484848484848486,0.25859612556004885
-1.8484848484848484,1.8484848484848486,0.263631856037355
-1.7878787878787878,1.8484848484848486,0.26769953813808967
-1.7272727272727273,1.8484848484848486,0.2707842354539097
-1.6666666666666665,1.8484848484848486,0.27287462106752347
-1.606060606060606,1.8484848484848486,0.27396301914479576
-1.5454545454545454,1.8484848484848486,0.27404543312018415
-1.4848484848484849,1.8484848484848486,0.2731215603720088
-1.4242424242424243,1.8484848484848486,0.271194793333671
-1.3636363636363635,1.8484848484848486,0.26827220703673765
-1.303030303030303,1.8484848484848486,0.2643645331316346
-1.2424242424242424,1.8484848484848486,0.259486120481344
-1.1818181818181817,1.8484848484848486,0.25365488247280377
-1.121212121212121,1.8484848484848486,0.2468922312394807
-1.0606060606060606,1.8484848484848486,0.23922299903664987
-1.0,1.8484848484848486,0.23067534705808757
-0.9393939393939394,1.8484848484848486,0.22128066202900118
-0.8787878787878789,1.8484848484848486,0.2110734409549025
-0.8181818181818183,1.8484848484848486,0.20009116444962402
-0.7575757575757573,1.8484848484848486,0.1883741591076137
-0.6969696969696968,1.8484848484848486,0.17596544942587336
-0.6363636363636362,1.8484848484848486,0.16291059981927788
-0.5757575757575757,1.8484848484848486,0.14925754730939217
-0.5151515151515151,1.8484848484848486,0.13505642550114585
-0.4545454545454546,1.8484848484848486,0.12035938049371903
-0.39393939393939403,1.8484848484848486,0.10522037940160878
-0.33333333333333304,1.8484848484848486,0.08969501218898096
-0.2727272727272725,1.8484848484848486,0.07384028754496681
-0.21212121212121193,1.8484848484848486,0.05771442354944216
-0.15151515151515138,1.8484848484848486,0.04137663389796082
-0.09090909090909083,1.8484848484848486,0.02488691047081604
-0.030303030303030276,1.8484848484848486,0.008305803044630798
0.030303030303030276,1.8484848484848486,-0.008305803044630798
0.09090909090909083,1.8484848484848486,-0.02488691047081604
0.15151515151515138,1.8484848484848486,-0.04137663389796082
0.21212121212121238,1.8484848484848486,-0.05771442354944228
0.27272727272727293,1.8484848484848486,-0.07384028754496692
0.3333333333333335,1.8484848484848486,-0.08969501218898107
0.39393939393939403,1.8484848484848486,-0.10522037940160878
0.4545454545454546,1.8484848484848486,-0.12035938049371903
0.5151515151515151,1.8484848484848486,-0.13505642550114585
0.5757575757575757,1.8484848484848486,-0.14925754730939217
0.6363636363636367,1.8484848484848486,-0.16291059981927797
0.6969696969696972,1.8484848484848486,-0.17596544942587347
0.7575757575757578,1.8484848484848486,-0.18837415910761382
0.8181818181818183,1.8484848484848486,-0.20009116444962402
0.8787878787878789,1.8484848484848486,-0.2110734409549025
0.9393939393939394,1.8484848484848486,-0.22128066202900118
1.0,1.8484848484848486,-0.23067534705808757
1.0606060606060606,1.8484848484848486,-0.23922299903664987
1.121212121212121,1.8484848484848486,-0.2468922312394807
1.1818181818181817,1.8484848484848486,-0.25365488247280377
1.2424242424242422,1.8484848484848486,-0.25948612048134395
1.3030303030303028,1.8484848484848486,-0.26436453313163455
1.3636363636363633,1.8484848484848486,-0.26827220703673765
1.4242424242424248,1.8484848484848486,-0.2711947933336711
1.4848484848484853,1.8484848484848486,-0.2731215603720088
1.5454545454545459,1.8484848484848486,-0.27404543312018415
1.6060606060606064,1.8484848484848486,-0.27396301914479576
1.666666666666667,1.8484848484848486,-0.27287462106752347
1.7272727272727275,1.8484848484848486,-0.2707842354539097
1.787878787878788,1.8484848484848486,-0.26769953813808967
1.8484848484848486,1.8484848484848486,-0.263631856037355
1.9090909090909092,1.8484848484848486,-0.25859612556004885
1.9696969696969697,1.8484848484848486,-0.2526108377595161
2.0303030303030303,1.8484848484848486,-0.24569797043550265
2.090909090909091,1.8484848484848486,-0.23788290743232474
2.1515151515151514,1.8484848484848486,-0.22919434543014372
2.212121212121212,1.8484848484848486,-0.21966418857160516
2.2727272727272725,1.8484848484848486,-0.2093274313107711
2.333333333333334,1.8484848484848486,-0.19822202991451968
2.3939393939393945,1.8484848484848486,-0.1863887630882565
2.454545454545455,1.8484848484848486,-0.17387108223771403
2.5151515151515156,1.8484848484848486,-0.16071495191667542
2.575757575757576,1.8484848484848486,-0.14696868104649294
2.6363636363636367,1.8484848484848486,-0.13268274552715761
2.6969696969696972,1.8484848484848486,-0.11790960289128774
2.757575757575758,1.8484848484848486,-0.10270349968162086
2.8181818181818183,1.8484848484848486,-0.08712027225931361
2.878787878787879,1.8484848484848486,-0.0712171417744753
2.9393939393939394,1.8484848484848486,-0.05505250405179745
3.0,1.8484848484848486,-0.038685715162812946
-3.0,1.9090909090909092,0.046834741394571486
-2.9393939393939394,1.9090909090909092,0.06664914373530874
-2.878787878787879,1.9090909090909092,0.08621881239187504
-2.8181818181818183,1.9090909090909092,0.10547188811987641
-2.757575757575758,1.9090909090909092,0.12433767419478703
-2.696969696969697,1.9090909090909092,0.14274689600823048
-2.6363636363636362,1.9090909090909092,0.160631955442292
-2.5757575757575757,1.9090909090909092,0.17792717908780833
-2.515151515151515,1.9090909090909092,0.19456905939518312
-2.4545454545454546,1.9090909090909092,0.21049648787223035
-2.393939393939394,1.9090909090909092,0.2256509794727498
-2.333333333333333,1.9090909090909092,0.23997688735188702
-2.2727272727272725,1.9090909090909092,0.2534216071997008
-2.212121212121212,1.9090909090909092,0.26593577040263383
-2.1515151515151514,1.9090909090909092,0.2774734253236008
-2.090909090909091,1.9090909090909092,0.28799220603504055
-2.0303030303030303,1.9090909090909092,0.29745348788534887
-1.9696969696969697,1.9090909090909092,0.3058225293274565
-1.9090909090909092,1.9090909090909092,0.3130685994887623
-1.8484848484848484,1.9090909090909092,0.3191650910139884
-1.7878787878787878,1.9090909090909092,0.3240896177666013
-1.7272727272727273,1.9090909090909092,0.32782409703004356
-1.6666666666666665,1.9090909090909092,0.33035481590693383
-1.606060606060606,1.9090909090909092,0.3316724816724203
-1.5454545454545454,1.9090909090909092,0.3317722558967914
-1.4848484848484849,1.9090909090909092,0.33065377221204684
-1.4242424242424243,1.9090909090909092,0.3283211376571898
-1.3636363636363635,1.9090909090909092,0.3247829175973014
-1.303030303030303,1.9090909090909092,0.3200521042717734
-1.2424242424242424,1.9090909090909092,0.3141460690871894
-1.1818181818181817,1.9090909090909092,0.3070864988300341
-1.121212121212121,1.9090909090909092,0.2988993160334544
-1.0606060606060606,1.9090909090909092,0.2896145837904849
-1.0,1.9090909090909092,0.27926639536325937
-0.9393939393939394,1.9090909090909092,0.26789274899356097
-0.8787878787878789,1.9090909090909092,0.25553540837440225
-0.8181818181818183,1.9090909090909092,0.24223974929498007
-0.7575757575757573,1.9090909090909092,0.22805459302211972
-0.6969696969696968,1.9090909090909092,0.21303202703002788
-0.6363636363636362,1.9090909090909092,0.19722721373662763
-0.5757575757575757,1.9090909090909092,0.1806981879487919
-0.5151515151515151,1.9090909090909092,0.1635056437602495
-0.4545454545454546,1.9090909090909092,0.14571271168466826
-0.39393939393939403,1.9090909090909092,0.12738472684227656
-0.33333333333333304,1.9090909090909092,0.10858898905123422
-0.2727272727272725,1.9090909090909092,0.08939451570469187
-0.21212121212121193,1.9090909090909092,0.06987178834096407
-0.15151515151515138,1.9090909090909092,0.05009249383740611
-0.09090909090909083,1.9090909090909092,0.030129261178320963
-0.030303030303030276,1.9090909090909092,0.01005539476347741
0.030303030303030276,1.9090909090909092,-0.01005539476347741
0.09090909090909083,1.9090909090909092,-0.030129261178320963
0.15151515151515138,1.9090909090909092,-0.05009249383740611
0.21212121212121238,1.9090909090909092,-0.0698717883409642
0.27272727272727293,1.9090909090909092,-0.08939451570469202
0.3333333333333335,1.9090909090909092,-0.10858898905123436
0.39393939393939403,1.9090909090909092,-0.12738472684227656
0.4545454545454546,1.9090909090909092,-0.14571271168466826
0.5151515151515151,1.9090909090909092,-0.1635056437602495
0.5757575757575757,1.9090909090909092,-0.1806981879487919
0.6363636363636367,1.9090909090909092,-0.19722721373662774
0.6969696969696972,1.9090909090909092,-0.213032027030028
0.7575757575757578,1.9090909090909092,-0.22805459302211983
0.8181818181818183,1.9090909090909092,-0.24223974929498007
0.8787878787878789,1.9090909090909092,-0.25553540837440225
0.9393939393939394,1.9090909090909092,-0.26789274899356097
1.0,1.9090909090909092,-0.27926639536325937
1.0606060606060606,1.9090909090909092,-0.2896145837904849
1.121212121212121,1.9090909090909092,-0.2988993160334544
1.1818181818181817,1.9090909090909092,-0.3070864988300341
1.2424242424242422,1.9090909090909092,-0.3141460690871894
1.3030303030303028,1.9090909090909092,-0.32005210427177333
1.3636363636363633,1.9090909090909092,-0.3247829175973014
1.4242424242424248,1.9090909090909092,-0.3283211376571898
1.4848484848484853,1.9090909090909092,-0.33065377221204684
1.5454545454545459,1.9090909090909092,-0.3317722558967914
1.6060606060606064,1.9090909090909092,-0.3316724816724203
1.666666666666667,1.9090909090909092,-0.33035481590693383
1.7272727272727275,1.9090909090909092,-0.32782409703004356
1.787878787878788,1.9090909090909092,-0.3240896177666013
1.8484848484848486,1.9090909090909092,-0.3191650910139883
1.9090909090909092,1.9090909090909092,-0.3130685994887623
1.9696969696969697,1.9090909090909092,-0.3058225293274565
2.0303030303030303,1.9090909090909092,-0.29745348788534887
2.090909090909091,1.9090909090909092,-0.28799220603504055
2.1515151515151514,1.9090909090909092,-0.2774734253236008
2.212121212121212,1.9090909090909092,-0.26593577040263383
2.2727272727272725,1.9090909090909092,-0.2534216071997008
2.333333333333334,1.9090909090909092,-0.23997688735188685
2.3939393939393945,1.9090909090909092,-0.2256509794727497
2.454545454545455,1.9090909090909092,-0.21049648787223024
2.5151515151515156,1.9090909090909092,-0.194569059395183
2.575757575757576,1.9090909090909092,-0.17792717908780822
2.6363636363636367,1.9090909090909092,-0.16063195544229186
2.6969696969696972,1.9090909090909092,-0.14274689600823037
2.757575757575758,1.9090909090909092,-0.12433767419478703
2.8181818181818183,1.9090909090909092,-0.10547188811987641
2.878787878787879,1.9090909090909092,-0.08621881239187504
2.9393939393939394,1.9090909090909092,-0.06664914373530874
3.0,1.9090909090909092,-0.046834741394571486
-3.0,1.9696969696969697,0.05481179184140161
-2.9393939393939394,1.9696969696969697,0.07800104973464908
-2.878787878787879,1.9696969696969697,0.10090389008070982
-2.8181818181818183,1.9696969696969697,0.12343621432734846
-2.757575757575758,1.9696969696969697,0.1455152844464859
-2.696969696969697,1.9696969696969697,0.1670600267457913
-2.6363636363636362,1.9696969696969697,0.1879913295688811
-2.5757575757575757,1.9696969696969697,0.20823233379098205
-2.515151515151515,1.9696969696969697,0.22770871504336315
-2.4545454545454546,1.9696969696969697,0.24634895663021886
-2.393939393939394,1.9696969696969697,0.26408461213586065
-2.333333333333333,1.9696969696969697,0.28085055675793086
-2.2727272727272725,1.9696969696969697,0.29658522644374974
-2.212121212121212,1.9696969696969697,0.3112308439516964
-2.1515151515151514,1.9696969696969697,0.32473363100753067
-2.090909090909091,1.9696969696969697,0.33704400577662486
-2.0303030303030303,1.9696969696969697,0.3481167649269944
-1.9696969696969697,1.9696969696969697,0.3579112496145951
-1.9090909090909092,1.9696969696969697,0.366391494781396
-1.8484848484848484,1.9696969696969697,0.3735263612180086
-1.7878787878787878,1.9696969696969697,0.3792896499059422
-1.7272727272727273,1.9696969696969697,0.3836601982196253
-1.6666666666666665,1.9696969696969697,0.38662195763494034
-1.606060606060606,1.9696969696969697,0.38816405265892945
-1.5454545454545454,1.9696969696969697,0.388280820764283
-1.4848484848484849,1.9696969696969697,0.3869718331819723
-1.4242424242424243,1.9696969696969697,0.38424189647567714
-1.3636363636363635,1.9696969696969697,0.3801010348922254
-1.303030303030303,1.9696969696969697,0.37456445355285617
-1.2424242424242424,1.9696969696969697,0.36765248262046346
-1.1818181818181817,1.9696969696969697,0.35939050264784
-1.121212121212121,1.9696969696969697,0.3498088513810382
-1.0606060606060606,1.9696969696969697,0.33894271236006385
-1.0,1.9696969696969697,0.3268319857259583
-0.9393939393939394,1.9696969696969697,0.31352114170866047
-0.8787878787878789,1.9696969696969697,0.2990590573336386
-0.8181818181818183,1.9696969696969697,0.28349883694689804
-0.7575757575757573,1.9696969696969697,0.26689761721739413
-0.6969696969696968,1.9696969696969697,0.24931635733287397
-0.6363636363636362,1.9696969696969697,0.23081961515954189
-0.5757575757575757,1.9696969696969697,0.21147531018748492
-0.5151515151515151,1.9696969696969697,0.19135447413231432
-0.4545454545454546,1.9696969696969697,0.170530990108807
-0.39393939393939403,1.9696969696969697,0.14908132133429386
-0.33333333333333304,1.9696969696969697,0.12708423035798735
-0.2727272727272725,1.9696969696969697,0.10462048984723146
-0.21212121212121193,1.9696969696969697,0.08177258599265581
-0.15151515151515138,1.9696969696969697,0.05862441562132421
-0.09090909090909083,1.9696969696969697,0.035260978130067476
-0.030303030303030276,1.9696969696969697,0.011768063370212752
0.030303030303030276,1.9696969696969697,-0.011768063370212752
0.09090909090909083,1.9696969696969697,-0.035260978130067476
0.15151515151515138,1.9696969696969697,-0.05862441562132421
0.21212121212121238,1.9696969696969697,-0.08177258599265598
0.27272727272727293,1.9696969696969697,-0.10462048984723164
0.3333333333333335,1.9696969696969697,-0.1270842303579875
0.39393939393939403,1.9696969696969697,-0.14908132133429386
0.4545454545454546,1.9696969696969697,-0.170530990108807
0.5151515151515151,1.9696969696969697,-0.19135447413231432
0.5757575757575757,1.9696969696969697,-0.21147531018748492
0.6363636363636367,1.9696969696969697,-0.230819615159542
0.6969696969696972,1.9696969696969697,-0.2493163573328741
0.7575757575757578,1.9696969696969697,-0.26689761721739425
0.8181818181818183,1.9696969696969697,-0.28349883694689804
0.8787878787878789,1.9696969696969697,-0.2990590573336386
0.9393939393939394,1.9696969696969697,-0.31352114170866047
1.0,1.9696969696969697,-0.3268319857259583
1.0606060606060606,1.9696969696969697,-0.33894271236006385
1.121212121212121,1.9696969696969697,-0.3498088513810382
1.1818181818181817,1.9696969696969697,-0.35939050264784
1.2424242424242422,1.9696969696969697,-0.3676524826204634
1.3030303030303028,1.9696969696969697,-0.3745644535528561
1.3636363636363633,1.9696969696969697,-0.3801010348922254
1.4242424242424248,1.9696969696969697,-0.3842418964756772
1.4848484848484853,1.9696969696969697,-0.3869718331819723
1.5454545454545459,1.9696969696969697,-0.388280820764283
1.6060606060606064,1.9696969696969697,-0.38816405265892945
1.666666666666667,1.9696969696969697,-0.38662195763494034
1.7272727272727275,1.9696969696969697,-0.3836601982196253
1.787878787878788,1.9696969696969697,-0.3792896499059422
1.8484848484848486,1.9696969696969697,-0.37352636121800853
1.9090909090909092,1.9696969696969697,-0.366391494781396
1.9696969696969697,1.9696969696969697,-0.3579112496145951
2.0303030303030303,1.9696969696969697,-0.3481167649269944
2.090909090909091,1.9696969696969697,-0.33704400577662486
2.1515151515151514,1.9696969696969697,-0.32473363100753067
2.212121212121212,1.9696969696969697,-0.3112308439516964
2.2727272727272725,1.9696969696969697,-0.29658522644374974
2.333333333333334,1.9696969696969697,-0.28085055675793064
2.3939393939393945,1.9696969696969697,-0.26408461213586054
2.454545454545455,1.9696969696969697,-0.24634895663021872
2.5151515151515156,1.9696969696969697,-0.227708715043363
2.575757575757576,1.9696969696969697,-0.20823233379098194
2.6363636363636367,1.9696969696969697,-0.18799132956888095
2.6969696969696972,1.9696969696969697,-0.16706002674579115
2.757575757575758,1.9696969696969697,-0.1455152844464859
2.8181818181818183,1.9696969696969697,-0.12343621432734846
2.878787878787879,1.9696969696969697,-0.10090389008070982
2.9393939393939394,1.9696969696969697,-0.07800104973464908
3.0,1.9696969696969697,-0.05481179184140161
-3.0,2.0303030303030303,0.06258757501004086
-2.9393939393939394,2.0303030303030303,0.0890665381868027
-2.878787878787879,2.0303030303030303,0.11521845167012247
-2.8181818181818183,2.0303030303030303,0.14094728640731935
-2.757575757575758,2.0303030303030303,0.16615856687835256
-2.696969696969697,2.0303030303030303,0.19075971800713667
-2.6363636363636362,2.0303030303030303,0.21466040509448137
-2.5757575757575757,2.0303030303030303,0.23777286552443588
-2.515151515151515,2.0303030303030303,0.2600122310260178
-2.4545454545454546,2.0303030303030303,0.2812968393069935
-2.393939393939394,2.0303030303030303,0.30154853391539976
-2.333333333333333,2.0303030303030303,0.32069295122772346
-2.2727272727272725,2.0303030303030303,0.3386597935099264
-2.212121212121212,2.0303030303030303,0.3553830870486465
-2.1515151515151514,2.0303030303030303,0.3708014244047205
-2.090909090909091,2.0303030303030303,0.3848581898994845
-2.0303030303030303,2.0303030303030303,0.39750176750587113
-1.9696969696969697,2.0303030303030303,0.40868573038093386
-1.9090909090909092,2.0303030303030303,0.41836901134384125
-1.8484848484848484,2.0303030303030303,0.4265160536733499
-1.7878787878787878,2.0303030303030303,0.43309694167103263
-1.7272727272727273,2.0303030303030303,0.438087510510839
-1.6666666666666665,2.0303030303030303,0.44146943497162094
-1.606060606060606,2.0303030303030303,0.44323029672680303
-1.5454545454545454,2.0303030303030303,0.4433636299441104
-1.4848484848484849,2.0303030303030303,0.4418689450279133
-1.4242424242424243,2.0303030303030303,0.438751730417008
-1.3636363636363635,2.0303030303030303,0.43402343243123187
-1.303030303030303,2.0303030303030303,0.42770141324091554
-1.2424242424242424,2.0303030303030303,0.4198088871135068
-1.1818181818181817,2.0303030303030303,0.4103748351714675
-1.121212121212121,2.0303030303030303,0.3994338989744494
-1.0606060606060606,2.0303030303030303,0.3870262533165116
-1.0,2.0303030303030303,0.37319745870546495
-0.9393939393939394,2.0303030303030303,0.35799829406603584
-0.8787878787878789,2.0303030303030303,0.34148457028115625
-0.8181818181818183,2.0303030303030303,0.3237169252560527
-0.7575757575757573,2.0303030303030303,0.3047606012576522
-0.6969696969696968,2.0303030303030303,0.2846852053469081
-0.6363636363636362,2.0303030303030303,0.2635644537837312
-0.5757575757575757,2.0303030303030303,0.24147590134306426
-0.5151515151515151,2.0303030303030303,0.21850065653604245
-0.4545454545454546,2.0303030303030303,0.1947230837819399
-0.39393939393939403,2.0303030303030303,0.17023049362451798
-0.33333333333333304,2.0303030303030303,0.14511282213029095
-0.2727272727272725,2.0303030303030303,0.11946230064595127
-0.21212121212121193,2.0303030303030303,0.09337311712759161
-0.15151515151515138,2.0303030303030303,0.06694107028531719
-0.09090909090909083,2.0303030303030303,0.040263217813216
-0.030303030303030276,2.0303030303030303,0.013437519996377309
0.030303030303030276,2.0303030303030303,-0.013437519996377309
0.09090909090909083,2.0303030303030303,-0.040263217813216
0.15151515151515138,2.0303030303030303,-0.06694107028531719
0.21212121212121238,2.0303030303030303,-0.0933731171275918
0.27272727272727293,2.0303030303030303,-0.11946230064595147
0.3333333333333335,2.0303030303030303,-0.14511282213029114
0.39393939393939403,2.0303030303030303,-0.17023049362451798
0.4545454545454546,2.0303030303030303,-0.1947230837819399
0.5151515151515151,2.0303030303030303,-0.21850065653604245
0.5757575757575757,2.0303030303030303,-0.24147590134306426
0.6363636363636367,2.0303030303030303,-0.2635644537837314
0.6969696969696972,2.0303030303030303,-0.2846852053469083
0.7575757575757578,2.0303030303030303,-0.3047606012576523
0.8181818181818183,2.0303030303030303,-0.3237169252560527
0.8787878787878789,2.0303030303030303,-0.34148457028115625
0.9393939393939394,2.0303030303030303,-0.35799829406603584
1.0,2.0303030303030303,-0.37319745870546495
1.0606060606060606,2.0303030303030303,-0.3870262533165116
1.121212121212121,2.0303030303030303,-0.3994338989744494
1.1818181818181817,2.0303030303030303,-0.4103748351714675
1.2424242424242422,2.0303030303030303,-0.4198088871135067
1.3030303030303028,2.0303030303030303,-0.4277014132409155
1.3636363636363633,2.0303030303030303,-0.43402343243123187
1.4242424242424248,2.0303030303030303,-0.43875173041700805
1.4848484848484853,2.0303030303030303,-0.4418689450279133
1.5454545454545459,2.0303030303030303,-0.4433636299441104
1.6060606060606064,2.0303030303030303,-0.44323029672680303
1.666666666666667,2.0303030303030303,-0.44146943497162094
1.7272727272727275,2.0303030303030303,-0.438087510510839
1.787878787878788,2.0303030303030303,-0.43309694167103263
1.8484848484848486,2.0303030303030303,-0.4265160536733498
1.9090909090909092,2.0303030303030303,-0.41836901134384125
1.9696969696969697,2.0303030303030303,-0.40868573038093386
2.0303030303030303,2.0303030303030303,-0.39750176750587113
2.090909090909091,2.0303030303030303,-0.3848581898994845
2.1515151515151514,2.0303030303030303,-0.3708014244047205
2.212121212121212,2.0303030303030303,-0.3553830870486465
2.2727272727272725,2.0303030303030303,-0.3386597935099264
2.333333333333334,2.0303030303030303,-0.3206929512277232
2.3939393939393945,2.0303030303030303,-0.3015485339153996
2.454545454545455,2.0303030303030303,-0.28129683930699334
2.5151515151515156,2.0303030303030303,-0.2600122310260176
2.575757575757576,2.0303030303030303,-0.23777286552443572
2.6363636363636367,2.0303030303030303,-0.2146604050944812
2.6969696969696972,2.0303030303030303,-0.19075971800713648
2.757575757575758,2.0303030303030303,-0.16615856687835256
2.8181818181818183,2.0303030303030303,-0.14094728640731935
2.878787878787879,2.0303030303030303,-0.11521845167012247
2.9393939393939394,2.0303030303030303,-0.0890665381868027
3.0,2.0303030303030303,-0.06258757501004086
-3.0,2.090909090909091,0.07013353845471841
-2.9393939393939394,2.090909090909091,0.09980497694551427
-2.878787878787879,2.090909090909091,0.12910993451341218
-2.8181818181818183,2.090909090909091,0.1579408042211266
-2.757575757575758,2.090909090909091,0.18619171996796993
-2.696969696969697,2.090909090909091,0.21375894522704283
-2.6363636363636362,2.090909090909091,0.2405412539626915
-2.5757575757575757,2.090909090909091,0.26644030232951704
-2.515151515151515,2.090909090909091,0.29136098978806624
-2.4545454545454546,2.090909090909091,0.31521180831119877
-2.393939393939394,2.090909090909091,0.33790517839885614
-2.333333333333333,2.090909090909091,0.3593577706673955
-2.2727272727272725,2.090909090909091,0.3794908118326203
-2.212121212121212,2.090909090909091,0.3982303739629506
-2.1515151515151514,2.090909090909091,0.41550764594060047
-2.090909090909091,2.090909090909091,0.43125918613396674
-2.0303030303030303,2.090909090909091,0.44542715535342403
-1.9696969696969697,2.090909090909091,0.4579595292351173
-1.9090909090909092,2.090909090909091,0.4688102892728877
-1.8484848484848484,2.090909090909091,0.47793959179686546
-1.7878787878787878,2.090909090909091,0.4853139142782467
-1.7272727272727273,2.090909090909091,0.49090617842302825
-1.6666666666666665,2.090909090909091,0.4946958496027017
-1.606060606060606,2.090909090909091,0.49666901225680193
-1.5454545454545454,2.090909090909091,0.4968184209904334
-1.4848484848484849,2.090909090909091,0.4951435271791461
-1.4242424242424243,2.090909090909091,0.4916504809834681
-1.3636363636363635,2.090909090909091,0.48635210876569807
-1.303030303030303,2.090909090909091,0.47926786599188254
-1.2424242424242424,2.090909090909091,0.4704237657919197
-1.1818181818181817,2.090909090909091,0.45985228344011625
-1.121212121212121,2.090909090909091,0.4475922371069409
-1.0606060606060606,2.090909090909091,0.4336886453198506
-1.0,2.090909090909091,0.4181925616565892
-0.9393939393939394,2.090909090909091,0.40116088727796073
-0.8787878787878789,2.090909090909091,0.38265616198845004
-0.8181818181818183,2.090909090909091,0.3627463345919105
-0.7575757575757573,2.090909090909091,0.3415045133855666
-0.6969696969696968,2.090909090909091,0.3190086977085095
-0.6363636363636362,2.090909090909091,0.29534149153043054
-0.5757575757575757,2.090909090909091,0.2705898001322888
-0.5151515151515151,2.090909090909091,0.2448445109926899
-0.4545454545454546,2.090909090909091,0.21820016005175338
-0.39393939393939403,2.090909090909091,0.1907545845779372
-0.33333333333333304,2.090909090909091,0.16260856391248174
-0.2727272727272725,2.090909090909091,0.1338654494106511
-0.21212121212121193,2.090909090909091,0.10463078493861264
-0.15151515151515138,2.090909090909091,0.07501191931948341
-0.09090909090909083,2.090909090909091,0.045117612151627025
-0.030303030303030276,2.090909090909091,0.015057634446625933
0.030303030303030276,2.090909090909091,-0.015057634446625933
0.09090909090909083,2.090909090909091,-0.045117612151627025
0.15151515151515138,2.090909090909091,-0.07501191931948341
0.21212121212121238,2.090909090909091,-0.10463078493861286
0.27272727272727293,2.090909090909091,-0.13386544941065132
0.3333333333333335,2.090909090909091,-0.16260856391248193
0.39393939393939403,2.090909090909091,-0.1907545845779372
0.4545454545454546,2.090909090909091,-0.21820016005175338
0.5151515151515151,2.090909090909091,-0.2448445109926899
0.5757575757575757,2.090909090909091,-0.2705898001322888
0.6363636363636367,2.090909090909091,-0.2953414915304307
0.6969696969696972,2.090909090909091,-0.31900869770850965
0.7575757575757578,2.090909090909091,-0.34150451338556675
0.8181818181818183,2.090909090909091,-0.3627463345919105
0.8787878787878789,2.090909090909091,-0.38265616198845004
0.9393939393939394,2.090909090909091,-0.40116088727796073
1.0,2.090909090909091,-0.4181925616565892
1.0606060606060606,2.090909090909091,-0.4336886453198506
1.121212121212121,2.090909090909091,-0.4475922371069409
1.1818181818181817,2.090909090909091,-0.45985228344011625
1.2424242424242422,2.090909090909091,-0.47042376579191963
1.3030303030303028,2.090909090909091,-0.4792678659918825
1.3636363636363633,2.090909090909091,-0.48635210876569807
1.4242424242424248,2.090909090909091,-0.49165048098346814
1.4848484848484853,2.090909090909091,-0.4951435271791461
1.5454545454545459,2.090909090909091,-0.4968184209904334
1.6060606060606064,2.090909090909091,-0.49666901225680193
1.666666666666667,2.090909090909091,-0.4946958496027017
1.7272727272727275,2.090909090909091,-0.49090617842302825
1.787878787878788,2.090909090909091,-0.4853139142782467
1.8484848484848486,2.090909090909091,-0.4779395917968654
1.9090909090909092,2.090909090909091,-0.4688102892728877
1.9696969696969697,2.090909090909091,-0.4579595292351173
2.0303030303030303,2.090909090909091,-0.44542715535342403
2.090909090909091,2.090909090909091,-0.43125918613396674
2.1515151515151514,2.090909090909091,-0.41550764594060047
2.212121212121212,2.090909090909091,-0.3982303739629506
2.2727272727272725,2.090909090909091,-0.3794908118326203
2.333333333333334,2.090909090909091,-0.3593577706673952
2.3939393939393945,2.090909090909091,-0.337905178398856
2.454545454545455,2.090909090909091,-0.3152118083111986
2.5151515151515156,2.090909090909091,-0.29136098978806607
2.575757575757576,2.090909090909091,-0.2664403023295169
2.6363636363636367,2.090909090909091,-0.2405412539626913
2.6969696969696972,2.090909090909091,-0.21375894522704264
2.757575757575758,2.090909090909091,-0.18619171996796993
2.8181818181818183,2.090909090909091,-0.1579408042211266
2.878787878787879,2.090909090909091,-0.12910993451341218
2.9393939393939394,2.090909090909091,-0.09980497694551427
3.0,2.090909090909091,-0.07013353845471841
-3.0,2.1515151515151514,0.07742197362089123
-2.9393939393939394,2.1515151515151514,0.11017693478132791
-2.878787878787879,2.1515151515151514,0.1425273294965184
-2.8181818181818183,2.1515151515151514,0.17435436807406282
-2.757575757575758,2.1515151515151514,0.20554118256981668
-2.696969696969697,2.1515151515151514,0.23597325592352494
-2.6363636363636362,2.1515151515151514,0.26553884246207854
-2.5757575757575757,2.1515151515151514,0.2941293782263218
-2.515151515151515,2.1515151515151514,0.32163987961469803
-2.4545454545454546,2.1515151515151514,0.34796932887992893
-2.393939393939394,2.1515151515151514,0.37302104506319433
-2.333333333333333,2.1515151515151514,0.39670303900375314
-2.2727272727272725,2.1515151515151514,0.41892835112041965
-2.212121212121212,2.1515151515151514,0.43961537072457413
-2.1515151515151514,2.1515151515151514,0.45868813569219685
-2.090909090909091,2.1515151515151514,0.4760766113945399
-2.0303030303030303,2.1515151515151514,0.491716947863213
-1.9696969696969697,2.1515151515151514,0.5055517142453778
-1.9090909090909092,2.1515151515151514,0.5175301096881414
-1.8484848484848484,2.1515151515151514,0.5276081498777846
-1.7878787878787878,2.1515151515151514,0.5357488285488611
-1.7272727272727273,2.1515151515151514,0.5419222533701094
-1.6666666666666665,2.1515151515151514,0.5461057557082092
-1.606060606060606,2.1515151515151514,0.5482839738663321
-1.5454545454545454,2.1515151515151514,0.5484489094918377
-1.4848484848484849,2.1515151515151514,0.5465999569459882
-1.4242424242424243,2.1515151515151514,0.5427439055278361
-1.3636363636363635,2.1515151515151514,0.5368949145441186
-1.303030303030303,2.1515151515151514,0.5290744613167022
-1.2424242424242424,2.1515151515151514,0.5193112623184921
-1.1818181818181817,2.1515151515151514,0.5076411677273931
-1.121212121212121,2.1515151515151514,0.4941070297855173
-1.0606060606060606,2.1515151515151514,0.4787585454470185
-1.0,2.1515151515151514,0.46165207389234636
-0.9393939393939394,2.1515151515151514,0.4428504295790034
-0.8787878787878789,2.1515151515151514,0.42242265158871506
-0.8181818181818183,2.1515151515151514,0.40044375011796407
-0.7575757575757573,2.1515151515151514,0.3769944310427677
-0.6969696969696968,2.1515151515151514,0.352160799569089
-0.6363636363636362,2.1515151515151514,0.326034044057067
-0.5757575757575757,2.1515151515151514,0.29871010118005614
-0.5151515151515151,2.1515151515151514,0.27028930364799975
-0.4545454545454546,2.1515151515151514,0.24087601178868717
-0.39393939393939403,2.1515151515151514,0.21057823033971737
-0.33333333333333304,2.1515151515151514,0.17950721185829716
-0.2727272727272725,2.1515151515151514,0.1477770482051431
-0.21212121212121193,2.1515151515151514,0.11550425160254288
-0.15151515151515138,2.1515151515151514,0.08280732680492249
-0.09090909090909083,2.1515151515151514,0.04980633595289334
-0.030303030303030276,2.1515151515151514,0.016622457708623778
0.030303030303030276,2.1515151515151514,-0.016622457708623778
0.09090909090909083,2.1515151515151514,-0.04980633595289334
0.15151515151515138,2.1515151515151514,-0.08280732680492249
0.21212121212121238,2.1515151515151514,-0.11550425160254313
0.27272727272727293,2.1515151515151514,-0.14777704820514334
0.3333333333333335,2.1515151515151514,-0.17950721185829735
0.39393939393939403,2.1515151515151514,-0.21057823033971737
0.4545454545454546,2.1515151515151514,-0.24087601178868717
0.5151515151515151,2.1515151515151514,-0.27028930364799975
0.5757575757575757,2.1515151515151514,-0.29871010118005614
0.6363636363636367,2.1515151515151514,-0.3260340440570672
0.6969696969696972,2.1515151515151514,-0.35216079956908924
0.7575757575757578,2.1515151515151514,-0.37699443104276786
0.8181818181818183,2.1515151515151514,-0.40044375011796407
0.8787878787878789,2.1515151515151514,-0.42242265158871506
0.9393939393939394,2.1515151515151514,-0.4428504295790034
1.0,2.1515151515151514,-0.46165207389234636
1.0606060606060606,2.1515151515151514,-0.4787585454470185
1.121212121212121,2.1515151515151514,-0.4941070297855173
1.1818181818181817,2.1515151515151514,-0.5076411677273931
1.2424242424242422,2.1515151515151514,-0.519311262318492
1.3030303030303028,2.1515151515151514,-0.5290744613167022
1.3636363636363633,2.1515151515151514,-0.5368949145441186
1.4242424242424248,2.1515151515151514,-0.5427439055278362
1.4848484848484853,2.1515151515151514,-0.5465999569459882
1.5454545454545459,2.1515151515151514,-0.5484489094918377
1.6060606060606064,2.1515151515151514,-0.5482839738663321
1.666666666666667,2.1515151515151514,-0.5461057557082092
1.7272727272727275,2.1515151515151514,-0.5419222533701094
1.787878787878788,2.1515151515151514,-0.5357488285488611
1.8484848484848486,2.1515151515151514,-0.5276081498777846
1.9090909090909092,2.1515151515151514,-0.5175301096881414
1.9696969696969697,2.1515151515151514,-0.5055517142453778
2.0303030303030303,2.1515151515151514,-0.491716947863213
2.090909090909091,2.1515151515151514,-0.4760766113945399
2.1515151515151514,2.1515151515151514,-0.45868813569219685
2.212121212121212,2.1515151515151514,-0.43961537072457413
2.2727272727272725,2.1515151515151514,-0.41892835112041965
2.333333333333334,2.1515151515151514,-0.3967030390037528
2.3939393939393945,2.1515151515151514,-0.37302104506319417
2.454545454545455,2.1515151515151514,-0.34796932887992876
2.5151515151515156,2.1515151515151514,-0.32163987961469787
2.575757575757576,2.1515151515151514,-0.2941293782263216
2.6363636363636367,2.1515151515151514,-0.2655388424620783
2.6969696969696972,2.1515151515151514,-0.23597325592352472
2.757575757575758,2.1515151515151514,-0.20554118256981668
2.8181818181818183,2.1515151515151514,-0.17435436807406282
2.878787878787879,2.1515151515151514,-0.1425273294965184
2.9393939393939394,2.1515151515151514,-0.11017693478132791
3.0,2.1515151515151514,-0.07742197362089123
-3.0,2.212121212121212,0.08442611759023674
-2.9393939393939394,2.212121212121212,0.12014432617189535
-2.878787878787879,2.212121212121212,0.1554213683419785
-2.8181818181818183,2.212121212121212,0.1901277078452085
-2.757575757575758,2.212121212121212,0.2241359040296176
-2.696969696969697,2.212121212121212,0.2573210798048526
-2.6363636363636362,2.212121212121212,0.28956138018715527
-2.5757575757575757,2.212121212121212,0.3207384197472595
-2.515151515151515,2.212121212121212,0.3507377173181845
-2.4545454545454546,2.212121212121212,0.37944911636669365
-2.393939393939394,2.212121212121212,0.40676718948482576
-2.333333333333333,2.212121212121212,0.4325916255162186
-2.2727272727272725,2.212121212121212,0.456827597895707
-2.212121212121212,2.212121212121212,0.4793861128496658
-2.1515151515151514,2.212121212121212,0.5001843361785137
-2.090909090909091,2.212121212121212,0.519145897421443
-2.0303030303030303,2.212121212121212,0.5362011702864938
-1.9696969696969697,2.212121212121212,0.5512875283162371
-1.9090909090909092,2.212121212121212,0.5643495748502746
-1.8484848484848484,2.212121212121212,0.5753393464401371
-1.7878787878787878,2.212121212121212,0.5842164889696473
-1.7272727272727273,2.212121212121212,0.590948405834042
-1.6666666666666665,2.212121212121212,0.5955103776337397
-1.606060606060606,2.212121212121212,0.5978856529432449
-1.5454545454545454,2.212121212121212,0.5980655098218869
-1.4848484848484849,2.212121212121212,0.5960492878405277
-1.4242424242424243,2.212121212121212,0.5918443905066388
-1.3636363636363635,2.212121212121212,0.5854662580788402
-1.303030303030303,2.212121212121212,0.5769383108707282
-1.2424242424242424,2.212121212121212,0.5662918632521757
-1.1818181818181817,2.212121212121212,0.5535660086638932
-1.121212121212121,2.212121212121212,0.5388074760674706
-1.0606060606060606,2.212121212121212,0.5220704583580131
-1.0,2.212121212121212,0.5034164133694327
-0.9393939393939394,2.212121212121212,0.48291383820310063
-0.8787878787878789,2.212121212121212,0.46063801770851737
-0.8181818181818183,2.212121212121212,0.43667074803957234
-0.7575757575757573,2.212121212121212,0.41110003630148634
-0.6969696969696968,2.212121212121212,0.3840197773913252
-0.6363636363636362,2.212121212121212,0.3555294092187146
-0.5757575757575757,2.212121212121212,0.32573354757277795
-0.5151515151515151,2.212121212121212,0.2947416019760534
-0.4545454545454546,2.212121212121212,0.2626673739359637
-0.39393939393939403,2.212121212121212,0.22962863906904735
-0.33333333333333304,2.212121212121212,0.19574671463237853
-0.2727272727272725,2.212121212121212,0.1611460140501889
-0.21212121212121193,2.212121212121212,0.12595359007145293
-0.15151515151515138,2.212121212121212,0.09029866823595283
-0.09090909090909083,2.212121212121212,0.054312172361919236
-0.030303030303030276,2.212121212121212,0.01812624379764363
0.030303030303030276,2.212121212121212,-0.01812624379764363
0.09090909090909083,2.212121212121212,-0.054312172361919236
0.15151515151515138,2.212121212121212,-0.09029866823595283
0.21212121212121238,2.212121212121212,-0.12595359007145318
0.27272727272727293,2.212121212121212,-0.1611460140501892
0.3333333333333335,2.212121212121212,-0.19574671463237875
0.39393939393939403,2.212121212121212,-0.22962863906904735
0.4545454545454546,2.212121212121212,-0.2626673739359637
0.5151515151515151,2.212121212121212,-0.2947416019760534
0.5757575757575757,2.212121212121212,-0.32573354757277795
0.6363636363636367,2.212121212121212,-0.3555294092187148
0.6969696969696972,2.212121212121212,-0.3840197773913254
0.7575757575757578,2.212121212121212,-0.4111000363014865
0.8181818181818183,2.212121212121212,-0.43667074803957234
0.8787878787878789,2.212121212121212,-0.46063801770851737
0.9393939393939394,2.212121212121212,-0.48291383820310063
1.0,2.212121212121212,-0.5034164133694327
1.0606060606060606,2.212121212121212,-0.5220704583580131
1.121212121212121,2.212121212121212,-0.5388074760674706
1.1818181818181817,2.212121212121212,-0.5535660086638932
1.2424242424242422,2.212121212121212,-0.5662918632521756
1.3030303030303028,2.212121212121212,-0.5769383108707281
1.3636363636363633,2.212121212121212,-0.5854662580788402
1.4242424242424248,2.212121212121212,-0.5918443905066388
1.4848484848484853,2.212121212121212,-0.5960492878405277
1.5454545454545459,2.212121212121212,-0.5980655098218869
1.6060606060606064,2.212121212121212,-0.5978856529432449
1.666666666666667,2.212121212121212,-0.5955103776337397
1.7272727272727275,2.212121212121212,-0.590948405834042
1.787878787878788,2.212121212121212,-0.5842164889696473
1.8484848484848486,2.212121212121212,-0.575339346440137
1.9090909090909092,2.212121212121212,-0.5643495748502746
1.9696969696969697,2.212121212121212,-0.5512875283162371
2.0303030303030303,2.212121212121212,-0.5362011702864938
2.090909090909091,2.212121212121212,-0.519145897421443
2.1515151515151514,2.212121212121212,-0.5001843361785137
2.212121212121212,2.212121212121212,-0.4793861128496658
2.2727272727272725,2.212121212121212,-0.456827597895707
2.333333333333334,2.212121212121212,-0.43259162551621827
2.3939393939393945,2.212121212121212,-0.40676718948482554
2.454545454545455,2.212121212121212,-0.3794491163666935
2.5151515151515156,2.212121212121212,-0.3507377173181843
2.575757575757576,2.212121212121212,-0.32073841974725925
2.6363636363636367,2.212121212121212,-0.28956138018715505
2.6969696969696972,2.212121212121212,-0.25732107980485236
2.757575757575758,2.212121212121212,-0.2241359040296176
2.8181818181818183,2.212121212121212,-0.1901277078452085
2.878787878787879,2.212121212121212,-0.1554213683419785
2.9393939393939394,2.212121212121212,-0.12014432617189535
3.0,2.212121212121212,-0.08442611759023674
-3.0,2.2727272727272725,0.09112025135329715
-2.9393939393939394,2.2727272727272725,0.12967055115088733
-2.878787878787879,2.2727272727272725,0.1677447045205854
-2.8181818181818183,2.2727272727272725,0.2052029042975333
-2.757575757575758,2.2727272727272725,0.24190760508024414
-2.696969696969697,2.2727272727272725,0.27772402829324816
-2.6363636363636362,2.2727272727272725,0.31252065709003357
-2.5757575757575757,2.2727272727272725,0.3461697192790179
-2.515151515151515,2.2727272727272725,0.3785476564992551
-2.4545454545454546,2.2727272727272725,0.4095355779230813
-2.393939393939394,2.2727272727272725,0.4390196968197177
-2.333333333333333,2.2727272727272725,0.46689174837677977
-2.2727272727272725,2.2727272727272725,0.49304938724546477
-2.212121212121212,2.2727272727272725,0.5173965633496465
-2.1515151515151514,2.2727272727272725,0.539843874578912
-2.090909090909091,2.2727272727272725,0.5603088950704674
-2.0303030303030303,2.2727272727272725,0.5787164778744671
-1.9696969696969697,2.2727272727272725,0.5949990308913905
-1.9090909090909092,2.2727272727272725,0.6090967650682326
-1.8484848484848484,2.2727272727272725,0.6209579139421374
-1.7878787878787878,2.2727272727272725,0.630538923725318
-1.7272727272727273,2.2727272727272725,0.6378046132332775
-1.6666666666666665,2.2727272727272725,0.6427283030690777
-1.606060606060606,2.2727272727272725,0.6452919135892945
-1.5454545454545454,2.2727272727272725,0.645486031291935
-1.4848484848484849,2.2727272727272725,0.6433099433825374
-1.4242424242424243,2.2727272727272725,0.6387716403915318
-1.3636363636363635,2.2727272727272725,0.6318877868332482
-1.303030303030303,2.2727272727272725,0.6226836600143137
-1.2424242424242424,2.2727272727272725,0.6111930572161293
-1.1818181818181817,2.2727272727272725,0.5974581715922532
-1.121212121212121,2.2727272727272725,0.5815294372363888
-1.0606060606060606,2.2727272727272725,0.5634653439898848
-1.0,2.2727272727272725,0.5433322226687674
-0.9393939393939394,2.2727272727272725,0.5212040014989467
-0.8787878787878789,2.2727272727272725,0.49716193465395797
-0.8181818181818183,2.2727272727272725,0.4712943038920398
-0.7575757575757573,2.2727272727272725,0.4436960943881297
-0.6969696969696968,2.2727272727272725,0.4144686459511119
-0.6363636363636362,2.2727272727272725,0.3837192809070361
-0.5757575757575757,2.2727272727272725,0.35156091001471185
-0.5151515151515151,2.2727272727272725,0.31811161786074194
-0.4545454545454546,2.2727272727272725,0.28349422925641354
-0.39393939393939403,2.2727272727272725,0.2478358582286251
-0.33333333333333304,2.2727272727272725,0.21126744126093888
-0.2727272727272725,2.2727272727272725,0.17392325649868834
-0.21212121212121193,2.2727272727272725,0.13594043068359885
-0.15151515151515138,2.2727272727272725,0.09745843562844969
-0.09090909090909083,2.2727272727272725,0.05861857608070311
-0.030303030303030276,2.2727272727272725,0.01956347085565183
0.030303030303030276,2.2727272727272725,-0.01956347085565183
0.09090909090909083,2.2727272727272725,-0.05861857608070311
0.15151515151515138,2.2727272727272725,-0.09745843562844969
0.21212121212121238,2.2727272727272725,-0.13594043068359912
0.27272727272727293,2.2727272727272725,-0.17392325649868862
0.3333333333333335,2.2727272727272725,-0.21126744126093913
0.39393939393939403,2.2727272727272725,-0.2478358582286251
0.4545454545454546,2.2727272727272725,-0.28349422925641354
0.5151515151515151,2.2727272727272725,-0.31811161786074194
0.5757575757575757,2.2727272727272725,-0.35156091001471185
0.6363636363636367,2.2727272727272725,-0.38371928090703633
0.6969696969696972,2.2727272727272725,-0.4144686459511121
0.7575757575757578,2.2727272727272725,-0.4436960943881299
0.8181818181818183,2.2727272727272725,-0.4712943038920398
0.8787878787878789,2.2727272727272725,-0.49716193465395797
0.9393939393939394,2.2727272727272725,-0.5212040014989467
1.0,2.2727272727272725,-0.5433322226687674
1.0606060606060606,2.2727272727272725,-0.5634653439898848
1.121212121212121,2.2727272727272725,-0.5815294372363888
1.1818181818181817,2.2727272727272725,-0.5974581715922532
1.2424242424242422,2.2727272727272725,-0.6111930572161293
1.3030303030303028,2.2727272727272725,-0.6226836600143136
1.3636363636363633,2.2727272727272725,-0.6318877868332482
1.4242424242424248,2.2727272727272725,-0.6387716403915319
1.4848484848484853,2.2727272727272725,-0.6433099433825374
1.5454545454545459,2.2727272727272725,-0.645486031291935
1.6060606060606064,2.2727272727272725,-0.6452919135892945
1.666666666666667,2.2727272727272725,-0.6427283030690777
1.7272727272727275,2.2727272727272725,-0.6378046132332775
1.787878787878788,2.2727272727272725,-0.630538923725318
1.8484848484848486,2.2727272727272725,-0.6209579139421373
1.9090909090909092,2.2727272727272725,-0.6090967650682326
1.9696969696969697,2.2727272727272725,-0.5949990308913905
2.0303030303030303,2.2727272727272725,-0.5787164778744671
2.090909090909091,2.2727272727272725,-0.5603088950704674
2.1515151515151514,2.2727272727272725,-0.539843874578912
2.212121212121212,2.2727272727272725,-0.5173965633496465
2.2727272727272725,2.2727272727272725,-0.49304938724546477
2.333333333333334,2.2727272727272725,-0.4668917483767794
2.3939393939393945,2.2727272727272725,-0.4390196968197175
2.454545454545455,2.2727272727272725,-0.4095355779230811
2.5151515151515156,2.2727272727272725,-0.37854765649925487
2.575757575757576,2.2727272727272725,-0.3461697192790177
2.6363636363636367,2.2727272727272725,-0.3125206570900333
2.6969696969696972,2.2727272727272725,-0.2777240282932479
2.757575757575758,2.2727272727272725,-0.24190760508024414
2.8181818181818183,2.2727272727272725,-0.2052029042975333
2.878787878787879,2.2727272727272725,-0.1677447045205854
2.9393939393939394,2.2727272727272725,-0.12967055115088733
3.0,2.2727272727272725,-0.09112025135329715
-3.0,2.333333333333334,0.09747979424892149
-2.9393939393939394,2.333333333333334,0.13872062970198737
-2.878787878787879,2.333333333333334,0.17945208710644228
-2.8181818181818183,2.333333333333334,0.21952460175562136
-2.757575757575758,2.333333333333334,0.25879102856116387
-2.696969696969697,2.333333333333334,0.29710718236542566
-2.6363636363636362,2.333333333333334,0.3343323673851112
-2.5757575757575757,2.333333333333334,0.37032989384202947
-2.515151515151515,2.333333333333334,0.40496757988391513
-2.4545454545454546,2.333333333333334,0.43811823695227964
-2.393939393939394,2.333333333333334,0.4696601368150356
-2.333333333333333,2.333333333333334,0.49947745854896464
-2.2727272727272725,2.333333333333334,0.5274607138307198
-2.212121212121212,2.333333333333334,0.5535071489747115
-2.1515151515151514,2.333333333333334,0.5775211222416009
-2.090909090909091,2.333333333333334,0.5994144550319367
-2.0303030303030303,2.333333333333334,0.619106755675365
-1.9696969696969697,2.333333333333334,0.6365257146264633
-1.9090909090909092,2.333333333333334,0.6516073699832539
-1.8484848484848484,2.333333333333334,0.6642963423534143
-1.7878787878787878,2.333333333333334,0.6745460382057684
-1.7272727272727273,2.333333333333334,0.6823188209603543
-1.6666666666666665,2.333333333333334,0.6875861491888331
-1.606060606060606,2.333333333333334,0.6903286814177685
-1.5454545454545454,2.333333333333334,0.6905363471499458
-1.4848484848484849,2.333333333333334,0.6882083838429398
-1.4242424242424243,2.333333333333334,0.6833533397091477
-1.3636363636363635,2.333333333333334,0.6759890423270059
-1.303030303030303,2.333333333333334,0.6661425331786501
-1.2424242424242424,2.333333333333334,0.653849968354392
-1.1818181818181817,2.333333333333334,0.6391564857886257
-1.121212121212121,2.333333333333334,0.622116039514668
-1.0606060606060606,2.333333333333334,0.6027912015471437
-1.0,2.333333333333334,0.5812529321193994
-0.9393939393939394,2.333333333333334,0.5575803191196252
-0.8787878787878789,2.333333333333334,0.5318602876824697
-0.8181818181818183,2.333333333333334,0.504187281002516
-0.7575757575757573,2.333333333333334,0.4746629135416657
-0.6969696969696968,2.333333333333334,0.4433955979038411
-0.6363636363636362,2.333333333333334,0.41050014674710955
-0.5757575757575757,2.333333333333334,0.37609735119500043
-0.5151515151515151,2.333333333333334,0.3403135372950724
-0.4545454545454546,2.333333333333334,0.3032801021534036
-0.39393939393939403,2.333333333333334,0.2651330314483057
-0.33333333333333304,2.333333333333334,0.2260124000949349
-0.2727272727272725,2.333333333333334,0.186061857894349
-0.21212121212121193,2.333333333333334,0.14542810205568524
-0.15151515151515138,2.333333333333334,0.10426033852834926
-0.09090909090909083,2.333333333333334,0.06270973412218234
-0.030303030303030276,2.333333333333334,0.020928861427407672
0.030303030303030276,2.333333333333334,-0.020928861427407672
0.09090909090909083,2.333333333333334,-0.06270973412218234
0.15151515151515138,2.333333333333334,-0.10426033852834926
0.21212121212121238,2.333333333333334,-0.14542810205568554
0.27272727272727293,2.333333333333334,-0.18606185789434931
0.3333333333333335,2.333333333333334,-0.22601240009493517
0.39393939393939403,2.333333333333334,-0.2651330314483057
0.4545454545454546,2.333333333333334,-0.3032801021534036
0.5151515151515151,2.333333333333334,-0.3403135372950724
0.5757575757575757,2.333333333333334,-0.37609735119500043
0.6363636363636367,2.333333333333334,-0.4105001467471098
0.6969696969696972,2.333333333333334,-0.4433955979038413
0.7575757575757578,2.333333333333334,-0.4746629135416659
0.8181818181818183,2.333333333333334,-0.504187281002516
0.8787878787878789,2.333333333333334,-0.5318602876824697
0.9393939393939394,2.333333333333334,-0.5575803191196252
1.0,2.333333333333334,-0.5812529321193994
1.0606060606060606,2.333333333333334,-0.6027912015471437
1.121212121212121,2.333333333333334,-0.622116039514668
1.1818181818181817,2.333333333333334,-0.6391564857886257
1.2424242424242422,2.333333333333334,-0.6538499683543919
1.3030303030303028,2.333333333333334,-0.66614253317865
1.3636363636363633,2.333333333333334,-0.6759890423270059
1.4242424242424248,2.333333333333334,-0.6833533397091477
1.4848484848484853,2.333333333333334,-0.6882083838429398
1.5454545454545459,2.333333333333334,-0.6905363471499458
1.6060606060606064,2.333333333333334,-0.6903286814177685
1.666666666666667,2.333333333333334,-0.6875861491888331
1.7272727272727275,2.333333333333334,-0.6823188209603543
1.787878787878788,2.333333333333334,-0.6745460382057684
1.8484848484848486,2.333333333333334,-0.6642963423534143
1.9090909090909092,2.333333333333334,-0.6516073699832539
1.9696969696969697,2.333333333333334,-0.6365257146264633
2.0303030303030303,2.333333333333334,-0.619106755675365
2.090909090909091,2.333333333333334,-0.5994144550319367
2.1515151515151514,2.333333333333334,-0.5775211222416009
2.212121212121212,2.333333333333334,-0.5535071489747115
2.2727272727272725,2.333333333333334,-0.5274607138307198
2.333333333333334,2.333333333333334,-0.49947745854896425
2.3939393939393945,2.333333333333334,-0.4696601368150354
2.454545454545455,2.333333333333334,-0.4381182369522794
2.5151515151515156,2.333333333333334,-0.4049675798839149
2.575757575757576,2.333333333333334,-0.37032989384202925
2.6363636363636367,2.333333333333334,-0.3343323673851109
2.6969696969696972,2.333333333333334,-0.2971071823654254
2.757575757575758,2.333333333333334,-0.25879102856116387
2.8181818181818183,2.333333333333334,-0.21952460175562136
2.878787878787879,2.333333333333334,-0.17945208710644228
2.9393939393939394,2.333333333333334,-0.13872062970198737
3.0,2.333333333333334,-0.09747979424892149
-3.0,2.3939393939393945,0.10348139422372578
-2.9393939393939394,2.3939393939393945,0.1472613302044763
-2.878787878787879,2.3939393939393945,0.19050052693702305
-2.8181818181818183,2.3939393939393945,0.23304021137007264
-2.757575757575758,2.3939393939393945,0.27472417904080226
-2.696969696969697,2.3939393939393945,0.31539936765302684
-2.6363636363636362,2.3939393939393945,0.3549164191174212
-2.5757575757575757,2.3939393939393945,0.3931302279900079
-2.515151515151515,2.3939393939393945,0.42990047429505357
-2.4545454545454546,2.3939393939393945,0.465092138775869
-2.393939393939394,2.3939393939393945,0.4985759986815258
-2.333333333333333,2.3939393939393945,0.5302291022689752
-2.2727272727272725,2.3939393939393945,0.5599352202782107
-2.212121212121212,2.3939393939393945,0.5875852727226736
-2.1515151515151514,2.3939393939393945,0.6130777294277356
-2.090909090909091,2.3939393939393945,0.6363189828464976
-2.0303030303030303,2.3939393939393945,0.6572236917839324
-1.9696969696969697,2.3939393939393945,0.6757150947672275
-1.9090909090909092,2.3939393939393945,0.6917252919116442
-1.8484848484848484,2.3939393939393945,0.7051954942468842
-1.7878787878787878,2.3939393939393945,0.7160762395884499
-1.7272727272727273,2.3939393939393945,0.7243275741613231
-1.6666666666666665,2.3939393939393945,0.7299191993090444
-1.606060606060606,2.3939393939393945,0.7328305827494836
-1.5454545454545454,2.3939393939393945,0.7330510339687725
-1.4848484848484849,2.3939393939393945,0.7305797434765552
-1.4242424242424243,2.3939393939393945,0.7254257857784131
-1.3636363636363635,2.3939393939393945,0.7176080860545486
-1.303030303030303,2.3939393939393945,0.7071553506670835
-1.2424242424242424,2.3939393939393945,0.6941059617511458
-1.1818181818181817,2.3939393939393945,0.678507836276806
-1.121212121212121,2.3939393939393945,0.6604182500993798
-1.0606060606060606,2.3939393939393945,0.639903627644182
-1.0,2.3939393939393945,0.617039297998001
-0.9393939393939394,2.3939393939393945,0.5919092183029218
-0.8787878787878789,2.3939393939393945,0.5646056654681827
-0.8181818181818183,2.3939393939393945,0.5352288973320952
-0.7575757575757573,2.3939393939393945,0.5038867845182267
-0.6969696969696968,2.3939393939393945,0.47069441433766285
-0.6363636363636362,2.3939393939393945,0.4357736681918049
-0.5757575757575757,2.3939393939393945,0.3992527740274696
-0.5151515151515151,2.3939393939393945,0.3612658354876618
-0.4545454545454546,2.3939393939393945,0.3219523394869641
-0.39393939393939403,2.3939393939393945,0.28145664401971343
-0.33333333333333304,2.3939393939393945,0.23992744808171526
-0.2727272727272725,2.3939393939393945,0.19751724565193157
-0.21212121212121193,2.3939393939393945,0.15438176573909923
-0.15151515151515138,2.3939393939393945,0.11067940054941779
-0.09090909090909083,2.3939393939393945,0.06657062387505373
-0.030303030303030276,2.3939393939393945,0.02221740183912281
0.030303030303030276,2.3939393939393945,-0.02221740183912281
0.09090909090909083,2.3939393939393945,-0.06657062387505373
0.15151515151515138,2.3939393939393945,-0.11067940054941779
0.21212121212121238,2.3939393939393945,-0.15438176573909954
0.27272727272727293,2.3939393939393945,-0.1975172456519319
0.3333333333333335,2.3939393939393945,-0.23992744808171554
0.39393939393939403,2.3939393939393945,-0.28145664401971343
0.4545454545454546,2.3939393939393945,-0.3219523394869641
0.5151515151515151,2.3939393939393945,-0.3612658354876618
0.5757575757575757,2.3939393939393945,-0.3992527740274696
0.6363636363636367,2.3939393939393945,-0.4357736681918052
0.6969696969696972,2.3939393939393945,-0.4706944143376631
0.7575757575757578,2.3939393939393945,-0.5038867845182269
0.8181818181818183,2.3939393939393945,-0.5352288973320952
0.8787878787878789,2.3939393939393945,-0.5646056654681827
0.9393939393939394,2.3939393939393945,-0.5919092183029218
1.0,2.3939393939393945,-0.617039297998001
1.0606060606060606,2.3939393939393945,-0.639903627644182
1.121212121212121,2.3939393939393945,-0.6604182500993798
1.1818181818181817,2.3939393939393945,-0.678507836276806
1.2424242424242422,2.3939393939393945,-0.6941059617511457
1.3030303030303028,2.3939393939393945,-0.7071553506670833
1.3636363636363633,2.3939393939393945,-0.7176080860545486
1.4242424242424248,2.3939393939393945,-0.7254257857784132
1.4848484848484853,2.3939393939393945,-0.7305797434765552
1.5454545454545459,2.3939393939393945,-0.7330510339687725
1.6060606060606064,2.3939393939393945,-0.7328305827494836
1.666666666666667,2.3939393939393945,-0.7299191993090444
1.7272727272727275,2.3939393939393945,-0.7243275741613231
1.787878787878788,2.3939393939393945,-0.7160762395884499
1.8484848484848486,2.3939393939393945,-0.7051954942468841
1.9090909090909092,2.3939393939393945,-0.6917252919116442
1.9696969696969697,2.3939393939393945,-0.6757150947672275
2.0303030303030303,2.3939393939393945,-0.6572236917839324
2.090909090909091,2.3939393939393945,-0.6363189828464976
2.1515151515151514,2.3939393939393945,-0.6130777294277356
2.212121212121212,2.3939393939393945,-0.5875852727226736
2.2727272727272725,2.3939393939393945,-0.5599352202782107
2.333333333333334,2.3939393939393945,-0.5302291022689748
2.3939393939393945,2.3939393939393945,-0.4985759986815255
2.454545454545455,2.3939393939393945,-0.46509213877586875
2.5151515151515156,2.3939393939393945,-0.42990047429505335
2.575757575757576,2.3939393939393945,-0.3931302279900077
2.6363636363636367,2.3939393939393945,-0.35491641911742094
2.6969696969696972,2.3939393939393945,-0.31539936765302656
2.757575757575758,2.3939393939393945,-0.27472417904080226
2.8181818181818183,2.3939393939393945,-0.23304021137007264
2.878787878787879,2.3939393939393945,-0.19050052693702305
2.9393939393939394,2.3939393939393945,-0.1472613302044763
3.0,2.3939393939393945,-0.10348139422372578
-3.0,2.454545454545455,0.1091030135801429
-2.9393939393939394,2.454545454545455,0.1552612914587615
-2.878787878787879,2.454545454545455,0.20084945446810665
-2.8181818181818183,2.454545454545455,0.24570010422220406
-2.757575757575758,2.454545454545455,0.2896485504619354
-2.696969696969697,2.454545454545455,0.3325334157927982
-2.6363636363636362,2.454545454545455,0.3741972282579237
-2.5757575757575757,2.454545454545455,0.4144869995704453
-2.515151515151515,2.454545454545455,0.45325478688196186
-2.4545454545454546,2.454545454545455,0.4903582360242999
-2.393939393939394,2.454545454545455,0.5256611042298085
-2.333333333333333,2.454545454545455,0.5590337604107722
-2.2727272727272725,2.454545454545455,0.5903536611609291
-2.212121212121212,2.454545454545455,0.619505800731235
-2.1515151515151514,2.454545454545455,0.6463831333275705
-2.090909090909091,2.454545454545455,0.6708869661797312
-2.0303030303030303,2.454545454545455,0.6929273219383605
-1.9696969696969697,2.454545454545455,0.7124232690691132
-1.9090909090909092,2.454545454545455,0.7293032190308579
-1.8484848484848484,2.454545454545455,0.7435051891466801
-1.7878787878787878,2.454545454545455,0.754977030202439
-1.7272727272727273,2.454545454545455,0.76367661793714
-1.6666666666666665,2.454545454545455,0.7695720077219738
-1.606060606060606,2.454545454545455,0.7726415518600486
-1.5454545454545454,2.454545454545455,0.7728739790760932
-1.4848484848484849,2.454545454545455,0.770268435904246
-1.4242424242424243,2.454545454545455,0.7648344898219563
-1.3636363636363635,2.454545454545455,0.7565920941184907
-1.303030303030303,2.454545454545455,0.7455715146270445
-1.2424242424242424,2.454545454545455,0.7318132185894977
-1.1818181818181817,2.454545454545455,0.7153677260619
-1.121212121212121,2.454545454545455,0.69629542440632
-1.0606060606060606,2.454545454545455,0.6746663465502372
-1.0,2.454545454545455,0.6505599138277044
-0.9393939393939394,2.454545454545455,0.6240646443465585
-0.8787878787878789,2.454545454545455,0.5952778279525474
-0.8181818181818183,2.454545454545455,0.5643051689838937
-0.7575757575757573,2.454545454545455,0.5312603981280922
-0.6969696969696968,2.454545454545455,0.4962648548061906
-0.6363636363636362,2.454545454545455,0.459447041618023
-0.5757575757575757,2.454545454545455,0.4209421524844663
-0.5151515151515151,2.454545454545455,0.3808915762193615
-0.4545454545454546,2.454545454545455,0.33944237735397165
-0.39393939393939403,2.454545454545455,0.2967467561203741
-0.33333333333333304,2.454545454545455,0.2529614895767099
-0.2727272727272725,2.454545454545455,0.2082473559264655
-0.21212121212121193,2.454545454545455,0.16276854414566413
-0.15151515151515138,2.454545454545455,0.11669205108580376
-0.09090909090909083,2.454545454545455,0.07018706826635827
-0.030303030303030276,2.454545454545455,0.023424360608523254
0.030303030303030276,2.454545454545455,-0.023424360608523254
0.09090909090909083,2.454545454545455,-0.07018706826635827
0.15151515151515138,2.454545454545455,-0.11669205108580376
0.21212121212121238,2.454545454545455,-0.1627685441456645
0.27272727272727293,2.454545454545455,-0.20824735592646584
0.3333333333333335,2.454545454545455,-0.25296148957671016
0.39393939393939403,2.454545454545455,-0.2967467561203741
0.4545454545454546,2.454545454545455,-0.33944237735397165
0.5151515151515151,2.454545454545455,-0.3808915762193615
0.5757575757575757,2.454545454545455,-0.4209421524844663
0.6363636363636367,2.454545454545455,-0.45944704161802324
0.6969696969696972,2.454545454545455,-0.49626485480619087
0.7575757575757578,2.454545454545455,-0.5312603981280926
0.8181818181818183,2.454545454545455,-0.5643051689838937
0.8787878787878789,2.454545454545455,-0.5952778279525474
0.9393939393939394,2.454545454545455,-0.6240646443465585
1.0,2.454545454545455,-0.6505599138277044
1.0606060606060606,2.454545454545455,-0.6746663465502372
1.121212121212121,2.454545454545455,-0.69629542440632
1.1818181818181817,2.454545454545455,-0.7153677260619
1.2424242424242422,2.454545454545455,-0.7318132185894975
1.3030303030303028,2.454545454545455,-0.7455715146270444
1.3636363636363633,2.454545454545455,-0.7565920941184907
1.4242424242424248,2.454545454545455,-0.7648344898219565
1.4848484848484853,2.454545454545455,-0.770268435904246
1.5454545454545459,2.454545454545455,-0.7728739790760932
1.6060606060606064,2.454545454545455,-0.7726415518600486
1.666666666666667,2.454545454545455,-0.7695720077219738
1.7272727272727275,2.454545454545455,-0.76367661793714
1.787878787878788,2.454545454545455,-0.754977030202439
1.8484848484848486,2.454545454545455,-0.74350518914668
1.9090909090909092,2.454545454545455,-0.7293032190308579
1.9696969696969697,2.454545454545455,-0.7124232690691132
2.0303030303030303,2.454545454545455,-0.6929273219383605
2.090909090909091,2.454545454545455,-0.6708869661797312
2.1515151515151514,2.454545454545455,-0.6463831333275705
2.212121212121212,2.454545454545455,-0.619505800731235
2.2727272727272725,2.454545454545455,-0.5903536611609291
2.333333333333334,2.454545454545455,-0.5590337604107718
2.3939393939393945,2.454545454545455,-0.5256611042298083
2.454545454545455,2.454545454545455,-0.4903582360242996
2.5151515151515156,2.454545454545455,-0.45325478688196164
2.575757575757576,2.454545454545455,-0.4144869995704451
2.6363636363636367,2.454545454545455,-0.3741972282579234
2.6969696969696972,2.454545454545455,-0.33253341579279794
2.757575757575758,2.454545454545455,-0.2896485504619354
2.8181818181818183,2.454545454545455,-0.24570010422220406
2.878787878787879,2.454545454545455,-0.20084945446810665
2.9393939393939394,2.454545454545455,-0.1552612914587615
3.0,2.454545454545455,-0.1091030135801429
-3.0,2.5151515151515156,0.11432400989819567
-2.9393939393939394,2.5151515151515156,0.16269113784377323
-2.878787878787879,2.5151515151515156,0.21046086874394243
-2.8181818181818183,2.5151515151515156,0.25745779355996934
-2.757575757575758,2.5151515151515156,0.3035093409741996
-2.696969696969697,2.5151515151515156,0.34844641106683244
-2.6363636363636362,2.5151515151515156,0.39210399624582226
-2.5757575757575757,2.5151515151515156,0.43432178714987746
-2.515151515151515,2.5151515151515156,0.47494476129969154
-2.4545454545454546,2.5151515151515156,0.5138237523359013
-2.393939393939394,2.5151515151515156,0.550815997753546
-2.333333333333333,2.5151515151515156,0.5857856631217625
-2.2727272727272725,2.5151515151515156,0.6186043408637962
-2.212121212121212,2.5151515151515156,0.6491515217658259
-2.1515151515151514,2.5151515151515156,0.6773150374832305
-2.090909090909091,2.5151515151515156,0.702991472419433
-2.0303030303030303,2.5151515151515156,0.7260865434649122
-1.9696969696969697,2.5151515151515156,0.7465154462019906
-1.9090909090909092,2.5151515151515156,0.7642031663041489
-1.8484848484848484,2.5151515151515156,0.7790847549864127
-1.7878787878787878,2.5151515151515156,0.79110556749537
-1.7272727272727273,2.5151515151515156,0.8002214637630896
-1.6666666666666665,2.5151515151515156,0.806398970488144
-1.606060606060606,2.5151515151515156,0.8096154040485831
-1.5454545454545454,2.5151515151515156,0.8098589537955219
-1.4848484848484849,2.5151515151515156,0.8071287254214942
-1.4242424242424243,2.5151515151515156,0.8014347442443234
-1.3636363636363635,2.5151515151515156,0.792797918394452
-1.303030303030303,2.5151515151515156,0.7812499620409048
-1.2424242424242424,2.5151515151515156,0.7668332789377986
-1.1818181818181817,2.5151515151515156,0.7496008067190115
-1.121212121212121,2.5151515151515156,0.7296158225127571
-1.0606060606060606,2.5151515151515156,0.7069517105898424
-1.0,2.5151515151515156,0.6816916928987946
-0.9393939393939394,2.5151515151515156,0.6539285234773299
-0.8787878787878789,2.5151515151515156,0.6237641478622694
-0.8181818181818183,2.5151515151515156,0.5913093287485446
-0.7575757575757573,2.5151515151515156,0.5566832392718573
-0.6969696969696968,2.5151515151515156,0.5200130254084523
-0.6363636363636362,2.5151515151515156,0.48143333909885183
-0.5757575757575757,2.5151515151515156,0.44108584380991467
-0.5151515151515151,2.5151515151515156,0.3991186943507761
-0.4545454545454546,2.5151515151515156,0.3556859928527713
-0.39393939393939403,2.5151515151515156,0.3109472229109683
-0.33333333333333304,2.5151515151515156,0.26506666396512396
-0.2727272727272725,2.5151515151515156,0.21821278807044237
-0.21212121212121193,2.5151515151515156,0.17055764127316997
-0.15151515151515138,2.5151515151515156,0.12227621186260462
-0.09090909090909083,2.5151515151515156,0.07354578781927325
-0.030303030303030276,2.5151515151515156,0.024545305818712195
0.030303030303030276,2.5151515151515156,-0.024545305818712195
0.09090909090909083,2.5151515151515156,-0.07354578781927325
0.15151515151515138,2.5151515151515156,-0.12227621186260462
0.21212121212121238,2.5151515151515156,-0.17055764127317033
0.27272727272727293,2.5151515151515156,-0.21821278807044273
0.3333333333333335,2.5151515151515156,-0.2650666639651243
0.39393939393939403,2.5151515151515156,-0.3109472229109683
0.4545454545454546,2.5151515151515156,-0.3556859928527713
0.5151515151515151,2.5151515151515156,-0.3991186943507761
0.5757575757575757,2.5151515151515156,-0.44108584380991467
0.6363636363636367,2.5151515151515156,-0.4814333390988521
0.6969696969696972,2.5151515151515156,-0.5200130254084526
0.7575757575757578,2.5151515151515156,-0.5566832392718576
0.8181818181818183,2.5151515151515156,-0.5913093287485446
0.8787878787878789,2.5151515151515156,-0.6237641478622694
0.9393939393939394,2.5151515151515156,-0.6539285234773299
1.0,2.5151515151515156,-0.6816916928987946
1.0606060606060606,2.5151515151515156,-0.7069517105898424
1.121212121212121,2.5151515151515156,-0.7296158225127571
1.1818181818181817,2.5151515151515156,-0.7496008067190115
1.2424242424242422,2.5151515151515156,-0.7668332789377985
1.3030303030303028,2.5151515151515156,-0.7812499620409048
1.3636363636363633,2.5151515151515156,-0.792797918394452
1.4242424242424248,2.5151515151515156,-0.8014347442443235
1.4848484848484853,2.5151515151515156,-0.8071287254214942
1.5454545454545459,2.5151515151515156,-0.8098589537955219
1.6060606060606064,2.5151515151515156,-0.8096154040485831
1.666666666666667,2.5151515151515156,-0.806398970488144
1.7272727272727275,2.5151515151515156,-0.8002214637630896
1.787878787878788,2.5151515151515156,-0.79110556749537
1.8484848484848486,2.5151515151515156,-0.7790847549864126
1.9090909090909092,2.5151515151515156,-0.7642031663041489
1.9696969696969697,2.5151515151515156,-0.7465154462019906
2.0303030303030303,2.5151515151515156,-0.7260865434649122
2.090909090909091,2.5151515151515156,-0.702991472419433
2.1515151515151514,2.5151515151515156,-0.6773150374832305
2.212121212121212,2.5151515151515156,-0.6491515217658259
2.2727272727272725,2.5151515151515156,-0.6186043408637962
2.333333333333334,2.5151515151515156,-0.5857856631217621
2.3939393939393945,2.5151515151515156,-0.5508159977535457
2.454545454545455,2.5151515151515156,-0.513823752335901
2.5151515151515156,2.5151515151515156,-0.47494476129969126
2.575757575757576,2.5151515151515156,-0.4343217871498772
2.6363636363636367,2.5151515151515156,-0.392103996245822
2.6969696969696972,2.5151515151515156,-0.34844641106683216
2.757575757575758,2.5151515151515156,-0.3035093409741996
2.8181818181818183,2.5151515151515156,-0.25745779355996934
2.878787878787879,2.5151515151515156,-0.21046086874394243
2.9393939393939394,2.5151515151515156,-0.16269113784377323
3.0,2.5151515151515156,-0.11432400989819567
-3.0,2.575757575757576,0.11912521183385252
-2.9393939393939394,2.575757575757576,0.16952358718337665
-2.878787878787879,2.575757575757576,0.21929947693563592
-2.8181818181818183,2.575757575757576,0.2682701054959381
-2.757575757575758,2.575757575757576,0.3162556541648662
-2.696969696969697,2.575757575757576,0.36307992142722406
-2.6363636363636362,2.575757575757576,0.40857096995878633
-2.5757575757575757,2.575757575757576,0.4525617579750685
-2.515151515151515,2.575757575757576,0.494890752603817
-2.4545454545454546,2.575757575757576,0.5354025230289378
-2.393939393939394,2.575757575757576,0.5739483112278552
-2.333333333333333,2.575757575757576,0.6103865782065704
-2.2727272727272725,2.575757575757576,0.6445835237266594
-2.212121212121212,2.575757575757576,0.6764135776157919
-2.1515151515151514,2.575757575757576,0.7057598608576886
-2.090909090909091,2.575757575757576,0.7325146147684114
-2.0303030303030303,2.575757575757576,0.7565795966830634
-1.9696969696969697,2.575757575757576,0.7778664406999478
-1.9090909090909092,2.575757575757576,0.7962969821575454
-1.8484848484848484,2.575757575757576,0.811803544652839
-1.7878787878787878,2.575757575757576,0.8243291885470633
-1.7272727272727273,2.575757575757576,0.8338279200463741
-1.6666666666666665,2.575757575757576,0.840264860089699
-1.606060606060606,2.575757575757576,0.8436163724236175
-1.5454545454545454,2.575757575757576,0.8438701503939843
-1.4848484848484849,2.575757575757576,0.8410252621355995
-1.4242424242424243,2.575757575757576,0.83509215399399
-1.3636363636363635,2.575757575757576,0.8260926121667376
-1.303030303030303,2.575757575757576,0.8140596827052063
-1.2424242424242424,2.575757575757576,0.7990375501704189
-1.1818181818181817,2.575757575757576,0.7810813753886559
-1.121212121212121,2.575757575757576,0.7602570929025338
-1.0606060606060606,2.575757575757576,0.7366411688613147
-1.0,2.575757575757576,0.7103203202394679
-0.9393939393939394,2.575757575757576,0.6813911964145055
-0.8787878787878789,2.575757575757576,0.6499600242733271
-0.8181818181818183,2.575757575757576,0.6161422181502333
-0.7575757575757573,2.575757575757576,0.5800619560289044
-0.6969696969696968,2.575757575757576,0.5418517235645187
-0.6363636363636362,2.575757575757576,0.5016518276003441
-0.5757575757575757,2.575757575757576,0.45960988096516164
-0.5151515151515151,2.575757575757576,0.41588026044332466
-0.4545454545454546,2.575757575757576,0.3706235399077728
-0.39393939393939403,2.575757575757576,0.3240059006975216
-0.33333333333333304,2.575757575757576,0.2761985214047006
-0.2727272727272725,2.575757575757576,0.22737694931182847
-0.21212121212121193,2.575757575757576,0.17772045578738285
-0.15151515151515138,2.575757575757576,0.12741137800663951
-0.09090909090909083,2.575757575757576,0.07663444941495855
-0.030303030303030276,2.575757575757576,0.0255761213920378
0.030303030303030276,2.575757575757576,-0.0255761213920378
0.09090909090909083,2.575757575757576,-0.07663444941495855
0.15151515151515138,2.575757575757576,-0.12741137800663951
0.21212121212121238,2.575757575757576,-0.1777204557873832
0.27272727272727293,2.575757575757576,-0.22737694931182884
0.3333333333333335,2.575757575757576,-0.2761985214047009
0.39393939393939403,2.575757575757576,-0.3240059006975216
0.4545454545454546,2.575757575757576,-0.3706235399077728
0.5151515151515151,2.575757575757576,-0.41588026044332466
0.5757575757575757,2.575757575757576,-0.45960988096516164
0.6363636363636367,2.575757575757576,-0.5016518276003443
0.6969696969696972,2.575757575757576,-0.5418517235645189
0.7575757575757578,2.575757575757576,-0.5800619560289048
0.8181818181818183,2.575757575757576,-0.6161422181502333
0.8787878787878789,2.575757575757576,-0.6499600242733271
0.9393939393939394,2.575757575757576,-0.6813911964145055
1.0,2.575757575757576,-0.7103203202394679
1.0606060606060606,2.575757575757576,-0.7366411688613147
1.121212121212121,2.575757575757576,-0.7602570929025338
1.1818181818181817,2.575757575757576,-0.7810813753886559
1.2424242424242422,2.575757575757576,-0.7990375501704188
1.3030303030303028,2.575757575757576,-0.8140596827052062
1.3636363636363633,2.575757575757576,-0.8260926121667376
1.4242424242424248,2.575757575757576,-0.8350921539939901
1.4848484848484853,2.575757575757576,-0.8410252621355995
1.5454545454545459,2.575757575757576,-0.8438701503939843
1.6060606060606064,2.575757575757576,-0.8436163724236175
1.666666666666667,2.575757575757576,-0.840264860089699
1.7272727272727275,2.575757575757576,-0.8338279200463741
1.787878787878788,2.575757575757576,-0.8243291885470633
1.8484848484848486,2.575757575757576,-0.811803544652839
1.9090909090909092,2.575757575757576,-0.7962969821575454
1.9696969696969697,2.575757575757576,-0.7778664406999478
2.0303030303030303,2.575757575757576,-0.7565795966830634
2.090909090909091,2.575757575757576,-0.7325146147684114
2.1515151515151514,2.575757575757576,-0.7057598608576886
2.212121212121212,2.575757575757576,-0.6764135776157919
2.2727272727272725,2.575757575757576,-0.6445835237266594
2.333333333333334,2.575757575757576,-0.6103865782065698
2.3939393939393945,2.575757575757576,-0.5739483112278548
2.454545454545455,2.575757575757576,-0.5354025230289375
2.5151515151515156,2.575757575757576,-0.4948907526038167
2.575757575757576,2.575757575757576,-0.4525617579750682
2.6363636363636367,2.575757575757576,-0.408570969958786
2.6969696969696972,2.575757575757576,-0.36307992142722373
2.757575757575758,2.575757575757576,-0.3162556541648662
2.8181818181818183,2.575757575757576,-0.2682701054959381
2.878787878787879,2.575757575757576,-0.21929947693563592
2.9393939393939394,2.575757575757576,-0.16952358718337665
3.0,2.575757575757576,-0.11912521183385252
-3.0,2.6363636363636367,0.12348898951563561
-2.9393939393939394,2.6363636363636367,0.17573355092571522
-2.878787878787879,2.6363636363636367,0.22733282393537224
-2.8181818181818183,2.6363636363636367,0.2780973375405328
-2.757575757575758,2.6363636363636367,0.3278406859489622
-2.696969696969697,2.6363636363636367,0.37638021305682035
-2.6363636363636362,2.6363636363636367,0.4235376831564703
-2.5757575757575757,2.6363636363636367,0.46913993541272575
-2.515151515151515,2.6363636363636367,0.5130195197043147
-2.4545454545454546,2.6363636363636367,0.5550153114957709
-2.393939393939394,2.6363636363636367,0.5949731034819619
-2.333333333333333,2.6363636363636367,0.6327461718327522
-2.2727272727272725,2.6363636363636367,0.668195814958566
-2.212121212121212,2.6363636363636367,0.701191862818522
-2.1515151515151514,2.6363636363636367,0.7316131549009729
-2.090909090909091,2.6363636363636367,0.759347985121319
-2.0303030303030303,2.6363636363636367,0.7842945120034471
-1.9696969696969697,2.6363636363636367,0.8063611326386182
-1.9090909090909092,2.6363636363636367,0.8254668190486378
-1.8484848484848484,2.6363636363636367,0.8415414157181961
-1.7878787878787878,2.6363636363636367,0.8545258972038431
-1.7272727272727273,2.6363636363636367,0.8643725848736727
-1.6666666666666665,2.6363636363636367,0.8710453219818475
-1.606060606060606,2.6363636363636367,0.8745196064351002
-1.5454545454545454,2.6363636363636367,0.8747826807636951
-1.4848484848484849,2.6363636363636367,0.8718335789664801
-1.4242424242424243,2.6363636363636367,0.8656831300580136
-1.3636363636363635,2.6363636363636367,0.8563539183047442
-1.303030303030303,2.6363636363636367,0.8438802002962515
-1.2424242424242424,2.6363636363636367,0.8283077791560636
-1.1818181818181817,2.6363636363636367,0.8096938363539412
-1.121212121212121,2.6363636363636367,0.7881067217372133
-1.0606060606060606,2.6363636363636367,0.7636257025521594
-1.0,2.6363636363636367,0.7363406723770256
-0.9393939393939394,2.6363636363636367,0.7063518210354652
-0.8787878787878789,2.6363636363636367,0.6737692667024695
-0.8181818181818183,2.6363636363636367,0.6387126515536873
-0.7575757575757573,2.6363636363636367,0.6013107024428944
-0.6969696969696968,2.6363636363636367,0.5617007582207962
-0.6363636363636362,2.6363636363636367,0.5200282654308285
-0.5757575757575757,2.6363636363636367,0.476446244233754
-0.5151515151515151,2.6363636363636367,0.43111472652215843
-0.4545454545454546,2.6363636363636367,0.3842001682880749
-0.39393939393939403,2.6363636363636367,0.33587483840150545
-0.33333333333333304,2.6363636363636367,0.28631618604422576
-0.2727272727272725,2.6363636363636367,0.23570618912164104
-0.21212121212121193,2.6363636363636367,0.184230686045298
-0.15151515151515138,2.6363636363636367,0.1320786933397368
-0.09090909090909083,2.6363636363636367,0.07944171157940405
-0.030303030303030276,2.6363636363636367,0.02651302220420855
0.030303030303030276,2.6363636363636367,-0.02651302220420855
0.09090909090909083,2.6363636363636367,-0.07944171157940405
0.15151515151515138,2.6363636363636367,-0.1320786933397368
0.21212121212121238,2.6363636363636367,-0.18423068604529838
0.27272727272727293,2.6363636363636367,-0.23570618912164143
0.3333333333333335,2.6363636363636367,-0.28631618604422615
0.39393939393939403,2.6363636363636367,-0.33587483840150545
0.4545454545454546,2.6363636363636367,-0.3842001682880749
0.5151515151515151,2.6363636363636367,-0.43111472652215843
0.5757575757575757,2.6363636363636367,-0.476446244233754
0.6363636363636367,2.6363636363636367,-0.5200282654308287
0.6969696969696972,2.6363636363636367,-0.5617007582207965
0.7575757575757578,2.6363636363636367,-0.6013107024428948
0.8181818181818183,2.6363636363636367,-0.6387126515536873
0.8787878787878789,2.6363636363636367,-0.6737692667024695
0.9393939393939394,2.6363636363636367,-0.7063518210354652
1.0,2.6363636363636367,-0.7363406723770256
1.0606060606060606,2.6363636363636367,-0.7636257025521594
1.121212121212121,2.6363636363636367,-0.7881067217372133
1.1818181818181817,2.6363636363636367,-0.8096938363539412
1.2424242424242422,2.6363636363636367,-0.8283077791560636
1.3030303030303028,2.6363636363636367,-0.8438802002962515
1.3636363636363633,2.6363636363636367,-0.8563539183047442
1.4242424242424248,2.6363636363636367,-0.8656831300580137
1.4848484848484853,2.6363636363636367,-0.8718335789664801
1.5454545454545459,2.6363636363636367,-0.8747826807636951
1.6060606060606064,2.6363636363636367,-0.8745196064351002
1.666666666666667,2.6363636363636367,-0.8710453219818475
1.7272727272727275,2.6363636363636367,-0.8643725848736727
1.787878787878788,2.6363636363636367,-0.8545258972038431
1.8484848484848486,2.6363636363636367,-0.841541415718196
1.9090909090909092,2.6363636363636367,-0.8254668190486378
1.9696969696969697,2.6363636363636367,-0.8063611326386182
2.0303030303030303,2.6363636363636367,-0.7842945120034471
2.090909090909091,2.6363636363636367,-0.759347985121319
2.1515151515151514,2.6363636363636367,-0.7316131549009729
2.212121212121212,2.6363636363636367,-0.701191862818522
2.2727272727272725,2.6363636363636367,-0.668195814958566
2.333333333333334,2.6363636363636367,-0.6327461718327517
2.3939393939393945,2.6363636363636367,-0.5949731034819615
2.454545454545455,2.6363636363636367,-0.5550153114957705
2.5151515151515156,2.6363636363636367,-0.5130195197043144
2.575757575757576,2.6363636363636367,-0.4691399354127255
2.6363636363636367,2.6363636363636367,-0.42353768315646995
2.6969696969696972,2.6363636363636367,-0.37638021305682
2.757575757575758,2.6363636363636367,-0.3278406859489622
2.8181818181818183,2.6363636363636367,-0.2780973375405328
2.878787878787879,2.6363636363636367,-0.22733282393537224
2.9393939393939394,2.6363636363636367,-0.17573355092571522
3.0,2.6363636363636367,-0.12348898951563561
-3.0,2.6969696969696972,0.12739931928098736
-2.9393939393939394,2.6969696969696972,0.18129822626763123
-2.878787878787879,2.6969696969696972,0.23453141153061205
-2.8181818181818183,2.6969696969696972,0.2869034043883964
-2.757575757575758,2.6969696969696972,0.3382218964324866
-2.696969696969697,2.6969696969696972,0.38829844767820876
-2.6363636363636362,2.6969696969696972,0.4369491785107599
-2.5757575757575757,2.6969696969696972,0.48399544488571644
-2.515151515151515,2.6969696969696972,0.5292644943046797
-2.4545454545454546,2.6969696969696972,0.5725901001573389
-2.393939393939394,2.6969696969696972,0.6138131721006677
-2.333333333333333,2.6969696969696972,0.6527823402339578
-2.2727272727272725,2.6969696969696972,0.689354510924615
-2.212121212121212,2.6969696969696972,0.7233953922437469
-2.1515151515151514,2.6969696969696972,0.7547799870821524
-2.090909090909091,2.6969696969696972,0.7833930521360085
-2.0303030303030303,2.6969696969696972,0.8091295210768739
-1.9696969696969697,2.6969696969696972,0.8318948903521373
-1.9090909090909092,2.6969696969696972,0.8516055661992687
-1.8484848484848484,2.6969696969696972,0.8681891715996422
-1.7878787878787878,2.6969696969696972,0.8815848120448057
-1.7272727272727273,2.6969696969696972,0.8917432991393165
-1.6666666666666665,2.6969696969696972,0.8986273312190739
-1.606060606060606,2.6969696969696972,0.9022116303219251
-1.5454545454545454,2.6969696969696972,0.902483035007596
-1.4848484848484849,2.6969696969696972,0.8994405486861092
-1.4242424242424243,2.6969696969696972,0.8930953432772343
-1.3636363636363635,2.6969696969696972,0.8834707181875275
-1.303030303030303,2.6969696969696972,0.8706020147556015
-1.2424242424242424,2.6969696969696972,0.8545364864797741
-1.1818181818181817,2.6969696969696972,0.8353331255046211
-1.121212121212121,2.6969696969696972,0.8130624460035667
-1.0606060606060606,2.6969696969696972,0.7878062252529243
-1.0,2.6969696969696972,0.7596572033481567
-0.9393939393939394,2.6969696969696972,0.7287187426649896
-0.8787878787878789,2.6969696969696972,0.6951044483158254
-0.8181818181818183,2.6969696969696972,0.6589377509951309
-0.7575757575757573,2.6969696969696972,0.6203514537455788
-0.6969696969696968,2.6969696969696972,0.5794872443092043
-0.6363636363636362,2.6969696969696972,0.5364951748542062
-0.5757575757575757,2.6969696969696972,0.4915331109878252
-0.5151515151515151,2.6969696969696972,0.4447661520785043
-0.4545454545454546,2.6969696969696972,0.396366025015891
-0.39393939393939403,2.6969696969696972,0.34651045363477945
-0.33333333333333304,2.6969696969696972,0.2953825061184456
-0.2727272727272725,2.6969696969696972,0.24316992277769528
-0.21212121212121193,2.6969696969696972,0.19006442667399498
-0.15151515151515138,2.6969696969696972,0.13626101961806256
-0.09090909090909083,2.6969696969696972,0.0819572661289868
-0.030303030303030276,2.6969696969696972,0.027352567983157706
0.030303030303030276,2.6969696969696972,-0.027352567983157706
0.09090909090909083,2.6969696969696972,-0.0819572661289868
0.15151515151515138,2.6969696969696972,-0.13626101961806256
0.21212121212121238,2.6969696969696972,-0.19006442667399537
0.27272727272727293,2.6969696969696972,-0.2431699227776957
0.3333333333333335,2.6969696969696972,-0.2953825061184459
0.39393939393939403,2.6969696969696972,-0.34651045363477945
0.4545454545454546,2.6969696969696972,-0.396366025015891
0.5151515151515151,2.6969696969696972,-0.4447661520785043
0.5757575757575757,2.6969696969696972,-0.4915331109878252
0.6363636363636367,2.6969696969696972,-0.5364951748542064
0.6969696969696972,2.6969696969696972,-0.5794872443092046
0.7575757575757578,2.6969696969696972,-0.6203514537455791
0.8181818181818183,2.6969696969696972,-0.6589377509951309
0.8787878787878789,2.6969696969696972,-0.6951044483158254
0.9393939393939394,2.6969696969696972,-0.7287187426649896
1.0,2.6969696969696972,-0.7596572033481567
1.0606060606060606,2.6969696969696972,-0.7878062252529243
1.121212121212121,2.6969696969696972,-0.8130624460035667
1.1818181818181817,2.6969696969696972,-0.8353331255046211
1.2424242424242422,2.6969696969696972,-0.854536486479774
1.3030303030303028,2.6969696969696972,-0.8706020147556014
1.3636363636363633,2.6969696969696972,-0.8834707181875275
1.4242424242424248,2.6969696969696972,-0.8930953432772344
1.4848484848484853,2.6969696969696972,-0.8994405486861092
1.5454545454545459,2.6969696969696972,-0.902483035007596
1.6060606060606064,2.6969696969696972,-0.9022116303219251
1.666666666666667,2.6969696969696972,-0.8986273312190739
1.7272727272727275,2.6969696969696972,-0.8917432991393165
1.787878787878788,2.6969696969696972,-0.8815848120448057
1.8484848484848486,2.6969696969696972,-0.868189171599642
1.9090909090909092,2.6969696969696972,-0.8516055661992687
1.9696969696969697,2.6969696969696972,-0.8318948903521373
2.0303030303030303,2.6969696969696972,-0.8091295210768739
2.090909090909091,2.6969696969696972,-0.7833930521360085
2.1515151515151514,2.6969696969696972,-0.7547799870821524
2.212121212121212,2.6969696969696972,-0.7233953922437469
2.2727272727272725,2.6969696969696972,-0.689354510924615
2.333333333333334,2.6969696969696972,-0.6527823402339572
2.3939393939393945,2.6969696969696972,-0.6138131721006674
2.454545454545455,2.6969696969696972,-0.5725901001573386
2.5151515151515156,2.6969696969696972,-0.5292644943046794
2.575757575757576,2.6969696969696972,-0.48399544488571616
2.6363636363636367,2.6969696969696972,-0.43694917851075954
2.6969696969696972,2.6969696969696972,-0.3882984476782084
2.757575757575758,2.6969696969696972,-0.3382218964324866
2.8181818181818183,2.6969696969696972,-0.2869034043883964
2.878787878787879,2.6969696969696972,-0.23453141153061205
2.9393939393939394,2.6969696969696972,-0.18129822626763123
3.0,2.6969696969696972,-0.12739931928098736
-3.0,2.757575757575758,0.13084184251468534
-2.9393939393939394,2.757575757575758,0.18619717988588416
-2.878787878787879,2.757575757575758,0.2408688067206553
-2.8181818181818183,2.757575757575758,0.2946559704225659
-2.757575757575758,2.757575757575758,0.34736116611764256
-2.696969696969697,2.757575757575758,0.39879086188642643
-2.6363636363636362,2.757575757575758,0.4487562094074549
-2.5757575757575757,2.757575757575758,0.49707373740271366
-2.515151515151515,2.757575757575758,0.5435660253387405
-2.4545454545454546,2.757575757575758,0.5880623549095765
-2.393939393939394,2.757575757575758,0.6303993369093344
-2.333333333333333,2.757575757575758,0.6704215111925306
-2.2727272727272725,2.757575757575758,0.7079819175191386
-2.212121212121212,2.757575757575758,0.7429426351882451
-2.1515151515151514,2.757575757575758,0.7751752894787826
-2.090909090909091,2.757575757575758,0.8045615230377071
-2.0303030303030303,2.757575757575758,0.8309934304846986
-1.9696969696969697,2.757575757575758,0.8543739546375243
-1.9090909090909092,2.757575757575758,0.8746172429031412
-1.8484848484848484,2.757575757575758,0.8916489625258783
-1.7878787878787878,2.757575757575758,0.9054065735351154
-1.7272727272727273,2.757575757575758,0.9158395583902066
-1.6666666666666665,2.757575757575758,0.9229096074793941
-1.606060606060606,2.757575757575758,0.9265907597915696
-1.5454545454545454,2.757575757575758,0.9268694982443393
-1.4848484848484849,2.757575757575758,0.9237447993183501
-1.4242424242424243,2.757575757575758,0.9172281368156232
-1.3636363636363635,2.757575757575758,0.9073434397280915
-1.303030303030303,2.757575757575758,0.89412700437105
-1.2424242424242424,2.757575757575758,0.877627361104159
-1.1818181818181817,2.757575757575758,0.8579050961293995
-1.121212121212121,2.757575757575758,0.8350326290203318
-1.0606060606060606,2.757575757575758,0.8090939467995639
-1.0,2.757575757575758,0.7801842955408882
-0.9393939393939394,2.757575757575758,0.7484098306285168
-0.8787878787878789,2.757575757575758,0.7138872269576509
-0.8181818181818183,2.757575757575758,0.6767432505077171
-0.7575757575757573,2.757575757575758,0.6371142928614404
-0.6969696969696968,2.757575757575758,0.5951458703789887
-0.6363636363636362,2.757575757575758,0.550992089866201
-0.5757575757575757,2.757575757575758,0.5048150826989564
-0.5151515151515151,2.757575757575758,0.4567844094815578
-0.4545454545454546,2.757575757575758,0.40707643742520877
-0.39393939393939403,2.757575757575758,0.3558736927328315
-0.33333333333333304,2.757575757575758,0.3033641903682486
-0.2727272727272725,2.757575757575758,0.24974074367079946
-0.21212121212121193,2.757575757575758,0.19520025635045982
-0.15151515151515138,2.757575757575758,0.13994299946324498
-0.09090909090909083,2.757575757575758,0.0841718760218162
-0.030303030303030276,2.757575757575758,0.028091675941620528
0.030303030303030276,2.757575757575758,-0.028091675941620528
0.09090909090909083,2.757575757575758,-0.0841718760218162
0.15151515151515138,2.757575757575758,-0.13994299946324498
0.21212121212121238,2.757575757575758,-0.19520025635046023
0.27272727272727293,2.757575757575758,-0.24974074367079988
0.3333333333333335,2.757575757575758,-0.30336419036824896
0.39393939393939403,2.757575757575758,-0.3558736927328315
0.4545454545454546,2.757575757575758,-0.40707643742520877
0.5151515151515151,2.757575757575758,-0.4567844094815578
0.5757575757575757,2.757575757575758,-0.5048150826989564
0.6363636363636367,2.757575757575758,-0.5509920898662012
0.6969696969696972,2.757575757575758,-0.5951458703789889
0.7575757575757578,2.757575757575758,-0.6371142928614407
0.8181818181818183,2.757575757575758,-0.6767432505077171
0.8787878787878789,2.757575757575758,-0.7138872269576509
0.9393939393939394,2.757575757575758,-0.7484098306285168
1.0,2.757575757575758,-0.7801842955408882
1.0606060606060606,2.757575757575758,-0.8090939467995639
1.121212121212121,2.757575757575758,-0.8350326290203318
1.1818181818181817,2.757575757575758,-0.8579050961293995
1.2424242424242422,2.757575757575758,-0.8776273611041588
1.3030303030303028,2.757575757575758,-0.8941270043710499
1.3636363636363633,2.757575757575758,-0.9073434397280915
1.4242424242424248,2.757575757575758,-0.9172281368156233
1.4848484848484853,2.757575757575758,-0.9237447993183501
1.5454545454545459,2.757575757575758,-0.9268694982443393
1.6060606060606064,2.757575757575758,-0.9265907597915696
1.666666666666667,2.757575757575758,-0.9229096074793941
1.7272727272727275,2.757575757575758,-0.9158395583902066
1.787878787878788,2.757575757575758,-0.9054065735351154
1.8484848484848486,2.757575757575758,-0.8916489625258782
1.9090909090909092,2.757575757575758,-0.8746172429031412
1.9696969696969697,2.757575757575758,-0.8543739546375243
2.0303030303030303,2.757575757575758,-0.8309934304846986
2.090909090909091,2.757575757575758,-0.8045615230377071
2.1515151515151514,2.757575757575758,-0.7751752894787826
2.212121212121212,2.757575757575758,-0.7429426351882451
2.2727272727272725,2.757575757575758,-0.7079819175191386
2.333333333333334,2.757575757575758,-0.67042151119253
2.3939393939393945,2.757575757575758,-0.630399336909334
2.454545454545455,2.757575757575758,-0.5880623549095761
2.5151515151515156,2.757575757575758,-0.5435660253387402
2.575757575757576,2.757575757575758,-0.4970737374027133
2.6363636363636367,2.757575757575758,-0.4487562094074546
2.6969696969696972,2.757575757575758,-0.3987908618864261
2.757575757575758,2.757575757575758,-0.34736116611764256
2.8181818181818183,2.757575757575758,-0.2946559704225659
2.878787878787879,2.757575757575758,-0.2408688067206553
2.9393939393939394,2.757575757575758,-0.18619717988588416
3.0,2.757575757575758,-0.13084184251468534
-3.0,2.8181818181818183,0.1338039183732527
-2.9393939393939394,2.8181818181818183,0.19041242296770944
-2.878787878787879,2.8181818181818183,0.24632173877783803
-2.8181818181818183,2.8181818181818183,0.3013265684499016
-2.757575757575758,2.8181818181818183,0.3552249358765054
-2.696969696969697,2.8181818181818183,0.40781892784688917
-2.6363636363636362,2.8181818181818183,0.4589154207783803
-2.5757575757575757,2.8181818181818183,0.508326789860479
-2.515151515151515,2.8181818181818183,0.5558715980076105
-2.4545454545454546,2.8181818181818183,0.6013752620907362
-2.393939393939394,2.8181818181818183,0.6446706940014392
-2.333333333333333,2.8181818181818183,0.6855989141945156
-2.2727272727272725,2.8181818181818183,0.7240096354561609
-2.212121212121212,2.8181818181818183,0.7597618147541744
-2.1515151515151514,2.8181818181818183,0.7927241711438001
-2.090909090909091,2.8181818181818183,0.8227756678274727
-2.0303030303030303,2.8181818181818183,0.8498059565983578
-1.9696969696969697,2.8181818181818183,0.8737157830357027
-1.9090909090909092,2.8181818181818183,0.8944173509641338
-1.8484848484848484,2.8181818181818183,0.9118346448386148
-1.7878787878787878,2.8181818181818183,0.9259037088712794
-1.7272727272727273,2.8181818181818183,0.936572881875193
-1.6666666666666665,2.8181818181818183,0.9438029869627025
-1.606060606060606,2.8181818181818183,0.9475674754018083
-1.5454545454545454,2.8181818181818183,0.9478525241023239
-1.4848484848484849,2.8181818181818183,0.9446570863738533
-1.4242424242424243,2.8181818181818183,0.9379928957692074
-1.3636363636363635,2.8181818181818183,0.9278844229991456
-1.303030303030303,2.8181818181818183,0.9143687860766492
-1.2424242424242424,2.8181818181818183,0.8974956140206756
-1.1818181818181817,2.8181818181818183,0.8773268646198699
-1.121212121212121,2.8181818181818183,0.8539365969253967
-1.0606060606060606,2.8181818181818183,0.8274106993082959
-1.0,2.8181818181818183,0.7978465740799241
-0.9393939393939394,2.8181818181818183,0.7653527798335497
-0.8787878787878789,2.8181818181818183,0.7300486328204087
-0.8181818181818183,2.8181818181818183,0.6920637688239608
-0.7575757575757573,2.8181818181818183,0.6515376671411267
-0.6969696969696968,2.8181818181818183,0.6086191384184372
-0.6363636363636362,2.8181818181818183,0.5634657782237389
-0.5757575757575757,2.8181818181818183,0.5162433883599336
-0.5151515151515151,2.8181818181818183,0.4671253680456609
-0.4545454545454546,2.8181818181818183,0.41629207719849826
-0.39393939393939403,2.8181818181818183,0.36393017415867834
-0.33333333333333304,2.8181818181818183,0.3102319302851851
-0.2727272727272725,2.8181818181818183,0.25539452394101314
-0.21212121212121193,2.8181818181818183,0.19961931646004946
-0.15151515151515138,2.8181818181818183,0.1431111127542135
-0.09090909090909083,2.8181818181818183,0.08607740927587873
-0.030303030303030276,2.8181818181818183,0.028727632097037954
0.030303030303030276,2.8181818181818183,-0.028727632097037954
0.09090909090909083,2.8181818181818183,-0.08607740927587873
0.15151515151515138,2.8181818181818183,-0.1431111127542135
0.21212121212121238,2.8181818181818183,-0.19961931646004988
0.27272727272727293,2.8181818181818183,-0.2553945239410136
0.3333333333333335,2.8181818181818183,-0.3102319302851855
0.39393939393939403,2.8181818181818183,-0.36393017415867834
0.4545454545454546,2.8181818181818183,-0.41629207719849826
0.5151515151515151,2.8181818181818183,-0.4671253680456609
0.5757575757575757,2.8181818181818183,-0.5162433883599336
0.6363636363636367,2.8181818181818183,-0.5634657782237392
0.6969696969696972,2.8181818181818183,-0.6086191384184375
0.7575757575757578,2.8181818181818183,-0.651537667141127
0.8181818181818183,2.8181818181818183,-0.6920637688239608
0.8787878787878789,2.8181818181818183,-0.7300486328204087
0.9393939393939394,2.8181818181818183,-0.7653527798335497
1.0,2.8181818181818183,-0.7978465740799241
1.0606060606060606,2.8181818181818183,-0.8274106993082959
1.121212121212121,2.8181818181818183,-0.8539365969253967
1.1818181818181817,2.8181818181818183,-0.8773268646198699
1.2424242424242422,2.8181818181818183,-0.8974956140206756
1.3030303030303028,2.8181818181818183,-0.9143687860766491
1.3636363636363633,2.8181818181818183,-0.9278844229991456
1.4242424242424248,2.8181818181818183,-0.9379928957692075
1.4848484848484853,2.8181818181818183,-0.9446570863738533
1.5454545454545459,2.8181818181818183,-0.9478525241023239
1.6060606060606064,2.8181818181818183,-0.9475674754018083
1.666666666666667,2.8181818181818183,-0.9438029869627025
1.7272727272727275,2.8181818181818183,-0.936572881875193
1.787878787878788,2.8181818181818183,-0.9259037088712794
1.8484848484848486,2.8181818181818183,-0.9118346448386146
1.9090909090909092,2.8181818181818183,-0.8944173509641338
1.9696969696969697,2.8181818181818183,-0.8737157830357027
2.0303030303030303,2.8181818181818183,-0.8498059565983578
2.090909090909091,2.8181818181818183,-0.8227756678274727
2.1515151515151514,2.8181818181818183,-0.7927241711438001
2.212121212121212,2.8181818181818183,-0.7597618147541744
2.2727272727272725,2.8181818181818183,-0.7240096354561609
2.333333333333334,2.8181818181818183,-0.6855989141945151
2.3939393939393945,2.8181818181818183,-0.6446706940014388
2.454545454545455,2.8181818181818183,-0.6013752620907359
2.5151515151515156,2.8181818181818183,-0.5558715980076102
2.575757575757576,2.8181818181818183,-0.5083267898604787
2.6363636363636367,2.8181818181818183,-0.45891542077838
2.6969696969696972,2.8181818181818183,-0.4078189278468888
2.757575757575758,2.8181818181818183,-0.3552249358765054
2.8181818181818183,2.8181818181818183,-0.3013265684499016
2.878787878787879,2.8181818181818183,-0.24632173877783803
2.9393939393939394,2.8181818181818183,-0.19041242296770944
3.0,2.8181818181818183,-0.1338039183732527
-3.0,2.878787878787879,0.13627467020176132
-2.9393939393939394,2.878787878787879,0.19392847726520654
-2.878787878787879,2.878787878787879,0.25087018469695566
-2.8181818181818183,2.878787878787879,0.3068907042317775
-2.757575757575758,2.878787878787879,0.36178433017914774
-2.696969696969697,2.878787878787879,0.4153494947684596
-2.6363636363636362,2.878787878787879,0.46738950829991327
-2.5757575757575757,2.878787878787879,0.5177132813832771
-2.515151515151515,2.878787878787879,0.5661360266124746
-2.4545454545454546,2.878787878787879,0.6124799370994732
-2.393939393939394,2.878787878787879,0.6565748393759171
-2.333333333333333,2.878787878787879,0.6982588182650697
-2.2727272727272725,2.878787878787879,0.7373788114295513
-2.212121212121212,2.878787878787879,0.7737911714117156
-2.1515151515151514,2.878787878787879,0.8073621931028645
-2.090909090909091,2.878787878787879,0.8379686047044506
-2.0303030303030303,2.878787878787879,0.8654980203784768
-1.9696969696969697,2.878787878787879,0.8898493529249673
-1.9090909090909092,2.878787878787879,0.910933184971176
-1.8484848484848484,2.878787878787879,0.9286720973095349
-1.7878787878787878,2.878787878787879,0.9430009531786923
-1.7272727272727273,2.878787878787879,0.9538671374437752
-1.6666666666666665,2.878787878787879,0.9612307497976071
-1.606060606060606,2.878787878787879,0.9650647512734567
-1.5454545454545454,2.878787878787879,0.9653550635313223
-1.4848484848484849,2.878787878787879,0.9621006205531811
-1.4242424242424243,2.878787878787879,0.9553133725573756
-1.3636363636363635,2.878787878787879,0.9450182421177649
-1.303030303030303,2.878787878787879,0.9312530326487712
-1.2424242424242424,2.878787878787879,0.91406828959236
-1.1818181818181817,2.878787878787879,0.8935271148166728
-1.121212121212121,2.878787878787879,0.8697049349078336
-1.0606060606060606,2.878787878787879,0.8426892242057569
-1.0,2.878787878787879,0.8125791836009573
-0.9393939393939394,2.878787878787879,0.7794853762718159
-0.8787878787878789,2.878787878787879,0.7435293216998594
-0.8181818181818183,2.878787878787879,0.7048430494538185
-0.7575757575757573,2.878787878787879,0.6635686143809572
-0.6969696969696968,2.878787878787879,0.619857574985877
-0.6363636363636362,2.878787878787879,0.5738704369121697
-0.5757575757575757,2.878787878787879,0.5257760635704434
-0.5151515151515151,2.878787878787879,0.475751056076874
-0.4545454545454546,2.878787878787879,0.4239791047791304
-0.39393939393939403,2.878787878787879,0.37065031475085225
-0.33333333333333304,2.878787878787879,0.31596050773144246
-0.2727272727272725,2.878787878787879,0.26011050307443506
-0.21212121212121193,2.878787878787879,0.20330538034476678
-0.15151515151515138,2.878787878787879,0.1457537262726832
-0.09090909090909083,2.878787878787879,0.08766686882943525
-0.030303030303030276,2.878787878787879,0.029258101237220238
0.030303030303030276,2.878787878787879,-0.029258101237220238
0.09090909090909083,2.878787878787879,-0.08766686882943525
0.15151515151515138,2.878787878787879,-0.1457537262726832
0.21212121212121238,2.878787878787879,-0.2033053803447672
0.27272727272727293,2.878787878787879,-0.2601105030744355
0.3333333333333335,2.878787878787879,-0.31596050773144285
0.39393939393939403,2.878787878787879,-0.37065031475085225
0.4545454545454546,2.878787878787879,-0.4239791047791304
0.5151515151515151,2.878787878787879,-0.475751056076874
0.5757575757575757,2.878787878787879,-0.5257760635704434
0.6363636363636367,2.878787878787879,-0.57387043691217
0.6969696969696972,2.878787878787879,-0.6198575749858773
0.7575757575757578,2.878787878787879,-0.6635686143809575
0.8181818181818183,2.878787878787879,-0.7048430494538185
0.8787878787878789,2.878787878787879,-0.7435293216998594
0.9393939393939394,2.878787878787879,-0.7794853762718159
1.0,2.878787878787879,-0.8125791836009573
1.0606060606060606,2.878787878787879,-0.8426892242057569
1.121212121212121,2.878787878787879,-0.8697049349078336
1.1818181818181817,2.878787878787879,-0.8935271148166728
1.2424242424242422,2.878787878787879,-0.9140682895923599
1.3030303030303028,2.878787878787879,-0.9312530326487711
1.3636363636363633,2.878787878787879,-0.9450182421177649
1.4242424242424248,2.878787878787879,-0.9553133725573757
1.4848484848484853,2.878787878787879,-0.9621006205531811
1.5454545454545459,2.878787878787879,-0.9653550635313223
1.6060606060606064,2.878787878787879,-0.9650647512734567
1.666666666666667,2.878787878787879,-0.9612307497976071
1.7272727272727275,2.878787878787879,-0.9538671374437752
1.787878787878788,2.878787878787879,-0.9430009531786923
1.8484848484848486,2.878787878787879,-0.9286720973095348
1.9090909090909092,2.878787878787879,-0.910933184971176
1.9696969696969697,2.878787878787879,-0.8898493529249673
2.0303030303030303,2.878787878787879,-0.8654980203784768
2.090909090909091,2.878787878787879,-0.8379686047044506
2.1515151515151514,2.878787878787879,-0.8073621931028645
2.212121212121212,2.878787878787879,-0.7737911714117156
2.2727272727272725,2.878787878787879,-0.7373788114295513
2.333333333333334,2.878787878787879,-0.6982588182650692
2.3939393939393945,2.878787878787879,-0.6565748393759168
2.454545454545455,2.878787878787879,-0.6124799370994729
2.5151515151515156,2.878787878787879,-0.5661360266124743
2.575757575757576,2.878787878787879,-0.5177132813832768
2.6363636363636367,2.878787878787879,-0.4673895082999129
2.6969696969696972,2.878787878787879,-0.4153494947684592
2.757575757575758,2.878787878787879,-0.36178433017914774
2.8181818181818183,2.878787878787879,-0.3068907042317775
2.878787878787879,2.878787878787879,-0.25087018469695566
2.9393939393939394,2.878787878787879,-0.19392847726520654
3.0,2.878787878787879,-0.13627467020176132
-3.0,2.9393939393939394,0.1382450254725871
-2.9393939393939394,2.9393939393939394,0.19673243193100753
-2.878787878787879,2.9393939393939394,0.254497442719146
-2.8181818181818183,2.9393939393939394,0.3113279464262019
-2.757575757575758,2.9393939393939394,0.3670152631237314
-2.696969696969697,2.9393939393939394,0.42135491063217223
-2.6363636363636362,2.9393939393939394,0.47414735537335645
-2.5757575757575757,2.9393939393939394,0.5251987450519088
-2.515151515151515,2.9393939393939394,0.5743216204751398
-2.4545454545454546,2.9393939393939394,0.6213356038976556
-2.393939393939394,2.9393939393939394,0.6660680613631035
-2.333333333333333,2.9393939393939394,0.708354736610953
-2.2727272727272725,2.9393939393939394,0.7480403542206245
-2.212121212121212,2.9393939393939394,0.7849791897782413
-2.1515151515151514,2.9393939393939394,0.8190356049723664
-2.090909090909091,2.9393939393939394,0.8500845456538685
-2.0303030303030303,2.9393939393939394,0.8780120010310601
-1.9696969696969697,2.9393939393939394,0.9027154223139502
-1.9090909090909092,2.9393939393939394,0.9241040992703683
-1.8484848484848484,2.9393939393939394,0.9420994933112538
-1.7878787878787878,2.9393939393939394,0.9566355258820307
-1.7272727272727273,2.9393939393939394,0.9676588211011065
-1.6666666666666665,2.9393939393939394,0.9751289017545294
-1.606060606060606,2.9393939393939394,0.9790183379271212
-1.5454545454545454,2.9393939393939394,0.979312847724314
-1.4848484848484849,2.9393939393939394,0.9760113497148447
-1.4242424242424243,2.9393939393939394,0.9691259669017387
-1.3636363636363635,2.9393939393939394,0.9586819822070012
-1.303030303030303,2.9393939393939394,0.9447177456334759
-1.2424242424242424,2.9393939393939394,0.9272845334447685
-1.1818181818181817,2.9393939393939394,0.906446359880324
-1.121212121212121,2.9393939393939394,0.8822797420970329
-1.0606060606060606,2.9393939393939394,0.8548734192004952
-1.0,2.9393939393939394,0.8243280263976487
-0.9393939393939394,2.9393939393939394,0.7907557254672671
-0.8787878787878789,2.9393939393939394,0.7542797929052258
-0.8181818181818183,2.9393939393939394,0.7150341672568562
-0.7575757575757573,2.9393939393939394,0.6731629572985686
-0.6969696969696968,2.9393939393939394,0.6288199128746899
-0.6363636363636362,2.9393939393939394,0.5821678603325815
-0.5757575757575757,2.9393939393939394,0.5333781046291102
-0.5151515151515151,2.9393939393939394,0.482629800303913
-0.4545454545454546,2.9393939393939394,0.43010929362922795
-0.39393939393939403,2.9393939393939394,0.37600943835189504
-0.33333333333333304,2.9393939393939394,0.32052888754010184
-0.2727272727272725,2.9393939393939394,0.26387136413519613
-0.21212121212121193,2.9393939393939394,0.2062449128870688
-0.15151515151515138,2.9393939393939394,0.14786113641998858
-0.09090909090909083,2.9393939393939394,0.08893441823402473
-0.030303030303030276,2.9393939393939394,0.02968113549517705
0.030303030303030276,2.9393939393939394,-0.02968113549517705
0.09090909090909083,2.9393939393939394,-0.08893441823402473
0.15151515151515138,2.9393939393939394,-0.14786113641998858
0.21212121212121238,2.9393939393939394,-0.20624491288706923
0.27272727272727293,2.9393939393939394,-0.2638713641351966
0.3333333333333335,2.9393939393939394,-0.3205288875401022
0.39393939393939403,2.9393939393939394,-0.37600943835189504
0.4545454545454546,2.9393939393939394,-0.43010929362922795
0.5151515151515151,2.9393939393939394,-0.482629800303913
0.5757575757575757,2.9393939393939394,-0.5333781046291102
0.6363636363636367,2.9393939393939394,-0.5821678603325818
0.6969696969696972,2.9393939393939394,-0.6288199128746901
0.7575757575757578,2.9393939393939394,-0.6731629572985689
0.8181818181818183,2.9393939393939394,-0.7150341672568562
0.8787878787878789,2.9393939393939394,-0.7542797929052258
0.9393939393939394,2.9393939393939394,-0.7907557254672671
1.0,2.9393939393939394,-0.8243280263976487
1.0606060606060606,2.9393939393939394,-0.8548734192004952
1.121212121212121,2.9393939393939394,-0.8822797420970329
1.1818181818181817,2.9393939393939394,-0.906446359880324
1.2424242424242422,2.9393939393939394,-0.9272845334447684
1.3030303030303028,2.9393939393939394,-0.9447177456334758
1.3636363636363633,2.9393939393939394,-0.9586819822070012
1.4242424242424248,2.9393939393939394,-0.9691259669017388
1.4848484848484853,2.9393939393939394,-0.9760113497148447
1.5454545454545459,2.9393939393939394,-0.979312847724314
1.6060606060606064,2.9393939393939394,-0.9790183379271212
1.666666666666667,2.9393939393939394,-0.9751289017545294
1.7272727272727275,2.9393939393939394,-0.9676588211011065
1.787878787878788,2.9393939393939394,-0.9566355258820307
1.8484848484848486,2.9393939393939394,-0.9420994933112536
1.9090909090909092,2.9393939393939394,-0.9241040992703683
1.9696969696969697,2.9393939393939394,-0.9027154223139502
2.0303030303030303,2.9393939393939394,-0.8780120010310601
2.090909090909091,2.9393939393939394,-0.8500845456538685
2.1515151515151514,2.9393939393939394,-0.8190356049723664
2.212121212121212,2.9393939393939394,-0.7849791897782413
2.2727272727272725,2.9393939393939394,-0.7480403542206245
2.333333333333334,2.9393939393939394,-0.7083547366109526
2.3939393939393945,2.9393939393939394,-0.6660680613631031
2.454545454545455,2.9393939393939394,-0.6213356038976553
2.5151515151515156,2.9393939393939394,-0.5743216204751395
2.575757575757576,2.9393939393939394,-0.5251987450519084
2.6363636363636367,2.9393939393939394,-0.47414735537335606
2.6969696969696972,2.9393939393939394,-0.42135491063217184
2.757575757575758,2.9393939393939394,-0.3670152631237314
2.8181818181818183,2.9393939393939394,-0.3113279464262019
2.878787878787879,2.9393939393939394,-0.254497442719146
2.9393939393939394,2.9393939393939394,-0.19673243193100753
3.0,2.9393939393939394,-0.1382450254725871
-3.0,3.0,0.13970774909946293
-2.9393939393939394,3.0,0.19881399092652657
-2.878787878787879,3.0,0.2571901936602537
-2.8181818181818183,3.0,0.3146220016110999
-2.757575757575758,3.0,0.370898526879226
-2.696969696969697,3.0,0.42581312372862856
-2.6363636363636362,3.0,0.47916414738416785
-2.5757575757575757,3.0,0.5307556944652191
-2.515151515151515,3.0,0.5803983223370898
-2.4545454545454546,3.0,0.6279097447387701
-2.393939393939394,3.0,0.6731155011326913
-2.333333333333333,3.0,0.7158495973186586
-2.2727272727272725,3.0,0.7559551149596432
-2.212121212121212,3.0,0.7932847877812751
-2.1515151515151514,3.0,0.8277015423292455
-2.090909090909091,3.0,0.8590790012989757
-2.0303030303030303,3.0,0.887301947589342
-1.9696969696969697,3.0,0.9122667473764612
-1.9090909090909092,3.0,0.9338817306540277
-1.8484848484848484,3.0,0.9520675278428642
-1.7878787878787878,3.0,0.966757361233668
-1.7272727272727273,3.0,0.9778972901927849
-1.6666666666666665,3.0,0.9854464092306204
-1.606060606060606,3.0,0.9893769982053867
-1.5454545454545454,3.0,0.9896746241106437
-1.4848484848484849,3.0,0.9863381940728715
-1.4242424242424243,3.0,0.9793799593644702
-1.3636363636363635,3.0,0.9688254704174495
-1.303030303030303,3.0,0.9547134830029985
-1.2424242424242424,3.0,0.9370958159214399
-1.1818181818181817,3.0,0.9160371607251285
-1.121212121212121,3.0,0.8916148441729852
-1.0606060606060606,3.0,0.8639185442889247
-1.0,3.0,0.833049961066805
-0.9393939393939394,3.0,0.7991224430310586
-0.8787878787878789,3.0,0.7622605710242638
-0.8181818181818183,3.0,0.7225997007499761
-0.7575757575757573,3.0,0.6802854657505885
-0.6969696969696968,3.0,0.635473242645273
-0.6363636363636362,3.0,0.5883275805916303
-0.5757575757575757,3.0,0.539021597066051
-0.5151515151515151,3.0,0.48773634218146417
-0.4545454545454546,3.0,0.4346601338766775
-0.39393939393939403,3.0,0.37998786641847804
-0.33333333333333304,3.0,0.32392029475564826
-0.2727272727272725,3.0,0.2666632973527356
-0.21212121212121193,3.0,0.20842712021041787
-0.15151515151515138,3.0,0.14942560484841033
-0.09090909090909083,3.0,0.08987540308573036
-0.030303030303030276,3.0,0.029995181501627437
0.030303030303030276,3.0,-0.029995181501627437
0.09090909090909083,3.0,-0.08987540308573036
0.15151515151515138,3.0,-0.14942560484841033
0.21212121212121238,3.0,-0.20842712021041832
0.27272727272727293,3.0,-0.26666329735273603
0.3333333333333335,3.0,-0.32392029475564865
0.39393939393939403,3.0,-0.37998786641847804
0.4545454545454546,3.0,-0.4346601338766775
0.5151515151515151,3.0,-0.48773634218146417
0.5757575757575757,3.0,-0.539021597066051
0.6363636363636367,3.0,-0.5883275805916306
0.6969696969696972,3.0,-0.6354732426452734
0.7575757575757578,3.0,-0.6802854657505888
0.8181818181818183,3.0,-0.7225997007499761
0.8787878787878789,3.0,-0.7622605710242638
0.9393939393939394,3.0,-0.7991224430310586
1.0,3.0,-0.833049961066805
1.0606060606060606,3.0,-0.8639185442889247
1.121212121212121,3.0,-0.8916148441729852
1.1818181818181817,3.0,-0.9160371607251285
1.2424242424242422,3.0,-0.9370958159214398
1.3030303030303028,3.0,-0.9547134830029984
1.3636363636363633,3.0,-0.9688254704174495
1.4242424242424248,3.0,-0.9793799593644703
1.4848484848484853,3.0,-0.9863381940728715
1.5454545454545459,3.0,-0.9896746241106437
1.6060606060606064,3.0,-0.9893769982053867
1.666666666666667,3.0,-0.9854464092306204
1.7272727272727275,3.0,-0.9778972901927849
1.787878787878788,3.0,-0.966757361233668
1.8484848484848486,3.0,-0.9520675278428641
1.9090909090909092,3.0,-0.9338817306540277
1.9696969696969697,3.0,-0.9122667473764612
2.0303030303030303,3.0,-0.887301947589342
2.090909090909091,3.0,-0.8590790012989757
2.1515151515151514,3.0,-0.8277015423292455
2.212121212121212,3.0,-0.7932847877812751
2.2727272727272725,3.0,-0.7559551149596432
2.333333333333334,3.0,-0.715849597318658
2.3939393939393945,3.0,-0.6731155011326909
2.454545454545455,3.0,-0.6279097447387698
2.5151515151515156,3.0,-0.5803983223370894
2.575757575757576,3.0,-0.5307556944652188
2.6363636363636367,3.0,-0.47916414738416746
2.6969696969696972,3.0,-0.4258131237286282
2.757575757575758,3.0,-0.370898526879226
2.8181818181818183,3.0,-0.3146220016110999
2.878787878787879,3.0,-0.2571901936602537
2.9393939393939394,3.0,-0.19881399092652657
3.0,3.0,-0.13970774909946293
