ax-row-0-col-0_trace-id-density-map_variable-x,ax-row-0-col-0_trace-id-density-map_variable-y
0.9934283060224653,-1.3569894609744435
-0.2765286023423693,-0.6109989261073058
1.295377076201385,-1.1947621220902858
3.0460597128160507,0.22083609389223913
-0.46830674944667194,2.3943570629238256
-0.4682739138983611,-1.5420843142824092
3.158425631014783,2.001640995536828
1.5348694583058176,-1.5633441446937753
-0.9389487718699042,-1.6952544249937684
1.0851200871719293,1.6371892366864265
-0.9268353856249245,1.8438727560152335
-0.9314595071405137,1.7028198735253086
0.48392454313206823,-2.6315948164362823
-3.826560489315596,-0.9319019561441015
-3.4498356650260655,1.6459771840066428
-1.1245750584819454,0.08308368112778922
-2.0256622406688476,-2.1473856923949284
0.6284946651905478,0.9166358782508834
-1.8160481510424218,-1.429614517982941
-2.824607402670583,3.589049696784424
2.931297537843108,3.089682924836517
-0.4515526009730713,1.2081948527111346
0.13505640937584767,2.722013409539547
-2.8494963724269136,0.1295827002467622
-1.0887654490503653,1.5308749887500317
0.22184517941973217,2.95544059060415
-2.3019871548446056,0.4909973635886254
0.7513960366913439,-0.5103743430285673
-1.20127737983761,-3.4092439163542316
-0.5833874995865536,-0.16626705144298798
-1.2034132244587938,1.6468463691246227
3.7045563690178756,1.8912668551352594
-0.026994449475867842,1.0087301314368196
-2.1154218579118007,-1.0825981899244796
1.645089824206378,-3.953643137895181
-2.4416872999420445,-0.9904301960094702
0.4177271900095108,-0.6086897421079028
-3.919340247759551,-0.6258579343800282
-2.656372097796861,1.2371127139558489
0.39372247173824704,3.9713528220296794
1.4769331599908209,0.24705840368218604
0.342736562379941,-0.4334635783129233
-0.23129656477648106,-0.518443626008185
-0.6022073911785776,0.2487695338154284
-2.9570439807348547,-1.656587520696798
-1.4396884167894173,0.24039711749211015
-0.921277541919575,0.9016246726635996
2.1142444524378314,0.41937212714897626
0.6872365791369228,0.9150838680095624
-3.526080310725468,0.8674952186970706
0.64816793878959,-3.5437933644928874
-0.7701645608326331,1.2737403167908063
-1.3538440006119175,-1.3420296913249072
1.2233525776817358,-2.191678326007916
2.061999044991902,-2.2089036557099924
1.8625602382323971,0.8670832209450586
-1.678435046445277,-0.4451498544497059
-0.6184247517024292,-3.3639375679708214
0.6625268628071279,0.9560756303845669
1.9510902542447184,-2.8792162615976546
-0.9583484756905799,0.27964271703642174
-0.37131795332763423,0.4769978513461083
-2.2126699480120564,1.7711541633900898
-2.3924132481613416,3.563369572933703
1.625051644788396,-2.7293526518010833
2.712480057141646,-0.10494771212609888
-0.1440202431606677,-0.5526705900884347
2.0070657957840483,0.8674993719219245
0.7232720500952683,0.43133754186723716
-1.2902395092102485,-0.7050924854732399
0.7227912110168279,-0.881804377221711
3.0760731329319384,-2.232901710368095
-0.07165207821990308,1.9757231648130185
3.1292873116280124,0.9184083631990585
-5.239490208179489,1.8355363955902746
1.6438050087504477,-0.6207922729510273
0.17409413647634245,-1.3136709373888609
-0.5980147009317349,-2.1566301332584557
0.1835215530710046,0.717835167481319
-3.9751378292017856,-2.0795864490564693
-0.43934377567502386,3.6973261379331004
0.7142251430234928,-2.615285162186881
2.955788089483032,0.5473202384250038
-1.0365404365472948,3.1337094144275723
-1.6169872057863752,1.198179518527618
-1.003514087169073,0.35134742498355864
1.8308042354041483,-1.9369672939237912
0.6575022193193689,-2.763538377135408
-1.0595204075340776,1.5401002178351717
1.0265348662267122,3.012294481549893
0.19415509869608077,-0.8776999809563429
1.9372899810657784,-2.278123015232702
-1.4041061877547047,-4.916338861098037
-0.6553242931955364,-1.9615296873250754
-0.7842163062643153,-0.22731368499808038
-2.927029896264237,3.1982464816734684
0.5922405541291521,1.346267384465937
0.5221105443597787,0.610170809413506
0.01022691328492178,-0.8002393226022619
-0.46917426675029383,-1.1663314345119127
-2.8307414841008285,2.8112951950159273
-0.8412906455307181,0.40147708151677897
-0.685429033053539,-4.205201383842044
-1.6045545384432378,-1.3470792957944857
-0.32257142333201827,-1.7164320635432535
0.8081017136290768,-1.0925280183549297
3.7723718024210604,1.1258213205701704
0.3491556256636779,-0.21488976358849882
0.5151007814455287,-0.15373081400732405
-0.14889183153233443,2.6269463226504732
-3.837542430598083,-1.3929221795733768
-0.053027750898433756,3.728399051774699
0.12046041988205287,-1.3426151827421722
4.926484224970572,0.17839639322514275
-0.38472192956224505,-0.5624071908055338
0.6030946846672249,0.2468382670019221
-0.06942353941048662,0.8891839901462579
-2.337356075239064,0.8676704801777531
2.285645629030041,-1.50623466124116
1.5038660653735483,-2.2458293548951413
1.5820638940860938,5.0063435818114215
-1.8187749095894779,-0.9679686792011062
2.8055886218721984,1.3984248773439731
-2.8037021255845618,-3.2152826210463936
1.1737141876005406,-0.5592254398093536
4.380911251619957,-0.25439876796488586
-1.9810726502613767,0.945630139855665
-1.1325954592055438,-5.444908281983878
0.19930273017528244,0.3322812261566613
-1.0069513082323984,-2.2994829107357857
-3.1013268621322654,0.6486914223898477
0.13712594961205465,-2.072658393676326
-2.1246074274522098,-1.7109653918511627
0.9471848612703632,-0.5472552207865363
-1.8388484684676063,-2.1046589392063906
3.099868810035079,-0.9510688934707097
-1.5665065846724742,-2.3867515370866306
-0.6441230324113512,-3.666340903397455
1.6270344347393395,2.035914104858719
-2.4617286328679104,-2.5920973856478566
0.45491986920825883,-0.35736177521596707
2.614285508564856,1.5057821629875698
-3.214966469122455,-1.2298882050320863
0.3692677170646084,-1.6503317994910758
0.5197655884968471,0.45247617733484297
1.5636457435546207,2.235867645454304
-2.473901421756164,-2.3386305301729378
-2.6409132261685526,-0.30029566403487784
1.0438831312337953,-3.4649891899346548
0.5939693464663721,-0.78640200736438
0.5009857006917531,0.06840936907615089
0.6928964189939514,-1.7092492835101314
-1.3600494431569816,-0.9139836676504629
0.4645073943220071,-2.8164535366149
0.5861449465973625,0.15415722276298724
-1.4287028360527356,2.1113884977662996
3.731549022289513,-2.1942877395409273
0.947665841823575,-1.2453435331047658
-2.382606994405297,1.0050924929083636
1.3131072172676594,2.4241814386454723
-1.9493633404546429,-2.9863796244178626
1.574169207484904,-0.33756947483189864
2.317191158014808,0.56626164463905
-1.641364636703421,-0.20411278125769594
1.9267522584886436,-4.953584133754174
0.8255618538729966,1.0021800186175438
1.64412031998898,3.0386727021812883
3.7935859653078947,0.23332350233900687
-0.490776232005741,-2.0622121065885266
-1.5074723287149792,-1.0262544927285662
-1.7790288592510466,3.539826135311186
-1.6316205699308766,1.8199250817211172
-0.1542034188282084,1.2800532367686586
0.6823039496332878,0.7128251670687521
0.5533815986600381,-1.3222742243819448
1.6543664980720476,-0.40114236131153713
0.02600378375581404,-0.15584547135703172
2.9070681543146337,1.099148632128888
-0.5293136664759122,3.017837788533807
5.440338333179238,2.236676273586256
1.2513346955300124,-2.838768711592081
-1.714315112832565,0.44798993780209745
-2.1417849961222246,1.473526690335794
0.9649448304863706,1.2377206602892707
-0.4469255706517018,-1.2584675267748389
1.428000988184184,5.828218431536723
0.9464752491470897,-2.5541691246622378
-0.14565782531374555,-2.1663768933321
-1.69358743613681,0.4671901625231526
-3.0296944493717293,4.233606109927707
-0.8930299041340422,-1.6723897014083418
1.7127975886469446,-0.5316567312939846
0.4281874882604079,2.1545873460313856
-2.491477557423976,-0.035724309775467
0.346361851702364,-0.6692077090605913
0.7706347594576736,1.1312658037734402
-1.767714872402266,0.5450359804591862
0.3074502118910558,2.0608775712735827
0.11641743689199979,2.582937778130727
-2.285940595661246,0.6140061200107234
0.7155747206965666,0.583465450756618
1.1215690527364688,0.4282219645722671
2.166102486350554,0.9782611132985752
2.107604104069806,0.11034127574292785
-2.755338735914182,-0.001216964644578901
-1.8756500798302456,2.3932542416544846
1.0300705344173195,3.0322323607100863
1.0275719018244176,-3.0151058892668416
1.0300953726120958,0.020042303481138144
7.705462981309442,-1.3773888668904695
1.141781021386334,-0.6219429329721446
2.271131280361198,0.8050324194706429
1.9080035269864046,1.3388767430849369
1.302782502611596,-0.2242528872226898
-0.6305384892806912,-3.8266806694456057
1.5179384409865349,-1.9300911611523592
-1.5456504290751436,1.792999340400332
-0.47363721348001775,-5.4808528440698625
-0.9707270956582069,2.3748543033639997
0.1637482787726451,1.0424599812890827
4.629317133347017,2.632352163060044
-3.734530385183496,-0.3971383737619209
1.372520380749027,-4.12281084804581
-3.2254317423793033,0.860725283012996
-0.9438637315788669,2.5493062480766824
2.177901193934732,1.849443611026842
0.12856003819092554,-1.3253829669760708
-2.1554895558586122,0.1735221509252934
-1.4306074185199364,-1.065672537559848
1.3591954978693517,-1.6385329283787442
-1.4607332634342733,1.910777142359702
0.43291717916394973,-2.3950646225303243
0.09114367980762757,-1.7876328611632253
-1.3032006952116342,-2.208051266944771
4.287888178650651,-2.9804950465980933
1.2678380446360225,0.29282858368520687
-4.050285173315214,2.323006096963952
0.3729086295388553,-0.3697535124905313
-1.323572929536776,-3.011495601128333
1.704866669592448,1.679889079484055
-1.5850414768654013,3.371403508069943
-0.22947288293379803,-1.292484648293189
1.0099745579609143,-0.9571085334354366
1.731510388340243,1.0313212601667885
-2.4005928141115525,3.2437474955701027
-0.6690024716818967,-1.0396682914504523
-0.9498906223219123,-2.66489956199641
-1.3066584651474238,1.2628372125448128
3.5309084805621938,1.5981361462845987
0.8099634219219111,0.012262900870453706
-2.5217679086700904,-1.1162665193149013
1.8357238941095522,1.9887574619840926
4.2443123940252665,1.0560720090959286
2.0649305211022937,-1.5368710338069858
-3.038739931908027,0.098189462611343
-0.9684681457325027,-2.703415064049293
2.5338222983732455,1.3717809128758403
-1.4153389312375615,-0.5244671387657118
0.8876388562924569,-0.8714216647694742
1.5492681068586736,-0.06574897030486831
-1.853860943156166,0.08061539866049565
-0.11905071212360016,1.789860123131121
-6.482534680138145,1.182181062650443
-2.0487752826685797,-0.3128185575856054
-0.5051363027863206,1.5273362994379904
-2.495566363929699,0.8014745073832261
3.2648226078632705,-0.8531992725720742
-2.8602827559212654,-0.2494363164729718
-0.8800889733939675,-0.2964457776862416
0.2614811545721827,1.0105226863484034
2.882546578132231,-0.7340452294432835
-2.8717243023588788,-0.7808183728432666
2.326327504309919,3.9375146188679175
0.020466122039174098,1.8794709634942084
-1.9630173020959019,-1.5212013288502781
0.9242069485265415,1.1418819878843967
0.39811939114694006,0.23670013131035447
-1.2004337543175894,0.7831023505201876
0.13960416998003783,0.2746826491302091
-0.7706271937235204,2.3792852909704716
0.22703469050249608,0.6912406893028917
1.3242613490420934,-0.12417739642857481
3.172033632290704,2.0843811539660346
-2.475630997653698,0.466570082175744
4.266066749312533,0.24295715865811565
-3.9041755990450038,0.628045204972229
-0.30357019007116665,-0.187218046732733
1.176634412969153,0.018453985990937803
0.5619837354700653,-1.1733891775237455
-1.2453990396411876,-1.5023344392477576
-0.41624450071455044,-1.9971407729648791
-0.9860018693176656,-2.783966573594152
-1.178729513888423,-1.759434722769113
1.6992041940420493,-0.34853406893385125
0.7140309719300947,0.20623516489127403
-1.3858191905213084,-0.542593126295281
1.7991997508665014,-4.711406980254716
0.6145990417532187,3.1491727155246845
1.6257242376779202,2.1729602457807635
1.2592576838472245,0.8915197024342574
-1.6579900218441446,3.814981345106536
-1.1203620803939391,-1.9547282349674213
1.4945872102465236,3.7752502412520093
1.2207405308669297,-1.9304281535010959
-0.041803187928296265,0.47747585058271313
0.234654766617564,-2.5476746502684087
2.55532979157685,0.029388191088733584
-1.1831427776716599,0.7723329959967774
1.0941947623400758,-0.3093806622691094
-0.4043853048677881,1.427754888180275
-0.4353624064544406,0.19802889897451462
2.19755370397438,-1.0448294567550185
1.6508326979760597,-1.1336266356046785
1.627019272001277,1.6218275452313928
2.610957614308658,-1.307484059613935
0.0420076832655181,1.8308059409698738
1.3639059425899278,2.4454235856638618
-0.6205335131869121,-3.33742772469226
0.6483327049768842,2.2658527746020694
-0.26028610873536917,4.120845396889398
0.19399192998543638,0.5040075224038569
1.1903140508738272,1.1981683705896446
-1.636441366466945,2.074010648738317
4.1847745513709205,-0.5509646303580445
-2.012034762999404,0.3645604470757394
-2.4283772255754643,-2.6283990592462185
2.3162217470001356,0.27727005706090196
1.5833253879258717,0.996223991289083
1.2482396341043103,1.0323260458529386
1.2566910185285598,2.130849447195161
-0.024493545693829246,-1.5496043562710582
-1.794508742971663,-1.0652135133469929
0.15160911638745267,3.7910146919827103
-1.3543234230242234,-0.30065674752741983
1.9502394668355023,0.400067574624656
-0.2941147630042773,-0.1340200834504421
-1.650994393585023,-1.6433616526100447
-0.6427716833059869,3.2470584217836125
0.8258629085512487,-1.0554028238412114
-1.1274491056079494,-2.25457104741386
-1.644440791132863,-0.9014805546055032
0.4873744229838246,-4.003412003451067
0.48993314221744555,-1.3025749299663636
-1.0138863507422595,-1.9362571957046533
-0.9420766112366455,1.2348572618546487
0.4640998747152726,-1.346828479119745
-2.8961686829946482,1.775607871157697
-2.8149275487531105,2.7969679861386427
-1.436888442504872,1.5623506725751983
-0.4268943034236945,-0.4307765777201532
0.6218151311960092,0.2822289934111859
2.950712433899104,-3.049969880288119
1.7153192464040388,-0.26755874504247934
-0.3198770599268542,-1.7208769361336662
-0.03803241580537766,1.3886527622985978
-2.0050587292756177,5.145504778488948
-0.03702627198477986,0.9996432719476187
-0.5773172778402766,-3.982280297909333
0.645437120676179,-0.7224603858287459
-1.654461887104646,0.24498185074890932
1.0386930284823446,0.1747148505205274
3.0654778260051554,-1.4616262512175062
-0.2175202969137152,0.4905834852738706
0.8034234441978829,-2.4850016738387746
1.380287983422225,-1.889817445370134
-0.8024409437716725,1.291595283207423
0.44818496362083354,-2.031326461759652
0.02518480156358972,1.0764232109845144
0.19535219709766344,-2.738927549312116
-1.546019567710933,3.529651767583472
0.04902034851788543,-1.5485398448081094
0.9959965824908995,-0.44733314360688825
2.9022872155900834,0.6612265221808118
1.9185416521704137,-1.1306999050021886
4.306364915023113,0.28681192214260887
-1.534695125776099,1.1507134490402513
1.7446412734413563,1.9212264650069706
0.3666840114767035,1.5829948719459144
4.3796058664353446,-0.343620927605348
-1.616596570710303,-0.29326354808720456
-1.6794436843615521,4.698217116050065
-1.1987852908880443,1.8997781364985842
-4.247791448619614,-1.8436473126404274
-1.051510043361522,0.1999763275311036
-1.518265323107396,-0.670286277556385
0.30078757295241526,-0.2706684678462194
0.6835119515543189,-2.458990315416176
3.7523416784317725,-0.8238464687719063
1.9008476763721005,3.6231115463878263
-1.1538073113248062,1.158152601751006
-1.796829342696716,-4.98232281630292
0.9838383430130114,2.4334469849958937
-2.6404664140412843,2.1792590458183225
3.6629175317087075,-0.7185706086128331
2.358880241442574,1.4345270875664302
-0.9383513042094096,-1.7187984216344014
-3.426269058181755,-0.9405114325327147
2.7077447483308257,2.9970927213397074
-0.22907969050523577,-0.5434600797394168
2.4756326239469235,-3.739463323909982
-3.188855317588734,-0.1266064455626735
-1.1987500459075457,-0.1571767858287136
0.010487399436366332,2.396737138746919
0.09396118752948411,0.028672844351520045
-0.9001309429584873,-0.8431646228805855
1.2456998646949975,2.090112290462412
-2.1352408587651888,0.24158046500222055
-0.284758970042587,-1.500045363131434
0.24059126342379772,2.3099951210832352
1.028877668117498,0.38732352903359846
1.4232297561777796,0.005851933358875398
-2.2492841836757385,0.3558167828233088
-3.0682283414712446,-2.141336742833194
2.555353643797018,-1.0553075523566746
0.6646280239591833,0.007165203665566566
-1.4969730731131072,-0.3893273900493599
3.102303951045046,2.544856765633191
0.23134926858571733,0.4348117054540069
2.358594368127653,1.709807845272805
0.1350369628202179,0.018790709151698913
4.121495849763974,2.112576967492246
3.510681684886409,0.7950555131463078
-0.497928296958147,0.02684097077692022
1.9431419019087108,-0.026566177918039047
1.290751899170295,-1.9088772525819266
2.7372631150646973,1.0138314402726214
-1.929846921160209,-0.08040946907275792
1.3721029199968786,-1.0039839203624092
2.1168489736991756,2.2129235416241433
-3.5174789728462286,-2.5004320517896024
-2.36651702533155,-0.844991790864868
-4.078464355520201,2.055437497559067
-0.5388136688891155,0.6310458818405065
1.4350845115919246,-0.09571785530551462
3.004714104192056,0.5020070863002931
0.14818956083955037,0.3588283420976826
3.2572310911425837,-3.0333250925718427
-2.7602029164297828,-0.698523770695923
-3.4067648787103093,3.2330433090274977
-0.11109539779323756,-1.3186482695543351
0.7681308978786145,-0.6366020282086681
-0.06538949618818622,-1.083241526618375
-4.134884200079753,-0.17403044663627482
-0.17824007902557681,-1.1662456626485962
-2.6089390010097064,0.97348300431612
1.339345097660077,0.3946268245805331
0.7331964921936965,1.5470952302140362
-1.8797595726547105,-2.101882332377921
-1.027733834673387,-0.6806809657658065
-2.118427043777903,-0.45144526322427003
-0.12535819454634375,0.9112938201771895
1.9102846410024765,-1.5864423944140689
-1.9714520926710875,1.8313076085166882
1.0080930310356888,2.3728311810352176
-1.0605152367448816,-1.9777446952711677
-1.5857456645246883,-0.9817457897871315
-0.21406071990911565,-1.0638630165841847
-2.070484644838748,5.264772409354997
-1.107298610694364,-0.8598002104157734
-2.395755785177697,3.355250884312269
3.9294502658327786,-2.5332639902132192
0.07052710394345722,-1.9793019323287269
-1.3994510159851712,-1.3732090636964016
0.427959821468444,-1.6913786228930447
-0.22465609938165965,-0.5357974683169975
-0.44193919906644596,-1.4175564054429963
1.2283334000868504,-1.638683185469147
1.5150154200946102,2.3169439929466553
-1.061002295221055,2.4475872450263303
-1.15163648128936,1.8985929967506314
-0.550103394303288,1.0479979111686561
-4.60384232947117,0.18548613155910457
-3.0303821243971045,-0.9940613813318174
2.7337485348890493,-1.906315009510184
3.2899354270025674,0.7259914068653748
-0.49807207911275664,-2.347260785093596
1.1531139261115328,-1.9878418583507866
0.6225003090870722,2.3058265124096193
6.157761616910475,3.801298083444174
2.2391498228691535,0.7865902763329615
-0.25583518296153307,2.2129143045892885
-1.9110808812008515,-0.4916966348879667
-3.212892640515145,-2.6753483721753684
0.4069272717344462,1.224343237237168
-1.5127014905686067,1.1385786465401277
-2.8445074191953483,0.14333710776048825
-1.2931457684850531,-0.4847509162102227
-2.16309600722879,1.9244211571621959
3.3742832701451295,-1.9714660668549489
1.763279513898901,-1.5475611577813155
-0.015945282633234744,-2.016213013520856
2.9598882777800517,0.16994592527165442
0.1547366152952366,-2.1757860242185165
-1.7225684026565273,-1.368484361030487
3.0462481545393145,-1.4115111244543959
1.0778200873693173,-0.5212166646679164
-2.074492308652913,-2.9747488928079537
-0.3806773561672164,0.174409984074534
-1.7512365067695144,2.4946073013293555
-2.765599461928672,0.27098274463352384
1.8523550950632828,3.0826422896026413
3.818833280940261,2.6679963717538504
-2.7971351476382824,1.5554700944957092
1.1259384733811417,0.1493716852737713
-1.3012851382436539,0.04500077649087914
-0.9742507675293921,1.5275995447265198
-1.1847878484777383,-0.7833412190080649
-1.727981539359632,-3.7650415029349276
0.09704325588965398,0.9840081082059197
-1.6619002328220756,-2.2621372598699425
0.5409136515596776,-1.9242824563807694
-0.1004762188982739,0.00044789599157609334
-0.4778960937328195,-0.19024975510693962
-1.8151273240831958,-2.8241512126312607
-1.1535426611366655,0.3309831282662806
1.510782451651512,1.932279321722097
1.0018343752487615,-2.2566831405315657
-1.955110489597102,2.5449666616975186
0.19866461085845175,-3.120341650259888
1.502774246743578,4.234648288741907
-3.3388105622427435,-0.8225208609669666
1.08672038475987,0.2912339936537825
-1.3252475178916934,-3.78406714497134
1.1411973371863187,-0.12427213293861704
-1.5265183130850337,0.4569643554363835
-3.609764201329038,-0.1723242081989891
-3.2550848757663253,-1.1261621541047473
0.09616989332276399,-1.8931290370556297
0.5194450034429637,2.261053239074622
-1.8086332502088172,0.06161426999590028
1.2771849175547478,3.0815047530335447
-3.3230401245379197,-1.052964709589846
-0.13215959729463314,-0.8695893867444339
-2.4220323995249133,1.6311884891923258
-1.3036722156043183,-3.245949924007128
0.09479734263282803,-2.426926720305846
-1.7208267305679048,2.194969942706327
-0.7691110884596507,-2.3438678584463895
2.012585618428881,-3.6381020306050953
-1.1537837390462975,3.737054376146182
1.6713842241302836,-2.787635295748411
-2.259413709315236,0.36823879665633924
1.0596083558305656,0.1381703854485423
2.8831372413158007,-5.621256633236167
-4.943289000254579,-0.5346340463356178
-1.5937905109409536,0.8968264989582191
1.15414425436108,0.7086187630377212
-0.4060907720859854,1.8070413676070032
0.7422917467426177,-0.7749826298108681
-1.2079703734316412,1.4250088841843214
0.17317957494579983,-1.3786581361601438
-0.31135447078415895,-2.82093483282555
2.3355641233196147,-2.595456751362465
0.5088416866024262,-2.9242209103908294
0.6752053241504044,2.0191719357823876
-0.8237539322449348,-3.029147018117113
-0.9752124481449871,0.5480776812986065
-0.8651163756392418,-0.531848388144866
0.7889042847565937,-0.2052971469012632
-0.8419689616405259,2.7272145903993996
0.5795497137928258,-0.8768547344305468
4.150801597290878,1.2232031230993665
1.7422494068633847,0.07512670276222341
-0.6520470643356823,-0.30403781126539575
2.4024278443278897,4.599938248772947
-0.8161507460431028,-2.8826834914307393
-4.076249070355708,2.5782636708748896
-2.016172621834808,1.3128131309799442
-3.7415838420517114,-0.9590499892635681
-0.7030269680826173,3.258637034883224
0.0368367583791034,-3.6962202247770732
3.3528746245505654,-1.0435333145981434
0.6538547475283253,-2.4169644085381523
-0.4382010576177285,0.8241669297429203
1.6588111623669783,-2.226128202374355
-4.42227061801577,0.8661278934826382
0.47122911621713187,-0.3728728316431081
1.5417303877739337,-0.9587078853121687
-2.957172491559683,0.777294492066621
2.287508086413858,-0.5372432478761282
0.6769928149888282,-2.1772696861180774
-0.8305758278016026,5.602745979269957
1.2655637322125697,-0.9743343660582892
4.541385715608792,-4.4352181603040295
0.3637325101169903,-1.6841973794427771
0.49644117260067216,-2.5345533767454604
-0.9187217990804882,1.6522912320810312
-1.6996887389295836,0.643305319183172
1.6606716330884912,0.7974256035806884
-1.7121676518177344,-0.7400449316744886
0.14313247443878493,-0.558700494113843
-0.9553148935302334,-0.7418622072153365
0.9579596514927837,-0.16238636827093944
0.6673242105738966,1.6706668707296706
2.0750798885157984,0.6721508250106929
-1.020032797709494,1.0002256592417333
-0.5397498705867425,0.9991178164984055
-1.9575274315646147,1.7688848747634758
-0.8885865201522232,0.5763000830805093
0.7546009860897044,0.7176961453578375
1.5139772332907038,2.377612482386313
-1.8443306483552508,-1.3300918360062242
1.7392118402113204,-1.7114851599030143
2.711275717609902,-2.371843198373712
0.8268698064474017,0.36582912724051186
3.753591625116132,-3.7074644824382466
-1.547578398207146,0.9243081921193547
-2.489309406622834,-0.21838618900110535
-3.557440497808557,2.2692793996421137
2.992088622978366,-1.3438346209299812
1.3087313127081155,-0.40663657083501353
-0.11116934182091014,2.2444066665867375
0.5599372526396406,2.7662712935563047
-2.250978094596753,-1.36030473150364
4.891503959233653,0.3635624651743202
0.258442363950455,0.5888379553680962
0.21878958920978578,0.7473068112422966
1.451533247797384,-0.5251513186312443
0.9620184634734265,2.5627667962472698
0.44776804855826274,-3.7794069672430908
-1.5809489108906238,-0.842260469602168
0.9429367142719914,0.8958614655458939
3.7640489929500673,0.9144496238986871
2.6908400923099554,2.705518061229526
3.186373253278794,2.396450786402574
-1.0224313528623703,-0.5710832506144475
-1.9792096405171618,2.599742487061209
-0.2515738401992963,-1.4280834875549098
0.11144982457738921,1.861774765583675
2.188383036941897,3.6210449568419865
-3.3849292594296387,2.4298882137099382
3.0591006389212274,0.21154076704824645
-0.31601579715797884,-0.6635575435442445
-0.8537621398948401,-3.0571825925185725
-2.024208750520335,0.621079275828408
-3.3097133437315387,-2.2304344559418383
1.6463411679238291,-1.5862693272278736
0.14663593437680777,-2.381491601473343
-2.5799217994821078,-0.9207846653133103
-2.590157544127232,-0.055938828973964586
-0.6715693985802564,0.5472291623314103
3.338043050578786,-1.2010132708279266
-0.5191827027272096,2.1385674127903664
-3.0062859062362124,-0.4164105159799319
-0.49148612817188864,-1.5754448665310383
-0.545447139495341,0.45258453448687275
-5.393773285883143,3.927105667087632
-0.10858973303562441,0.6703211330702357
-0.4618690604173559,-0.7257112547472142
1.3924127296268367,-3.054922712237408
3.6979121898906904,-0.4388246419441407
2.253130059095515,0.46985625017623117
-0.5377773811096611,-0.7751617825111401
-2.2130518174833407,-3.330769276481999
5.146719606499721,-1.7011307790068677
0.11843686802897652,2.9090769217755152
0.027858583825892406,2.868002007460922
-0.048250174220006554,-1.7732783384091961
0.3961695215357099,1.3455135743988438
-0.28872082384788494,-2.3571455695403474
-1.1473240137604725,2.808632563989905
-1.0937178824807843,0.4904716957884727
-0.06550654043199677,1.8992829972330676
-1.08684954226753,-3.430186694365078
-1.4256915653543287,1.3552742038497763
0.21286045538379367,-0.015348127369006944
-0.5099544348417105,1.7038581415816851
3.007985977165377,1.8297355961956994
-5.301939616786024,0.13156937894949888
2.1830137038449235,-1.2016592781918294
2.492170384995258,1.5593923643589886
-4.146780464816299,-0.12030899881025536
-0.6853751881606975,-1.745569907055285
-0.7428817319915829,-1.8403044629153715
-2.8150233894356425,-2.954328832624763
-1.5556333751817506,-1.0205823191261265
-2.2211516909316575,2.2053840921487566
3.5045408868472454,0.3556595994108685
1.8713567862949223,-1.0595354118460814
2.5431101899883175,1.6097118763601594
1.4433441280864703,-1.6649532434467775
-2.2581035424344584,0.1907005486655571
-1.0490405325595473,-0.35926074545103065
0.9787491224558361,1.5582612511767044
-2.4442556177838908,-3.1544567418390015
1.4259968603447761,-1.7003954916293116
-0.48065079631627006,-3.276491318189067
-0.749641615099195,-0.51919344361854
1.421919936406983,2.422855007264861
0.8885266229720795,-1.0108944193070544
-0.7219323316381598,-1.0213678763913014
2.318659606728496,1.7434488483682729
-2.1621266551997946,2.1370991169105995
1.2318712138885275,-0.17714213453757985
1.1862025159367675,1.3694297080997844
-0.6190928786279806,-2.153909081755893
0.652266044484236,2.7559486678508276
-2.502227152770606,4.297412587874103
1.848054038413802,1.0424315823774497
-0.36980427288597806,-4.168663242685601
-1.045446041038079,-1.1164605247955686
2.0980184516737785,1.2256506433386427
-1.4086873810855185,-0.8429659943327256
-2.8169225927271193,2.544397108500195
-3.1132583470478075,1.1763145288717305
1.2120199026912792,-1.4129510015315931
-2.560858704992566,0.06452962154250559
3.5095883639687293,-1.7876664412781802
-4.163858815767444,-0.3651697568248836
3.3929127365800764,-1.1091864808651035
0.4220349344052368,2.3495236004660764
-0.19342622374078478,4.23202411366199
-1.0898381736178995,-2.862376666471504
0.7982722287041417,-3.8464325724195043
-0.07526940484969673,-0.4903448437027714
2.206603764033043,-3.036831397657365
0.2284552973240793,0.0924232073418343
0.3006035229237552,1.4978722276118535
-0.7272244244277117,2.98828379453365
-0.11389124744213491,0.40278911743056217
0.6156035377841184,-0.386310449699158
-3.420336785313251,-3.9567698331461685
-2.696370844211426,0.052370298371596874
1.48652818804543,0.14257452109892338
0.3417308762558837,1.2779136284254906
-0.36796667270535827,-1.4169762030581823
0.03686786613078632,-0.8701052004717194
0.6951634107233421,-2.9560045106083686
-1.079519360618723,-4.5825856137681305
-1.5566094508046253,-2.2169941815935665
0.3916905101953631,-3.140651628506033
-1.956745555230064,0.6734245908412224
0.8165055114289437,-1.0362681133337146
-3.4051672084756808,-1.0764742601495783
2.0583112746512873,-1.9688260923504242
0.945194964826086,-6.465130865024867
0.5120594686277513,3.016621497495101
1.9653819678910278,-2.0005410455535766
3.3309488889251533,-0.824840139699814
2.028740130036261,-2.909784330578621
-3.6817484626632906,1.9438606868812678
-2.559153933471403,0.28685787407464886
-1.2496371553913577,-1.6527305705317372
0.05218210042166757,-0.7844592226880477
1.035318040938246,3.35635984424974
-1.4514876263069312,-0.14593886376255658
0.37353352895415665,-0.3634670752318117
-1.510765864706645,-1.8827629722785304
-1.2230356059838965,-3.789162300944606
-2.8133221936964445,-0.32007734715868885
-1.8464664922218086,0.6509702246492353
-2.7033692112326673,2.199168928655339
-1.9517465059546655,-4.496993068999311
2.107283593215679,-2.250192654046058
-1.898797777663886,-1.1614821811129006
5.264764129674782,-0.006961697146403657
0.9866358017617785,-0.2900673830568449
0.3696722473897478,-0.2433773713745391
-1.7167155603624271,0.816192117139889
1.4006197588179827,-1.8065862215582185
-1.1512756524755479,1.868282884467389
0.24401962929072288,0.8669048833989614
5.120169076537589,-0.6396645282561587
-0.19211979944929974,3.2018159837778306
2.2985466525713516,3.1128320711435338
-1.4063528502517748,1.8657907103876172
-0.0699769809939234,-6.037113541135585
3.54160127127102,3.1578901854359507
-1.2539341155755348,1.5895170449438683
3.6248971159938574,4.012817275425873
1.4155038709109509,2.474929183467077
-1.1249335517885353,3.156685354994571
1.264815478111042,1.757309700360758
1.9451088992534598,2.6973863972910244
1.2436199244343928,3.9882474814688798
-3.140449439780913,0.43310947675641165
-1.4542743516497372,-3.1444610881562594
-0.4950372711030095,-0.6149218000302843
-0.14886685820009257,0.7798911987668734
1.241344195101356,0.1497751687431155
0.35540200186650767,-2.493123932318853
-2.6706887174202025,-3.262135250389958
0.7603957020119264,-1.4823253372696585
1.2211714905676463,1.615479111968302
1.1195808958620797,3.160679541645939
2.1615614511092436,1.8331352275554025
1.6678443090978081,2.1148545742282723
0.9183601584568734,-0.16163114632711534
-0.14033142291729406,-3.484164915411928
-3.321921867031983,-0.9104411617654108
0.8592364382651717,-0.5175288237447575
0.4153753743262223,-0.9941049736713645
0.5431576743907469,0.10938973074925232
-2.553497151640619,0.882839519785901
-2.1621130808165248,1.706030376486995
2.106305706665807,-0.5562397287326681
-0.07911030771331008,-3.807518811289187
1.3630013947452488,-0.9657554385822698
0.056636752260922345,0.0874207939839677
0.05951227899149038,2.4456158442668166
1.8765676119519954,-1.1356156843682108
-1.0320894564347478,1.0250872567988036
0.19224155388196673,0.5801757992708647
-0.924550577410085,0.08780106624677689
-0.8689924548646312,1.861066638649183
-0.6183442469372787,-1.3216823935051616
0.4442675432674257,-1.1503728992870328
-0.9574972433269546,-0.023801646188456194
2.5115122511470416,-1.2802930101873995
-1.7892146044390078,1.0160245821091993
-0.3737432883227181,-1.4263846087322656
-0.8794621165483498,0.4526084154902688
2.8939557687074657,-0.20034553757351317
0.39310955302314926,0.4298519295534114
2.0636890789372697,-0.9194827901260784
-2.971120746073944,-0.6781765890536541
0.5341005317385177,0.19201853599409993
1.779261591246874,0.40414901232262535
0.16456797855084837,-0.008403830782312187
2.1309607501307024,3.410724713026168
-1.0345769002007443,-1.9814738374825684
2.81869488037116,-0.12840758990542717
4.5977962472385006,-3.1472580442339693
-0.7256771208793181,0.7441629573347726
-0.8910050428015436,-2.230493072753628
2.906768954235402,-0.5566205117531525
3.1591442914614247,-0.7441286506626518
-1.0457200543065366,0.561782253202343
-0.8403736341917145,-1.1055818350903601
-0.5635692177210144,-1.1906113953879647
-2.688901022068554,2.871712928171796
-1.8373038929683965,0.5691335809490525
-2.0082815335041357,-1.122101704044536
-1.5355951302082569,-0.5016673436224617
-0.06936977477356236,3.29070990454149
0.4684294650730415,-0.470329756502194
3.1010009856281537,-1.3785532463047754
-1.996708081477582,-1.3699923002527854
1.9686447969531675,-1.0982529619791548
-0.4279776884510179,-1.1889954448534448
-0.0989274193048659,-2.559295696698486
1.3496389843332075,-2.248400193893956
-2.2454440431245972,-1.65864074872274
0.7648194923681012,1.1831420369061953
0.3329044164261122,-0.762474574545747
0.9849025280162982,-0.41432337818808046
0.5783372878156362,2.540176050509794
4.9106002798217885,2.5900142998768363
-1.275479968502632,-0.5642498862754699
-1.0619939100036353,-1.261727021366818
-1.2462810528495287,-1.7288606273470757
-1.1109542383205093,1.3855515394164755
-1.2747742546130354,-0.40941446704457546
2.3780330622151036,-0.7729897806455804
2.8410084959797097,-1.6273291502751055
-1.1414925874989525,-1.539332818022777
-1.6647111462084574,0.6401163829864891
0.9428311127728082,-2.630876531774524
-1.1044460885619425,1.9897373875758768
1.2658636355110215,-1.067689287629837
0.4058460417025994,-0.29927188850358505
-3.031488229994464,-2.6739559162811086
3.0950104026601233,-0.024731876484729073
3.5917553461910434,-0.6566418853811197
-1.2255773809687724,-0.10016119771293328
-0.7754031198719683,2.943417796723781
0.5717307814498099,0.35539609158047963
0.66891357997405,-1.5893183682916079
1.3170885453456609,-1.4226398210931364
4.020409077532699,1.1902623718275371
-0.3538944549880988,2.597386581986848
-1.5965944890769075,0.5638360415021001
-2.7586384560290544,1.377425489109539
-1.4618600798838381,1.2194754466734101
-0.06625394574759419,2.838128826715042
3.5891157270355754,-3.8991803454520655
-1.0352225980723428,1.3344378786090565
0.447575903277797,1.9674720878071277
-0.03284579214550415,-2.677447412271147
2.376786546896168,-1.771336368012832
5.053864851747243,-1.7015654972563068
-1.0617375458406413,-1.4575803927547668
-0.9788788850364443,-0.9634341018710519
2.088321754138144,0.48520562610988294
1.3637829792526228,1.7313493023347395
3.693414651472067,2.162633915537073
1.1678563706519278,-1.6756461223355636
-0.7185841815741191,-1.6894059974059654
1.1813096613846186,2.631643680032446
2.2174071611658155,1.293487870837289
1.640964362394728,0.16572968373799227
1.0145480622145955,0.9466733511099342
2.133349379178308,-0.05960756370288127
2.3385911808913455,1.0491693660952293
2.7643179820750543,-0.672133393011481
1.2974197751792853,0.5376098688784616
-0.3342361606337087,-3.0210921007389926
0.29342737286664566,-1.375568589650862
2.4130179330167136,-1.354022353580687
-1.6338713419744721,-0.7487800664138282
0.7373466177458023,-1.8530265095594962
-0.7866776246547214,-1.0670872516461636
0.057489645869634974,-3.028828124796241
2.5569037252145974,1.0974009527898005
0.3821981360398067,-0.16502703782278896
0.09287309631229762,-3.4104152155520335
-2.7197122819598385,-1.6696598210933462
1.4925071320544414,0.6732028551243338
1.2909683622821508,-1.0860438927715794
4.32650944661092,-1.3938829202761933
-0.6155564699060017,-0.14918535401615268
0.43830065532787793,0.6871950703564323
0.4987673674215105,-2.872704914078321
3.1549065595269488,1.1002569624357588
-0.1905910647739042,-1.6005865632147533
0.5580430515406785,-0.03585593649959746
1.2157930194330784,-0.07084028138301905
0.3732182463127162,-1.0541322364795482
-0.8928672291010565,-2.047319492261429
0.38817998579661517,-0.5713730961845271
2.147263499719544,3.25066061815039
-2.0530305988221205,-2.723350060927262
0.265939348293752,3.3846260382097513
-1.4002416298783464,-0.5194423421530648
2.390093257849685,0.07074283417727824
-3.0463738095675494,-2.1734216227694545
-1.1178436945431767,-1.5425388333549617
0.7544237501290417,-1.0058193000760383
3.131048058468681,-2.0913899417558244
-0.1315005221459756,-0.4178359147417435
-1.1103990533863968,-0.8140317836135422
3.7623141388811803,3.701562284871467
-2.896027800832488,-2.331948371360922
-4.397611913240164,0.20538103349717451
0.8800289001066648,0.4956925638036495
-1.0041084487052223,-2.140641097303675
-2.0424656342614265,1.373654990905677
1.4167128945987066,-0.7966540257632562
0.48760142754239766,-4.9847793031661345
-1.1281572614734567,1.31969922420913
-2.560608797341789,-2.2338817682047276
1.7449146565602893,-2.095549892278198
1.300402355917322,1.3758041657847964
-0.19835172755876582,-0.6943229648368996
3.6932739920953317,1.8355443011030006
-2.140169532652305,2.4203321907306377
-3.0510503418494777,-1.2898569206445958
-1.3838161397624889,1.5865249919100612
-0.09117203271099561,-1.5109216027857637
0.48667889864538366,4.466231834264353
-0.48247211571265974,-1.3859140090624302
0.7041107930285936,2.052174881920008
-2.503078848380888,1.6875800517631512
2.887529208146519,0.6321756442178676
-0.1643023567851376,-1.3410863228333663
2.2345916631762552,-0.3027949838828184
0.6854506927554083,-4.307176225889104
0.9135064383075678,0.44884007676450066
1.1395345604644078,0.6992306620567705
0.8954171200346299,0.26699883812274294
1.2854455197350878,-5.946612342585115
2.658305060264863,-2.531272890179622
0.39304233940294026,-1.4961819656973252
1.4180075151770246,0.5833178663780922
-0.17947138857445344,0.578677811285969
2.8802344308989456,-0.34044758394235847
-1.3527846041185394,1.2704910732079133
3.6018808658216313,-2.0524847506058
-0.08031590128868682,1.2204700113879925
-2.8615502042360963,0.9494842096797821
0.25620882982157855,0.755109465675821
-1.3621033149497617,-0.36408086217131164
1.6812870979774481,3.6614876496625235
-1.3052479586047818,0.9863913769797572
-0.8923668664295594,-1.9366717265071178
-3.779081461891062,0.4966109514719684
-0.9046126384981534,1.504966754148437
-4.847758653257913,-1.1762171978486191
-3.1678056469714466,2.178544493862198
1.5208293122885947,0.7640674114320214
1.5716003173016644,-4.684956675330694
0.8509151235699295,0.5993439546758527
-1.933952286258426,-0.8120583088254307
-0.09542271228395971,1.074359629083472
-0.007205078181136809,1.8884296805036287
-2.3167293783850855,0.390324094283636
3.0067966035343012,3.330504467889391
1.7547245811513428,-0.35741376912699147
-0.44192834765932787,1.2496356461077505
0.05377167798906156,1.6098851472746947
0.41676561589510497,-0.1946919377854655
-4.083469736848581,1.5575486159555645
-0.49435476504119386,-1.1893459743243375
-1.363968495995597,-0.845136838042437
-2.003240019789831,-2.624977380672625
-0.5622005857719098,0.4828182327400939
3.595373053699045,0.6505033517086881
1.2816857225340197,2.3585263171584585
-1.1423579795655936,1.5822800087117672
1.1451655627123172,-0.5695911132948663
2.7987108731720043,-2.356359374668554
1.8492673658255376,0.865700805039948
0.11926073984034825,2.221506344829284
-1.2938735554111478,1.5103699476078867
1.3964466272271798,2.168955049714575
0.7869707708434992,-0.4237790623964851
1.7903864400554645,-0.933237936351291
1.270343603363939,-1.473802704463598
2.0991054306386703,-0.11179293322719101
-1.070470423121136,-0.1571815919376388
2.6347881312686514,0.4133552570782324
0.3951992093847993,-0.258594914071016
4.150521745250531,-0.2672554594535425
-1.3783756361791357,-1.5533881059442878
3.4719276063304987,1.8832380271029816
0.3958215669252956,0.1530361244874226
-1.3028360072288967,-0.3488878685705643
-0.9677716681086431,-1.4948585064984095
-0.6406946163886403,-2.663826220782172
0.8483318928038328,2.6159283850986874
1.0456709760709992,1.1092774162636143
-1.147400007877158,-3.2478356851399344
-0.04870918452196568,1.5262846014193139
4.284540717223727,1.8449623404662183
3.4550863402014227,0.24875224460185902
0.8726473393480642,3.196221791503518
0.07600695633640057,0.43343928424576594
0.2400626534365226,-2.8336470558983797
1.2270359454608333,0.730338002096642
-2.045585130396811,0.4897946034254585
-0.5147530748466902,-1.2065936975563099
-3.337168147755179,1.14711767375485
0.7984462452105585,-3.335330532381724
1.294391879405482,1.981133654885579
-0.966372924598748,-1.7562434072109052
3.1479735265800657,-1.9698922502340648
-2.4515313260046825,-0.22764954461495376
-2.9287497604196404,0.8659458560872708
0.4489036371199441,0.32784812718685924
2.094196605224309,-1.4853183315447565
3.3678553829157374,-1.012178582383777
-0.91776852573788,-2.266084694754924
2.1573616668625912,-0.44935980325974023
-0.07701693900141442,2.1500424290218194
-0.34525459988163926,-0.008525875287752328
1.7673198749733448,1.7188285095189062
1.3046457568268393,2.9108026754523832
-3.152784313968499,-1.176037038073934
2.9530806994517915,-0.37314650611072936
2.760182708294903,4.34238572212499
-1.2511254030190588,2.8886868239598904
0.7916070668748181,-3.344809051624705
0.9880603725654776,0.7742966321218131
0.5213475316478142,0.0011199846793907993
-1.1006103076908402,1.6529062217175248
-1.343246735876103,-1.4899575349701106
-0.051108141982890556,-1.6792167440813444
2.3454580385187294,-1.352141430587219
1.0872003091888647,-1.1438570923968656
-0.7412286641722119,1.6306483336180284
1.5433974212966894,-2.36240234629776
-5.697085241260151,-1.2452277999186379
2.297531400744207,-3.5780247810028825
-3.4794275575561993,2.014235646824746
-0.7248818828062643,2.542060198862281
-2.2393397892522877,-0.654146861727573
-2.5893629514418115,-0.595898729626446
2.321653574757039,0.9064438045657945
-0.9354024026237827,2.9489640147565113
0.6930077634614316,0.8172214951278345
-0.09384115775836814,-1.3950838849502292
0.9540816544462429,-3.237645143972881
0.15364378212051072,-2.2302525253269754
-2.5659844483771392,0.1464389006249301
1.99253363889428,-1.3106550464015887
-0.987513166322625,0.3899354119815172
-3.113163797319502,-1.105848032472468
-0.856230321931825,-2.116292862588823
3.0015195812686217,-2.354063262906142
1.7004434842269858,3.1247090187464592
-0.6973042688157184,1.7779754983672862
-0.6985154086368576,3.461035903655917
-0.6432701024347652,1.0799018015102058
4.153495967121682,-0.8599828172296781
0.7638709044631067,2.646681844979876
0.8600832943821393,-0.06613600272353573
2.0605669080636844,0.44168354058070464
0.47757831805302703,-0.08564875815103799
-0.5180842916414062,-5.893808438568029
-0.39269969816995653,3.2094700245897063
-0.1432025188281279,0.9820078919155069
-0.07444447301968318,0.6596461217370201
1.4552590872739597,-0.1235521245411214
0.10389177161459887,0.326855640772262
1.4652801544311584,-1.1945578716924954
-0.16143316021716464,1.2331587046145422
0.15727038063218118,-2.614196688798265
-3.9964013690642153,0.37213686494109377
1.8326553494049629,1.123146941142209
0.6929769517959854,-0.397338267645806
1.9960202197193044,0.7417355849420495
-5.792510756387379,-1.9826687844685005
4.176749409561455,-1.9316535417919283
-0.2791792563103475,0.47343424205278634
2.216365633475033,1.3570993092421033
-2.0798118542510617,-3.749731311003422
1.2255478101251394,1.0440412702215331
-2.1068311263473123,-1.0864030007526742
-1.2475379213916102,-0.38561217461482494
3.8280627077335723,-2.6790358471300744
-0.38136480152669316,-1.7032344803734163
0.43486574635944575,1.9322506510606225
1.7401354613775084,0.06572674796042635
0.9913637759452093,-0.765556803419117
0.30083781028715284,-0.2329767052620695
0.7299220049324509,0.9784236493286024
4.80683117047655,0.8809889923266755
-0.11523759406717078,-0.15005400079360173
0.402198093429935,2.1859182217933366
2.101308792015224,1.9409252738133322
2.2110518659159677,0.8267440582607914
2.3740606111207603,0.1092235658201409
1.2774604440583692,1.3146421902390781
-2.286009825460967,0.6285348436023668
3.266863064602192,2.121600143611895
-2.292690786037376,1.7991227534766154
0.6052709304780665,-2.036507802835457
-1.5085517000387159,-2.1719263414834127
-0.12827669318598509,-1.4024990888081525
0.6575248206069608,1.9522773801338422
0.6427144309005461,-3.152617993542491
0.8438415084705695,0.7895147782159866
3.227422538117294,0.7250861821859227
0.9070686030279597,2.3252961173723854
-0.48831327058129737,0.3606773813277749
1.9281743365767146,-2.6864187811678013
2.378940977849281,-1.9187099212962457
-2.455215630273985,-2.3639910437956493
1.194800139699716,-1.0758879326662807
1.4023454846217966,-0.3658031348478538
-0.5951270067199839,-2.330883052442114
2.751413626623239,2.9413239813045786
-0.30011117406505344,-2.650562743904882
0.2511529069430845,2.692206847724961
-0.3461436485677392,2.370326062878681
0.03115809516293507,1.7966050993780707
-2.1925501737904036,-1.387533214993501
-2.8801017651885887,0.6849017583538028
3.1890101264499444,-2.554742267101236
-1.6939226966366556,1.8218140700674985
-1.9827846989126143,-0.14796956307253775
-4.30678022720743,-0.8186404291733704
-1.2779234953790044,-2.4474896933125385
-2.6461795868149967,-4.955012237258034
3.284030320272738,-2.077081714071512
2.0196341786852683,2.225596391225813
-1.3763006903554476,-0.805666856949608
4.5048716106886175,-0.3386577142300946
1.9635309739831885,1.3111087165769055
-0.6496627670172449,3.61133775623253
-4.998811429747146,2.6500093098912774
4.5818851451814835,-1.9446700076323762
-2.779144933527192,-3.885141142874813
-3.2907974939137836,4.719228518200207
2.0451408640192805,4.537983223318907
4.879504812678546,0.3769071928585654
2.7685456370210364,-2.540976491163643
1.1278182401047192,1.9264530677878784
1.189508683330572,-0.21596737202522037
1.7068311175606155,-0.22596224621322097
1.5178571795735303,1.788917686210258
0.5623828479387516,0.6687494937465972
0.20840220790375213,-2.3716298220298904
-0.12518625579904483,-0.6494838701639477
-1.5079291777333526,1.3223058573226931
-0.5613501537335481,1.020504444810037
-3.385913628390771,0.5240331487169515
-0.19667925358949978,1.8668459089517284
-1.977182214301835,-0.7234339756345292
-2.207178634431542,0.3573395504381441
0.3597883023069569,-6.7511582003552
2.7840045726891987,-0.8993003876856278
1.836633212004626,1.5278058171512887
-3.141001207246354,-0.7807889342342851
-1.979256273140675,-0.932454783434224
1.8815423759764318,-2.082905903549637
-1.9649747870766192,2.006731785458291
-0.4492662999940492,1.0969265470811413
1.1001041980491038,1.6508291956461698
-1.9366889097272706,-3.452427923915779
0.2107510122919198,-0.3209000865312679
-2.668050989836409,-0.5602220155000124
-1.2027352879024273,-0.561143413197105
0.6395638682850739,-1.2320550874359117
-3.1859874670633386,-0.6922085435600305
0.880949475920798,1.6992895654133036
-0.03927559785336243,-3.8257027066956586
1.1049799088342955,3.554589536060907
0.44782826812932286,0.967682250052923
2.7282808599476884,-0.08466379132042552
0.25044900529581454,1.8136682927458525
-0.858811082250506,-2.90366949033687
0.24459500606456755,-1.329401810302028
1.0865960580727758,-0.24215086478110773
0.09772014065140866,2.731120740864355
0.08118338240776476,-0.09299316225311585
-1.4039833756135107,0.9001093423702925
-1.3258018351018963,-1.1791579918722555
-2.805210543599387,0.973684137934982
3.4991534863738787,3.3544791859489136
-2.48772647078257,1.9910533833482282
-1.3858103955918146,-0.16291197555575884
-1.4368145311383949,1.3509816945309394
1.7898487538888825,1.1550339092144235
-0.5898993565840556,1.0131753433945514
2.4954841453474677,2.2239067217208177
-1.346981248487737,2.208955407674933
0.5579883244476039,-0.2543171937497686
-1.6706941065195147,1.2837581229555384
4.290298255546777,-0.7661898423195875
-2.3751968380590256,-1.8461447926311552
0.619641420454055,-0.5389875114079729
1.267553761864197,-0.15255630347916535
0.8275981949029965,-3.323161978355984
-0.3705753177554166,1.7206651188334408
-0.25964139946685233,-5.534650845204796
0.0876229439582192,5.429633878972643
-0.29400400325697723,3.0037582675926378
1.9277582335898193,-0.5220174483446272
4.421046003182703,0.018852721127546476
-1.1149835700156672,0.6059437471745663
-2.7396059591581556,-1.178320775977884
-0.17656409670250964,0.3852382951738727
5.159418675308637,-0.2879999554033222
-1.6073491359394616,-0.18854543446193198
3.278233610888135,0.36292212696127735
3.3554016281528813,-2.6270555967079887
-1.1071764834159892,0.07913944826729627
1.1379661583705507,0.3268954932349545
3.256793246257076,0.2576992427118286
-0.7582554819749742,-0.4316615108723089
-0.40716072020472355,2.2757155519387435
-1.1633618278972875,-0.7073051097631023
-2.0295134613857337,0.45465181364638063
-1.2985550901320142,2.5945950678510914
-2.447880533524513,-0.15875228004062458
0.06816693651845214,0.42892653493510263
-1.5399464621172836,-0.1927692726297942
0.4675718235814954,2.4747395871271984
-3.1117912924072546,-0.5154491231725905
0.6617604644289141,2.566709154576411
1.6670579232178493,-0.2071757892941294
-3.987471285142911,-1.7189194468960336
0.7481131396951443,1.358746341148242
2.4553379849465844,-0.6093356675113121
-2.419282037382411,1.2410017981983257
3.3451447736754067,-5.458808769847468
0.8380380187320904,0.010410523789892762
-1.4100237115168177,-0.9192105975149608
-0.11153815531541202,-2.126517373062556
1.1166538250434448,-1.1064820036795988
0.152010782824823,-1.1474062885853031
1.0775119848927384,-0.09597158970116226
-1.8413471861587325,-2.7346529225699117
0.338721648072156,0.6325475605194274
-2.8274289938099604,2.732429570411576
-0.22245212269740064,0.5618569938956527
-1.8078152829295795,1.617977218458018
-1.4710598851795331,2.189124909227591
2.4721863504208748,2.4729790243683536
2.182620241188538,3.7402773856426106
1.218276241814354,-0.9984039965518605
-2.184625529345158,-1.436967970322233
-0.6328168993896038,1.5669312966494693
2.4261953999583667,1.4165324393147996
0.2834338272798095,1.5513505992313785
4.638659079963388,3.778564908500504
0.7866356787887437,0.022739817596988333
0.3840982329800632,0.8523131192923697
-0.6182329284050028,-1.9607765029669497
0.2670818095645646,4.2706422479519155
-0.3049396727610878,-0.673089842418222
1.416217353377181,-0.6164318563216599
1.9134046335891681,-0.6934997820164854
-1.571978921015899,-1.2897917172886755
-2.662465907115556,-1.4588740976952985
-3.672410746206593,-1.0474085657790504
1.0159826538250873,-2.7315918561018893
-2.206733212347747,-1.5706358405264766
-4.305781185904966,3.8979262228952383
0.7771572090619282,1.4713102872827373
4.985999034865581,1.851808353455436
-0.012141823079786647,2.3544175748338296
1.6769815489032838,3.6682691287247815
0.16365871709513002,-3.542845102887688
-0.19777930638228533,-2.459766230573081
1.8381529659755371,-1.6074473217893706
-0.5805490883773027,-0.9394595929791953
0.5347846281438059,-0.6011387811704979
0.6433956123920272,-0.8939551056120816
-1.3361809072860975,0.43861782626410817
1.9840846990730456,0.0705907814904318
-0.3499195133908173,-1.4456695903564993
-1.5114903189856894,-4.35109755397514
1.073019687140807,-1.9857374107573964
-1.7969359635820745,-1.0984773066251505
0.056362314738256494,-0.4941588736154389
-0.018237993288407087,-2.259334918621074
2.171791131663156,-0.9816129329928404
0.9493964657599056,-2.2619747769711727
-0.050053917490287834,-0.251638703096666
1.6355325984005742,-2.1461826567252307
2.7804150980346267,-1.697809312740929
1.1156206127037245,-2.617368261978278
0.020705239686761214,-0.3070013911395677
-2.623672464700319,-1.7328955399047967
-2.130227326150745,1.8135685333508587
-0.6104494087093353,0.811700533385798
-1.2190244043185663,-0.139703736367286
-0.373942605970892,-1.5949709946875772
0.11329984979421433,0.7610406106326058
1.0593855087134616,1.381401778697274
-0.14099755611818243,0.28537682440326056
0.9730032876524038,3.207403710933861
0.12894882962024048,0.9192746361496319
-3.9509331327077426,1.8272144351360684
-1.8786707876375086,0.2671308310719564
-0.28817511144323094,1.351328906513953
-2.419389485682215,-1.5935624653383507
1.199857459992409,-0.9167967264255876
3.0615016646873947,0.6987271069647595
2.4375237033946333,0.6841989631147632
-0.426885741860416,1.015223645886495
2.981452273699904,2.2007857845574583
0.2973349144042231,-2.849942343630824
-0.6741719422360787,-1.9489050952205922
-1.2268053270818795,0.45914528214850625
-0.6049393729762567,-1.4487272636069215
-0.7763536370824575,6.755536482578724
0.3408324447509754,1.031439238340272
0.3211479620997292,-0.15666169786031445
0.006092040306828939,-1.0309385461677183
0.8738763394926997,-0.9603245663860889
2.3812925495726827,0.06028132263035475
1.8991082708826474,0.22396386524251544
-2.969795936899807,-0.9133982893870259
-5.10784226980391,-0.5463044930398036
1.8686398224785474,2.688569150469193
-2.733757396830842,2.7690099253020684
-0.4495308037853671,0.5040679598697541
-2.340226052118719,-2.6825194544734754
-3.6039608751600394,1.077006313278087
1.082925456409576,3.108564883222052
1.5183103206052937,2.7395622039247574
-1.1530208014534389,1.4688517056193342
-5.18208458428982,2.8448459105716433
-1.0924888965049655,0.10676854495804351
0.783608010805093,1.25620593966741
-2.9578231375482575,-1.3615511326503604
0.3667198395583113,0.5845309123114243
-0.030619698345991115,2.659068487941049
1.1585829992021768,-1.178846822973782
0.23916073682830652,-1.7228868589285729
-1.946137881763111,0.1949778780473937
2.3931430033289827,-0.4533244074479991
-0.31705914605394003,1.2982954421408408
-0.05460907901986372,-0.9065190518940847
-1.866535918146392,3.436879231205428
-0.8865645023830206,-2.5793521959221115
-1.7696054280538018,2.507469572439469
-0.345892119846846,-1.5296984566162062
3.423416960284687,-3.5919654691680467
-2.7438022858627127,0.47575031269773477
-3.2271227957534823,-0.5092159720277671
2.942340654987217,-2.2192187358060615
-0.41864735430373223,-3.362753783430528
-1.3381454773198331,-0.01672157454291352
2.079809374792153,1.9516737832476356
-1.2112310794737282,1.1699069861728886
3.6520194270938724,0.11341329767853099
1.3558517426785381,0.9576951464354702
-0.9758228162914053,-0.05442826475571401
4.314616426531007,-2.8594484860607423
-1.2114298460066768,-2.8417879704468865
1.484190744018614,-0.40633705796935776
0.5985851608129839,-0.3213065727321489
2.603482578797596,1.7019653570135302
3.1230223934537054,1.5146084475494943
0.06400829813153325,1.2102660315178988
-1.506835740692367,-0.5605654261543614
0.9199442858782328,-2.761304340220279
-1.3554307395042122,0.8241422741320479
4.026774495053246,1.0503386265243368
0.2730706621654749,-4.777062924955372
-0.7306431026242174,-1.6686763731653254
0.3693606117298168,-1.382108754787792
-2.694252579059393,0.23670040224687255
-1.943228077021303,-1.6067208655313878
2.4008278158888507,-0.07626913764928074
-1.3137885579427915,-0.4210698807059839
-2.093821965363879,-0.31829894307545586
1.0733055050545723,-1.4327885874014923
2.371408309325994,-1.2779701081333552
1.4379066213301335,-2.1605341195613854
1.9920953716116327,0.760134881147664
-1.5135901771389215,1.1422052571827366
-2.8436213334836875,-1.5412359002506777
3.0026673039109735,3.041280192034089
-0.6453596776842715,-0.6292028948840978
-0.5016660329100947,3.0603712475931215
2.656388283698116,-1.2842543476632067
1.1124600188013198,-4.053155553198871
0.9117755441632153,0.8043956498247026
4.330004689802168,0.49709021023797445
-1.287036460760286,0.06878759061516615
1.8556802561624743,-1.2844649568879787
0.114026249794169,-0.06914445097163803
0.5371845577265139,-1.0225189157390546
3.0569368528250633,-0.6046991326635013
1.0156715125792475,1.68326451153015
1.076592158099266,0.36843445906018696
2.1450146746196044,1.2199027746639546
-0.7299054590857706,-0.46373701325157984
-1.6784193346780127,-0.6840346916095501
-2.089618388042067,-2.306965061777287
-3.9327131787520035,-0.740073225136394
4.112414259880644,-6.642229111178278
-2.2064167314433663,-1.1804439326112697
-0.442507247171544,-0.1637483543816781
-0.5536265997778413,1.127347308540312
0.6148133956182015,-0.5373557550499135
1.6314744250785935,0.6953470844899988
1.7209469767194907,-4.359577322780491
-1.166154877137877,-0.11367370441389947
-0.334243427572823,-3.359005585826807
0.5651599009765993,-2.4166070313186654
-0.49738225236709416,-0.37433109572772183
3.2146911520399852,2.552527975747109
0.9819499032765027,0.7424135269401175
1.469755572099635,0.03646199427423432
1.3257625373348254,-0.039060778934204406
2.34694771497065,-1.4272577864089346
0.3620431174074139,-1.0879668267453673
-2.593663895911693,0.8547520909415943
0.7993759035052832,-2.7707210368889887
-1.302713787583658,1.1861081005660423
-1.0572333634995137,-0.7770141342377055
1.1727280375101865,1.6511141497391306
2.4765661428672714,1.9221869144641666
0.0425431534721233,-3.34616802501148
0.6176660251979276,-1.1631615264544362
3.404429889270476,-1.7110553758812475
0.48150635897713656,-3.625455930146286
5.20336622836079,-2.065066552418821
1.1310192912630883,4.88251169053068
-3.5215255183116354,1.2190197924248802
1.506683242209065,3.834575937211508
0.7623167697655555,1.6581968800366713
2.579505508165491,-1.483686322016951
1.3463627025399167,-0.763542393348086
-0.27691196796754763,1.1768723604806146
-2.4485964725787315,0.8750124069460726
-0.41804651457205055,-1.1546840314166675
-1.7010409084186002,-3.019986341158414
-1.1610468996094454,6.575522374777478
1.1771568088412192,-0.28229934468561135
3.3398090087028125,-0.6514777863652399
0.7893430596459622,0.2266689278106037
-2.3917661240703687,-0.48545717862205723
0.8892053364402814,0.2454578154109674
2.393262973291302,2.5738945722328386
-1.2195658086387644,-0.24909695937284757
-0.2680343333458354,-2.325420878655523
0.029376389458394186,-0.32328758895722187
-1.56979662616448,-0.9288035628198216
1.296560867687718,2.8477978744937027
-0.24189629721556313,2.3422381294751413
0.8390648878140555,0.21505000086159765
-1.7749843556042002,-2.557471709638513
-0.8749166006468209,-2.4517845268798917
1.4447627156555427,0.030246523169107278
-0.745666304183534,0.6726459386425616
3.4539277024668102,-0.7492456386521098
-0.7992723712292047,-0.9603391684144683
0.44936945150377183,-1.1855984663572938
1.8651816637461798,-0.046787920487892445
-2.8367314658660634,-4.76552470414613
-3.5216176239615518,-2.2026532575394198
-3.0513126291401895,-1.2541016908947011
2.525168206854364,2.415006389903841
-1.1037162917848935,-1.6276272838578587
5.1163985713365046,0.3609362836624129
-1.1284951973147772,0.4530855018619921
0.36910260639407394,2.5958330113215244
3.0842199051357513,2.5251548139283004
4.012185776318246,-0.11500593758983274
4.123007153272796,-0.9509694823788857
2.416732461186285,-1.3276662056513806
2.048125051622925,-0.4821264449315618
1.1850538984023662,-0.8680667086471999
1.5567221523332755,1.107254818716464
-1.1023714326570668,0.8406196349704086
-1.6363977668446144,1.1836023822900315
-0.006748914821904103,2.5185674228723367
-0.3403692450498569,3.725738242800354
-0.9064560986545503,0.24932678681511375
1.3927748949134306,2.1989275427913064
1.9106104171410214,-0.7033203676684303
0.1768137725836947,2.3700139671660314
2.9550601621105237,2.1230183143516883
-2.28337822826701,2.0168319398859826
-0.38731891855943623,0.1881396823830477
-1.4336446412056099,-1.3367163279817775
-3.73307323414612,-2.789056875730953
-0.1653613716853985,-0.08007441504219856
-0.24349501676656707,3.066025084498366
3.026899486484262,-0.6196898027281462
1.261623369109555,1.570253170920109
-2.04837364865841,1.6879028010378623
3.7081851326683766,-0.5673724418543455
2.442067391050706,2.632689675039039
1.1641954069372316,-5.817321488961007
-0.45296819769966384,-2.44550055747635
-1.9188784734469595,-1.8312645927169195
-0.744413552142106,-1.6394300457347797
2.177497239408372,0.672525902371791
3.769172611869218,0.5800756061078037
3.086487056544378,0.7879811443500158
-0.9776988435725482,1.192162988264974
-2.2392348665780224,-1.9002091382912987
0.2817724938224079,-2.436352133614638
-3.5368787311257033,0.7926393640157259
0.6463354283695629,-1.2604641472928781
-0.29520517259733736,-3.140950090735941
-0.9320730037364845,1.942688569082963
-3.189406134533591,2.790203813004595
1.027200213139433,3.1143217793973186
-1.0654016793238228,0.37401544294944056
-2.339833671420576,1.2518641919458051
-5.744524426563299,2.7397364467238217
-0.05502981010127251,-1.2828315800468684
3.544503193339488,2.221355368108184
3.32251842909574,0.5507924682864174
-0.9141925131725437,1.827423304685182
-1.204424120723561,0.37218604175187053
0.9375485121500475,2.5925134194960036
-1.996770878376583,0.4470475250830737
0.6035837996389319,-2.967958118934835
1.5321605567693806,2.903853264629444
2.453866447768615,-1.895061481944224
-0.20030815295990556,2.5061164204878286
-0.40734750035393175,-0.18048576288064408
-1.755965173513122,2.352021970395413
-1.65376070807972,2.26953722973353
-0.4529577838030535,0.8602859486307426
0.7347310136323562,1.0170706352542616
1.8271692524664989,0.8452572343851319
-1.6063579013606897,-4.027649512562156
2.9853771379190435,0.23666043779640436
-0.5422472020851375,-2.23212835214379
-0.042734588696872314,0.34237428749132587
-1.4944233582956468,-2.285885092766431
-4.848480520545883,-2.36990388245215
1.7680907927220995,3.2098690035078037
1.4736877941848667,2.1388947762483794
-0.5626551142364268,-0.008285169888308914
0.13398143444974384,0.3695373004980478
1.031878435408199,-0.4958320514860177
-3.1250917137730854,1.1397527519590458
-1.0581053546925896,-1.3521087330976098
1.5885293592436542,1.9874805257359147
-2.508578846338499,-0.5061736820282217
0.5871158643332586,-0.8396939916624578
-2.71316360924681,0.0434260369696854
0.9328599648670527,-1.182293659851221
-0.07128296459496714,0.6573646989929659
-3.230263631811019,-1.0747251786267995
2.3294787089143427,0.9370472056376721
-1.4691831535960984,2.432013077822953
-1.620504874028762,-1.4386433736163473
0.4011383944618857,-0.2611509145903426
2.2972746988574304,0.9226614260708434
-2.031643637956794,-0.8717147099628137
0.1233596996959433,0.9286411216533302
0.8576330006611459,1.1107977213034799
1.3862112145262881,2.166523552588608
0.3528831105544504,-1.2119800921698238
-0.7340556781666446,-1.885550480460949
-1.6551804412974394,-0.6151547791274876
0.1722877660927495,-1.9355046790941999
-2.144278023971214,1.1289964080949941
-5.842700966989215,-2.3235026003528225
0.8731196083153356,4.6660328365053765
1.8078696821723905,2.5918557231475012
-4.725864871083677,0.025151539200628476
-2.019461409419875,1.734788985995952
1.2383085220103955,-3.273603728621583
4.114990939423397,5.046746662799116
0.04158741535081579,-1.180429224400979
-1.456005882458269,-0.24099482779871903
-0.3657928822096803,-3.7118665743768733
2.7497528382963696,0.9725746094817894
-1.2919283582490706,-2.2126883141542177
-1.5983840133005072,0.2033115231320584
-0.9654870443640649,-1.0885488658490763
-1.9066572165174247,-2.155487869860687
0.24534063198959105,-1.6087230035252342
3.249356916939121,0.4515760681710424
0.6461585462320582,-2.562981945737649
-0.5047070042525752,-1.497623342047154
-0.5836225378310882,1.3265467625289558
-3.126381617393314,5.204959749748626
1.766219554294318,0.9551776391060097
-0.15567439402560407,-1.834523284354575
-0.3609598271812513,-0.734228340144622
6.386215135689722,0.06317801230515659
0.5975058167313725,-0.6988499012714148
-1.5035821001903686,1.806116333473866
-0.8527151924110866,0.4349469660284491
2.2968914183935096,1.8157047698197404
0.22654082107552892,-0.6288875805952587
-2.8765559566347334,2.6510004394425133
1.838457869150407,-0.3329711685630918
-1.336288171077988,-1.9423797382759833
3.746595552435091,4.3546407620844425
2.160096131429297,-3.6499554939222336
-0.8946437913175024,-1.4774774506098551
2.562032723470226,-1.2540557036607891
0.1357110210548066,5.016612546113127
1.705547350244439,3.6137177682930233
0.9694656345889495,2.9878562872843952
-1.692713309981747,-0.6613173247526636
-1.287099664634924,4.85235600768355
2.0599216351623224,0.7367040076819424
-0.6695506642130817,1.9545267406062445
-0.8072969264839934,0.3593907622124139
-1.910245158698706,-0.09893314264650303
0.8471981311869221,-0.5035573478527585
4.12504983848629,-0.41927998683832446
-2.1350658285085458,1.2169832973561576
0.04843891334551614,0.734399597550776
2.8244411108308585,-0.06294274040736779
-0.1592827824914303,3.019047985397709
0.9047435924994678,-5.933506137481461
-2.1247870562937594,1.01977449584239
0.8566141944152972,1.4354774133179586
-0.37428853000909756,2.293925736510339
1.971459991359726,-0.12974288210672225
2.3747721031295024,0.4158401347679152
5.179127284037228,1.9718967666294425
1.1592663464271513,2.98233280856036
0.6515926331643329,-0.6010719703575363
0.38876860315467204,0.5339515662551204
-0.7063325856213767,3.3571479286975148
0.6769676869233823,-4.248054151757702
-0.5908028202780589,-1.3800251996291704
0.3369219525392286,2.931671957205926
2.6351950712159193,2.1850756672166063
-2.0130851305592823,1.0448904218533885
2.279757122258091,-0.8971937462182403
2.6342301346797306,-1.7636369979708388
-0.23613705398215748,-1.1824312384847475
-4.243709798017189,3.096016441637385
-1.215643974188865,-1.2568853783106926
2.5939890931222185,0.20284592847931576
-0.045736124597764244,-1.507415289723492
-1.9986044645898215,1.685548060198054
-1.0095498424564349,-1.0774525606928824
1.681240053009106,-0.19518778030882852
1.0934671364027586,-3.366764266085651
-0.47786419833938865,-3.2267364724098795
-0.7336488236293751,0.015346386643012614
-0.7835162980876438,-2.650314310395524
-1.844820368997005,4.2101732786690045
3.2307513789388835,-4.123046224224499
-0.6446409384226798,-1.6003505973282082
2.434317041650993,0.03340173453510084
3.0426321038449027,-0.730265875591569
1.9966217962959207,-2.208290913327838
-0.8632406254360968,-1.915855678990536
0.8074601806732189,-1.981308154998477
-0.04839121278183233,-0.5734433896401258
-1.8074037214602563,3.9038581790348474
0.648718563443206,0.1558745931164194
-2.358079582319605,2.365800978775048
2.3753587769231275,1.0139526916562833
-0.9292345945967861,2.227724795964441
0.4023193117456786,-5.599928605187172
0.5665757430922843,-0.6089160422964589
-0.5178099474081547,2.6142708463014275
1.1733876029505494,-1.1434716454986673
-0.9498073132450489,3.5249463297392243
1.7425945949144883,2.967780307535523
-2.691959360493497,-0.9382614322549248
0.25275915909282365,-1.0063270380927134
3.8778579981165695,-2.0272116847089374
-2.0006626492111494,-1.2591884637275954
-1.355489941049703,-2.4651781283378305
1.02781569931783,0.8576223608660112
0.3591635638791959,-2.912092986692867
0.7012601985471184,1.2074660323804436
0.978374260295327,1.2561573938004973
1.2694429371235398,-3.322408810367845
2.2193996839124464,3.099637212656679
0.8196373138570251,1.0272185888304437
-0.4825153092370849,1.499396042889738
1.3451474024054626,-1.5173304030855446
3.7997638697904312,1.2447582369462373
-0.2652674927651471,2.252786899444131
-1.949058609341283,-0.19721679800935457
2.2141613385739456,4.003844918496722
-0.24076232790719648,0.08812926982587538
-4.345339092028072,2.281571600904949
1.6948433543008432,0.58601761451731
-1.0706563719078455,1.1710430657137354
-0.18106656460832155,-3.3426645352695443
0.6639606611380291,0.7421074764307263
0.3809993595581328,-1.469950202514532
1.418903634278079,-1.6927966115553754
-0.8709727411396867,3.488206368931957
1.0262115963521654,-0.4275404961246978
-0.5190933551678344,-2.0066036619509933
1.477620961775006,-0.7182632562177494
1.2307349680261068,-2.6009004578438275
-1.8708774040891907,2.86776893639254
2.1719642323500645,-1.39136148833303
-1.071926890228096,1.0585998678873385
1.6161155965622902,2.7122134284206503
0.7345746268026813,-1.0003053624294587
3.676367353590245,1.064044864545572
-0.4469319647437043,-2.06017210980886
-0.698633592236395,4.891539138227368
-0.03883921177546522,1.8727602692332443
-0.6063595656685509,-0.38521287752161204
1.5998838038841001,-1.5456674617779276
-3.232621216873176,-0.2279931056792527
-2.107364838292708,-0.6799674447030384
-2.135605843158386,3.9058891079990135
1.9006151839471515,-2.4510694444298045
3.4212267451638505,0.26960284658040684
-0.208898437074943,-0.03667613326741992
-0.33764344638002125,-0.23482060068973895
0.14010432622636276,-0.21723330987668482
2.323756605216381,-0.2321416202409669
-1.8547062683811482,1.7461321326641994
0.47673796546957026,1.2179688929848702
1.9503952595648595,0.837823222745573
1.0021883398796905,-6.067978724290538
0.3791632331974868,0.5995897483263276
2.0020921851342823,-3.311278720340165
-5.406464585998474,1.2926403262716508
1.3557506390618153,2.9489947351410293
-1.3081513662548476,-1.8524782251771017
-3.661265793712914,-0.5235614446854135
1.0224051990499614,-1.198711410105994
2.7473170903259154,2.4708635515136015
-0.27489702925538373,0.1900557705441461
1.9057490944058777,3.4566587611326667
3.224556515977291,0.8275084058947751
2.6298289071680947,0.48490036127163877
3.279929058742786,0.1364135652056727
1.4842549821437845,1.6359841985146735
0.1508672778031856,-3.4753723964906866
-3.203931623794337,0.17068791104101985
-0.49212497625989715,-0.14009288745592968
-1.6864931906323835,1.4508376543155321
4.3418854349956275,-0.37540321174807373
-0.3517716248646732,-2.07746886832534
0.24640961356897134,0.014701349839398298
1.102970752080935,-2.1656810577366867
0.08720489274490745,-3.850524425174971
3.390102080861506,1.454244962970986
-1.245298723468904,1.1581231453893412
0.3892149104744854,0.9341818879871492
-1.4849411713960965,2.605856843891622
-2.6400450224414116,-1.3300637806078504
-1.2235381818105708,-2.86222828554251
-0.07407359409682404,-0.14005955361608913
-0.8586044490345199,-0.6950005994118209
-1.384841959747712,-1.6845914335401373
-2.8126349273436677,-0.15969830697559192
-0.16621114525738953,-1.2232102924091695
-3.0094407480620045,-3.6720105667136624
1.5201119273792052,-0.8823533815875206
0.16487950586900657,-2.2727503334077146
-2.915102998929861,0.4632961432218454
-0.6184181540997269,-1.3120695164813099
-1.5043128111811663,2.223262948282103
0.6383490208383609,3.2077321345357315
2.680900892046289,1.3587627460238123
-3.750344939291489,-3.10205236396664
0.23005215829483433,3.010391997758079
-0.3202655911332808,3.15144090074753
1.3426801529009313,0.037581022615881525
0.4263932564753783,2.645852320671064
-1.5039386634776382,-1.1033502760933562
-0.6381078713332363,-3.732491869699179
-1.592051713606978,-1.5205688772431873
2.1520142771971966,3.458601732089513
0.04262329734388444,-2.982159847222947
3.802381371506015,-0.000957436137010983
-0.12132162762924155,0.06828778668042443
-1.4168135338209256,-1.0259484879356235
-3.0274287852256543,-0.8870431996742301
-3.60627935251189,0.14449826847240543
-3.1682718860109795,-1.1243246838694545
0.5342533020229668,-2.844116994335862
1.0174500464598677,0.430063885886912
-3.162381404064267,2.1467331648899446
1.790076628152231,1.7391450373068422
-0.966122103366879,-1.619470934779623
0.29358602397109873,-2.5024558307553515
3.2244412565108487,-0.5683757643095572
1.7936786317310638,3.135583019591328
-0.5370612958116646,1.2911961579190911
-1.7823844508305748,1.4079293535884672
-4.30363080265861,1.7797139035709892
-1.4383066384848402,0.8415331250371727
-0.4222604776553889,0.24121709522715726
-1.974359054302368,1.3246137932959359
-0.26251393418460944,-1.0923322084360394
0.15370376591753643,-2.8289260227326416
-0.4497119636161571,1.4459938692486465
-1.3000051616469195,2.4754762114984503
0.33730934393345535,-2.2364638787120628
0.8838812991388181,1.6438429648318005
-2.180798154885692,3.36153142677638
2.82186475949254,-0.004492403514241959
-0.19717626456852347,-1.6360043694834925
0.037699245889695324,0.24603734705351124
1.4164288465131143,-1.1010679364014027
0.4664322625270033,-1.2334602199128033
1.9062732678264902,0.8663681345430853
0.5742483304036484,-3.2074589500597908
-1.2248747492808758,-2.8878578449844543
0.7230070504122033,0.038581760747885614
-2.2874524146413235,-0.04461707782486238
0.2171194115530463,0.6871091540798715
-0.0664599812889216,3.750450776966777
-0.4162337145450794,0.20902807215164226
-0.2570750228778615,1.196344300669589
-3.763698090995278,-1.951065871229264
-1.097449815481923,1.5358753270330743
0.18568980228222942,-1.0527817302213556
0.31971278399480074,0.14284166516218635
-2.0553502818519163,-0.2176972501383234
2.5314156817294013,2.065948469828062
-1.7323496964290017,-2.619953108749999
1.9389144010534736,-4.566477269230079
0.8543887237433697,-0.426865394175849
-1.292454619687606,0.9370625138102482
3.550621785219024,0.30453875161500005
-2.38727366351296,2.4644084748278225
1.838308347220003,0.8747453483593367
2.0011646360859565,-1.1276966637197199
-1.3412404181532898,-4.650840308279361
2.7849306001286576,-0.47462446839043654
-0.5000930291979055,2.055918004515596
0.5773872585597141,-0.7840955653342292
0.5206436775424415,0.056640527355528394
-0.2686174829410956,0.8427205086134171
1.6216165463195642,-2.0305847484996318
1.586977441104426,1.2464717932776348
-3.4970639464763615,3.2742435800034113
2.608680485756305,-0.34562670378681265
-3.3249839760713487,-2.2581288436646036
2.0650924086833147,-0.13320205404394742
2.2534102736551667,-4.448768217217737
-2.1819328604303965,0.673806527953232
-0.8216285759091696,0.9045487552971576
-2.2114093369718715,3.3512725876911245
-0.42984206057747065,-0.38798958513325016
-0.6160685683714825,0.8169706762929405
1.5593210645386797,-1.7225762047718023
2.6206174922392167,-0.7128542410501574
2.791367621579912,-3.050370873324396
-1.1243360531566042,-0.3895792425664712
-0.41844374748905555,-0.6106183070371297
-3.3668763844419005,0.5983995321777917
-1.6117401329923775,-1.2471937606652785
1.9297032661949152,0.1666907019501838
3.2311656470964634,-0.6667601112153313
-2.468697743759844,-0.6629987765990285
-1.1849285183057885,0.16072465192606028
-0.05281151391785406,0.08104588463401984
0.5603223176392136,1.522348078103277
-1.6192070398432923,-0.24128606825966972
0.8481220889281794,-0.6997706982460064
-0.9476786941418323,-0.36161489017445236
-0.028904541756558207,-1.429328233681985
1.0925684960073991,-0.7198221871333431
0.012844539621875633,4.062317426146462
-0.8727717810531372,-1.8253575213917341
-0.21921960785166167,-0.5573126677586188
-0.17672591841067065,-0.7749773265393808
-0.7400220597642554,-0.49434322448879897
-0.5175921253342047,-0.6624786177567901
3.197294341009434,0.5584802024419995
1.1218388958824774,-3.4203502027835886
-0.5909606360583207,2.074342945064009
1.3939088090214713,1.2651655992843946
-0.6676389795120199,-2.4857431721262695
2.3462492751732826,-4.538154545904803
0.7392843843961878,-1.9541442922828023
-0.21460428800845777,-0.48533292285424506
0.8954338516205552,5.16058379738155
-3.1417523041369986,1.0865139299485467
-2.2535349378196106,-3.615179298362915
-2.387850012798111,-1.379311009801888
0.2858861895274135,-0.10642487254596646
3.465029998970184,0.5073671085961938
4.462600292385265,-2.629497720620846
1.2761022028815143,-0.2699804559541228
1.0016889498889139,-1.4352782752210813
-3.602115468305478,-2.207517125204633
-1.0853475994680435,0.5191912933979078
-1.5755675038164778,1.5477543468856445
-1.241695196502232,1.682082553923239
-0.3362876371695792,1.148772702267752
-0.9441811553942547,-0.9947390662805257
-3.9585996207515755,1.4290995229270116
1.4958205122350676,0.6181088762085758
-2.145486051479613,0.26788376590402635
0.4784937282222991,-1.2233862434035967
4.148165339499947,-0.9937522546830565
-1.8387691831728468,0.14777387224910804
-5.0605750454926595,4.879748933971003
-0.5720084437602216,0.6024849601827803
2.201919269997142,-1.222377004500572
3.9166949084411877,-1.6647788899388856
-2.4590991889048337,-0.9835332253124056
0.9933984464730434,4.354586895098131
-0.9306209135601067,-0.7985132918919241
-0.2118967086082713,1.81374106922057
5.2886866940340695,-0.7518564909427128
-3.0059406567903064,0.5223690825592573
0.5074793229891469,1.5834905480174446
0.9353863435308664,-1.143805699619848
2.1715726498786942,-1.2822233083055392
0.19596630694179087,3.3177393889106597
0.6161010790082047,1.9691857897915939
-0.7832971348435822,1.5813446373814564
0.5382538824902147,1.574552586245828
-0.686384550994821,0.9191509766221309
1.2431437797121017,4.03555162635013
-0.7392206720872679,0.08781660375431359
0.7542007878043729,1.1545247344018388
-0.05852562736995671,-2.901825857188025
2.2521005015443363,-1.6499213731824818
-0.10278744717697248,-2.401637999670081
-3.546064936413763,2.5481271670322987
2.5238430014279833,-5.1050803040415
-1.8114646017252378,-0.8046200455054453
-1.3075326772976397,-5.987413205321245
-1.1913225880869842,-1.6625757909637802
2.7488761863416347,-0.9818978994637327
-4.271348427957391,2.769742187588088
6.2754970673199875,0.7932558784429143
2.1121136181321036,-1.6662830466579326
0.44647782825831933,2.131927439463652
-0.10978800123257278,0.03566450905951506
0.5711081497153139,0.07513371741450464
1.0422448567586766,-2.405343015543984
1.290431171900114,-1.9800274278062786
1.111208932006897,-1.6501945998910488
0.17916136251049763,0.09292254630837915
-0.3946768406146522,0.1557714539613496
-0.3025465673070234,3.08818532704809
-0.389816560705362,0.7701103358756687
2.267540193734129,-5.415131387344216
1.1871134445617237,0.5252839757433809
-5.8807772693285605,-2.9000327123350655
1.311801553059522,-1.9319418492230729
0.3894723894375497,-1.6243389434526598
-0.03741751289179483,-1.3266766470246036
-0.7770369061777717,-2.750298784080606
2.248225439972027,0.4069640069045753
1.8950529242457157,-2.8216045701819183
-1.5457553356472182,0.7133352144996938
0.8141045742490702,4.473942154123259
-1.943313469082572,-2.6587181178681276
-2.759236329577861,-0.5690206086784443
-1.2534344491799303,-5.04691472502494
1.7247869447655175,-0.6018705859402663
1.9062500907521733,1.2854343052629675
1.026170840194586,1.441278462714534
1.4501915736959943,0.1547274605681934
1.0323565742299168,1.7785268495179516
-1.2829631904459045,5.0921090718855835
0.8638450893478813,3.4246093748751987
1.6008190504553645,-1.0450418588192738
1.5085826596271485,-2.902207972933477
2.377826742949286,-0.8123028331476071
1.4166076944021275,-1.8939655312346964
0.7028964150831658,0.9026950957292653
2.140300476632855,-2.3623870788589962
-0.053042518498120125,-0.14564486518068415
-1.7637493024554356,1.6760281090726208
-0.32613392788752776,-0.20139174563435402
-1.4898052896128982,-1.8926276454955928
-1.350356549948763,2.3496281151713836
-0.28903734143103565,-3.7579618895076545
-1.5848398419999226,-0.6555901117549262
-0.6159230592780806,-0.08332004676266948
-3.7872293339075713,0.03181731679926216
0.42658741474587714,0.3609921121561624
0.0024109507244484737,1.2208796396189863
-1.6341772621363813,-0.07081487809070172
1.3184913368648101,-0.7361165642873614
1.8751402752531168,-0.8151786893193912
-3.2151197287379483,-1.2230316040767093
-1.5254495571324285,1.5750866486537305
-1.5382846995745965,-1.2930569589530292
-1.8798062022177293,1.6935422180164887
1.658949683863497,0.03799816451974201
-0.38765227754560705,-1.0425096137122591
-0.5290296826212215,1.2368144314882696
-4.007724728813507,-1.4549078494462364
1.2708360604184528,1.2763680814564258
-2.478516789706945,0.4254522423835697
0.1198652605326565,-1.1926493781838414
0.5547538759163834,1.0572696306691183
2.721317191677302,1.0931794513772775
-2.617640798238224,2.3150392116199154
-6.039024311641651,1.9322940248185918
0.3676990895073897,0.9825480414525657
3.6010223630217073,-2.2551819024175264
2.4778927058788747,4.897173976348114
0.41931883054925156,-2.8072324221436205
-0.9832723712640947,1.898526348564618
1.6142451932746207,0.8625676337725969
-1.9470923994089373,-2.3482847449622293
0.9527155387124385,-0.24860187775699835
1.0109403183332537,-0.15750577248928094
2.1204198149977596,2.611165431621047
5.519320077822155,-1.426621800560423
0.7848319343575341,-0.5238900128487078
-1.0179272514149975,-4.672139210042526
-0.05114862438398887,3.4695255862471543
-3.5381518097782365,-2.1409364860401423
-1.3894262621781164,0.6538217284783499
-0.818564876226208,-0.2028156594437279
-1.048176795869185,-0.19600193356667986
0.304709744067444,1.61972396974175
-1.6448398647644011,3.342524920607269
2.242061334648943,0.5029873398839835
0.0004141298363941877,1.3101560352610517
-0.018600642277228834,0.6577830734540817
-0.6557894330258357,2.0350628478612527
0.31038136771795827,-0.9258327589726543
1.6501965293352694,2.150781108832828
-1.7342604314218006,2.220999731294768
-1.3162329781505133,2.1650740173658196
-0.6074520575533293,-1.320295734672952
-2.69174184694643,-0.33667526847438173
-1.6385157194429956,0.47893397756086986
-0.9524417470893181,-2.7416840896580115
1.748778361425455,3.1898404161720295
0.5251226580038499,-0.02455306700435177
0.3871798227350887,0.5678557752094432
1.7017959243359444,-1.154008879454406
-0.2747435767987933,-2.6537551187340456
0.7809296998577792,-1.208059770949542
-0.20644350586499247,0.43840837526717685
0.5307246987992569,1.346857625507387
-1.1655173152231642,0.3235830812054403
-4.877634316552858,0.6934480324839007
-0.2685583243726083,-0.6740527493627533
2.84549627219988,0.9924971324908562
1.8524308044831848,2.965665732771814
1.9307949691823414,1.4095788848779738
2.4722614436124357,1.6190837765058805
0.17731518192287488,0.5880327986132621
0.3946314148111912,-3.0063101391992038
-1.2353037908687003,-2.0893330612624865
-0.6321457120540995,0.9097516013276866
1.2315422995422831,-0.02187810392017169
2.4077688743376324,0.879685772945656
-0.2788925513619991,3.352846835688147
-0.9003785297028232,1.4520719984586674
0.0010559177131945856,2.5177724114856432
1.2024134978582297,0.18936277894146009
-2.8877096322670837,-1.6144313549688796
-4.592361906274476,-0.11573231842868204
-1.101073698983167,-1.6095036274382757
-2.4414248518283173,3.116589913544896
-1.0162803952946218,1.5807821530709392
-0.29556063763494306,1.0410249932565592
-0.9064968180460268,2.4718864044562068
2.904935068941491,-4.040112829046451
0.6534895292046401,1.1762759026853191
0.6009487192216567,-2.6212915686087452
1.2444142880868039,-0.014511396931322331
-2.2776662355615382,-0.6234151849344289
2.0782235748405373,1.3234732241938958
-0.15152857307091977,0.45637457792191083
1.340961234482425,2.690234347223577
-2.143714466080311,-1.2037943218652272
-3.1075175320321287,1.4182287792665678
1.6357793160500573,0.32444643379766386
0.7528190521950332,-3.270580540143105
-1.8041031087150208,-1.8372329170460653
-1.7393261625493888,-0.2997560670443366
2.250869568829539,2.2245848997834554
-2.3788237857346557,0.927446115114229
3.285345906511927,-2.3350016477614286
-1.8012414692957375,-0.2806324560943195
1.276783851216766,4.03561289758606
-0.6572369514979692,0.22244666968171606
1.2063748621646861,-0.6546511501447915
-1.0882280042283852,0.983479281512441
-0.3255858121445884,1.52678615916394
0.08183835079144226,-0.9123366949601182
-2.0043749115629454,1.005149548742874
1.4816486908402517,-0.6577789933416185
-1.0264271329431705,1.4386552036588767
-0.45719983068003717,0.33938631594256746
-1.9886987492170245,0.9639356541057844
-5.124667317590621,-1.5183670923350088
-0.38205552520033803,-1.6425727681457185
4.825230843225832,1.8909946093187895
1.5692085757960477,-0.1587927627709875
-0.03852075946878928,0.570069484198723
-0.5257816584165353,-0.6127908541730391
0.04493178562409276,1.797453548027288
1.09423823035042,-1.2156199600593154
-2.3616256306176897,-0.27120247980176565
2.228643389337744,1.5719856254062634
1.4307626308824881,2.345935398328532
1.436371451415869,-1.0475185820533668
0.8769514776194546,3.919367963911766
0.039233315387979806,0.6264833873872326
1.3457224719336398,-2.0858565236174753
1.183628267482756,0.7381040971799361
-0.7080814218820476,-0.7659984289669154
-1.147203545793802,0.8681369743663536
0.2037125905239734,-0.08571249532067604
3.0980403029903747,0.14854738038028958
-2.4782141513078018,-1.8231867531722918
-2.93505053150488,1.98012246143272
0.3295216824730335,-2.3122547343020643
0.10177540371203612,-2.2175297908099902
0.3466833287408164,0.7347206982949733
0.4879063958170005,3.205688494355939
-0.44640450926961023,-0.7051861941288144
2.9797268772041643,1.4019446454079314
-3.201807956953031,2.1466803537270907
-1.656994049560492,1.6293688745881383
-0.20650952029809477,-0.6224165783473629
-3.2863776223083345,-2.182093434388149
-0.35170880886414235,-4.41509513134271
3.3229403314560364,-0.5256809989247865
0.041772976591923576,2.3561747371243493
0.46140181143736697,-2.248331969523868
-2.5203295303451605,1.4004196950375307
-1.232722816078955,-1.9003050601037443
-0.750392760647874,0.2121451527736765
-0.6354301935124681,1.4155832283100354
2.5632875900075374,-1.3189908736768556
1.115382121450249,0.34096936139382816
-2.222915913874064,-0.8301826734506574
0.49300955686400977,1.4102973178763534
0.9964434969935703,0.4706343369692744
2.280298077042533,0.11301534885853479
3.161081373136747,3.1166999202839554
-2.0301883836557373,1.3246122847366042
-1.6217150224206764,-1.3807037322525781
-2.5151557178292325,-0.1717278015955237
-0.46803971821396273,-0.1517975701593215
0.932716748892669,0.1606391452504238
1.9746690331782037,5.04901855321499
-0.15190204728504553,0.7417037854219937
-0.6396950465096879,-4.071805140209552
0.30351598449748074,-1.0855979434339302
-1.670285803260046,-3.864744174991617
4.179077443389547,-0.6595965140916796
-3.2153220542361174,-3.974620459452857
0.3694811577914489,-1.743180942136856
4.047212438459279,-3.0414430592682398
0.013599689119995538,0.7683203559349551
-0.38007807000298893,0.0010787252577572838
-0.7148908456208544,0.6059246149974622
-0.36078336352481566,-0.2091027771370528
2.7456969493530603,-2.7885955004088356
-4.423723822659014,1.0270427385094707
3.066867402592651,3.8444491205389055
-2.84791430490029,0.8184251572130935
-0.5333046584688296,-0.851849198635132
-0.8584888405973237,-2.85613435221089
1.1771065395414395,-1.8161339415199307
-3.196248703767495,0.9060793131441179
0.9243453321638857,2.14623605359875
4.048619246573705,0.5217323494439519
-2.726348009185621,1.5997745794119669
0.3794123352207913,1.4153564880544858
-1.3239643555932181,1.0130687827718352
0.8517744123860715,-1.3169471905225119
0.03829555483150412,0.3478470239503049
-1.2829738180886192,-1.6967556077642765
0.975744569742148,0.03485790591620358
3.608696219573486,0.6617270621338238
-0.38180758345459737,3.3575676147737097
1.4395158842963638,-2.6194639487352642
-2.5865459157423274,0.9630152619826108
-1.9128727536360175,2.9624731832471896
0.9448125557607547,1.5176955316775929
2.96823205707193,1.665890885650083
0.71122669757132,1.1753898037356243
-0.6261160610463087,2.5966689795508335
-0.0014171891532918344,-2.174956336224736
-2.500815467939435,-2.771853331940493
1.2090306527107335,-0.012668280930511923
1.7646661246468183,-4.32232420714342
-0.9041806656661607,2.4612916083560226
-0.940084295519003,2.4414303909908828
0.531756459304097,-0.8667011101690524
-0.873439472081191,-0.7415411933210193
-0.1322652292516449,-0.1446949503013427
4.199443578333031,0.1040413008792395
-0.49405140149199334,0.2543478383885708
-0.7166803040424444,1.1164642137566063
-1.2950836112703183,-0.34525270601695623
1.4883839429998735,1.886386606955588
-0.362448346436206,0.8918955542506066
-1.298746076642852,-1.213926891745271
2.642608064546024,2.670225335608195
2.8392060090272744,-2.716513972244974
-1.2008471314774103,-0.18433162164295297
-3.7330799027212325,1.9338348021509357
2.0150273796738443,-1.4461462098242892
-1.369259651520008,0.6191112935343029
1.5812511983255373,1.086679193998096
-3.940207635423671,-1.721047735962478
1.7851946765986184,-0.14495543918807013
-2.4223438585615624,-0.3130076604184203
1.461528238133049,-1.1034757036645857
0.028546135672868213,4.603349704101549
-1.9078788387932897,-1.5262127068909515
-0.814072625853561,2.0098605881357665
1.3726369139134016,-0.7856020337622839
0.21178890623046848,-2.1732723777705636
1.1688259609449685,0.2056284863101378
3.952881169030971,1.2981867687750015
-3.1284832234221027,1.8410191501313575
3.234425149937248,3.1245302213101387
0.20871187504642585,5.8904925798702
-1.7975680966462564,0.5010284075111943
-2.6606272514779796,-1.3261843476507758
-0.378240781554067,0.9057486535897824
1.8433002238489187,-0.5324259008129832
-0.25509824075506843,1.8519322597044596
3.022309860494695,-2.5943285927314435
-2.9023513801031178,4.736669084800875
-0.02417789569210912,1.7120961895510256
-2.504786888826238,-3.368008035592329
0.7272637652499357,-1.4180578046299444
1.7737747801946007,1.6321620882278776
-0.8415235873621065,2.3526881123429093
-5.2084277132542685,-2.5444752544639266
0.39789629359298906,1.4260517008658977
0.873477103467019,-3.8946797453238466
0.8085895099233953,-0.17867173094209196
2.471564383644308,2.2240936842064127
-2.1421073592980977,-1.103031460205961
1.3604322109008988,-3.013844598276027
2.38501502495595,0.2924295927551186
-3.5571751680130337,-1.2094377332709563
0.6393036518379545,1.2591167321316714
-1.008359662015343,-1.7706528644361208
-0.16304534620329178,-1.5452737793062006
0.6953529670766727,-4.042004641752487
-0.9744571282271046,0.3398894221029657
-1.3514161583232236,-0.3218098765531975
0.0683048349760492,-2.376769341480142
-2.1744918777256053,0.387597427534184
-2.171650257770371,2.054140601288278
1.3587465659130067,-0.43113588683789966
-2.297588070317312,0.5363338996439475
1.3326250018184238,0.5466224991703283
0.9251825857079023,-2.408659654357921
-3.4516134575811934,4.1131716414151915
-1.3551293046713102,-0.9416996602445677
2.388218806094745,1.3122324037205415
-1.9623310622793633,1.5384305544580992
-0.9288085246187753,-0.2791902542315035
0.924121786503793,1.2135900501192693
1.566781018565191,0.49163844363277825
-0.5030777720889914,-2.835279514454812
-1.1950203893832831,-0.6645454025001765
2.8447397233970153,-1.2251018047081237
3.4777993275951578,-0.9234900826922542
1.9577161015635909,-2.6080063556732758
0.1706362851300481,2.25286743349206
-1.6165314432818527,3.203985309226826
-1.6608888131131305,1.9560059519968174
1.045028210531515,2.5410584482942857
0.8367964417773675,-0.6892696740163123
2.803197185892859,-1.272513669972073
1.3009001850722783,-1.557174093623423
-3.006160603519636,1.2881298459144452
2.103895235445837,0.45412610628829925
-1.9961212546288258,-0.15444342319685142
-0.7679425439047032,2.590297088390686
0.500400412503389,0.809882707630686
3.9913349795679287,-1.6773152750411695
6.219837112010722,-1.3618176582713895
1.2134461182723655,1.363986598508291
-0.36639323744077573,2.083465705309194
1.0690112969611005,1.103360464511939
1.7753108517476721,3.7937774957441626
-0.6413352511143834,3.270014331462838
3.5904227118246443,0.8820716697015257
0.46014151838280415,-1.6771613189630046
0.9954861781827885,-2.6199750234635353
1.3318485041089227,-0.7747634900294297
0.8431732212289114,1.506426892832314
1.6778810009392244,3.6532941586238756
-1.2345063730938464,0.8348940688215997
-1.116603507892061,2.337445588462473
-2.20030846594339,-0.4906149723756047
0.8790024612404528,1.2455382504551002
1.5578730070242282,1.6467136589543452
0.9155457323037716,-3.9591885517050565
3.3489848666950746,-0.8268776047530205
-0.01119203765809311,1.8994007685557395
1.3374833111850253,0.5489366712731298
-2.1834017522786286,-2.393030096301866
-0.774199404948802,-4.8602447514547125
1.391075515131555,-0.7315614906040128
1.698204221486288,-0.1431713857877581
-0.5879338953283645,-1.7678458996566908
-0.14319850371613366,0.2861698740559888
-3.035747493361619,1.0127734944657893
-0.7140584016132188,1.3413743414524657
1.7807663270395724,-4.7118378498646445
1.1504100322131325,-2.6285701956162404
1.0013314427624194,-0.6092452967094711
0.09954737436192015,1.144346262074927
0.014126317256352904,0.9784680271000711
-1.3206422789468941,0.9437398957533516
1.3976568404050695,-0.7668358839378636
0.8419458887787796,-0.6552668746199215
0.9840376959855985,-1.4566585368434815
-1.0520696853351608,1.5363882562116957
-4.306685839742489,-1.8409775754791564
2.1943054235073913,1.7000727903791397
-0.9576749120168083,0.41570647627529217
-1.7255515280862412,-0.09008895691030717
1.3869578238279874,-1.3134207995529332
-0.7840252798382592,-2.7110837223282527
2.1198727680932437,-1.2953055127560913
1.234011899153395,-0.6600137372497726
1.3671386464009552,-4.738048623162503
-2.7319114224010685,-0.39471031066932855
2.423887970772801,1.848714736052011
0.5225010624677121,1.134435810867745
-0.7385542784924063,-0.9924117514830149
0.28677693468450216,0.09387259683045544
-3.55247046579664,-1.1123291388439993
0.8173056229613417,0.29752146667139223
-2.058743016364143,3.080215647488063
-2.705340571687069,1.936997605249752
-3.0447183724357822,1.0415886113855055
2.2253767499798505,-0.9857698247674366
-1.2585267873855774,1.499876785889677
3.0674554198329984,-3.373753902746106
-1.0716029261045956,-0.504706963981781
-3.4147159151858935,1.1674228396478998
-2.2330488798973183,1.4808424280955028
2.4716232400138773,1.339768980431482
-0.31179635587333504,0.589661378419389
-1.0965745929812019,-0.39144995816776584
0.3200364517055754,1.0759519396529778
1.00356547233509,-1.905722081172601
2.2347976318049216,-1.6893545265864998
2.8969984597858525,0.12346935292059345
-0.7195372915781715,0.34639528541749476
-2.6520953721640765,-3.651230357129293
-0.826930322246552,0.9102927618990371
0.5205610131657723,1.5454567558387866
-1.9275178524212218,-0.15457047493259063
-1.9143018297900858,4.7489325665679845
0.6875757630997709,-1.3658702126303723
-0.0973047031409023,-0.722174326773739
0.06559399082317302,-0.7901338122544187
-1.516990669400139,-0.1523752225820351
-0.46080142841153465,-0.6574496259325822
-1.8484662885366088,-2.8136210892097435
1.7803968222495736,-1.0930965924729508
2.070498669447505,-0.19524139154815218
-3.6923757244761877,2.457144164123995
-1.85902172038482,4.404486546745827
-2.993058510180158,2.6709477957013092
-1.3000478688137964,-1.5507580593452128
-0.16687593958072172,-1.391619221252331
-2.89929043939706,-0.31865715501870195
-1.8437196262506264,3.5691177777071723
-2.007914744162997,-0.3308481043637868
0.4145346587978879,-2.6550149810748613
0.13868867407250085,-1.0023542739060702
-1.4434751066745066,1.514112003638834
0.35364174427879597,1.3798805537921737
-1.0933601691745307,-0.4004333329833122
-0.5433102206521065,1.3668293471200612
3.346904180597074,-4.546344405093664
2.680922103580696,0.20765847006539537
-2.5991624738551953,1.7213708427372603
1.659464835758349,-1.6657265503090704
1.6227931089831842,-1.672677072992576
-2.2965265775052366,-3.7328963055269506
1.6375552875097212,3.179791189621388
3.0758638368251057,-1.4403079540431334
-2.2450896124888278,0.4820865557242235
-1.8350056420285272,1.207834082966749
2.035322933687005,3.024135898282906
0.542990621651296,-0.30779554797127057
1.1029525504790465,-1.0788595875568372
0.6811784328009935,0.34613529714110697
0.7813918418562883,2.568160553084574
-2.652944256622166,-0.3403450628015675
2.0946354132428966,-1.9097381631681527
2.339179984855547,-3.0815156166307247
-0.4587814881360555,-2.4425947692104506
-0.08695389962772486,1.7287829948133298
-3.0622150051114443,-0.641248952613623
1.0285095120356698,-1.2150418198414208
1.1441148834282882,-1.4319344463678847
-0.12438203399862201,0.17009172040036363
2.2487067197410053,-0.47891018753116754
-0.668154461959881,-0.546264287438505
1.1292118517872005,2.6986478556214784
-2.039328677384231,3.076032563723267
-0.04710430174847624,-3.220043345817993
-0.3487085158056717,0.6551854622859152
0.45061584408188315,-1.5537241972427844
-0.7390538576667172,-0.4965022277221871
-0.2629451913433356,0.6185567702533888
1.6520943428830126,-0.4254398338618387
-0.8735284744764349,0.46091976125526635
-3.2131542014773586,1.345940412063835
3.4991678084108413,0.5891536010806397
2.762908157380973,-1.293672608335247
-2.5845253902112373,-1.2583992139406477
1.3794156104903887,-2.879410593236071
-1.0059495411026862,-1.7078405950414366
0.5269744306621191,3.9241367237970564
0.5884482580269874,-1.584007148190489
-0.468815600632644,-2.3867576248876397
-1.567531331172793,0.6398557236895467
-1.3810821046325188,-0.2207295185837197
-1.832383830962485,-0.39118647369845083
-1.6636444164608895,2.81809193282418
-0.13435658009871052,1.0982533511167303
-1.4315199782215036,-1.0599858634069508
1.3641041314252398,-0.8489518351835599
2.9744923106718546,-1.0051730278113702
-1.160106482740086,1.7494792431605142
0.47880900107075414,-0.6162952589062749
0.9993702206058677,-3.586307004908301
0.9440045418385488,-0.09663935746868864
0.15191053583217481,-3.074052002255858
1.4853648367194447,4.368461203509804
0.9644979053613144,-1.9313358276944619
-2.4753248446545957,-0.32372953071546134
1.7383121287785464,0.5164054694022738
1.7745816745334841,-0.57731632135846
-1.5265722083571631,-0.5800608029323853
0.07587567089520406,0.8436545723217542
1.3666579856221388,3.0524319175925574
-0.41862763915872314,1.535018163634595
2.1459560955320236,2.9570277571470855
4.7277449892387216,-2.093238216187004
-1.5719720652699647,0.6347252665107227
-2.7620892063075497,0.31049210411655853
0.6076371912097515,0.7021825833534696
1.443125010252287,2.752463941271145
-0.4617327476895379,-0.4415782995841081
2.9065213266420686,-0.8110067331081754
-2.6772115994464976,1.0679615948373278
1.3858372460632222,-3.556405455131695
-1.2117216415177867,-0.4737040982443566
3.4387558124145934,-0.26839537857090595
3.9850307063362367,-1.8407172326138506
-1.5333131755666958,2.1141180227131544
-1.0991142718171603,-2.1244806346865683
1.7191757739596039,-0.2717460967275924
-0.7742612995790292,0.5863144506459367
-0.09082243586447644,2.706903122952237
0.05077684108482036,-0.02111286976170663
-3.8393463123953127,1.872307188256421
-0.0276754921884745,1.4011907945542548
-1.3794555481283477,0.24691511233828506
-0.986245644799544,-2.179026816546911
2.8872640069376283,-2.8691617218086978
-2.5130137885585127,0.21301080283837293
1.6264103734959545,-1.0853937478052271
-0.557925860663617,1.8385221833625836
-0.5595203369916688,1.4917130361971551
1.5807437921034226,-0.3692219888740996
0.6801025891377809,-2.3154258478825387
1.141225994439062,1.0214710992145468
1.9363693210657222,-2.0358988922703007
-0.6626167663666455,-1.51692784586173
-1.2244734690155006,-1.958831476430309
-2.170301053115596,-0.2770020438799069
-1.6508210599579103,2.340384668141123
5.8981888506174505,-0.010081740447057402
2.4893591614735735,-0.8864373848553915
-2.7021487324160427,-3.0512298600904884
-2.6449159134871403,1.1042491694596859
0.963732123436983,-1.560809211857255
1.094529594755934,0.23503523831619322
1.0977676706347288,-0.7084372318332812
-0.5099115871073957,1.6763544391988754
-0.25090852000580044,-0.3144727840571043
0.6557590483187148,-0.11785270904610322
0.17178601258666082,0.9714942949109192
-4.43860074549507,4.213880364526371
-0.45959926115038763,1.7768938607171088
-1.7028128685206272,-0.17721221269721882
0.3504228378170241,0.006395981230576794
5.97051800520682,-1.0497189206488693
0.7349633309486088,-1.8999914070393904
-0.6270593723447958,-1.105501574132644
1.8436030039545044,-1.544297927423885
0.9653757744184254,1.306736767591771
0.8401889809036825,-2.142389715737972
1.213701186431342,2.6664211227600885
4.113087129659083,1.5040927672376594
-2.2617768706518313,0.04100345873533694
0.9472641536229089,0.0006372229301366289
-1.8527622599630769,-1.114562619229107
1.1110252926844966,0.5401688226955281
-1.8373730229721887,2.176184926417178
-0.8347336272101687,-1.4063129245116275
-0.5901798284758126,-3.066784177837461
1.951633438689418,1.4064365097134879
1.8369088878848276,0.648731948487601
-2.491434752892769,-2.240397602882359
0.10986822199969745,-1.466782741828236
-1.4191597094983452,-1.7182085481002813
-2.517009821350669,-1.4490645380684979
-0.43403410084874083,-0.6473655080823755
-0.6169655769116394,-0.5330946085614946
4.853432972691045,-1.3015873101369204
0.8659196507213923,-1.5163276389998563
-2.7552350015084746,-0.4575686878387631
-1.1295480083418845,0.3353830697191225
2.042766590858797,-0.6325930727296892
4.17688554573985,2.3173340466826033
-3.1719666244759166,1.016175428841573
-3.75984877027809,-3.1816917137173917
3.7419303507435644,1.047455530827707
0.7792283547418077,1.2110879651711652
-1.736585463752733,-0.8694699362483825
1.0692581722448706,-2.990395174606311
-5.2714954780337555,0.01613351882227218
0.006751013194321998,-0.015417302964488157
0.6556423456861705,-2.2432924730663895
1.8485402790756595,-2.902438432519871
-2.0277919045850754,-0.17510709290687887
0.17137432280671808,-0.46615438410164384
-1.8508492521191746,-0.8345307306447872
0.5107675113486342,-0.16682146949312274
-1.7906926447260483,-2.2055527476406382
-0.8162016783204412,-0.8696412257322284
-1.9916307895804581,1.066650061228695
1.302272483647314,-0.6999401607025776
1.7169022333133306,-3.343944943585104
-0.4692411399148276,-0.9453845554471433
0.07647598992005668,-2.140316927013721
-2.8971828292670883,0.5342725929234615
-0.5993532960135741,0.6376748067608506
-0.10040923408348956,-3.317549250172062
5.24158618205995,1.518025941164378
-2.2239340515483272,-2.224372602557117
2.928354477504875,3.1183645809647027
1.993717546931616,-0.09755252900123373
0.5612728089802728,-2.4927869970783245
3.517240968390267,-2.283972141385363
0.7442109452137258,0.6961905835746897
0.7783183913358575,-0.7825997797967552
-0.10624130603509069,-0.19330781923628165
2.447137764837255,3.2255604653940786
2.1929384676217674,-1.3984881284581505
-1.2513545749924249,0.11992571539141324
-2.6384943891975348,2.8396889747461063
-0.40596127479131416,0.5410269509328003
-1.6000771287952928,-3.213205470716012
-0.1270491492307102,1.0107780234642736
2.4748762693682784,-2.3260057155668883
-0.91460331017358,2.81361505746593
-0.08564676262314976,-1.6457352099959557
0.11604546961679045,5.939019015491329
1.6968617644105692,2.9347519766553565
-4.49377866796921,-1.5932251392559573
-1.2134005895305935,0.04002761000322097
0.42256738455894544,1.507288563266927
2.4001579128537225,1.5673209484534154
-0.9838048950124103,0.8846725199523944
-3.753105412083748,2.50431807393222
1.2394228919322725,-0.24593789326873905
-1.2707247776512587,-0.7334353371520663
-2.3793333181807226,-0.6937279758492212
-1.2486907794264481,1.7167464639442545
-0.3690507153116991,0.7303620806052922
-1.2094893290764255,0.5825673313805128
-4.411132114198138,1.590468498514364
1.7941323937742644,-4.10210481570771
2.5497500825574444,0.6201376477503008
1.3030439826790114,0.43713777774743146
-2.275371340849633,3.3376161626014103
-0.40298306789503596,-3.057175964527334
-0.013042630458916123,3.114373264753516
1.1975887791238204,0.15081825784933162
1.3366809774361617,0.9779790613200899
-1.4683475975569915,3.3518375752187533
0.16399111282712084,1.121522536011146
0.9145608092304822,0.8007365789251218
2.911644644293533,0.4845823716046368
1.4090130796494462,-0.9669562699887538
1.5781133747510379,-0.056978249020785784
0.16765325585872187,-1.4310255322454972
2.8209182904070076,-0.089133798850964
0.8195255919189948,-4.671861394110193
-1.722175820347141,0.8580791351350973
2.8067399402503814,-0.24347450756725098
1.3958065450780552,-0.6724074733335286
-0.8860880422569646,0.43951616788028636
-0.9589859347984867,-2.8671278459308813
0.5931510902815236,3.858539993242565
0.9263695905351694,-0.20553492297519935
0.3945845312624129,-0.29168886594437915
0.6226173468857698,-1.9307924202658446
3.399914749152761,0.0478927648985225
2.1430863044697714,2.773919780546561
0.38127118253004866,2.071832418864068
1.8826211615349666,1.7088755022811122
-2.065047807055079,1.0927979033345432
0.7958540998936179,-0.7170850551252195
3.61861269946622,-2.900326334073404
-0.4360917907847477,-0.4020775437332701
-1.6952678572381696,-0.47174292906735443
-1.3041777771861214,2.097588879342482
-2.1792660746847767,0.6187808849196405
-1.5695238162554068,3.2246230558070965
-0.741016197180058,2.394977080076349
-2.811134038357284,-0.9129912190081914
0.031236667899206094,-3.5902583932397367
1.8045543475732944,2.771150467882962
-1.8155123602938408,2.7187704464614884
3.0385678472835376,-2.732423181804452
1.0215841770551894,3.0184800396550013
2.0611611712481146,0.7642343411850357
-1.3156691077042741,0.32137099625130605
1.7090504541332314,3.2295665084946545
-2.183867800790626,2.6893703464612297
1.7804950016730174,1.3026619039904077
0.34367867958706244,0.9464341316239661
1.1065024399695673,1.2327885810607182
-2.3511892112497033,-0.8001148677650518
-1.7901396845532094,-0.1102028994646419
1.1944564365067696,-1.8046343091890853
-1.8966960084484015,-0.6660795514778376
0.9264125841982461,-0.7332677573378661
-2.7342756129204915,-1.2706107392433292
1.6963484253333363,0.2734930052969262
-2.465046629537018,-0.6479617014011544
1.1045998753590465,1.0044694407039478
1.2512618672920017,-3.2446412265875306
-1.3935436368591498,-0.22670958821459938
1.1640531341694538,0.26310328035499136
0.5208845266671119,-0.6212584796737611
-1.0776837123854766,-0.34478539961846255
-2.017109368152416,-3.1704920214597148
-3.925251383345158,0.7129542093389841
0.6993000945993874,1.295211965134141
-3.1296055427241103,0.9870745884075337
0.1906883988826164,2.077454118884366
-0.5268964321644982,0.40305921156500396
1.358285550876391,0.9573623613018741
-0.6040909989797284,0.3121814769137048
-0.6588955726941828,1.3751014391849883
1.4637414085765912,-3.154459272264244
0.670116058168235,-1.7871619359560218
0.6323119143655566,3.173799314066182
0.9385351796170525,-4.9208716441924105
-3.0711442464142116,-0.2803558596506879
1.513577359973964,2.3445499192161363
1.2249375880272046,-0.18652133108352925
-2.0333662571529945,-0.810022142901395
-0.4881609473484026,0.2588433536306008
-0.07861457525526237,-0.7062403600048931
-0.2689935688034654,0.06169898551387832
0.6677199331370693,-1.3667620730402592
2.862733563662367,2.2173488399114483
2.1635334553456573,2.846529842131322
-2.6244383868628125,-0.2667806442232451
1.2441399806120974,-2.7729788413824865
2.657866639070819,-1.0476863406267904
0.7736170413784053,-0.36797732020592844
2.181960850371934,1.0110777538064162
4.02454089140153,-2.016026446341356
2.047419092213963,-1.5383246372843014
0.4986171912834577,1.0213522757176148
2.090176948169507,1.8778176640791155
0.28977566619378237,-1.2431880903413683
0.04780608656991094,-2.666434107901992
-0.7028284714274651,6.568236402575768
3.1268267176642164,1.566608474177427
-1.6368573318840027,-0.5340075235340632
3.064735449356232,1.7380625510616794
0.9997282474807427,-0.2489132594288442
-2.798612349603883,1.7343137782003726
0.7352985859828431,0.31878639555244437
-4.200053015303248,0.18254379633514653
1.2510160336620715,-0.22716373646157725
1.770462965977982,-2.8947626669261797
-1.1847119113041071,3.8761897987862795
0.24709539191116467,-1.8830678405354868
3.9083148675005726,-2.720047152621189
-1.0114934085238734,-0.4257197655127346
-2.117815174113201,-1.9229436270210134
2.9633268049251975,-0.10342558112054206
3.9251743810615896,1.3755276971235373
0.007391343695694651,1.990605801058446
2.0229260708167125,1.6294614432433634
2.682951831061762,-0.6112641095713606
-1.484968465076768,0.09918365532317175
-0.9706116707357366,0.8157581017949819
2.46174902630947,-3.515574847884145
3.370028557417019,1.1411694002397192
1.1257617203487096,-2.914598575167663
-1.7596287070041086,4.080693197812979
3.9741222233988824,-0.8090301692833907
-1.061941795623929,-0.36975035438918247
-0.6702755623429035,-1.5394141984757108
0.6846756689792429,-1.2599400637113793
3.1083208414295482,4.54818713828648
1.7079519531044474,1.8807393772465952
0.8297310007238209,-3.0984048902956767
0.9265770602362124,3.0084258013704592
0.08702933728693216,2.386484550282863
1.1162790290370126,-0.5624249245765769
-5.059120155388606,0.6133938840596752
-0.5932149181395967,-0.02988815884214849
0.482643869833562,3.9451598088938646
-2.302028167239014,-1.5925803779841807
0.77264663562312,0.2920212195514539
-0.40894244197224305,-0.8562906619856094
3.51095139663098,-2.8660808092357084
3.1460394504297127,4.383276510109974
-0.9316111382363257,-2.3631331582048247
-0.30167542313339063,0.4402583749755518
-0.1478951312167852,-3.481401212760671
-0.9033189523192454,-0.7981410784861865
0.39004996805625347,0.843937642866915
-1.5165641377751804,-1.6494679590047254
-2.2612306698750526,1.17360370147131
1.2454224478005371,-0.5380821837761649
1.2590591684436216,2.3201650247972263
-1.6086315193199847,2.7235218266804466
1.7907108615251992,-1.1734895214600234
-1.2631554583306628,0.15346571878591367
0.5063304760759624,0.3669084529444654
1.640688025224912,1.238698590869397
-0.06722512940742602,0.028763992488531474
0.9094818242822688,0.3804219186856844
-1.0328592877751435,-0.486812949590239
-0.39293316685619434,0.23047973394403662
-0.41171886176068073,2.595880387070265
-1.4931566930804778,1.2921664824237087
-0.3535483262315642,1.402511278886738
-3.0972365977274934,1.4461406482711565
-0.9823074942842094,-0.307617555762071
-0.5697509867393417,0.6376540871590608
-0.5123595049907602,-2.1703473566714893
-0.48299489174155763,2.537615312633914
-0.12352839972025785,-5.565920864686441
0.9588830361721278,-0.17429678467085036
1.749034148265045,2.2817919543005485
-1.2995304536965342,-2.727735867258683
-2.406401710778289,0.7995598352337022
-2.084088824486206,-1.3615328931580537
-0.9744058423898543,-0.7376065303777374
-0.7038426356330182,1.8918819212788756
-1.5399921323949146,0.3961138517703004
-2.592233328499789,-4.0687117357687255
-0.9122416549483764,-1.9528510794631968
0.36285324022794274,1.9506714697775192
1.1900589316711294,0.8978854363859952
-1.1148461062166424,3.496271145048569
-0.8259956442868681,3.3652951880265944
-1.8533966176946215,-0.6844902602935836
-0.06287834074955284,5.006475610138977
-1.6968572683816292,0.04895933970382152
1.1462556264824002,-1.925337068818051
-3.5717329838682224,-1.2672797318211546
-0.7192593449049248,-4.513450210578838
0.6022146783834842,3.214038016498562
0.3676690326450087,3.189523978087727
5.386067327960993,-2.031014877626642
0.6996000491358151,-0.45576857676381183
-2.0081091936840205,0.1912150882251552
-0.19092849417814606,-1.9207061042842275
-3.5524926669329036,-3.510204062542323
-0.16119949859352176,-0.42071520755382363
-1.6661121140015174,-0.6421588589184937
1.8307805511203235,-0.7768224819775503
-1.0990805491910698,0.44543212520192926
-0.23353183159049326,2.8590393170519843
-1.2711156828088068,-0.6061854393834522
3.4777027037066626,0.3408859974427257
-0.6424855322358234,1.453741047489872
3.6651140869584036,1.1082858530254975
1.6283035242365331,-1.228847048895684
0.9641334546707723,0.19275424622807175
0.7374662946350394,1.0950796403381067
0.7875945964325031,-2.2567026750215553
-3.85534515869122,2.527078021593016
-0.557766788301513,2.863177810428222
1.6903159423686431,-1.4455605108889875
-0.09779436694821109,0.3873400366963374
-2.81037969360715,1.2845565133420633
-0.1048089011549389,-1.0912283126575053
3.4082110325109825,0.9632276913761889
2.493783431069439,0.32651125258433084
-0.12400801873206349,-2.9358363552776017
1.9028985541161731,0.9183226319571162
-0.7330140407361037,-2.2002848325420716
-3.407743173653438,1.8784057033240944
-1.8489319762591088,-1.3424221502677776
3.1257775370163956,-0.3225708673222901
-0.5479861636586084,2.74455782689315
-0.48676795875003614,0.9927632930576904
-0.5996763925497611,-2.1589478391490906
3.808273179146014,-2.0298331415981674
3.2519178307241265,-1.1986055772474509
4.437560466896268,0.7892881667133321
-0.3180904208001026,0.7165996298655363
0.5912489774941901,-1.6862046093257383
-3.0332850988415823,-2.334418971228718
2.953868852236549,0.5631668101716685
-2.33555910253587,-0.36372013158032385
0.4335511275252582,4.314431774895475
-2.194605055265688,0.0732073131261579
-1.1777336534773921,3.6285056554005495
-1.6745248620994007,-2.34076719620868
-1.2157505213516357,-3.1464258791234143
-1.0782454062979572,-2.240170265051069
-1.0965375898501541,2.3782595629069325
1.6666678235606143,3.512203179387068
-2.20972558612504,-1.564358907905268
0.44108285402773373,-0.9211320595191151
2.435918304611117,-2.3379618204249994
-1.026392729026792,-3.6232796942367744
-1.4358377814952037,1.4368233955532594
-0.46104925036050165,0.44604060592432626
2.3594504167214203,0.020975965347750886
0.3882152619067154,-2.80011307432676
-1.062428589215197,3.2799133636573212
0.9677533023760795,-1.0067134760989462
-2.2045842996728466,1.0672528496329516
1.362719020885896,-2.909122810489449
0.8172146154035352,-0.38105037924007473
-0.6156169422777682,0.5827489124771678
-1.677171596894462,0.6541504361066152
-1.7733618445669146,0.30929708647325016
1.0696346726918204,0.9890449840975452
2.4579610049781238,-2.2610409120659223
-1.2746154940575896,0.3947452108793201
0.9167734071029685,0.22751536696055474
-4.1740540372041375,0.4633453683901217
-1.1692354613143991,0.14469043463836356
-0.062117865741803904,-2.546425547826795
-1.8193668339636673,-2.6355995042179474
-1.873012749579192,-4.428536371769103
-1.3355591129377724,1.6350690196905953
0.5843854566527463,1.6553150194703974
-0.3746580368127494,1.6871005824442407
-4.476462466649944,0.6135799249229036
-4.241400305270132,-4.266238435436222
-1.2137303557143508,-2.053420983570532
0.9153731721071041,0.34083083518622387
-5.495009685450469,0.27103600558359087
-0.9994603523032612,-0.4454964263040424
-1.0524957130348422,0.7378344058164934
2.7766755564168957,0.023303415370491132
-0.7700436234257273,0.24154093110272337
0.7659779694818569,-1.2781306656640323
0.28251428017492647,1.9640219722431804
-4.261132959614401,-0.8615432173607681
1.5364144332634746,-2.6612981660412527
0.4307930109125759,-1.5419980256374572
1.0165372793491791,-0.6969323827239606
7.8524754128726535,1.9880055767376934
-4.168225878997177,-0.08453599686958607
3.449393299522217,-0.372296437931298
-0.5748950388007111,-2.4973268495252547
0.5746578088060186,1.5709651796591526
-0.09102449060248434,-1.3039043080467714
-0.848472666796087,-0.20005571788267185
-1.1396658564775175,2.9603661537637294
0.6590174711460183,1.017526662098609
-3.0343473933433582,-3.2565080954303487
1.5011583350435311,-3.5390204727049444
-0.8323888097705079,-0.1286209002384921
-2.2601386780807156,-2.42548122974961
-0.9000257159916274,1.2970934952659956
2.5142984337251457,0.08452612992995838
-1.0706701740324462,0.33076953804772596
0.7169072364192405,-1.4134863632847061
-1.4619125514309466,3.4827673105734114
1.515843699847239,5.685187456020919
1.3710154775804082,-0.5571694475134294
3.697217666592823,0.7060784968300019
-0.351127890998431,0.19483468612862517
1.3373096095158132,-0.5193737268821373
0.1961350790778891,-1.6641409354655934
2.5917435637260287,-2.1699359749609544
-1.4376647752174607,-2.2711945310510484
1.4900106257545622,0.8104800510982909
-0.38939459223336337,-1.0393489564072707
-0.1283763542169955,-5.1565857002810604
0.18350496889674572,0.8897164411966447
0.5044807928533548,-0.07652256492831173
-0.23245808624391634,2.693346002802292
0.4294263663410527,0.7462447941820186
3.156236115124369,-2.9573471926205945
1.9708993712304368,-4.459353281459962
1.738309184993793,-1.4389447686758747
-0.9110790520477414,-1.2502148413873053
-1.7784816564566486,1.8863184020003334
1.9106011164755057,-0.017741864579146786
1.7520935850595885,2.267376996197018
2.945341351501964,-2.6496661114052693
-1.207961251938459,1.930528768760896
-0.45909731072069415,1.441978306861839
-3.2789683250508683,-4.036468222862393
-0.7849422121217459,2.6452356825215446
1.9931410211588945,0.18691698353270547
-0.9329907584563959,0.7840890077370114
1.2809595904016475,-1.7297922248568454
-0.3810062119956227,2.550494025843945
0.6481140564431213,-2.3717046584777397
-2.2953827796313346,1.664184036747892
0.17041889926780213,1.6412149518173424
-5.9822719418014465,-1.9483348563444443
-0.3737923163239697,3.966747198845148
-3.2609464874302803,0.4630569604350384
2.411989033093632,1.3077852205420484
1.5548147055290225,-3.0542415906715115
0.9333419639321621,4.23546000601713
3.04201245431876,-2.4491138804501795
-1.8978330416496745,2.0497728655318608
3.4947263958311163,-1.9895434358633908
1.8643831285207695,-1.2379776056953653
-0.47311057443789206,1.5775080877708942
2.2712402943658883,2.0551054273503144
-2.2125870248232684,-2.542568498228204
-1.649028323055347,2.1809443381139877
-1.2171794464794008,2.089960990266388
-1.0579554161280305,-1.8759068176897848
-2.1131152855205055,3.1972951871822204
2.44616613419065,-2.913715256496076
-0.5177088007396633,-1.2495451655552308
0.7050099367137591,0.9580052481839775
-1.1407027328273611,-1.7071325694052129
-3.6412066010970343,0.527638171358682
0.5401147167828442,0.48215215760659036
-3.8245099508395537,-0.37414853984544116
-0.13726809217093722,1.6648010771811192
-2.736630077665621,-0.45672158531527834
3.974551998461616,0.4630821376276113
1.8227254443494434,2.292943754975805
0.21150758254296084,1.5813724200516808
2.527413355309337,1.5720345816284171
-1.6926319549314717,-2.2983592044335603
1.086958757340186,1.0495851510026435
0.399620867437427,-1.7569975819390096
0.52804016266734,-2.5628299595560526
2.5447070002135357,-0.14341269256993672
1.4649842055596045,-1.8085903733031796
0.5774473256500465,1.5812354376799544
-3.3097748724565923,1.6290709193906483
-1.9200925905589274,-3.805252472862884
-0.24541786719144829,-1.65660507915378
0.18674474855330248,-2.9195733438359976
-2.2604074493478477,-0.9252585531857813
4.823353351156842,0.9103513397376487
3.0327881105071457,-0.4845761963567766
1.204236640784967,-1.1795184813342707
0.14407372256748952,2.6003530536262787
-0.42441793980230336,-4.609714345192577
-1.9038369200444711,2.4737437870364496
0.15496103703772507,-1.0885765863109713
0.5155050802855013,-0.15621802022557907
-2.4835211509632487,-1.0547266754402171
0.6683528344897949,3.0857762110782367
-0.3105180976494975,-2.461956993610519
-3.815615115754782,0.023472739443871696
-1.7207700215590038,1.0548773037199934
-0.8272110668432885,-3.222005535770335
3.775375314680381,-1.8397963408923073
1.1131062490675163,-0.29635706699645825
-2.6709631381997827,-1.7733300693687495
0.972072578835274,-1.6311835424382999
-3.094607977876731,-0.6997253261528749
2.1653821077741466,1.2991626632923463
-0.9422493036357572,-0.6854355537562888
-0.1872723774783417,2.156852388945893
2.65159329508438,-1.9955155653187095
-2.5743271371685,-2.503844520946905
-2.7942363702259825,3.852690811442268
-1.1671986526920097,-1.3159162553310226
2.076757702038633,-2.6218240141443196
-3.038692150953685,-3.4841078835436607
-5.664311196221138,2.150206907617878
-0.9023177168179976,-0.6826090293201185
1.1034815998218408,-0.507419470132797
2.4005234994776585,-0.3184034231732792
-0.926322724170798,2.0258857693395624
-0.8228532142320049,-0.3590596679518408
2.3078014685114945,4.688107557665252
-3.739483399390841,0.26752114810845845
-0.7770415503660185,2.1235695339166423
0.3808477798501155,1.6104797158088136
0.8984374425700685,-0.07289464051607542
-1.0196133863817651,-1.1739419720409265
0.0688820234116827,0.6639278571331073
-4.976654706825979,1.020197462414546
-1.3164968246676967,-1.1451720962530545
0.9070174251089348,0.33267773190131167
-1.964588068509359,2.472409956519192
0.11796844317919475,4.1398954781393575
0.893745001605396,1.7087386406988427
-0.6850984017155299,3.7255193727605644
0.3409275419931418,-1.2587484224129115
-1.9254651305692245,1.4037645041185878
-0.4132225593920933,2.6770390171625444
1.220432339178445,-1.7926666659439918
0.31394592193686843,-0.9711802240900185
-1.173062539127871,3.4758095236705002
0.448432808581586,-1.9501977115738798
1.429219581273236,-2.6822600653114215
-4.099882557154956,3.0559631472790225
2.3181481299117954,2.393526449960877
-0.672509477362144,0.8642404879675388
0.8509798664804605,-0.09142150929165499
2.394493847290456,-0.8770490112099639
-2.743347394460932,0.5638977476181023
-1.4188820048550932,3.1596139148030997
-0.5770973917514096,0.477132252284152
-1.5675070422488566,4.3339185344939315
3.469873151673617,-1.7958839712804608
-1.7135441876535855,-0.03936150865653874
-1.1110935589737332,-0.7461173353278311
0.40877806320595356,-2.1702830863246656
-2.4042990521521777,-0.3061674660193109
-0.7913614235125277,0.8346586033208793
0.6349065225003503,1.04846035990406
-0.6657208087650225,4.340904357889112
-0.18677371779989657,0.9289349394471195
-1.0586642248967417,2.300273607359232
-3.028940618361534,0.13218849259795182
0.6431864226784771,3.3561112009051906
3.509866143294483,4.796898571176139
0.03680326156687626,1.0621702619518996
0.45052823449509904,-1.9853180309031626
1.3854455102337189,-1.0976100455543367
-2.5386609930933983,0.5638686064103242
3.405029316259211,0.9129960705012917
0.40465759284560404,1.3968502687687439
3.263713798178218,0.920395362460082
-1.4660659910479787,0.013969832511877379
3.6361238451156495,-1.2723968824042573
1.5503109880695662,0.8022765225284589
1.1060801717047168,3.709974714961313
0.4680489087062959,2.0398572108555095
-0.49705723614889874,1.069407899272396
2.401063316947745,2.0591338476455023
0.28071973969609393,-0.742128057801705
-3.9341394071743045,-1.0165302921666408
-2.234372923414005,-1.4955702087319638
-0.3716915043854946,-0.25057324553887583
0.6199979663311102,-0.8440117934181603
-0.11317697779979168,2.4165494813042785
2.4379415795873265,-0.9506468353643778
-3.9022037280772497,-1.6054434324498328
0.2871758730103204,3.8851543576612633
-3.6359584507743095,-0.9027504621626872
1.5194245909683368,0.30705691450070194
-0.1889174288840055,0.9026456494868232
0.8392199440482363,-2.2733862378416303
-1.7277659211795322,2.4709675390061383
2.558929863315502,1.2742380808224552
2.0834493281177027,3.1167680237615634
1.1670886060237753,-1.3584438744362006
-0.25903449372688153,0.19825158495232004
1.1597145705902643,0.0787115099883907
-1.4137851359746978,0.5277769887000436
1.7111113180414241,-2.909229497154322
3.298961788647842,0.22167275738444478
2.1412211199583724,-2.8529278228474904
-1.459204939614819,0.7166681423938428
0.7228346345462058,-4.2572982490370395
-2.5862830875172955,-3.703173668581173
1.1447806223513515,1.6370974328799968
0.9012068257250777,-1.0936769103895654
-3.739632679064328,-1.9757161472644817
-2.3235676878247276,2.541691242151096
-0.5662777934875343,0.6552524346568299
-0.6017194942816525,1.7441803910675675
-2.4189538708376106,-0.33248414464166093
0.7779574587043675,5.359257387800006
0.5029472178810241,-1.2090277211195901
-0.3885382639570386,3.4889910987197763
-1.5115830003167259,-0.12273208019982573
2.097414252833127,-3.309020789825492
3.3108142261765905,0.9656974914962172
-0.9671229676930742,0.6295251229103274
-1.2243338343096415,-2.1026436284784595
0.9824153308239926,-1.8444385542694295
-0.7160587594939725,-0.04939528616998446
-0.2787944013264683,0.6994956304959631
1.4793063034493428,-4.941326565758802
-3.8187121750145856,2.1062429050476057
2.6366046497053386,-0.988995947629955
0.14536104865868268,-2.6634949687963525
-0.8229862891243604,1.8821331029038615
-0.17846830844289785,-0.047235958836912645
-0.07514128995896253,2.4323315535645085
-3.462402606889851,0.875904525959511
2.989876454906472,-0.0030290058960921085
0.08265126454123693,-0.30545988996031226
0.8860042608947504,0.9654255211122756
1.9030995411480855,-0.8270625176186605
-2.0423249151206004,-1.7051451774929989
0.9469437980704569,1.2198182453092878
-0.5352821817975871,-0.28897568288885883
1.6935415504329874,0.06713529613801217
-4.254454840702991,2.1787596723092153
-0.198188600482538,-0.22775321547148192
-1.2056413115679232,0.030067851083581103
0.864525901268311,-1.1992990229018639
0.9400883747364043,0.8614798679637016
-1.4152517896440522,0.699655825360176
-1.4243477283520871,1.8015502635811158
-0.2213307371146589,-1.1582576740137522
-1.7932844546304163,-0.9156339391803714
1.6839673909042538,1.5842747982909386
-0.7384144008948923,0.5044260067257268
-5.813976438643283,-1.8124362523853892
-0.7496441132436122,2.6131081354690013
-2.0770876416879447,-3.3969011368005018
-3.262551630921891,1.5685695065275036
-2.474853276445145,-2.5304240719963933
0.21881694366594012,3.771577032971054
2.6572816564964623,-3.0891994538112466
0.62636894772996,2.304501303745497
-1.2130067764314794,-0.16326872002248793
0.9118083903414054,-0.733205139677488
-0.9181806204379835,0.3707933129355226
-1.3892007383262892,1.263800678315626
-2.308725336465969,-1.808801004661739
-3.5036576135034383,-1.6315754503371445
-0.7798474131188906,1.2992097302257717
0.3161069798402637,-3.4146859072991997
-0.19324734002977945,-1.1684581863841708
-0.8319338558947172,6.081373908318882
-1.8914921213935623,-1.9360259291785618
1.216492383369937,2.2956055835195053
-2.63426383989317,-1.1719015374276243
1.5520558276869507,1.0180902895942878
-2.0044340378534495,1.308711381192435
-1.50487047470607,2.257913470365895
-2.933570381231354,-0.40050765362555135
-1.0028042937712733,3.977769277509706
1.9506249169559577,-1.1786731291703607
1.031256176887913,0.46844082719912
1.9568442240560702,0.49055386443521504
1.0442850918678717,-2.2439362398988307
-2.2073396570607384,-0.5717445099582412
-0.6615784486551147,0.32302699847681465
-1.5603982582349254,-0.8642420862588395
2.6611498080780804,4.88184793091307
-2.393577292852623,-1.6772473471990614
1.7873953787782217,2.3588489362808556
1.7859077402175385,1.712919626297573
3.6592404034321744,-0.02772426900854271
-0.8193731852589947,-1.7304181077044938
1.4246443191603242,-1.53651064078354
4.5633036730776855,-1.0359345984330195
-1.2352833538673933,-3.571482563892526
-3.0700804950647194,-2.006930851598581
-3.7600200678155273,-2.964953030727285
1.4254240577226627,2.6917500063554334
-3.7663004161171676,1.236924784776437
-0.7446381058758457,1.5719481977309209
0.8746263740779214,1.1776639030838953
0.3703510736598281,0.33393524666832636
0.8508897283683445,2.921360664258274
0.4445797116017081,-1.2215253114634745
2.5577316266267864,0.21333931073408977
-1.904632761477594,1.4941176556482463
-1.3539902769170626,-2.642418463712258
-1.545318890541648,6.193177792285098
1.6603836237252203,0.05713152555517225
1.8007971767901272,0.28397890115118546
0.9024506386370164,2.5137560633498435
2.3669873337798557,1.8299106660204476
-2.3560817347527614,0.07615603879291825
3.334448223102274,0.260258876196084
3.0464772434245164,-3.008297061895958
1.4712439944914935,-1.1129315556999524
3.56359781754212,1.0344204323179205
-3.3132464153555476,0.8877856780857732
-1.0488962725253037,2.442331500008174
-1.4706069213639046,-0.24100211644664923
1.4429586475146865,-2.7745730268617326
-2.100281479204291,2.113460861551356
1.514990298674971,2.872178692364032
2.741072287993427,1.7964891457124588
1.3904058001679986,-0.3272673417149828
0.5675020473230022,2.088772103753158
-1.9757466818014984,6.857820956016427
-1.6937019322507292,0.23030462888095132
2.4992378105933333,-2.623473384490249
1.5586980078106647,-1.172570099104304
-0.07803903875508823,1.2509520006081019
-0.8358190915317811,-3.2096086217961255
-4.051615746222754,0.33880614982413904
-2.1417048373688776,0.7606733006317656
3.822838174279447,3.070243479625304
-2.5609111420049335,2.620389712108601
0.3789596424421613,1.729169583503542
2.014887946390397,-4.325358021029059
-2.509845336004585,1.8421062560958503
0.3694209495621666,1.4110267721204928
1.87583107502131,0.511888754156693
0.02499864381450067,-3.460444252290971
5.736806111333537,-1.5535478183741207
-3.3371985177563905,-2.3336455390681325
2.1174570597677578,-4.030016879014181
-0.34560347479292874,-0.005830302829589028
1.5438403096733502,-1.5956442428855593
0.8826143033984917,5.250611160537823
-1.4663123942199932,-0.3375438788758191
0.4579927849186805,2.5875063117319206
-3.7158029027965744,-3.138198049386449
1.2064950011427875,-1.0601791720097395
0.5963169319810513,0.19379575206862917
1.2773203372862048,-1.8163078972153408
2.1162366501743004,-0.8444013696094886
0.7352396804194218,-0.43590181248707743
0.2961788395965524,-0.4678159708897889
-1.7621366733225845,3.7102371460706927
-1.424441527298102,0.7564525708630203
2.373469240354662,0.9590211258826066
2.872670811411957,1.079309548690141
-0.4762208726241081,1.2252527546742251
0.09200549450654824,-0.16577396774973072
-1.8092287499875321,-0.6414927429576924
2.3455136905348897,0.33363211903655493
1.3308336473835574,2.3136078978269454
3.8824348729274982,2.2524763768727674
-1.7566461543594778,-0.48079695137682227
-0.7560157980364344,1.5356873893362228
0.4628918450511446,-0.38916932607933563
1.2929790754515413,0.06774109887048847
-0.43133527509526465,-0.9470467631083948
-1.7459221809074008,-0.363290277812467
1.7628150578471422,2.6826601390993603
1.4422707250911633,0.18484229467847257
-1.8325482011274499,0.2705650171046358
2.7108856022109915,-2.8944355585159167
2.3403974183932075,-0.6184878152654593
0.26859299449558577,-0.4826298074894574
0.15919572475207278,-1.6582869708868102
1.1081155422318143,0.04333082340712704
-1.7234061405125163,-0.8583645804553086
0.06006295832816434,0.15999171048716432
-4.304767089218361,0.24300601963786883
1.752911291005871,-1.9115087156452888
-3.122986444883719,-0.7974035649663788
3.006839656857998,0.15474856552166713
-0.6602401879329006,2.368598862313451
-0.4233339638623538,0.513438345591481
-1.2554678121690113,-1.3238703598348553
-0.5760777478441528,0.7980095184877046
2.837062690296073,3.415097778643521
-4.975617313070159,1.8334129451780372
2.5539307721763755,1.0950530608712403
0.6760469622034163,1.451180350964643
-2.414043295714431,2.8799080828572614
-2.1506247860984757,2.15125358803532
3.352786054416406,1.1335207622353156
-1.8910137598854624,2.1372844391801697
-2.3067010211919188,-2.1633021925281217
2.2746290847294586,-3.004530504680562
0.6771057525718285,0.31419730128766027
-1.8758511530727977,0.13736141930107673
0.433249950809238,-1.0878201070265152
-2.0515053672805545,1.651705339655419
2.2016427968452104,-3.725727172902472
2.122741929746267,-1.0695445121156075
1.0640123976438862,-0.9699110897552299
0.7233221224940332,-3.272603570198919
3.5223762497347475,2.989462014538608
-0.0006273452235494242,-2.718402537326646
-2.3637482508416023,-1.1766801146153718
0.8989478256646137,1.8159595156102677
4.1720940990742275,1.292090686857463
-2.0295189863717042,-2.216349392969493
-0.7229255333879715,1.364978418521273
0.8328920762029053,0.5795689573164436
-0.10780969801147831,4.666071124222935
-1.9646071607546292,0.8078808321366089
2.2437157124609417,-0.28248364213706356
4.640081444034519,-1.7130039142388453
0.39226291804781466,-1.4884867339111425
-1.8081365794720006,-1.6515381909363163
-3.09792105010695,2.742197627823844
0.5159519624423617,0.035939830032941246
2.2077546866325153,1.13049424794946
0.9503354929907633,3.028495199961774
-0.004807681837707688,-4.71692828441493
-1.1785433035786124,2.55774752940075
-2.1843272654361794,0.1107938235666683
1.6695026526497643,0.8700967432808887
1.8275432427711713,-1.6568064434965024
-3.0914595733814663,-1.5102487968970368
3.1796779563613677,0.9776917796259758
1.1481424417880026,4.769195600662939
2.799189290291587,2.006626625629803
-2.68425549697023,2.531045842837081
-2.731648310830878,-0.3840025405228397
-0.29793861953459383,-1.2004084491712563
1.0055688537903884,-1.5616099031579869
3.5927216458539273,-0.976547449393376
1.412157827630263,-4.105564866341051
-0.48536255362406666,-1.4498386857832037
-2.0527384153317842,-1.1207063121196863
2.4600011454383,-0.35071634878968205
-1.9294108515014297,0.26350021949458347
3.2569371095446433,0.7249017372512212
-0.5687692992130187,-0.029850744885920183
3.1811641452357007,-1.162886172685514
1.3578625801185567,-3.926717286531041
-0.2739909788849165,-1.1506172168035866
-1.0387927436522533,-1.9449012753740103
-0.6818157546921596,0.9321334965572076
0.856633384750475,1.8185747933873877
0.15431299243543348,1.8771421341198784
-1.1876228161374103,1.5139054722556402
-0.33126282063526447,-0.26705147090497644
0.1571540594382996,-1.0439111309517934
-4.257468188829624,-1.4942055073341325
0.9163362295773974,-3.014997833203501
-1.9594424494336136,1.9837074010157154
-2.30666480641149,-0.34942207585994883
-3.3746886942214207,-2.4926805872417477
-3.5877849957357806,-1.6529827514204694
-2.7108950062245785,-1.7339469128651044
-1.418041915260981,0.08604897003025354
3.9065182750531364,2.1349357021413717
-1.0517593517904078,-0.6959790991911663
0.3555002125360627,-4.505067029567298
0.8009627730126574,-0.3783606703178402
0.26213037243169746,-0.31238780019439144
-0.1548869214519873,-0.44984046187104343
-2.3905875271984893,-1.2549223329514034
2.9018550965584238,0.43487816145168473
3.6143932872757705,0.13228223029800348
-3.3653173882453715,-0.049660628253294196
-2.048057181772759,0.8252827228859314
-0.5596206847540122,-0.8596656462957071
-1.9290755898203826,-0.9731713394013065
1.0119311069117305,2.7602465791707997
-1.4565444048132261,1.1187108194308721
4.330112135613205,1.6538921218855993
2.381097188687192,2.452209170668137
0.4251480612644298,1.0518883612496002
2.0539725266394644,1.8567773582723421
2.211800848714618,-3.1586903241405206
-1.1278949761164865,0.4083077439920543
-1.6324344890839295,-0.36543692362865504
0.1562861259392949,3.355368181799619
1.723272248995888,1.8552910636066
0.2781207973068353,-1.2608903815863597
-3.1539929643819944,0.7455883170584118
-1.6056488879016846,0.3353626668984796
-0.14794572718875607,0.9086628663044574
-0.15133120865166053,-2.0376849387493037
3.9450843535796163,0.7200329304764506
-2.771975884797996,-0.45630269857646866
1.0111784836717492,0.5648995281112009
2.978226216656579,-1.4487703302443395
4.542899490845592,-1.170126342793199
-0.8087948463679225,2.347684040733405
0.9828589054403996,-2.103095116680322
1.1395207143972939,-1.955508802084097
0.39096346310658164,-0.10316251443115608
-0.1976904024786121,-1.5437807503719092
0.8719507790000918,-1.7700572645255974
-5.064492170439371,0.21015194241658997
1.3641389801252626,-3.0101317138074095
0.25235580732393437,-2.015924469827276
-0.44494979355653075,4.108191165847287
4.093724391439116,0.9189501179380182
-1.3498680375811045,-1.4931267045398222
-0.8061519781300616,0.8364301565323942
3.983106604409468,1.134660953973259
-1.6641226096997133,1.9888288401804768
-1.1002305658730778,-0.25431205891346087
-0.29405084686169997,1.9529954055457786
1.6814689642590985,-4.076893049764346
0.4156050147066268,-2.1126162609515062
-2.5852506943045253,0.32774280347291146
-1.064337126254379,0.659267065615583
-1.2147088664244228,-1.8235645753372836
-0.15444209044609114,0.5188399825263182
0.8516873172596582,-1.2476804973745208
0.8364115117759442,-0.5539181884543313
-3.5520235080968043,2.049547601330022
2.127881975121712,1.8178749937771994
0.505137691993247,-1.9941206547265249
2.7690640951878125,-2.114502924040207
0.8883966545813438,-0.8223467911066326
2.2026459154715243,-0.053492602345850265
0.9330906229002539,-1.3157969771494817
2.6924515124054964,2.0812848855993358
1.044501272035557,0.6947796834171105
-0.19583049288580812,0.8121702197488581
4.5448694408937635,-2.5330776578899434
1.7780742445597841,2.3345814347675597
1.1474888420088263,-5.640337644481382
-2.552608833076672,1.6681109036987378
-2.5766152349270754,1.8686234753415423
0.5854309642837068,-0.8648023745559231
0.2910423955364816,2.5458204344948476
-1.2282451300166324,-0.12619510590869287
0.28196539922412,0.12486340665488588
3.1772538560871917,0.6790575748084325
1.3908049491005974,6.37314982362211
-2.2820170195054765,2.6888678161660087
-0.2230176542858874,1.402262401425836
-1.6099329617051217,-1.82560897320239
-0.7753998328171223,0.28717965095898434
-0.8272313312592855,-1.626248187692773
-0.9552911652080104,1.6442216945656258
-2.5102707439467897,0.2809339514697135
-0.25530936303638024,-2.2490433592277905
-1.12121527369462,0.16224916683700583
-5.858897380004536,-1.698834939432611
4.105944049003326,0.30243244267509406
2.177539308433344,-1.718154632730513
-0.7526014498499921,0.054975266721625594
0.03763809948119685,1.5009397238701896
-2.3433086946351236,-0.10610398385021222
3.3914457556217306,-0.7817765343447775
3.794577389546223,0.40655244211492514
0.3133874564930492,1.394365241585706
2.0470612883706893,-2.214366539763521
0.3505735578678477,0.5213123094104052
-2.6734508777518613,2.6350816380347997
-0.8236467379273146,1.1473139265534305
0.2638559335439141,0.11550829333445571
-0.9090954374868884,1.2794750133977895
-0.437306554870072,0.9049929122053648
-0.1827991150182289,1.507202218319628
-0.16175699573092261,-4.047863221965889
0.10451698099496642,-3.1069122673265306
-2.121210132793202,2.009658298966474
-1.4340322982558724,-3.010558352322881
-2.5691685313999386,0.8030772714384101
1.9556310993724006,-0.7040993120645833
-4.211293883680649,-1.9923784911919937
2.307180686633851,0.6992995142949472
2.7726987945256867,0.4020670074331413
-0.6043611739652428,4.220685304192755
-5.206274175654597,-1.2496224090717785
-0.722621123934581,2.8802202401383474
-0.12836832257763856,0.704845828768629
-2.021196439857827,-1.3220437630854247
-1.0304367876164855,1.5984929150344904
3.0603903977267026,1.1314770089079025
1.329854324603482,0.07168658971609847
-1.8491282287561999,0.5325907128812469
-3.1951983391908643,-1.1939740620910633
-0.6540346352195422,-1.6515742505090136
-0.4269135587008765,1.5188843476451659
0.9923983747266326,-0.44787884862654803
-1.070633425135318,-0.16016599649818497
1.0229991507237228,0.5596431918885543
3.8703080801204583,0.5305766895676163
1.6310020448885252,-2.8586529419481295
-0.09617701466154517,2.5725041729097176
-0.36630094210658937,0.2423643038013566
-0.7133462683597425,-0.40530652564429875
2.3612818249042893,0.8616920103394934
-1.2546268919026058,0.4730843872297261
0.09044541799996512,1.5341253789794043
0.10239580376217068,1.0759673443018822
-1.003568385623064,1.4356924579925334
-2.7449310957682016,2.701987811455032
0.6459490072353363,1.767249097941944
-0.1220079437107671,-0.32097244065712527
1.0004809388731397,-2.2458023121536654
-1.0672006128783338,3.33559586600903
2.4416425976260956,-0.4754467466942254
-1.7535475624236896,-0.9462148267210446
3.424080568035785,-3.4734536355288785
-3.495273019656523,0.6769462106242229
0.8695401291137823,0.2977732079075403
0.9508613650532469,-3.0302298724989614
-1.5911141358817646,0.9065480842663516
0.8487878757220252,-0.9963838414028781
2.5590373395203176,5.380630014577387
-4.433637678708129,-1.1387223841817364
1.0054896149816293,-0.8703866643955864
-4.986541640660155,-1.7495524485087355
-1.931329607046416,2.555753042083944
3.2583327298018903,-0.7455515889295062
-1.163564066784108,-1.4498283075309935
-2.347759928817945,1.413910019841085
-0.39587545796936374,-2.7607058708263703
4.135812676327104,1.2502210924978947
-3.6633644944120523,3.5627994332017154
-2.102619823278689,1.133215665670178
2.9948633663592528,1.2757966325198498
3.715404687075465,1.7401204338149676
-0.20686244858056785,3.4194160573510373
-2.478105405053285,2.4197879200382086
4.191687003618318,0.8793394445460474
3.1888847834983935,1.8077828012720027
1.357893975524466,-1.7718698509302213
-1.62480469787484,1.5525871814946441
-0.09805868167607347,-2.0111119423674952
-0.32072016208966153,-0.7340448372632533
0.6617026092311555,-6.165124350286475
2.902002876262672,0.8028593187349241
1.7588340822748063,-1.2877440222167054
-2.1547521539695165,2.222290430408925
2.7529929000390756,0.7803852212108056
0.6262642800263106,2.2481917894032506
1.3741315917178325,-2.1671930893450755
2.933081718557206,2.0767720743192655
-2.2231604990271023,4.211712688726654
-0.07165115741292587,1.5283165998637886
-1.06290910271843,1.5806980173845777
-3.1357188507309117,0.33919535278987
0.6934199552098398,-1.0493375611307285
5.023113103168847,1.5223847454030173
-3.6801554890115056,-3.0121658208041366
-0.06456122209894065,-0.8355102498416328
1.281085870149547,-3.5421136046743644
0.2461564033123623,-1.4073127546301658
-0.2262561050314808,1.2840901837871224
-2.5984327268916485,1.0107867524409264
0.46557348588032726,0.10182739107094539
-1.5135279540318527,0.3408019881240214
-4.379843409957107,-3.7717292357284187
2.3891844410274614,-0.7451245611418298
1.9167716396840848,-1.36270321287042
0.1033219537021596,-1.3181193810290817
0.45814937641140513,1.1991572556275067
2.1486360254311228,-1.721014653010621
0.4486793135561652,-1.2093617002548218
1.8080351095226288,-4.174138491419033
-0.5949644017477003,-0.5882463607523392
2.623967477147893,-2.1756750954272395
0.6415714518653678,0.15840585737928722
0.38810388721174804,-1.9022160934849293
-2.540122177424064,0.2090844910984324
0.5739117086034174,-0.28937152148468637
-1.6639098349889023,3.3440835460846414
-1.2765654530569883,0.9944359609063874
-1.6307512566322422,-3.679275745124606
-2.13246986379845,-2.529777688205417
4.249542806033923,0.11041601798466646
2.6626781239768063,-1.8596958967853014
3.8407350042885224,-5.936736860471704
-2.445790039111128,2.6990926276674867
0.14250749982178498,1.4404480338108154
-2.5870152504081916,1.0419537469835431
-1.391389754394128,-1.2146460909418302
-1.8362539668331497,0.8553535420198592
2.479168012883123,-1.4087206484417631
-0.7924593562035197,0.40971460043538155
2.1367586673880328,-1.841166451672955
1.208241779177036,3.0325769011120283
4.607277504209578,-3.1404733081636893
-2.958888446279448,2.4645676590216623
2.518466479573598,0.07783165603466059
2.2928817408014552,-0.9789339906839816
-1.9467576760540692,0.33400584339147665
2.0142666729463192,1.4666960143563619
0.6722899260524576,2.733493473388794
-0.45495251990681557,0.6262860462670643
-1.6478709739439992,-1.7813921705245546
-1.4382189028983718,0.1112602475315771
4.099624191571852,3.6335864733247454
0.001365637914965256,2.695356171025248
1.5642600030629183,1.8175269562487173
-1.5817987633351063,1.5913740402447734
-1.5597058924432776,1.3989001812130837
2.1639696184998845,2.31750966901974
-2.6991524231030644,-0.9132575714438105
-0.8304275358105431,-2.7101721315500122
0.0680548221444641,0.13800700147412276
0.22274520368010484,-1.635163173555382
-0.3581865700323125,-2.110041510754369
0.7916395621918462,-1.4405571531758636
1.3857115116356231,4.970627849067372
1.46927509091866,0.2722492681516884
-1.9716076173356534,0.7238156727219763
-0.5683101958575943,-2.444725614008508
2.3895257237538754,-3.6875059175852596
1.7892943751477446,-1.6381052862376118
-2.745718902962128,2.8763911704174965
0.7029598007044033,0.6685509321530422
-3.9564504987496205,1.1971901828887843
0.09386980412073925,1.4771320784041229
3.795534033491954,-1.1826987595965555
-1.8957854345379725,2.775931167946735
-1.6686460909831642,-1.2656151984443644
1.528059563145719,2.812464718525106
-3.085603030419292,0.8846043122706813
-1.2655100597700781,-3.5780903084926443
1.1928822751635053,-1.49601897320107
-1.2685716953788062,-3.569877065744209
-0.47193997442194324,2.3265642655884173
1.488371420630069,-0.04947084160480214
0.8430921670731225,-4.45668487989956
0.5336367925908038,0.7514937634393167
-0.6782445585400775,-1.07432852477664
0.7401222305379107,-2.9676117100666466
-0.24746536019951323,3.3559316739373943
0.9156112198515695,0.2145717321931574
-0.9938640502359565,-0.5868628046266251
-0.36513794875908223,-0.798849561972034
-1.9799155851040278,-3.0265589383155445
-0.0700152200124718,-2.609097799168219
-1.6220017272576897,2.5698335697501666
-2.2280929003239867,-0.9477657395714382
0.5173222957107763,0.044135401873727
0.42547955171532065,-4.088660952402149
1.565747469897145,-2.6361840715910114
-0.8622511391501981,1.2196250397495056
0.8161056936735114,0.7554235202276672
1.1015951445473264,3.506750397448631
0.8895476156631895,2.6859126632624526
-1.6513073656042843,-0.46142194496964617
0.2987269645423778,0.945907129426542
0.7282805921093227,-0.6332068858061479
0.014356933815883884,4.109619637277297
-4.172955316742169,2.2980293921047994
0.32097924794696014,0.33937018171550254
4.425062078794484,0.4007895697527028
-0.7200785375139654,2.889700574519616
-1.4561541957106423,1.1591556942276944
0.7466971194227964,3.117256034140172
0.6247564209331434,-4.387295852517747
2.385470330832829,0.9224565229975964
-2.5157363118177756,-1.03086972936277
1.4627605051499848,3.5127559752559847
1.180844122502927,3.0927973743796584
-0.2842930738810922,0.06567161820261333
0.67737463584338,3.071261957622063
2.0589149631967145,3.566229039985012
1.7446307600569007,0.1488133438522946
-2.2860386241474573,4.943867544863715
1.640316373510969,-0.06268230533944494
-0.12937721006503697,-0.4290419006718178
0.14574819603103079,1.7317451771686867
0.146393982003389,-0.7075814622846277
-0.30048597759651996,0.17067955158978768
2.38341499421413,2.8188688481018196
-0.16743591969842403,0.03843770443454066
-2.2390922567663374,-3.3900355859506153
-0.7870597119394577,0.7346387756983933
0.3573894336209512,-1.3925871581047895
2.458429568594101,1.730542314589092
1.2061893698976671,1.3923794316524913
-1.7010705574940879,2.942800696333044
4.970379833357783,1.8150646015853937
0.5295506219559593,2.1804885673161296
2.5507814759980296,-1.3381935202754267
-0.30342886715445827,1.607972991781005
1.0667184894108988,3.9369025787205807
1.6789370090368094,-1.3772998172735345
2.436389423508512,3.599476583454196
2.11473661075645,-1.098700182402661
1.7443940001459557,-1.7039424900999485
-0.6301734623882173,0.5924008867096762
-1.1434920839121228,1.431820832257619
0.6652150206483951,1.82350024794453
1.8662561446821386,-1.9235248415464037
-0.4454414015532141,0.8690801945085807
2.130343931428773,-1.3711091429670104
2.9052334909723587,-2.977844512141153
-1.8326418381468395,-1.8574726310655694
-1.6738414075925598,-1.5018007319116364
-0.2807501178106729,1.0431903207050144
0.6152253363783928,2.304427326137337
-1.049134027534102,-2.9464132597505333
2.704405357734289,0.7039221484161113
0.8481337230369024,-2.353396371541813
0.07889409648147898,1.2581708180280007
-2.871819047737055,-1.2454611620074958
-2.6316316328550142,-2.1026580360465577
0.5620185005636126,1.5993290306951495
-4.265191252309672,-1.1738452108901898
2.0252748192881436,-0.6319279027053966
-0.3163076887446406,-4.439978175112753
6.4861859391894665,1.8931027228469475
4.615832501232221,1.6418170423382143
-0.3628981384950335,0.010915688562627904
-0.21267400506262993,-3.055161882711518
1.9911630280040595,2.418738356669526
3.4063452198360755,-1.3325267727215824
-3.2760581148720336,-0.9067069002011764
-3.572750930709373,4.624088112719062
-1.2440696111087628,-1.4072728882184593
1.1654751663477287,1.4844199248530008
0.9937471810151942,1.124184524165235
2.1395429099677004,0.7803443857601703
-2.3993950567306164,0.5640010851090218
-4.632287725937753,0.7527771237783987
1.7160283906042908,0.5438811818810807
-1.6563925459304691,-0.10383671755212184
-4.036975728777276,3.0225662482214846
0.29012749191876325,-2.6253211215985566
1.5863513764373547,2.042916208030753
-0.24411426424255453,1.6446845973751032
-0.9156967723649785,1.3967982426588024
-0.3187244642918131,2.233958855280257
-0.7411655248015657,-0.18519879053678592
-2.6960942238803343,-3.7379481516537534
-1.4293613539808636,-0.14458531942897165
1.042559810027629,-1.9823884352491088
0.6433570827530002,-1.4637184197161277
0.3361196119336405,-2.4848393476648236
-1.990296963706759,-0.9546897168876688
-0.3630063242713343,-1.1932473879668983
-4.354130092885709,-4.755139659854205
0.3569533277707795,1.4004438225645783
2.8577154156271347,4.440643716009764
-2.9482642640842114,1.2124743869925774
-1.1718553466355106,-0.4058479130684555
0.6582135574202591,-0.1094927913524311
2.5056852688549673,-0.8419717360263521
-0.8964492326002989,0.18008316773391664
-1.3845006585317927,-0.07401618814646725
-3.9378462848321663,-1.682096860796589
0.20687625861621275,3.365776777895663
4.084152080287488,-2.974308471419542
0.5547169239293518,1.4366630863884924
-0.04455795836742663,-0.20239525463506375
0.6441646215339709,3.8016636301314897
-0.02218400789720412,0.6817291984964428
-1.6260287445202597,-0.7198110743664965
1.6465598313554106,-0.49541439686899463
0.4515230462235088,0.0798133890395223
0.03522650386731463,-2.2855813899928017
-1.9507320545565,-1.5337390502358235
2.6070158638695182,-3.569887938383715
1.3294054906662198,-1.8459537967481878
-1.105841674734604,0.18781296332089958
2.0036497073638744,0.600350098569042
-0.9951416767704143,-3.9586593899928038
-1.564006985022074,-0.27442340608840093
-1.5194062349605741,1.1268199016442646
-3.5421371061761824,-0.32582438675247055
0.9430847608364115,-1.2675772915556007
-3.6622897566767003,-0.8243222900964278
-2.4568876625315252,-1.081526709954444
-4.1511760181570665,-1.2734611182161144
-0.17213938558178613,0.34764705048969674
-0.30064092054374414,4.615376455470902
-0.6533924263727281,-1.4873998338103667
-2.0851553893411525,-0.6362852653228538
-2.34446750687328,-0.1033958787504633
0.9287397270931483,-1.3747088687165872
-1.1011038634169754,2.196471607046853
0.6327166430722895,-4.741770746612876
-1.770497372248445,-1.0621183407573513
0.36212548554216467,1.636627472639924
2.6065560746321275,-0.5881886167772675
1.1723316007855666,-1.6416779177005827
-0.8248276364329608,0.8815135088775283
0.5143979407118547,1.812686470794304
-0.48133034906042604,0.4212708904301168
0.015760369389456304,-1.6024407196257666
-0.6512221042970072,0.9124066383034866
-0.3286704117707824,-0.8040986005495798
0.42418670614835047,1.4903737637876555
-1.9867173991639013,2.9665177697131817
-2.0317576539799567,-5.2111535113770655
-2.777085107662422,0.22213494639126533
-3.20054220900742,-3.4714678738952545
-2.4345653844409587,4.8835771706595414
0.31892501360825837,-0.9362490675923809
-1.7855750309837681,1.4927464836507447
1.0272289284621925,-0.07063371918979143
0.06942749750512373,-1.606169161438119
-3.9370084268761074,-1.8441060943548535
1.3099511684433796,3.171358346201518
1.6215972911834198,1.9118761203566215
-1.9877253496697067,3.8871681747551263
0.8403830857899832,0.11090667031539832
-1.712996474818398,0.5758392424920006
0.1953407534966708,-0.5343831313105764
-2.5289968139099313,-0.5741644062300184
-3.5862129050691536,-2.0837738649547366
-0.7656343792259374,0.16802038184870252
-0.2474578925496723,-1.5784931897723942
-0.7953593872292081,0.8838178443284054
-2.368061116445119,0.34002043796041936
-0.7997981242622741,0.5753640873514444
0.538589505161468,3.350259879380452
-0.08978606024507396,-0.07543589953118235
0.3650020611984268,1.5134540057068564
-1.3402304009084658,4.103018928171163
2.343435829432319,2.6132341385900952
-2.3523466731095612,2.3063393969096895
0.9751205941734372,-0.613376431041
2.363782185919923,0.45928611113559353
0.9618161854977908,-2.6365525840598836
-0.40504845412966006,0.9978288019288291
-1.0565940933259583,0.5489203552276832
2.072175302092512,0.0467702503123622
-2.845949850523346,2.05438957648572
-1.9402485207592872,-2.415549644848793
-0.7951155309834428,3.2697257023206943
2.4753075150239963,1.8035293758805677
0.7595352720817921,-0.14126795930394814
-1.9360915170204906,-0.2974591756347872
-0.6206154107698073,0.9612224304971887
-1.2286462881925888,3.041702464127559
-1.4195779844670702,0.20321543738002154
1.9577791171135583,0.28806180395845243
-2.7434862585270112,0.03623695525174267
3.217561711468747,3.5640482254029453
1.6564593803692456,-0.7377662058740477
2.181723341207396,-0.05901519723814253
-0.9258790240505166,2.926871308521989
-0.2998814381582187,0.2940216672257271
-2.866303629049424,2.2741177200910445
-1.049324814133606,-1.822560113805917
0.9873096952863017,-0.4105850432570282
2.5921261235627924,2.968868076880457
-2.2143136336049034,-1.352679431527091
-0.7310118739705317,-0.3025980795394148
-0.30259844046504464,0.5133704617829573
-2.7915784043849703,-1.9783090359859734
1.1826984835168006,-0.8276202372437942
-1.4479806634852181,0.22527336365128076
-0.39078070235404794,0.09336346832392242
-0.9038987438237553,2.5607040416742715
-1.5786770114393487,3.082914389664507
-0.014089970961109399,-1.7121697440018226
-0.43121915713604475,0.2225370383349789
-0.7437157645573311,1.3484966168495311
-1.4569232433606856,3.0326949315983946
0.6390493415659109,1.4369805946342589
3.30723453698457,0.5818268031846634
0.27977446567825476,1.3330850639652614
1.992236429822258,1.3475376686725196
-2.7804438503069253,-1.8554285845687368
0.31552287858753897,0.3855975850125376
-2.194736637942133,2.9183219883773828
-2.953849855063803,-0.4147135373880093
-1.4787428149180726,0.25889328509488846
2.3837986688271458,-0.4850328990520439
1.9000316573392912,-4.62771899121375
0.48600944410879937,0.041180354469358284
-3.0654011197798616,0.6035838613057454
-0.3925613027758736,-1.024986781761804
0.6034000178034711,-2.3092738977694562
0.3510724591571958,-1.7612129195632986
-3.6875871669614915,1.5283752322711284
-1.7806356960397436,3.94504954609381
-0.12815552829743326,2.7648666818108656
1.0725818190343799,-2.6886920096611036
-4.392255642199893,1.7092546211014057
-0.32424795095971687,-1.32632475161858
0.2860975397579047,-1.1645341250175543
1.6992239770324262,-0.923951195942568
1.3857151684748734,1.4121338997108608
1.1651426376176104,1.9185067528980764
-1.5998810134038683,-0.19606214255957596
-3.816004274246615,-0.16214148201604953
-0.7861055141228019,0.9285274864715861
2.00326365041712,1.1359890790484837
2.786909055048863,2.352451413517058
1.4210982045955707,-2.5687439510183974
0.8586816456034687,0.04005467960806
0.759279296771931,-2.136048751782355
-1.112237493521561,-0.10188455812680611
-0.26012058710724006,-0.45235057536152184
3.338139051652662,-0.09349890780540458
-1.8851160115837526,-1.5994857762210635
3.229557581419703,-2.9745795864148574
-0.6440563089841168,-4.188875053429806
2.650864218190157,-0.2623603085296809
-2.8136300189950765,-0.8620022116658782
1.1718084023292983,-1.3518753296076542
-1.473540271895244,2.6450969256633217
-2.830534383848375,-1.7188763735906218
0.43706808482189136,2.8336681642776056
2.0189435771919375,3.247687488538514
-1.6898828771869927,-3.901800933578762
-2.9980319209168025,0.1847629179979395
-0.18368952866991026,-0.7993929816719816
-0.17487065755436215,-5.823607889434531
1.0966392551089974,-2.8892825061368286
1.8991891427289764,1.5498722142169485
-0.11883036254498819,4.038398505422529
3.711006629588526,1.8053562853984968
0.44846948907058354,0.6472649450259552
-0.6928530120137992,-0.04266476326217501
-3.223134718205656,3.3653258292962276
-0.5253190406323355,4.296478403915281
-0.6727738908222725,-1.1736853590483722
1.9206095925629407,-3.999973120620582
0.9249672481337081,-4.196374926542403
-2.3587382432652344,2.643761984319604
0.344508772822075,-0.09411708154877303
1.3430623434581068,0.36648382091743703
3.0560627187756655,-3.5813019859134263
1.7750079348281187,-1.5063778255769327
1.5216933086229556,-0.5909616278015646
0.12017198923032722,0.41567676672814124
0.7766240108468992,-0.797184077827518
2.4990098014123174,-2.0746523966026853
-2.6655547949592995,-1.5691339852050459
-0.6988786544339118,2.4166465718944656
-1.5451374975124814,0.4895692392069995
0.7583062374522482,1.2243136139111033
2.4604443513015752,-1.7977476217546593
-1.1939485734421478,-5.907646970801249
-4.780608734938876,-1.0462086137689928
-0.8244414900489403,-1.7331411088509932
1.8269474640348131,0.6980245372561587
1.0752598058997593,6.571447427363684
0.8563724956211523,1.3903320352365116
-0.5599866037489595,5.471920318766977
-2.5580614724395727,1.1375393906788973
1.0305886432489348,-1.2597724751454302
-1.6685636200692495,0.6958321562417668
4.368193466760912,3.561277198955416
1.141014416709032,3.6591251926424784
-1.1612966051079021,-1.1506747360861582
-1.2227704947772564,0.5063673913985979
-0.18588841322717656,-2.8585337593422904
-0.47900384404349955,1.6493372493828595
2.2336675510599084,3.106709398111789
0.37283233948809263,0.07959890823203232
-1.4632634778170561,-1.3347681087202563
3.7808813703115653,0.7202619025551253
0.09861666304044527,0.834918062726332
1.5376793519377936,0.1622876636992404
-1.2164530148895185,0.35743024867190587
0.7262312554890468,-0.34762970093874185
0.6222199822863904,1.991909856452812
-3.779298584192306,1.472454890330254
4.03055022092128,-1.9662062942882985
2.5812889218450943,-2.0211812063171894
-0.7943906322919753,-0.508748834053124
-2.204539480911711,1.4736742482103584
0.6951232276071041,0.2961148277816293
0.17339539882879318,-1.2863008202453106
0.7113378971264588,0.5230371934516603
0.38315479238817923,-0.661621039044544
1.0124819786118522,1.7609729204482627
2.894611398783613,0.6661168701340948
1.1362064102572922,-0.6305563749042876
-2.0993109978198823,0.4630375440929231
2.725125705424904,2.630096119048403
3.2812291269765748,-1.139260153092755
6.30411346902417,0.8053139632943219
-2.246988066479196,-0.14092068093199162
0.48576402630055,0.8539673677241993
-4.1641974063779745,-1.3091298831914608
1.1062983127584183,0.22067086631875163
-1.0964005963335453,2.2156465648336017
3.8468915896499065,-1.8740139624922147
-1.5492299400371639,-2.6588102066501635
-3.3783660759345233,-2.5829111289739286
-0.9425274814050393,-2.341325060400378
-3.950975542434275,1.1906465757853284
1.5021989090146202,-2.811719371730931
-4.130166092512641,-0.5957906894870615
0.05691516236631776,1.236578606621416
-4.155623639712394,0.8333181210971873
-0.6405956090732838,-0.7711179599249702
3.286756311609068,0.3818474635102119
0.7212957828715899,0.21429065947513662
-1.726987209929868,-0.4484819110963726
-0.06240697787816795,-0.42166943730916046
0.03603374408889317,4.470854869513921
0.9452606916868113,1.6186218078626016
-2.733716726561653,4.961301835024286
1.1851345476946613,-0.9939262658410026
-5.40878326320555,-0.16993319377629482
-1.2597691047276207,-2.6642515305532948
-0.9765476849030893,-1.6191336041791446
1.266653652142477,3.803826297325002
0.04526170535373828,-1.0440685796835127
-2.8111261077125733,3.8385626002889186
-1.9699862516340303,-2.486724521359781
0.3973600190948138,-2.1069380681465537
-0.15813468372911257,-0.6824624420468423
-1.158248219271493,-0.12749984335835574
-0.9616675790239587,1.846174584900259
1.392335994318578,0.9015408343725319
-1.0353851457384293,-0.8326305146880555
-0.17618248805814657,-0.2666316130362125
4.339873176161086,-0.6381258395694002
-2.847365273767846,-1.8293074706514596
-3.7036854631493172,-1.7759258732032432
1.5671793295972134,2.0557677828668193
-1.3572861225882065,-3.65632985585428
-0.6364750554852405,3.2347173948901093
-1.5623127562622283,-0.685988451204464
-0.519600281535025,-1.5450172127843202
3.1970762241926827,1.4795185813945384
1.6042569172362386,2.9704331682942344
1.7244470237739542,2.2352648832079147
-2.832454111585291,1.0037040987197816
-2.3023074731057385,2.1737269794436718
-5.678157318970854,-3.432995154287732
-1.618761642165508,-1.0436610829762965
1.9134063727713169,-1.8223401200496891
1.0338930314967418,2.4492774624303504
-0.4430265259042478,-0.7669560378477734
-0.0446005674361061,1.690813113564111
-1.3777710851508111,1.0717138849772758
0.40951776480356833,-1.724613872327362
1.5317565589612296,-1.173916419952569
-3.2317735748209455,2.5876353816294517
0.5992953756746963,-1.5509652973688268
1.8648697419093345,0.24973522039095794
-0.8302005779267392,-1.56508257265289
1.4014012242411673,-0.6279043738317214
5.629308888945106,-0.0923238879399438
-0.20868558597378384,-1.5657330205949826
0.7866141000106472,-1.9208939079677632
-1.476114167322783,0.5725466735548848
0.3625023252041008,-1.6894748175823524
0.9205432499646077,-1.6213151113973452
0.3896846805402761,-1.8781062874039414
-2.0393906394177135,-0.15581609266263682
0.4127235426509014,1.8874032687996825
2.9243918774352737,3.0130572726245335
0.8972715290290546,-1.4518361719875572
1.923974378143682,4.300621586662422
-0.47402394002525544,-2.0094097214135918
1.499800478847421,2.1670970466557393
0.5585356764330519,-1.4433929080308852
-1.901821459374464,-1.7418465397400207
0.6370420095977489,-1.4895123135687773
-1.983393326880621,-0.10489539929823827
-1.2657605497695839,1.1599443420672206
0.37865661458474825,1.339736075809644
0.5944885467602481,-1.8879700306957765
-2.378464930154258,-1.9793185750225373
2.1079715423657523,-1.8332773867270942
1.1440125566009458,-0.2227088047710225
-1.4094568712217677,-0.42031120838174924
-3.0751695928983507,-1.90035092413959
-0.2898091581628626,0.5392073881264883
-0.8918874277223203,4.525137616670636
0.22628091410604562,-1.0094309236703027
-0.726233322311133,-0.8670236424070669
-4.01491372149002,1.1193231406487374
-0.7766938766023168,-1.1176325834735898
-0.6112382221366259,1.3379289634363647
1.2673220495481174,-1.4370854135580806
-1.3963993492220994,3.6642392151546024
3.3573493467451323,0.689549945184589
-3.823281101303514,-1.240045898153423
2.622334995605249,-1.177383398938548
-0.4486379417562096,-1.0275995054160698
1.7191697446871124,2.745499332497747
0.1596029681174662,-2.5375020152025667
2.2791110720509384,-1.3358833409190094
-0.7747239291056225,-1.123321113850852
-2.1972408503556244,-0.0313759335138759
2.8410085745421263,-0.5422193852935889
-0.22696129176428237,-2.9824556627809256
0.4431169472484212,-0.7996453671909352
2.4695038280895902,-0.1991013663699369
-2.06391048418887,-1.2561956701595667
1.1909817952785147,1.3735509780953297
-1.1797895129257818,1.8388168575072943
-0.2643387112887437,-0.1567733994587858
0.14455793076857779,0.4610831737014586
-3.000443722893872,-4.322111994698542
-1.5576740856408695,-0.8422055443236636
2.7021457848262784,2.0096433835158254
1.7723823771695912,-0.8468731663585551
-0.12527915465446973,-1.4745233527839219
0.48624691702578615,4.555377852061862
-0.5884850112729153,3.6381543803916103
2.713166771655964,0.9351498249643142
-0.40070515558832775,2.277821222960095
0.4636841842696961,-4.451870835916155
2.29206028828413,-1.575102881257413
-1.5547429696918131,-0.9399157463463029
3.117578368993788,-0.4719601977338924
-3.0609228194867537,-0.979888041947925
3.2592842622255973,-5.100052583032693
-0.7453511679039492,0.7720492374171196
-0.4853974956505635,1.0873082565612135
-3.780020342365886,3.2037975831799628
-0.9095894347553858,-1.5766185295499269
-2.0796130620537685,-1.7403263155598043
-1.2152926907469452,-5.359968971928938
-0.2746219315777592,-0.5871336731817723
1.9155832289458112,1.8022235621243432
0.41520670280125155,-1.2235357243854388
0.6153533068022277,4.286889637087296
-2.1910387776911247,-0.513189671579047
-1.7615081792054603,0.2939845685771112
3.597450036702624,-2.7262061611631876
-1.4704020695264932,0.5744406903505589
3.312416504114591,-3.9586395897053905
-0.486122397761733,1.3873959100262898
0.004575872287008099,1.4488563524708244
2.1407303204598596,2.7185828486730204
2.543784843877313,-2.0399374375353774
-0.221625120558175,0.3211242365948385
-0.7764861070430777,1.1276331187730082
-0.11184089704442624,0.8845632766606197
0.6759150564642366,-1.7305985502697026
1.782607373739511,-4.78396377911228
0.008459717988303153,0.6939205937689623
1.2377725960463073,-0.30499935661983885
3.276719464541882,-1.1333411859228806
0.7626192245295693,1.5278907274309323
0.6233057120095566,-0.08983907630886627
-3.0378216501801356,-2.6383901055355987
-5.261460273658127,-3.862904578192443
0.7767514584603367,-2.2579265302663307
-0.18964846256174447,4.786024589533573
-1.029565349829484,1.445553547865546
0.48706040837268927,0.37722468395002356
-0.12080745839381658,-0.36332185437160947
2.255560501267797,-0.4947858798948715
0.1722217365179558,2.3343919667181896
-1.4938465701403352,-0.9811914838068632
1.980332477918578,1.1538408213685853
-0.43426214989240497,-0.6968559005831881
1.0530733673446142,3.880313263670125
-0.9548214123856009,1.4845770151566073
-1.2996537709948728,2.491113629367251
0.1683364603713923,-1.1688195493764775
0.02565728708737024,2.1162722251348436
0.959654070733666,-0.6251548507893815
-0.5372915066194851,0.2200696478656985
-3.6727195675407946,3.2700953412389167
-0.8655477671767773,-2.0855501135128383
1.5876369342876313,0.4064954626108007
-0.5947521584862129,0.8760105170374537
-0.49276680502909603,1.0400087616016198
1.9727530118118741,-0.9015689861869308
-1.4239464545178455,4.172528201616163
-3.0856064364857994,-2.5898637706805205
-0.3212622390509887,2.9177707772649386
-0.968347902497474,2.4301312111832774
-1.932492639506508,3.8017775792073696
-0.35075691179738144,-3.1764541974156404
0.9830112944935673,-1.7376629757794206
-0.018577123135631493,2.9838861183232814
0.6139621453724755,-3.754078309260618
3.626815397030846,-3.2129178020808276
-0.6857577231151282,-0.9766155734229836
0.5566972692893392,0.3839875772445351
-1.018426725198269,3.1844501472975497
-1.6927194397739458,-0.3705318298607163
-1.1698153068355397,-1.2164782961290785
-0.9575171430433771,0.6227798753928543
0.7189515950942511,0.9391929665888017
4.698151573401515,0.8824796443405424
-1.4320868725516807,-0.35597241590269013
-0.833250611230925,-3.9101722278362994
-0.1262460262224965,-1.8352319782126643
0.7915976974194942,2.8405421705349245
0.5271016239095699,0.3741378759531997
2.5681915878962345,-0.6450442382141135
-4.8527841410704164,2.2363370967479494
-4.773859740391345,-2.260233264737897
-0.9917563440202986,-0.4506962674260154
2.1946003750874175,0.27551681034807446
-3.1312960632111926,-0.8827550065892583
-6.015264679387514,0.20152564580319754
1.1423588124384174,-0.37538786284353043
0.48731444740542884,-2.79868609557175
-2.1804168135988595,0.3629557637581119
-1.9710792014418599,-2.656703583025735
-1.9394874392693489,0.33123025019344443
0.22107063494788026,2.7482716483002188
-1.252630552366014,-0.5620463945521088
0.9881278379510393,-2.3429662599419725
-5.709253325808782,-0.2539756264099609
-1.7137037302555986,-1.6639422161570627
-2.2521079218221005,1.189018005262939
-0.5126813567449844,-0.29597749504570714
-1.076095516980277,3.4195265033291466
1.5956875597915332,2.3259791913546763
-3.718673543320115,-0.30616100896280546
0.090982952661504,1.4312181359461815
1.116672846423411,-0.7864728183256908
3.7132948731239095,0.06791377033033652
-0.9635319421869504,-0.7228683927006245
0.6489172087050341,1.5329119196994174
-3.60772558512473,2.865976553419156
-4.783912408626048,1.5972964143822868
1.6895487515633998,1.8438732025707116
-0.011120587296141132,1.8460668744714586
2.3570253795968457,1.1025118446694198
-2.7468057779394983,-2.2785723184205358
1.039804279057505,3.4019430388329996
3.7376356810877063,3.60882165339685
0.8394112167145318,-0.4677592066267368
0.5531630111820975,-0.7413958304323638
0.017112161648699664,1.22482330583075
-3.1417629142518244,1.1016256703670098
2.711145871420696,-0.4038921375060376
-1.2217152796101316,-2.5000513111752083
1.0089665127660339,0.6114023814995542
-3.126068613142507,1.1028730763510906
-2.358919329015561,1.4516422960775945
2.870174798444471,0.698585544708415
-0.6946045779156859,-0.5422302967238187
2.906550952085089,1.9880040790125564
-0.15646131811703562,0.13169699513183666
-3.683795545915715,-0.9298460287294412
1.7841351994634411,-0.361306764091442
-1.1797846355112156,-3.491938064949964
1.397377627034087,-0.3644836483570777
0.05042173508016423,1.3768730397493372
-3.0862364558857407,0.6795660442784602
0.3285895307411381,3.041328345962372
4.392446284305598,-0.5259498280314084
0.9859729170289184,0.9746263261066321
-0.11503550601092626,1.585480352611544
2.1506868039137954,4.685714016574816
0.4213369304062216,0.2895309822352808
0.41906846052558866,-2.0883743577280467
-2.183250344318205,1.6958575067105637
0.46769605157919675,3.7314547119369137
2.0708868328338896,-0.645097420453243
-1.6721243042000493,1.6821630772128315
2.8489916424938952,2.4574561104578403
-0.18341204829025196,2.034131087940307
-1.7755390230770813,0.25111704494715587
1.995264153840489,-1.3969475164262923
-0.5735884714765386,-0.1625590960271715
1.5190297749722157,0.9172009077552614
-0.5835172645170743,1.816445048183458
-0.11965228705980739,0.6678900959980786
0.9871204086685832,-0.759815933081154
0.5817941151800118,1.1107593122995374
-3.991063560903477,1.7201701354856407
-2.2424874801887835,0.759220112828961
1.858819969581631,-1.67237422907665
-0.2642731778030945,-0.36281206943437994
-1.0474626055428435,1.8956415528249335
-2.7171480305149487,-2.7660356174889476
-2.159472642551697,-4.186356044782318
-4.043597279923895,3.0161657002880413
-0.20256143740306576,1.0228305100437594
-1.1968751611620938,1.213460005040213
-1.9331757819706303,-2.153633947254112
-0.1362468503359062,1.475056126933076
0.7279412617054762,0.5504973751367285
4.1863958644198895,-3.1686551556967943
-3.023766839126427,2.848566828547715
2.318762086601044,0.3173666472374578
1.946203122030144,-0.7921679321585375
-1.558185478753401,-0.7559794919704353
0.40647190917206205,-4.030443810864753
-0.9152664986752305,1.1866731992627269
0.37137716083747785,0.5237144144914506
3.018262026809101,-0.38816026466618986
1.211212465262626,2.5569704149033443
1.017216746466884,-2.7677180379916915
-0.8606186399092848,-1.1935449527352304
-2.9681133298486704,-1.7000165095207718
-0.4169364210808158,-0.5575899595431061
2.4132163097278303,0.134940050514446
-3.054335713179295,0.8600270476227098
-2.11017873635339,-0.6939469062102346
0.25253547246813635,-1.7547114703097875
-1.9693095696945249,3.3720138995408884
-1.5850468942304252,4.823280383577138
-0.8471971634563542,0.28657334376405064
-2.731234808380299,-1.5135607340417343
-1.9482436924327367,2.9509082620845883
1.4068558335746175,-2.8935142126569304
-2.614739564461928,-0.6695466494096551
-3.1957442689896753,-1.3922341026926035
-1.2600499590677887,-2.3190711009009775
1.4639110050196915,-0.5600484658435391
-0.3938436159937791,-1.7283441583479298
-0.9291621562312367,0.025308928297308977
0.0887175950312141,0.054354335344927965
-3.491414865719304,-1.2426634470439586
0.9894113075500649,-0.7410267131877393
0.7668700628072883,-0.461697935807421
-0.8186169481914425,1.619692122238854
2.0118490235928332,-0.2968588021283713
-2.2549921979060774,1.6494034815721947
2.255817986507138,1.1716259671093112
0.30898733119050226,1.143061393801484
-0.6731051797563468,2.7756919406919467
-0.03974727073662314,-2.2387817594918196
-0.21452953162188348,-0.9463662126142273
2.440565792835434,3.5265976005991386
-2.153358254942027,-0.5146330011785349
-1.5250384782931965,-5.630247379811699
2.0726057841449594,-0.4059366862957707
-1.1910698703677185,0.26987906032649955
1.8010661546631832,-5.234226234862422
3.398871966017419,2.6678712797758966
-0.8035900538832673,-1.427424927731204
1.3627246531506108,0.657126230375031
-2.307384562679717,-0.45196309068812457
1.5094665961356184,-2.576702838408083
0.3988479719735342,-2.14101626927084
0.9460765643204304,-1.870165672855094
-1.29114414407079,2.171343818367276
-3.322166831134345,-0.29507637620030364
1.0065041294990096,-1.0437310331034932
-4.126806304958909,-1.8692178251804625
-0.6347009844850696,2.3923004430522528
1.8823637328399394,2.9284025450471742
0.38379547174607215,2.3694877974133615
3.8966852895796262,0.9848746783083333
2.050218305163547,0.5796600837414232
-1.307796776651153,-2.431875635951803
0.05462675970287734,-0.49163825342211503
-0.0947414050888719,-1.3677204066928732
-3.1643535266922544,-3.6510242179694194
-1.8807978329687065,2.1140868383307314
-1.1215218139597205,-1.3916598927845505
-4.072441005711873,2.391883814870614
0.09498693650328591,1.7634928015200242
-0.49814368930608144,1.1134359532668376
-3.3457878026231485,1.2257681435263674
0.8084257305546642,-1.2306277641474153
1.431745489381919,3.7157003025813298
0.4540689577297778,0.08625086190609833
-0.6481363504179404,0.6038633702374078
1.1828843035037098,-1.2981526671332781
1.3604407209533822,-1.8623305215539199
0.6148071394393768,0.9545920176188465
-1.6492245008695219,0.43502699187757093
0.5532015310223614,-1.5787047318051546
2.390961301650958,-2.876853437550808
-1.1932581172234604,-2.539846174655094
4.1958786782648625,2.392267434182214
-1.0512618679707688,-1.2265076293001431
0.06481402668027243,-0.6778170913516675
-1.3449711920126723,2.9006805175181243
0.44654167184052174,-2.2443011229728294
-3.4844433852705503,-1.4539896514341135
-1.0920835976334424,-1.5375336571213862
-2.1842424006971344,3.236136962332079
0.2706766957845818,3.9867670011648277
1.9888947510178148,1.5031264508043418
1.292012374229103,1.5667694483084798
-4.743318721717785,-1.1607100057054622
4.084139305855761,3.8946569738085657
0.5905598812417368,0.5353925087173238
-1.5529982809860006,1.7062205288994798
0.31425583798188167,-0.21104987754190824
0.35237964500538477,-0.5360651746552212
-1.3336974339031273,3.326084519192235
0.395833334684151,1.079447359476614
-1.2149445752406145,2.9027509221407635
-0.8087239853800455,0.5106563434900888
-1.372558271510169,-1.6967330728461814
-2.8653425794793055,-1.1666858657569759
0.2916729404307678,0.20593048492922106
1.1705988730326762,-1.2530004320866535
1.0297671921527445,-2.214922817255381
1.6398505052704686,2.4028340635740495
0.6486804200297364,-1.0897401416470243
-1.065450996433807,0.2763854955826408
1.6793277288623776,0.5922671797712095
-2.71503507968387,-1.1763062506411375
-1.8013427650249603,2.9015989326174787
-1.9284001428464894,-2.2342835224092257
2.1601121182786205,0.5232505271615417
1.8855770282801512,0.4922354127531673
0.9746104740899897,-0.10850920572829571
2.1438597304235945,-2.593825226543965
-1.7585655648239762,1.7416351037269284
0.6971902397219608,1.4870213406691932
-0.25034885676632845,-1.3511370571824326
1.6937642077698278,1.4149744144107237
-0.23044846510439518,0.7498153726015515
-0.7698857768201623,-2.5612242907222167
1.08181703712198,-1.707857829142715
1.7523383343824657,2.2765628897791585
-1.3366903896936033,0.6188323702841007
-0.1221513427047522,-1.1286058916212522
-2.1168812672833055,-1.716951782345284
-4.996122034985879,-1.0307875962308417
0.400919262827458,-0.8889590597554091
1.2178107125092639,-1.6919260652585033
0.524133618173451,-3.4835282247666046
-3.8991234355087343,2.280026572801571
-0.7016988601529491,1.9412673452228864
-4.4366955201021625,-2.546510903613719
2.7394022153083695,0.27262259112733533
-2.172109164236172,-1.8044764054295332
2.5108072189197927,-0.5231344464530706
1.8917392873682912,-0.689533159747313
-1.8011807050721234,-0.855668431435745
-2.26556990253549,4.005894168152572
0.7007404327726765,-0.8806513693523809
-1.688648074366142,-1.6165276501338495
0.20496928431641506,-1.5251628589940958
-0.9656551816138367,2.0875539128035103
-3.5623168289312668,-3.3042046633858697
-4.460936038248918,-1.5252458328710403
0.45336849698919435,2.893645680223068
-1.1231154926612508,0.4879723759952936
-1.1061796338282646,0.38384401007222646
1.3917276781875707,4.264292920287403
2.3468845532648897,0.4926959058969976
-0.5450894427236184,-1.416372322719165
-0.681197413819723,-0.5641541137526973
1.0002860662277675,-2.2708646180611374
-2.7138711393991506,2.5118740800313937
0.446306109495394,1.1491234350734307
1.103771943644308,2.248828299941778
1.3604604168352583,2.4259678570987413
-3.87350540500493,-0.8284215618550652
-1.5227105396178813,-1.8895057040177796
-1.7565265056469332,-0.10342622261609168
0.19977390881842597,-1.7455221415770765
0.9614891595359679,0.32991375081804936
2.9934208148919628,2.2641937616693784
-0.9899309607361462,-0.3362792920983344
-0.9951449966184277,0.29999017981547826
2.299344037757494,-0.18769123244673305
0.5931538770606102,1.6054551448753955
2.5353030223759476,-1.33556478857658
0.5774560060196726,-4.392892523286198
-2.3142332374265417,0.9417377187507616
-2.666256709555613,1.9756688426159872
-3.103024498117858,0.8927484895170714
1.3241036695169464,-1.2804609909360278
2.377193646174016,-2.270024196372138
3.698724282772762,0.9889950635606428
1.6862106646464803,0.28295790586934727
2.3256771550699717,-0.25158525531665954
-1.1600326653073694,3.6449266859875817
-2.3128316334877135,-1.8936001883626634
1.7001586648351066,3.550074042254931
0.8353615044788013,0.06356780974127987
0.2148887486817851,-3.6711409537417494
0.7747429612659797,-0.35840530863828174
0.6463709649164118,1.918992153198882
2.5676337197071226,-0.7301100656099414
2.5899711696339116,-2.94955708247679
1.088440704680694,-0.3290290635923399
1.6916057451258564,-1.7143447477834115
1.0281251048495517,0.9836288021759252
-0.9223394640692378,1.5467996321352226
1.5131293498262801,-2.1125408154962124
-2.7889901377185233,-1.4116081102312992
2.1077831045917663,1.5132849302138753
-2.38904587953207,-1.7176885565979183
0.5716065735894659,-2.16431627165599
-1.6903079168523178,-2.3573822635925095
1.1067779661488535,0.7040772259162408
-0.06785045185581776,0.6183154390349284
-3.1895119163266648,-1.3680920607580833
0.8413992620369577,0.01017079225646817
-1.1558415536654212,3.054264768310261
1.7622934416267382,-1.9481203138364434
0.002651377468814459,-3.903485218020899
0.7908419707760763,0.9101511514407409
-1.9151379100304238,-0.22080232780317696
-1.1786644628547238,-1.4200501736302027
-0.917277272202169,1.3041604747098159
1.7134049604851114,1.67845028933758
3.3547541756109784,-4.416556039760185
-1.6103435034857525,-1.3051958186629766
2.1536962893153606,4.63503246239371
-4.339354835451404,1.1668098315963817
-2.3883788021845787,1.3522072765942994
-1.9175569123735496,2.345788557262957
-2.7050173788814447,0.034137650399452234
-3.16717677957516,1.59336832018324
0.8259978242755951,1.436124087674405
-0.42813539545572277,1.0780829935055178
0.7588107952102194,-0.6440239412348092
1.380945372243026,0.3441178447325177
0.5312339863450669,-1.1767231286135564
1.3155263523007474,0.025628609132989866
-0.13906457248453877,-2.336981784198534
-2.3739867766114893,-1.581247982545905
2.1156283616415923,-0.5646240838498591
-1.178224265562254,-1.8874108628601522
-1.8711925975248518,-1.0100345414903529
-0.3558357516087963,-0.3278519535110319
-1.825621838593026,0.8045246893287548
-0.8348607639788644,1.8985146037058185
0.688107843126933,-0.9275687427562159
0.6966834784922538,2.6702092345372477
-1.7956601328512587,1.8772221572509866
-0.9754107458974892,1.0081876638878837
2.1486660095404875,0.30729825859323784
0.9928002354678822,0.6382416837370827
4.150130078697083,2.374102301332764
2.3602563474830554,2.4471593195185473
2.288586137119878,2.6698934567672863
-2.775737100911604,0.08265366375400632
1.5277207032668452,1.109934329997226
-0.1062136033938213,2.6870930132441027
-1.101963607076499,-1.2474320698327854
0.336030681065057,-0.6368337074366075
1.890423069222967,0.032073326026956686
1.0016631820084232,1.799197475958813
-1.75694760268412,1.8303443014372456
1.4849178271852406,-0.4617282223958706
-1.2751750841519278,-3.01721890875942
0.43336623792857243,0.49236788859193453
-0.6067001349542684,-1.8366322746568025
-0.4377325034712514,-2.979872409280445
1.532485950081019,-2.527743121467433
-2.080387439631796,0.6527620156911209
3.890390148553866,2.722074721865614
-3.6421721385889927,0.07778903247248768
-1.1953353665097142,0.4227613092919294
0.740423779883482,2.3657898777558506
1.1686283328706197,-3.0889098181671084
-0.2009514411434103,1.040352843200543
-0.11478140600308481,-0.02317956863764243
0.8211001706552331,1.1321149176641343
-0.4621389549153606,-0.9669678168076321
2.7863625158698118,-1.6358745808529644
1.6786982284632044,0.28101780857121084
1.7456487020112692,3.2983826466689234
-1.932313446740834,1.7218202090829255
-0.15877684881140575,-1.015385540360183
-0.6009318974414074,-2.6819440719625596
-2.0112027513789315,-3.364134567395571
0.7203283678915339,2.6321989037009628
-1.075291515559633,-1.910164576271655
1.310807659700474,-0.6510268259898729
-2.1403831257886634,2.6424222521551526
3.438081225683642,-3.2278029109579833
-1.7926653171841236,2.9845290189501177
0.43860467440087214,-0.5072809077850038
1.5837186207761351,-2.2971666304774776
-1.1412808604002256,-0.49470185429782637
1.7049372868659012,-1.4451935628029553
-2.4583671956008324,0.8816395978114314
2.904235398365121,-1.2962648677755555
0.028298529931516585,-3.823284421838086
-1.1928228159377592,-0.4411250688179789
-0.598363544854869,-2.713090104573078
1.6178385387854388,0.40863976797663953
-1.1689105837008764,-2.3742606645666484
-1.4987153788455552,-0.9760256063441718
-0.44307319516747634,0.3651756084286724
-2.353924225539936,-0.424917450068539
3.641087815883631,0.5008605660020897
-1.1327891824294465,1.3605743314355137
1.6632335723608072,-2.315867399462612
0.4189401672955452,-0.12879508124941583
-1.9690681009639361,-6.659007595016258
-0.011909418425458767,0.49466660336504764
1.568005558621496,-0.6016282607496846
-0.3765226701726131,-1.9668995269559426
2.386225891702056,0.6314388445930481
2.0430307855637277,2.345395154370135
1.8378297093166587,-0.9520354951978862
-0.9193135445459939,-1.8896289804834403
-2.159684895562974,0.3300505248774233
-1.2271752107255889,-2.6712133332927213
0.3924818813334409,-1.3207627410710783
1.091573427064711,2.4448043233010046
-4.343142809520895,0.12435845962457526
-0.01622640322350058,-3.7589339278923326
0.31617845064636885,-3.593983294558802
-0.5550885126311031,0.3241713852935511
2.5825476780317578,1.7247811518353753
0.8435601485017418,-3.2352429172523003
2.620383816161794,0.899425214993017
-0.43192104070046444,2.6606870149794375
1.8749549850138498,3.7757179759172774
3.270132789055039,0.6624455197197526
2.623386898545322,1.0136051891049485
-2.184283186857466,-4.266368855256288
-0.507352155084762,4.199505095991978
-0.6903294108995929,-1.1509804261922427
0.9785090701526552,-1.8669423168500827
1.3727071100290662,-0.5104122688792492
-1.6777853480514726,3.023346828370862
0.13567702783387536,4.416092095087096
-4.039854664312273,0.25081735895168883
2.88389001160378,1.9961683452073105
-1.0247484813533871,0.0864080973710078
0.11172787968899393,-2.075590946036368
-0.6192994279761225,2.9534873415765817
2.29205515002683,-1.244254960712778
-5.675012882794758,3.0710615467437647
-0.033220684651817975,2.5970826595381675
-0.21163751499539576,1.2280725279144162
-0.9072727751833656,3.657949512508706
3.452453091271265,4.464692066371477
-1.7746589177115424,-0.350486725928623
1.5435923544713224,-1.6175882368328625
0.7125055774121671,-3.7285396745129447
2.523038505071032,4.489364510860512
-1.3343781695550108,-0.8793640178368993
-1.465937798247518,2.270073714203479
2.192139814954797,-1.4825107350189664
0.8506426166602208,3.07653128182407
-3.0898746933535173,-1.4002351836308267
-1.0786100289265408,-2.3834382672346863
0.772765307696122,-0.41701286190750064
1.6755284430931783,-1.0635514019232746
-1.3584613063859101,1.1925995709224249
-5.828511979633882,-0.10278985438504724
1.0464463714740664,1.255404789103843
-2.4406413798879516,-0.5820429461705879
-4.034677596244823,-1.3302147420376105
-5.664651849968282,-1.167121095792147
1.6279617203954824,4.089877596062053
0.25723490080993305,0.45034186445387164
-0.4513127614245033,-3.967524418906089
2.7780487259255233,-1.040418026908162
1.274649366046145,0.19373206495175124
3.232600085443833,3.6907993625007576
-2.785470944333993,2.057397431779799
-0.06910124790792703,-1.8434356729638302
-3.2334267498960285,4.836711507144902
-0.45876466371093444,-0.06232072960295523
-0.4972317075333547,2.492659622149889
1.2532272745261417,-2.3100169947998053
0.09112776228379663,-4.796326190501795
1.2468142765598311,-2.8168629807367216
1.4068802662777884,-6.500666952391412
4.309857354766284,4.224178654505817
-0.6305933105722488,0.42906583777283197
-1.882045401332758,-1.8492880368960627
0.49216723063281764,0.9052480599602418
-1.604560054279087,0.3786680723603317
2.963921536873072,1.2418667912279826
-0.5664360778904651,2.419062802272537
-1.1311527357479807,-0.5798423060500306
-0.9426314423022358,-1.7596786122019736
1.436834846943282,1.6555504287438354
-0.3154939664629705,1.6046655557689316
-1.2833336402607647,0.20147161624268986
3.330703835247062,4.355108377361545
-1.7123396813235001,-0.8756442457233045
0.07113214806598706,-1.7997159432705365
1.3046123032204608,0.8361828550132033
-3.2626702208341465,-1.3498757138269966
0.9605210028118498,0.9910330482897913
-2.1102153509608987,-1.6660165116788799
1.645565561668005,-0.800484565863771
-1.9253020238379526,3.7816808400783306
1.385538063697721,-0.8111747134953577
2.2116661325894253,-1.5977030880345926
1.7228730512656099,2.3413575774130004
0.5026332964762048,-2.1020839005733873
-0.4626018858593989,-1.385886460294136
-1.1528391526696877,1.153122241017989
2.942069381634208,1.8768228477465836
-1.3989904403352864,2.440952782162149
-2.0741321471399923,-1.4944436644409695
1.33073787006566,1.1920173459722399
-1.5922736063729908,-0.9322163990883593
-1.9001269949322543,-1.2113112670212647
-2.88720852433953,2.4064255645845707
-0.9658196789210354,-1.0991087917191724
-0.1654300477929864,0.5564091920419597
0.48618345532139756,0.31115893846127757
1.9026124885989668,-2.141508752677005
1.0537958473315874,1.9321857107126414
-0.3817444391063596,1.1205617873579075
-0.39639135275943976,-3.9725812237408418
1.0203149378303669,0.5548422224746864
2.545140325857139,-1.545946868333242
0.2526283989664004,2.1941506128252555
-0.9382617084208179,-2.8907996735615162
-1.985732002171091,-0.7129539372590882
-2.890410528824451,0.7240491019769315
1.3325393440870463,0.10868058828375037
1.1559570472791143,1.5259165134279429
1.1547270502133231,-3.0368439720185783
-0.2573188927041118,3.303828673734756
2.8138694917835014,1.0502893175765429
-0.9682369891696354,2.719436426001792
1.910538474414411,1.7484803384664833
-0.07748578997908605,-0.02322022891008706
-1.2167015293586751,-2.5683964218223214
1.1850606146355227,-1.1271063624974018
0.8192722373679874,3.1791266657251547
0.7139455185338522,2.7708755633127646
0.1625568441123975,-1.23919996020738
-0.07578616343366175,-5.6366085724043575
4.776743985740877,-0.4253794686102375
2.368513290392346,-0.575405776258233
1.4456537899710242,-0.49954522408076674
0.22359831640677652,1.057078403662803
2.0143144011933383,1.7524251586433264
1.0359895527829037,1.9805990941990483
0.05240950554807132,0.8914182802707339
-0.6071286505318301,-3.601541403845272
-0.1618346753253764,-0.6823994653865912
-6.340851471756111,4.60817956709838
0.42120167859528357,0.7484334696049567
-0.9769521602207194,0.7356391368877304
3.185339996565768,0.7189718795477158
0.03868814162350858,0.8307592450119796
-2.3779268390699237,-4.7662243621718465
-0.0997603082562354,-0.47904863382213714
-2.0922421701250085,-0.07578566358937888
0.9468148314249328,2.5629907985068248
0.5818947286789707,0.09534578924459189
1.9156792622165353,-3.2930227732038824
-1.5817635833891308,0.8601783123435044
0.0680161924562936,-1.6076492964854905
-2.7300435908532705,-2.4335712821628355
1.402989563849429,-1.6683180934331616
1.037742360880244,1.085008459329031
0.9916100420551417,2.517522479520137
0.00323806271388224,0.9658598903551735
0.8295457815775819,1.264046447234043
3.2086782166171925,0.9460905456760023
-0.5701885140840279,0.20265435372093663
0.277290367420169,1.3938612699255153
-2.1722525983628196,-4.837550934138841
-1.7365219231966647,0.22217670260966632
0.19562658618661477,-2.0898500692445032
2.2078670934038143,2.3258051450882786
-0.5125616485031449,-0.294310610433721
-0.47183305862424785,0.06189617653566037
-0.8137704890087494,-3.010143748507607
-1.0695133416886462,2.033661778025703
0.5899429114176431,1.2546562405476187
-2.994515290357289,1.1138957646810064
2.561879153333455,-1.6260457043376446
-1.330844596258921,-1.5472796898762602
1.4438069708762828,0.4471989088918106
-2.5399971947877518,-1.3889968204961023
1.3376802610924363,0.869785925354677
1.343889215628995,-4.321825205533444
0.768404144011793,-0.9750891128131853
-1.9888570435995845,3.593506930852983
0.499096379196154,0.8789716559915296
-2.366112369468778,0.33358732906198535
-0.5055265101923707,3.9704530713427135
2.058826201910652,-4.671907237602872
1.593403854141484,-1.630622229576215
0.030365885080866243,-0.8023463434947782
-1.9496131518456838,1.7167024660107801
1.2911754243483868,1.7513127264564727
0.038762475396050426,-1.7320134179652522
-4.640631196460847,1.9959086442850993
1.5652596526330362,-0.806629534643415
-0.048465667739384294,2.4232792512983337
2.4049024959661445,-2.0652853962441156
-2.1905410376856094,-0.24662319813232111
-6.353407626392001,-0.9803346307531206
0.5581677166903704,2.1120607431314276
0.5831273533639455,-1.045562433132342
-3.381343255212904,-0.08489705802351202
-1.9569990917332127,1.0136227953260983
5.510435487439803,1.090516966052239
-0.6112212283076067,1.7739052149463432
1.4619179527524322,0.4222495536893335
-1.3013196547367674,-0.8364978305596624
-4.180605797706313,-0.6993974907175009
-0.340516493591811,0.05134463041522406
-0.5312091205722104,0.49918495214876674
-0.7997564773367429,-0.29434329569687273
-0.2292816710127849,0.03840684193109446
0.5285365432912731,-3.0345077211442106
-0.30023390250761317,1.3347105689093564
-2.5280123358947275,0.36222457777885975
0.9723695831238778,2.0037408270821766
-3.8987435106448465,0.00032101481416987323
-4.1007149145684005,-3.4767951570435724
1.4783609894031358,-0.7168923786133499
1.0140405442707137,-0.39985984623683357
-0.11479073014807202,1.4858066108671977
-2.790897009510144,-4.14054708902679
-1.4158218813481507,0.08235903389786978
-0.525493495373008,1.0273504315866122
-3.1917879371482267,-1.3229757705630394
-1.4780573160464658,0.14925601963369475
1.3046606763533597,-1.254073018299689
2.854610728578433,-1.459145866440781
-0.8388695053171012,-0.8168397002626341
1.5129767086321968,-1.4213839849340215
-3.8281201411749346,1.3672366238726652
1.318902482227223,-1.4699037536707555
-1.607896829454962,-1.8058200140958547
0.6146912334159401,3.535857333679067
-0.4955048364794185,1.9214800236480707
2.6408280195676683,-3.7230267213184005
-1.7488712966798363,-1.529536579705067
1.2552125951236621,0.4849259434454216
-0.559014926593067,0.6475101344629868
-0.31661095601932754,-2.980985731473787
-0.3677077863184193,2.317130985644644
-1.6913462089882259,1.6504488383632518
-0.028197931813343156,0.9638032640806773
-0.125296444243643,2.713456981424242
0.4824804968134586,0.9045799851418361
0.16901029138572515,0.8971617585036945
1.5959890992244725,3.1153585436444846
1.8470172320947373,2.2024391614554175
-2.1012466436556023,-1.6830149178230625
1.737545001181542,1.2663903573438307
-2.372672854219709,-1.328535729917164
1.17571177627547,1.008309101900556
1.2394775694057374,0.9532270140396288
-3.822633783325008,-2.766934624911972
0.1859584930588193,-0.24369122262207046
-0.9369922267206314,0.5305140471608045
-1.51753051587075,-0.8725803819883139
2.701704661398011,0.6294198847815194
-1.3073582812748379,1.6117955540021376
-1.6127538582360996,-0.06118612846151123
0.15138988001018688,0.449198953416519
1.3711794925968328,2.76684815711195
-0.2832971720202538,0.9463931664504522
2.3327410913385043,0.4016485793489473
1.061951323928181,-1.9161587592827214
-4.356422639462861,1.3420520227776975
-1.0589339270140166,0.6602998987838771
-1.123684198703398,2.567478867402816
0.9587219068588446,0.09375708660662262
-5.249634112748224,-3.6325330002679914
5.098019417435444,-3.4002417376565237
1.06205218978842,1.4713615275194667
0.2977536078353822,-1.1403871953963065
2.3631354328382925,0.8735355022209946
4.68730810562525,0.22846528900471222
1.7414932891768065,-0.33367933538784145
1.89762619294324,-0.19272257117644673
0.26138004892876465,-1.7307790100904537
-0.28305150673389656,-0.031555377799341484
-0.9515908880098023,-1.1689868655887974
-1.6522239834290842,-0.7445130402514096
-1.3740281993989947,-0.6472980894183221
-2.7011119286859664,-0.45338653979743854
-0.15174290137004665,1.8443469130141725
-3.3693351544527737,-0.25958165840938696
0.3818330482874214,2.047404673180197
-0.07266121608468348,3.0757099026529633
0.29387059677337557,1.709889302112299
-1.0442631400399849,1.0689370701370222
6.153720740361007,0.6536644189670405
2.720231800360626,1.73071741810014
-2.4890850001694456,0.178721477192479
0.4657361748537965,1.969139691914397
-1.2160122858746472,1.2282116105793686
-2.028959453414828,-0.7196809215607757
-2.68014414224787,1.7917017602056118
0.8644333815185079,0.1829600119551371
-1.3627604701391478,-0.2122640152246321
1.9356520480504082,-0.9523983207979744
1.987564429060878,0.3320376957491445
2.747828770422899,1.992925230825967
-1.7047735321482071,1.7778800111860746
0.9507312213840204,0.7067875949179135
1.2649084332846017,1.1992872814500706
-0.9483563502079297,2.5433935830451158
-1.5435439147857501,-0.2999325823417221
3.2190413315519457,-2.2308400070604124
0.4549917514641075,2.602259704357145
1.271935501423476,-1.0595565040614368
-1.6441520236558549,-1.3806762466878093
-2.4385689330443876,-3.592395510669103
-1.1388995489842209,1.1425661063285928
-0.24804277477999406,-3.2429052491044428
-2.1284400136346977,-1.5005176153834736
-0.01968961730076601,1.1764735890301175
-3.377010376137,1.443842504816744
-2.2400948449397444,-1.3034082964364673
1.3418224965537502,-0.2683066539848106
1.2075810405557883,-1.7451890528123062
-0.7837535307737328,-1.0967935756223655
-2.035528618153906,0.5324305203058141
-2.054807103052022,-1.0032933575929153
-0.7465364918826282,-0.48843008035133834
1.2890369832905828,-2.929413363235134
1.856491382688649,2.265912329612275
-0.9930634709639381,1.0201331863421315
-2.3069848519695677,1.5858107436744036
0.5356872757326666,2.5808506492337244
-1.647069941251699,-1.6504257510914329
-1.0365052777224049,-0.7167889660560474
2.650552180874075,-3.789668735164422
1.654230857131536,6.280845820204474
0.3159486245029034,-0.29917063063475235
-2.5438380022254456,2.077455799829824
0.4227931349413178,-2.4763222886709175
2.125314581575053,1.992776851286019
-0.7512673315310712,3.715181753299331
2.7022281799734302,-0.12056149805596289
2.585490579036414,-2.0217629931792027
3.327465664286947,-0.27759280189107205
0.6104862530627059,-4.453523049914453
1.1747833996120245,-0.0757734020436838
2.82837457666218,1.6419342786259916
0.8947878741379512,-0.07151528874702845
-1.0024682155804254,-0.5682791093779348
-0.8970856730557227,1.055136232224066
0.47710990754747834,1.2080496938991052
-2.5811228438924374,-3.3198111250103652
-0.28651783072838527,0.17764592455757694
2.1930942364605075,4.871970248458487
-4.382507702330562,-2.670032491296048
3.06896420358903,-0.17083766566613295
2.244748437406319,3.8834922441034054
-0.9195292316609526,2.208350313087351
1.0867816557436192,-1.026793361552123
0.006295453812653266,0.4122707592452076
2.459980736877366,-0.0042233599696468276
1.9653662855398824,-1.4961436086433348
-2.8001414463660184,-0.1485042149861648
1.1745248269283535,-0.5599322656130584
-0.4112557072864953,0.22549787615349934
0.1656651410361998,-1.4967663613820668
-1.456343801939631,-2.553236400489322
3.4962741382416707,-0.08256154678474156
2.080123639805152,3.43023643635756
-1.4795423279459345,0.16440585252559298
-2.669221213820465,-0.6631875578630907
-0.7713452619556964,1.5081716100769968
0.8690052921826115,-0.3166392251907571
0.480411687892446,3.7360658499182198
2.506265649536487,-0.007825018590157044
1.5798394443617045,1.4009941263163268
1.9391380515058136,-1.5092087647865458
0.6537108012208747,1.0061785066733249
-2.7785974604219805,0.5501869538875083
-0.3913970622938029,-0.11301224931841607
2.120179479817331,-1.0035155223394405
-0.10304585704929212,-1.276060331304749
1.0061807372474936,0.5647053279593051
-0.6374966304922662,1.2578782193929472
-2.05962369708369,-0.2543255925882628
-0.2466881280922209,0.5745358582415848
0.6180948860653078,-0.07582935626553919
-1.3113754389228873,0.1970520498107757
-0.471422489713337,-0.40088996535445004
-1.8789264839719653,0.035945158736616495
2.238489835128192,5.396080913634853
-0.588911515176068,0.6232685976148498
2.905511090252366,1.290593916862086
3.057495701081817,0.876047210656194
-0.16209192944348752,-0.5256336465941189
-2.0168974650946994,2.587978426583336
-4.1717957554666745,-0.5823275408526826
-2.944074146053583,2.1101090978851027
-2.74766964979732,-0.6684139961328975
2.7569392549230094,-1.9199450382880818
0.2316491744538922,0.7307924164723859
0.7792090481839756,-2.2093367122042133
-4.440842017870252,1.0712804500332185
-2.395932858434523,-2.3883173121826333
1.774159552892574,-0.6380160609457066
0.5735482247651724,-2.863459393049483
-0.29441055737119454,5.648334018805459
1.129684717200245,-3.3079191192326287
3.27159561227163,0.019627480792808644
-0.44208492707410113,2.2866085486600274
0.13873960531613885,2.0727718171740506
0.38519383746261027,1.7026842443462744
4.784219270547985,-0.6344567764429511
-4.198712528838051,2.702177892674004
1.366446029577616,1.8267821816043652
-0.22960449751812734,0.42459923532095317
1.1335434523683592,0.4811615154531842
-1.3147451079894488,-0.6078452952307452
-0.09793006171690051,-1.8193040516660768
1.4228211589309903,2.474301950957433
6.225820402087682,2.6244159872030637
1.616072378804143,-1.7682182820598427
-1.6961311960610173,-0.3075703302923835
-0.8475193640454065,-0.28684643291785816
-0.9068282167677081,-0.06531180748061988
-3.59128634526003,0.12858975717516336
-0.6601803834028745,1.8937229232923598
1.46565816364349,-1.4944346169734872
-2.5484642381535902,-1.6926939830253198
2.096965302101185,2.4732394842859504
0.9755496421686763,-0.9252894837625965
-1.4684666439420757,-2.5260707071541324
-0.28305927467569486,-0.9702598841997401
3.196643615282066,-0.6601054704880016
1.4670956270117317,3.10992545545153
0.017567309796295633,1.8496524247534745
-0.4753666339219686,2.2950412332644845
0.15321814090331923,1.639947284693572
-1.0235271158846069,1.8924873432306282
-4.209499011438029,-1.3761642531606362
4.084355821069462,-0.3972043107069687
0.3106499983988029,-1.9798306260470977
0.7962945302450742,-0.4209760610740667
-0.11581549975381744,1.368209981869482
-1.470233601449176,0.2691665696244936
-0.37184896189754146,2.6229616379205902
-3.1987895243886224,-2.2828315844544385
4.554172996106609,1.0004767013964795
-2.469023996844792,-2.496605603738636
-2.063932567694359,0.18835293834728456
-0.8805184087728009,1.4806668451129577
2.576151449704755,-0.42900513364843845
0.029017998525308272,1.1022532081739118
-2.472271592060925,-1.9194646696658682
2.508676721514679,-3.327379956392766
1.4620012535709628,1.1140592449756062
1.0768699144329048,3.4880204681514653
1.4314684823416808,-1.9920898803397842
4.788723801164902,2.4443883602135905
4.370189790072224,0.08684681763282202
-1.3734306860065906,-2.671383043386152
3.2477699856223046,-2.263010602704325
0.7663363795178006,0.03156954672130011
0.9981916322754988,-0.8089245758482073
-3.384541663286657,-2.625825953516478
-0.34077153077639194,-3.38807856245081
-1.6256471806731299,-1.6934386558530121
1.6561176297866185,0.3876180166622365
2.14216100080561,-0.012801505206276069
-4.148972702032623,-1.0024759150001565
-0.0440697280085409,0.40377438858296555
2.2437230095885043,2.080053439725375
-0.37335792462688994,0.7882530208682957
1.4581272900047288,-0.24261734277916133
0.7023309352541681,1.8561440133213776
0.6833204639052527,-1.91970060443259
-0.5426299561365949,-0.4498390791107032
-2.433161608271419,-0.4021758712007363
-2.243060294850055,-2.4739065168856906
1.4187050289106344,-0.8397483245687155
0.038916511037766235,-4.149919361790606
-0.2770244892144495,3.824356095325907
-0.8477800846447051,-1.874827576872626
-0.6103776909615035,3.1722282628426237
2.093823588976279,0.0761690114389849
-0.6704881637360535,1.1297282643119178
-2.6821294266031375,-0.9775995967018631
1.4873035510803465,0.4158593839233487
-0.40975332772943446,1.300979279976872
0.06279173106555289,1.3291048287883644
3.2151566127990208,1.5495467801487144
-0.04112111470101437,-0.7366654200783527
0.5783673462374507,-0.9607193449827102
-2.3578469825966506,-3.188352650535207
-0.4393389047019203,1.0464380223538734
1.2190520904172024,2.1647574226468853
-3.1107474676824847,3.2319633598358593
0.40169018623141917,0.6103452691610155
0.2015821452896126,-1.5329595458171386
0.08257491117487877,-3.3941922865789107
2.0743177973164864,2.083333466166701
0.668877029697043,-3.592553133555071
2.956143796712888,-0.6812081554875334
-1.9871790311880724,-0.4486136558872918
0.27184913443669595,-0.1389102757020387
0.16893357277989485,0.07160520007168028
-2.13850898751016,0.2762951127351501
1.9125900041826922,-4.830726524157059
4.649346611705636,0.02931181974025345
-0.03401214896766199,-4.4591511482237545
1.0100421765475338,1.4644361461819897
0.1690369516306545,-1.1102503116072242
-1.4271693398143517,-4.314073450446701
-3.6415205556040324,-1.6284093547707517
-1.4115469661907303,-1.1401506783693076
-2.7839167619034626,2.3813992351100093
3.4082041561182357,0.39327548350049
-0.2302193878464783,0.6888898887011604
-0.6918386580943414,2.362443268441202
1.7783076495756118,-0.19228857584897893
-2.243502205711776,1.5083759220648065
-1.5337280760091048,1.3677222278639838
0.13614453849724206,-2.5729389871388246
2.057537982846961,2.945967155259659
1.0033700903375764,-2.840603560141389
0.4966502850317644,1.8347332989556961
0.1562354704720327,-3.0341460738112653
0.8004717110535503,1.2024735763033465
0.40330581025850926,3.7238297563003453
-2.0599445495538715,-0.42595731310042256
0.09215844326630268,-0.5127112857062927
-2.147377317835505,1.2208799986336984
0.16216508580164743,-0.658792911925086
-0.9612958829764828,3.636557407485643
5.078763245565723,0.3843844989173914
-0.07978876750342384,-0.6403390164414515
-2.8084791325231775,-1.0805710557913664
-0.26836042135384913,-1.8658969403460413
1.0387174912757762,-1.2555099735149793
3.346727892305047,-0.7013467873171929
-1.178904799877437,-0.9752781469971601
-3.16485594804728,-1.3163505482742077
1.6336740228619624,4.197682460704879
-2.7611974117993023,-2.0601901529789797
-0.8723108830149701,0.2932651752923495
-0.5152409710219881,1.185042019521744
-0.13926690660021634,1.2602159911674653
1.3783289141486712,-0.117214151564944
-1.3672685645727753,-0.4814051436946192
-0.5474585043335214,0.903094982479013
-0.02854070589877701,0.5330432999564014
0.2991959150375761,-0.5179176695350267
0.19565434941584534,-3.1237571434488616
0.8720115504451595,-0.935847444666495
1.6876790192834745,-2.2931003274149155
0.785268231301936,-1.334319100132653
0.9071710470184369,0.0664464770339189
-3.1644463334929553,0.7174722879932324
0.10045539833136088,3.5609055025848124
0.9590150960032172,-1.0748127578076276
1.4578823891409005,1.5492512705503012
-1.3847015484675884,0.6119200488756731
-1.31807854977729,2.5919953412795795
-1.1482013505671966,1.152457439191252
1.0728277997826867,-2.0169628545726326
2.067762109848417,-3.4460920585824626
-0.8149202145832032,0.6225233993350097
1.8159246272540979,-1.0569019958007815
0.24695961832918842,-1.9606274919011946
-0.24857155432487257,-2.535155409066155
-0.42276845963593795,0.321950995174311
1.4932227292043143,3.01541539862673
0.6511556335741402,-0.8173446914120833
4.551650855295275,1.1805406221506445
-1.7044492859946483,-0.20453270043518504
1.0362034040599515,-2.578764178206786
-1.0584020196230257,1.4696226870208347
-1.7385739739772876,-2.1893840880547426
-0.021734274069944288,0.04325326118712941
0.27470495881407203,-0.6830408300106103
5.836347110120185,1.7861548691313835
-0.36829163136640414,-2.1163019849413733
-2.260357458969367,0.7817398156039196
0.5460214349887714,-1.6795948146974018
-4.1492800750927366,-1.0222104246575703
-0.18391356520853172,-7.270400455080204
0.03205056459032085,4.184197143235817
1.5892007658904228,1.1011138656524637
1.9472444988556938,-1.534694971876329
-1.007139237815435,-2.249311376665988
-0.301228029259866,-0.991297505758681
-1.5322416612213419,1.433759069638903
-2.256125109615388,-3.784169851169851
0.6197895587612691,-0.28316883858867625
-2.5471710971931985,3.5412837449253467
-0.8292538011437263,-2.2678926719356083
-1.9903479197984748,0.16077007752730996
1.0993663725805194,4.406619630515515
3.602860198532976,1.2643032593815455
-2.6031759656066624,0.2518476409709103
-3.706036965795138,1.0132729098180056
-0.2497737707001348,-0.8017306700194047
0.03139559191551676,2.59926257060688
0.43731861351459544,-0.7986600458004238
-0.8926410304686898,-3.918363217471954
-0.40127859765086366,-0.7826062078809197
0.7350208210812044,-1.933469059753407
2.080861785289678,-0.5623880243948586
-3.9100975406365657,-0.5181681181612617
-0.7378788780629244,2.394846399609815
0.4276175878821268,1.3905854533287711
-1.835952209221472,0.5265309751507932
3.462339263534599,-0.005890822665190231
-1.270819760457474,-2.117716017715989
-0.08258537401456567,-4.362350475331355
1.1120441936845815,0.22632002278556634
-1.182569577603789,1.5892824071473177
-3.6931460956088342,-0.21666776648917838
-0.8573090538330665,-1.0697086455734006
2.058881111854081,0.929004330428425
-0.6737902535702771,-0.166664401248694
-1.6928686029179572,3.3714883839479226
1.8513444190054433,2.465456684136569
-0.6615497920461054,1.919016114046659
-1.0203216273004345,1.5154682284198076
0.29891217932661907,-2.580334828902914
1.5415004192375747,1.3259874041051993
4.763427063465092,0.7526519152931505
1.6544722153148461,1.2128494567823267
2.3196799327766886,0.9852189736261051
-1.0119323979757107,0.9055251756961311
-2.0517362119389526,5.4017329390991895
0.12466269923824592,-0.15237133990383808
0.21433983051919242,1.8726747616586605
-2.1570254827291944,-0.9419796205280064
-0.3505890598080257,1.5812831677753438
0.7986352034382618,1.8786397804649109
0.7207867900361603,0.7288521542706958
1.0085757067685448,3.338493884753
0.5819294602748859,-1.768552072720835
-1.0140173185401116,-0.9744418833364442
-1.0278012532976863,0.4247601720469792
-2.397902795987752,1.761613706968444
3.56955007837019,0.35885904258986645
0.026900729238586014,2.571518073021132
-0.44970611158970386,-1.3233797419326387
-1.8575841629049175,-2.281156978977109
5.8713158046555565,0.6162566730730092
-2.146656064445791,-0.15436055222739264
-0.8576958512121468,1.08572744071644
0.831673672572121,-0.054804581733007875
1.2004259314885555,-0.6800395812469141
1.915864110431368,-0.14987514344744698
3.6152170155385264,0.05769778958636988
1.0123153109214247,-0.6099625996966608
-2.112061599933335,-0.40626409264685626
-0.513890250243563,-0.8071866739738203
0.6156647450277699,1.713330239738813
4.136452083011648,0.3880420090115986
-2.795610956848594,4.513504944337533
2.405153010450455,0.3214091025569237
0.3598287390928336,-1.1017149406573234
1.6756610704589614,5.341350749726129
-0.20398943327186397,0.8272527554286707
-1.6848652602526528,1.9802495737856334
1.501745558802664,1.184205966404983
1.3088620542112424,1.2460220585954973
1.9441139314794438,1.0713081027049485
-0.02660927075727062,-2.2041691295521306
-1.1996440466396987,0.7350580951228239
-3.117573990047683,-2.649722607700478
1.6387465362788127,-0.3487256728250685
0.8477789648879721,-1.4512349131265745
-1.9315652657279185,0.7149403716974481
-1.0771473465932484,0.6682524946764693
-0.9335176239028811,0.9622917815303735
-2.9659688639648363,0.5745931454981743
-1.6353647932102675,-1.2136506835727976
-2.2676607136127083,-0.5220069787033592
-0.8249580237758734,1.8407923225089697
-1.4773949966591255,2.1357133545887996
-3.2540098417334975,-2.2935661972530985
4.045180461138963,-3.061855265025293
2.5050814620584614,-1.4537787664094242
-1.5580388430399712,2.0904151640645012
0.5448427933072197,2.4297680603660687
0.83493017964259,-1.8494237608023432
2.3821717095469537,0.6146187074726766
-1.6372100533201572,3.6688626662801753
2.184213567964852,0.8306229544806676
-1.0958106084138701,2.843006570466187
-2.6717248083372267,1.9974531401661968
1.4482731186289945,-1.8203974124558215
2.5815168482448563,-0.3799628469941563
5.175817947061369,0.0695089565836958
-2.399450530180427,0.20826677604268004
1.3978393701615777,1.8326579068771425
-0.8196024875870661,0.817369524550817
1.5667174210480626,-5.87240188755623
-2.940979102462501,-2.625680546185452
-2.525539551397128,-4.374761829952086
-1.5517496463329676,0.3507304813106683
0.15792809133616903,0.4809752989355221
-1.2821625330767108,0.5664499172214369
1.3181086878268393,-1.9178565354292325
2.053789236515829,1.3482880102399784
1.1991550824907116,1.4325249929370583
3.237575279321736,-2.5102981344103155
0.831653258910686,-2.9320764028977444
-2.433793420680334,-0.0002633724538757172
2.7267530270766795,3.583564547226718
-1.2103124712119948,3.399485484397285
1.82083699937114,1.1268087208961048
3.1474684331102125,-1.4599933431601528
0.9133760214607983,1.7736853189771702
-2.9923176263292994,-0.9048485296180829
-1.836424333019583,-1.535014073347621
2.645488933770271,-4.287933663243988
-0.33824537128563276,0.2047643966953058
0.15914706988433167,-1.2597346982747504
1.5176488323272186,0.19286075905700883
1.392645724160647,-4.598715392474123
0.5575996247709214,0.33965334516737444
-0.41733674244093166,-4.862242327943256
-0.6253368914647146,2.175880506537104
1.715797650582686,1.0437824682701689
1.1071390621355865,-0.5573295428491756
-0.5146000012355793,1.1254397201641584
2.1642246259862814,-1.9561485253271047
-0.25806823025956754,0.14475103122978486
-1.7033243486687866,1.5895480769206713
-1.5179413978066896,-6.188578498182779
-1.957481672619532,-0.8944487193550476
-0.5448200332073744,-0.04528826027274856
2.467448556672386,-0.3925872354915331
-1.6101903620610176,2.9142036524548103
0.3769515220362058,-2.247802249845769
-1.3133786912548264,-1.242318486890458
-0.5206180825428751,-3.8317380526168967
-3.0200824239705044,3.020573302546291
-0.4410764583130748,-0.4925802852176
-0.3874107596099241,-0.876817776073414
1.0805758880713907,-0.1049653646214281
0.4465618265107411,1.2724716568606482
-2.3967842499040906,0.6947268070322494
2.1683964880870854,5.295768427114175
0.4206060804439907,0.9078717768075492
0.39678703435497337,-0.9304908583381621
-0.018364706770277874,-1.1227134750478942
-1.0355148944444394,-0.7855179048336183
0.4356046794974522,-3.003673849259676
0.9511768718571648,0.07972841498317212
-3.49379138269111,1.5669362124178343
-1.0775216746921914,-1.2267272012464718
-0.5098939408071786,-1.6147601125682232
0.5123412113885563,3.0318902925884674
2.386622011854252,-2.85296631324233
-1.5434816291935647,-4.1356367529546025
-0.995923693635684,-2.3058038872947653
-1.0250682212931002,-3.080865434248593
-1.603055180209083,0.7724521282091636
-0.6943729902245249,-0.7214090008991471
1.5416044399759423,-0.43937409004767974
-2.1076709907286912,2.3058683539495464
0.8556287903058064,-1.3826697223255529
-3.403804460036671,1.5501788234912814
-1.1226759928844119,3.022645598406406
-0.6589786004359721,-0.9113249960273213
3.3497193458281296,1.4740457111126273
-0.549604609505376,-0.4836358250579602
-4.402486946901837,1.848196257681578
-3.9977778137224997,-3.142978375152546
0.06805917269336198,-3.2910244902506927
1.2275417115798173,-0.7825354298150815
0.7509117152545056,-1.7778496181195413
0.3351402116019806,-1.0334182188597707
2.3245191950113337,-0.4390531648942797
-1.0791824414742632,1.4400270636725034
1.7898211120536505,-0.8153211571318698
-3.2640297700528347,-1.6477226212461733
-1.8098956658761325,-0.7030267535177978
-3.6140827898636325,-1.5382905596132355
-0.5496906013395845,-1.8680110041254288
-0.09252243453268508,-3.2260336271539383
0.22820298445303983,0.13895623244215727
0.12376670577427042,-1.1374114131941069
-1.855106661623456,1.9325574784693433
-0.38048168882643135,-2.894792184117881
-2.994893337211497,-1.0841671100957577
2.7264579502645008,3.6258144413174977
-0.607252145796002,-1.879219034195699
-0.9777722380873825,-0.47306650419224794
3.1778806568881657,-2.431687965650737
-2.4844930670984584,-2.696855025561962
-2.251174228063938,3.0946219661753567
-2.1924406497371303,0.3420789852742945
-0.1357427633989638,0.26735767647524666
0.8632632592751946,-3.3926324702324444
1.4793509362356674,0.7174827762166059
5.143990634989938,2.3148438919876515
-4.4988649084015275,2.2989541216570593
1.2174711782488339,1.3366664592123216
-1.1142611451444624,-2.258971155190808
-1.1728302977775469,0.6262468343859833
-1.2395442565077552,1.3351699209532153
-1.8175393416159467,-3.5888871701778027
3.3690496692069036,-2.2425591829635696
1.6845946540278054,1.7763146434868833
0.046391957114749645,1.752091553343857
2.7020315049740007,-3.0971660672427848
-3.025057930597751,1.5900429185383451
-2.6614102626618523,0.1906067983072356
-4.3559354643893755,1.562017909214303
-1.398829080246575,-1.2690426468678828
0.3233970534095058,1.290366992961804
0.20571715586466816,1.687657548971249
0.2986838221197609,-0.7026698709114234
-2.8221136621321636,0.03550509234657202
1.606309485228044,-1.297043259009307
0.4792550364779959,3.3032778973717587
1.466108562931997,-0.2405438786515319
-3.7855243551801037,-1.8440486503543638
0.6229817175955797,-1.4316518277495003
-2.375530479835054,0.2535412022842263
-0.7946465051027237,1.5066623435564235
1.0687297972727667,-2.6716536903010435
0.18218721251182635,3.6953200058848976
-1.7030799595586377,0.6173505881112328
0.01254631236883657,0.932911945938825
-3.063070630487286,-0.1943790876468728
2.300534791796592,0.038517934702251094
-0.4105680389925025,-0.296566275854806
2.237099888510652,2.0355919380719207
-1.053063374192086,-0.01585717490674081
-1.0471519768131659,1.5341004369854196
-1.528373573275693,-0.8676950467051444
1.7523478633861507,0.39128105662463153
-1.4188623146569517,-1.6078406884788423
1.289190864830353,2.433056465099074
-0.7649047953385805,-1.6674944814382315
-3.9519265997832393,-0.6499588885226525
-1.1406281355729322,-0.6299208249094898
-2.3582164287256964,-0.7079027753475367
0.06780544736467502,1.444991538885874
-2.3808154713489804,-0.6333155294732874
1.8519502014292335,2.7878490610821456
-0.18215172070605445,-1.6369501722603363
-0.35519198951747794,0.33875493988541383
1.3117842755751652,-1.5515719786251998
1.927813868151725,0.8419455650629334
-0.04019750353930329,-0.03189945395354007
-1.5424005990985812,-0.3101240893969569
-3.547939232224259,2.376949933007048
-1.37209951407036,-1.3086837421102069
-1.2344244932959232,1.1730303152360002
0.2141149059845935,-1.5379198253495847
-0.6902937622760543,0.22537040032074748
1.3758659441028562,-2.3911506564468907
-1.225966542541379,-1.3250342926134808
-0.11408233370588353,-0.1642860911457301
2.3679748863937786,3.6292983346461556
0.683650427909933,0.20160774091954825
-0.12007508337712902,3.3093366317334127
-1.203888883870354,0.44064658338183604
-1.2664627934299542,-0.7741684889498782
-1.7012265059038956,3.078713045201387
-1.0820137315657987,0.8740352441468378
1.5113316774886292,-1.2854431877654273
-0.4437765425845374,0.9411429188005949
-2.699546138762462,-0.5851894998152204
3.536338586119567,-3.9780683923425917
0.6399303822903261,1.871946318531235
-2.8138868010263387,2.189868111283858
-0.8836978544816477,3.6758840599845506
0.2217727656568357,0.8442873843905253
3.409184186594754,-0.49744684816506507
-2.2162249165177386,1.6699788547571717
1.9520814387118932,1.6996407306378127
2.798972853944686,3.276562366272844
-1.2573086101491404,-0.0892552461328843
-0.5550272377204669,-0.3311579451351889
-2.0726184947475406,-1.431088839517055
-0.40692228216060977,1.0749241734504034
-0.07317994868586233,-3.0965233364616704
1.319299996164741,1.5521747457251291
2.1803669420408935,1.1756702437315791
-1.4961921292432943,1.170140404916744
-3.934650128451989,0.27645047300368086
-0.042489558552484256,3.0659564950621694
0.587075059937281,1.7439869308537266
0.4988353753700833,-1.2141543827513994
-0.653346495018088,-1.1783580993952936
0.249504199327869,-1.7593476268292736
3.030889616704495,1.102566665551175
0.7634683379250186,-2.0002778424799135
-0.7467368500061689,2.1667842871667045
-1.0003956341919915,2.6459466166910866
-0.3397047153554613,-1.7580325379009023
3.2734799236612795,-0.3710970691857074
-0.3666014190523946,0.033241962724827406
-0.03958868904141594,1.7679663209393353
-0.9646271418726059,3.218686751219754
2.1979667148839295,-3.370984785737155
3.91967450948935,-0.6363614350533657
0.9012260988627766,-0.5320333911206939
0.1655458075708515,-2.8013397097730954
0.07356566634846956,-0.9702200386081232
-4.768613577571491,0.8555378887012223
1.4903017285696347,-0.5573578056791143
0.26833283199168706,-3.089242337214827
0.8566841013214499,5.748165396019827
-1.4229243881674096,0.5323557304083606
-0.7689137579541833,0.22338826021334998
-0.822049873006346,-2.1958527261340928
2.0432459681460777,0.5214123239425507
-0.7575196732061866,-0.3284275680829886
4.165320644219595,-3.7770468254308125
0.8617248380300748,-2.1405108800288324
-2.551365319991463,1.58985203534789
-0.2570925865039137,3.888035300000883
-1.3033502443128313,0.7343308100860892
-4.3887649396400485,2.2061665565867346
3.198941880227579,-0.31151061716642
1.4062850844400079,-0.1730923213612058
1.066414635798625,2.18195805523893
0.3308073205994085,3.3255545783589384
-2.7640351373848753,2.6021933869312432
-0.9672342791108735,-2.132726150769638
1.6835615495680254,-0.13391778063049153
-2.1024400595650055,0.5550493689525904
-5.063538632501627,-0.5193559270150582
-0.45421201556185203,0.7757150868311915
-0.2835151080550772,1.6411536233378947
0.2711268328294183,2.005619503910281
1.4570372870290724,3.3717403044430463
1.2752116244624172,-0.6588822094496694
0.5175396104878432,-2.728066329678628
2.3910627761734187,0.7164691880289056
-3.0379395616266294,3.7676220623696044
1.0091636289547805,-0.9539517199081182
1.253076726673885,1.3736939541274389
-2.479124572160479,1.3914915849452856
-3.0057412173647786,0.3828840946892179
-1.4918842529512026,0.01384944208742874
-1.3230828850305838,-1.846858411442785
1.5068389270048614,-4.563324144841155
-1.2290775673821899,-2.2237014133280577
-1.712697036562408,-0.7806082982233985
-1.2232674733891182,2.1948453748454138
2.2372646683084234,-0.20625612470275123
0.026086748753904265,-1.038051437836297
-0.3585020507138236,-1.7819708839068609
-0.22001099740210295,1.3136116570189607
2.5841206686530453,2.7167143328612102
-1.4983434532064837,2.126871443734919
2.631016581880208,1.2122993995169382
0.42099259784300724,-2.95122549276588
-0.32083876395069544,-0.7033484856875428
5.001800995868563,3.8946084577793503
-2.1112789795971927,2.2439009838304496
-0.7073715191340121,-3.07500643646945
-2.4648624783280004,-0.1111810463985428
1.9049239410723389,0.7261968653220775
3.378377867303358,-1.5243169260524398
3.339845562809278,-4.6184080428176975
2.4478975062920094,0.19764809003286343
-0.39524093559193124,-1.5755165152408785
-0.730481954979693,-1.5676834781693683
-3.34233954498813,-0.7093607198615162
4.071747070363585,-0.2673518293096235
0.9379561562969354,-0.018165588191372883
-0.9839138097389661,-1.7679797978440028
2.656113777973935,-0.4404190592681548
-1.9455290335200017,-3.51484674080551
0.8132440684453481,0.6220781307361565
-0.34525826858166936,-5.712550826682315
1.277354279760602,-0.5789801608672391
-0.12714707837224293,1.8383723073539067
-2.9018557822224484,-2.118681374549653
0.15115274534007564,1.4328604073148001
2.0977282837507243,2.3114654242417845
-0.05843281170797049,-6.615799904994777
1.550230243178172,-0.3027258071514847
-2.0910589713481063,-5.75154685525655
-0.052521586539704276,-0.23641689114189215
-1.2490209101771548,-0.014342421962653625
1.4939616802094196,-4.965087971821677
0.06298312452399155,3.849676724159731
1.380147352673225,0.5720316152692498
2.175420852315732,-1.6980468641640707
1.3832371502427767,2.9307588549970367
0.5462368685872884,-3.5912264412846335
-1.9964245170228105,-2.4583420670366345
-0.005572221333802476,-4.598911047339797
-1.0661808040316663,3.602090393078668
-0.6881279134084531,0.6646927429440069
-0.7490683015005017,1.31880357969699
-1.959851149564489,0.6020024678369514
-3.9146771782679797,1.1475355222891692
-1.3362860966555337,0.15615542779197888
0.3867589038483181,0.5418426854148827
-2.6963540908549803,0.21520687244590153
0.031364472943248685,-1.217183611138557
3.8005368486219293,-0.0932495304293383
2.0461131105044785,0.5471891465233553
3.2870830182410584,0.22109823910426157
0.7822557538654524,-2.955544215506634
2.335019645972892,-2.6899733372168186
-1.4479294609355748,2.1656828678327824
-1.2886805340439684,-0.6139880917668036
-5.4782804122749456,1.169450694071881
2.372290948084598,-2.1842398194447927
3.080647959639772,-2.94629175329306
-1.10635449069454,-1.687193225063426
-0.5079034127944702,-0.44513014154282654
-1.507724227381923,-1.3302805985688246
0.7653071029549832,2.5878670462114277
2.2498650906064817,0.3590466030749231
-3.485543947762082,3.697877237123717
0.8188770612845045,0.8088163081428345
-0.5533435434382908,-4.825101635839622
0.2267887839333787,2.112083212917109
0.9179880033485819,-3.0191032449399096
-0.3764048775456423,0.4610673344226783
-0.20717370681156122,-1.5493681153276897
-0.4277503351092778,4.285422068928373
1.9406324035765627,2.8791958548602707
0.8375199202549931,-1.4836412834035164
0.44116707547472156,-0.25471533624222353
-2.5419034421845654,0.4891961392984348
-0.7571594864263084,1.7268281431232209
1.7973383206783484,0.05830382465002536
0.07539314624784581,-2.0497897987617337
1.3190629391782767,-1.4351172784001058
3.5330236006552673,-0.008963592753582661
2.077212138417633,2.468913957529382
0.18631667539948468,0.8556757210720879
-1.0219783403914542,-1.5468298532300317
-5.1070991921117965,1.29674555541958
-0.33676984494570505,-0.7739696777563196
-0.6520249916336983,1.7808160103736825
0.7807323887907514,5.054020836657211
-0.3078104539493752,-0.717652741887099
-0.6407701188735887,1.6032103194527418
-3.5587978610144413,-1.4907866640754595
-1.879935658300133,-0.22452753438259515
0.953302081601115,0.05912457374420259
3.431815262265389,-0.3873673200887611
-0.19505076749124686,4.926027377550048
0.6556221471482466,-0.6131861493567647
1.9049563139056107,1.173703077569736
-1.6217878724004995,-3.8601737386468646
0.7336280865708845,0.8639931267392206
-1.480980212664317,2.2841091847044934
1.7296488769820226,-1.0551946851581018
0.30280609590346524,-5.020444282080826
0.5969036279628795,-0.0773035376546502
-1.5651971948371781,0.03436770077105615
1.4140647192215698,1.4481501014886082
4.169425842462032,4.021806070826868
-2.0158233908564123,-0.7601073012006135
-0.6795180152950476,-1.7125762473205608
0.46321494833618365,-2.3338356027428864
1.572812423991633,0.3961572340631987
-1.1190925705789379,0.9587085176370038
-5.66606058028548,-1.091310788725169
2.71837898832805,1.557365491451579
1.5210122391682852,0.9307681536383513
-3.48589506097333,0.08646337928978073
-1.2151375835591118,-1.8048294414882509
3.1363648590546522,-0.9637286309694462
2.895592836915732,-4.85951059536509
1.8772800453578893,0.4715741283960673
-0.3522248679197253,0.05268257749487045
0.16597483762501994,0.37695798217897286
-0.261851610252253,1.0086380311291205
2.256479566537675,0.7716429728644459
-1.7516848129902203,-0.22076636129207056
-1.6115993097684094,0.09733608632550489
2.0205491736720314,-2.808632833392339
-0.08872291102312327,-1.1674412913788517
2.756934710907616,0.10094210736692277
-1.3430244139610914,-1.4717071518247211
-0.1095567206776502,1.7203015917450928
-1.8448259696879066,-1.317264161910061
0.01472536284713427,0.43261082249663263
-2.957093873997598,0.23313131363067174
-0.9752668419099256,1.4925551872208194
-2.8725077298562356,1.801582348056604
1.3878464663825163,1.388065221935879
1.4331786795193033,-4.212012402766267
-3.46052546096869,2.3882962960262533
2.6677714910011456,3.0546164483891958
4.994830252839708,-0.9642485686429388
0.0920127734726819,0.4732938253456996
-1.2822285204492896,-1.781663360261564
5.648661182006093,-3.8967570134643026
-2.6379369966050215,-1.4774305310847726
0.040212933738196774,-1.0802780789272206
0.35924454526384686,-0.709701462703631
2.6902952409048293,-1.9178281800119759
0.7194779502535769,-1.4668503336344778
-0.9972677915769028,-0.022012643256815394
-1.9023687407759122,-1.540453966220284
-0.6836436404922711,1.0870486651000557
-2.0138547218902882,1.363321302794879
0.09565063956936588,4.760775492328979
-1.128392359720973,2.251359864246924
-2.9880755865795012,0.48620611665682884
2.5102915767498075,-1.2405285933353574
-0.9953450468580788,0.5874947033479976
-2.536273609950625,0.6531919198327122
-0.3365182689750831,-1.0266261780113217
0.1367431319353175,1.5674627935057552
-3.492933451158067,-2.7961960293637507
0.6632953342515255,-0.4887996710750211
-2.094315137380529,1.1117169186348135
3.4220576183815754,-0.575168295184194
1.0479210241534695,-0.41350880685854247
-0.7997999802186331,-0.2755717223845609
-1.490335540634701,-1.671202481375491
-0.2099354151272479,2.3478018631484163
1.2255814831665794,-2.03607534384563
-0.05098825717039932,0.6363186548197703
-0.43431761427371324,0.827295796564747
0.11674058163579129,-1.8972438024179337
-1.2077178624739093,0.1462085087614866
-0.6864118536860754,-1.8192643454894044
-4.171584877810008,2.7820849501118907
1.9474524617047355,-2.277565873952426
0.5975955606435238,-1.3077941884639288
-1.5469116880668603,-2.448450016711161
3.7974699627104775,-2.715397453735104
0.1740329607847731,3.182430581764587
-2.0722871439503936,1.0855493478251241
1.7134748429409168,0.280586851401088
0.796096433018525,-1.3131539266938432
0.7891599709684387,1.8152236220935367
-0.851511209303181,-1.648444878734906
0.9009914475560694,1.5872785886602059
-0.5235165804421891,-1.7450225532112724
1.1118829032916844,-1.2890154037513437
-3.8098889080212777,1.5165647722358422
-0.8677469259583782,1.7276546883115342
3.4443101956163895,1.1949458677935223
-1.534134910800601,-2.0993482315135896
-1.2076765949863733,-0.8934537314456575
-0.8959226768999502,0.3137974823970268
-2.4296122717772866,-1.6985619238201832
-4.416561552456504,2.741925520258586
-0.4611727970472257,-4.803893887901092
0.27171884816331376,-1.5574790307383057
-0.10501013707730435,-1.0191330057396635
-0.2897571238957737,-5.6878873295435355
0.08608174170077529,-2.7924582604723818
2.045682943101528,1.2505790250841369
-0.38089237185843355,0.060567273105927605
-1.1481651541745392,3.1462720440858054
-0.5622509697761726,3.090452891769638
1.1586935195135515,0.8660927572078934
2.824053757086499,0.6264764980014232
-1.2562874783383566,0.13186221715780097
0.19786757405776742,-5.31016403575898
0.6767148838719192,-2.7891190266521506
-1.9851560134576458,0.20135100619786817
0.04083433442583626,1.232051417495343
-2.93134771468419,0.5793396242762814
-3.5381006074787975,-1.7849299354313153
0.733492815784514,1.8748125649389913
-0.7677494826615656,2.964888057509273
0.40456081524243825,1.8759792005826796
-0.035789954016700105,1.9791986591809414
-1.9528000973275947,-1.1184515959104218
-0.09050860392867295,2.1518682454015985
-2.4662026100297103,0.2915172786553145
2.7819447160028012,1.0231110570440096
-2.7119406897199276,0.7308636856494182
-0.3915705419371627,-0.24297421088082205
-2.084543176094497,-1.7200049502446038
1.1408423467215911,-0.16427332710809267
-0.6628627425630057,1.9735232349656455
-1.0373334392424203,-0.8829516106258192
1.7064030901031089,1.786694525216292
0.05886118335510437,1.4741413412353437
1.0332888918719345,-0.5978747940396606
-1.9626518730349296,2.7776002072391535
-2.809633887855014,-0.711093342381412
0.2144159240802673,3.019093725225263
-0.6376927109894625,0.868253963081945
1.2528693449078885,-0.031731836907027064
-0.1598169053250994,-1.7756027606753075
0.4101506784692598,-0.17652046027008259
-3.246765059882487,-0.40751902698884057
3.7768738792285133,-2.516592770501811
-0.32848397006406377,-0.43523084543533425
1.395173940678398,-1.6076063601941715
-1.672183340439253,1.1719835379575636
0.6160198044346819,2.612560951456406
-2.6056895270494906,-2.4538313525904814
0.904135676519342,3.424615456733845
-0.7119481687716656,-0.2571020687702595
0.05838100787113489,-1.9500427698770284
1.395948060260195,1.5155095604163666
-2.4650806224405604,-0.892908956510096
-1.368983461225594,-0.16347335206298835
0.914648562173531,-0.8085564884241578
4.196442949093494,-1.6334758637298001
-0.2761646693229635,1.4479940648038074
1.182272235847865,-0.5726028057883744
-0.21394293971696013,-2.8733035843584918
3.884491189512599,1.1021202484318655
-3.494443333930511,-2.4111647020475107
0.189242089338716,-2.3065203453505174
-3.251088067124122,2.385212409954632
-5.013143141073433,-2.3926797984204238
0.5949241062356331,-4.632889713854981
0.2789955922949177,1.2457229699229913
-0.5696738754844027,-0.6077268589622606
-0.2123881800795063,-0.43531024227623283
6.196598868142515,-0.6290007867004
-0.5163502760628688,0.4633398780374536
1.0202487225001498,-1.5054384838061359
-1.2987296392277619,2.952229749131529
0.5904651500812063,-2.952460960618797
-0.47646735011123503,0.8897498333542462
-0.82103696545946,1.2842420077531678
3.6377970644006496,-1.5193035216667559
2.354369926368678,-2.0474688905556366
0.27349329479846135,2.0343484283403126
-4.608423871887934,-1.9817215080334298
-0.7220184465051394,-1.2133278815011337
5.406055128810167,1.7746179249194927
-0.46132333327941627,0.06948246707804843
2.2064351441073162,-3.594287335258209
2.8838848039052016,3.4941182891070284
0.43792783171195016,-1.060021517559932
-1.6836432637363046,-0.8055145798128346
-4.870624663565777,0.5115685046527306
1.368326417217909,1.2501535940081456
-1.6295120056470962,3.922208582582934
0.35230090377538426,-3.3201362988113927
-2.4996406791787282,1.6519044178518916
-0.5304750809404044,1.486019388100154
0.06743810980210649,-0.2743298217482334
0.5371871620885957,1.5745473896324447
-2.2296443747048285,1.8685480352730937
2.3938218975227046,-2.763925569974009
-1.1937895694639427,3.4995330117616605
-3.3489389209064906,-3.1175245062762835
-0.2180468399269276,-2.2706325624775463
0.06875061805292018,-0.5235753472481925
0.32117886634351955,3.849881026374113
2.7242648073701585,-0.6165132595067729
-0.47289767347171874,-0.06386778010162134
-0.23923924873754268,2.864157207809127
-2.206368762466187,-0.6006362851309455
1.641107005775794,-2.3568734258613513
0.3686181281562069,-0.834469670476629
-0.8400554545883251,2.741583667611555
-3.8093493869309274,0.14172999411027296
2.888824390110175,3.8613165181125195
-2.4553599289121144,1.4758698525243104
-1.1825560187394113,-1.2896178727869667
0.7166890221520065,0.10215260893015668
-2.393115857233373,-1.706436236283759
-2.987019556506287,-1.33686606129754
-4.24789516540133,8.958168502051514
1.4419939058112716,2.037249020067622
-1.0903724894526439,1.7221959780133462
5.85454018494666,-1.246360630616128
-1.9887101312617468,3.139168132562158
-1.8429020468578425,2.198831203585874
-1.130785940570803,3.7632425787155417
0.4862693102769782,3.6662282967968984
-0.9404066775706227,-2.958178576195044
1.224664428005024,-2.2196789785398146
-1.9571767799773088,-2.0075756309272728
-2.763183436927162,-1.887881286664874
-3.596429478818215,0.6469047285207808
-4.4471483358743935,-1.1336069041916352
-1.0361380389501136,4.145197081525037
-0.6019606247864439,3.8093597641632755
-1.2628740549663666,-0.012923188158079534
2.486811594374324,3.9106524322995804
2.45606041921627,2.9762692544804037
-0.6696059748890038,-0.9014131183545178
-3.587842226383926,-4.018430688051123
-1.1334102161101056,-0.4359367699214587
-1.199642787834123,-1.289244262156946
-1.314269924556116,0.41301125029166075
-1.3954378077964897,0.17845657374949822
-1.3069257914496144,0.1260353177984571
-0.7730832317955195,1.047369482758329
-1.2710821976311133,-2.425043894167357
0.4166450172511843,0.8227205551394156
0.7207374318097222,-0.8792323060340121
-1.8212901743649796,0.399964399727374
2.542130652014067,1.9148196904643797
-1.9601246036812283,-2.4487995464420593
-3.2356012276306743,-0.5625873053391388
0.7615561427301034,-0.23706846805772835
-1.6348162688286796,-1.0285379431412818
0.642582941514776,1.7996589922659145
-4.807337202201061,-1.4407767176009432
2.784911882966135,-1.1108007988846775
1.3445868160808043,-1.419838265904129
-3.0009530983260033,2.1841108228776034
-2.9575542476925714,-0.9848882248244335
3.3445318081950552,0.9200907817671125
-1.4747598069959171,3.9514102024601483
-1.6683696974652475,-0.14963684070117064
-4.5321041882985655,2.224121360066315
-0.7015564112031083,3.342708168186256
-0.4554392296715057,2.0543831200808276
1.4309861935389705,-0.033602631955480834
-2.798156856368951,1.284215517997227
-3.040573584481219,-2.574757186270691
0.9019252695529537,-1.560086316299904
2.0134601424541296,-1.209350363263838
-3.142304702235766,4.481224240348564
2.1630281725994824,-1.625169028510534
0.0750836829736429,-1.6549535025236592
2.183610678149291,-2.087841960497967
-0.14044072303523314,1.1196235238615218
-5.044555834975901,0.28524278533776565
-0.30393476463207775,2.1735179540531298
2.12028763734254,1.3425193321547086
-1.7874920381674286,-2.760779693448135
-0.7759299378149044,-1.6145555400207414
-0.3522670071019566,2.730657496551643
-5.799027759736964,-0.40659648915361
3.3426951508749525,2.3751836360360254
-1.802751359794349,-0.2993618958306341
1.011470864945598,-1.9353128565770428
-0.17340227229641744,-0.6065215553334122
2.51523811271872,-1.9360995910993921
0.8121122448561618,-1.1311055248048476
-0.46984854304194923,0.40185141313049194
-1.7870301850385604,1.023210180738041
1.5957014027642777,-3.1803826465085963
-3.7468826079092334,-0.03473601501819634
1.291780840551785,-1.1732314711195049
-2.1980895031097454,-1.2968296179176249
2.50456732391328,0.26536923826615366
0.3225990853253902,-1.100903745378424
1.2882475357002174,2.764275989693348
0.16397762764943874,2.3761237525021204
-3.5047541902819934,2.363656587884079
-1.721458326790677,-0.9898203909806037
1.3447786752227648,-1.9249976698386446
0.333311634719688,0.16405985877623105
2.361979810611344,-0.3006967325725344
0.8065491260743435,-1.2176463248467297
-1.9334037814053195,-2.351468893333923
-1.592128275441268,-0.08303593853614313
0.20583478104647443,-0.8081389005049466
-4.628088132000211,1.3766940740760394
3.3468837712459703,1.3302121030429588
0.8834934727551145,2.201599610845434
2.4540691940977446,-2.5185911037600763
-3.161207881618338,0.8021166153872653
2.4891303207105113,-1.4549314124673443
4.462997822055497,-2.4408284216221694
-2.641756710754635,-0.8572044738974202
1.5428035898075332,2.1374099602692356
0.002219889374586293,-0.7446367071409684
-3.0888676964964885,3.1309093199182243
0.9857679437037395,1.097757031040667
1.6672064096746968,-0.788180957961154
-1.2022531053376937,2.320096857812817
2.3318330405104457,0.8907935442285714
-3.3335268135783953,-1.8651187768934108
-2.9895122928992883,3.7176052711610303
0.2731947911775047,0.5189576461729531
0.05077055594454343,0.037592383970983655
-1.4331469768482104,-1.7110653398112319
1.6191888719437717,2.3590765352154763
1.0617886284318987,1.034550854722613
1.716278141868032,1.2584763605904818
-0.2462728707045352,-1.015062687051537
1.2051605359566817,1.6682011438201367
-0.8913006060599891,1.8236271871416034
4.107637380173191,-1.337556477562245
-1.6250915402439716,-2.833980279361982
4.210594858916624,1.162746118677848
0.06977589417881713,-3.1466938992114795
-2.7510217791374854,0.3040315556755587
2.736158700977202,-0.8944902095746142
0.251802776789918,2.437330421577842
1.702248196760476,-0.7856877815344145
2.4477118370851865,2.2145459440076083
0.6759111082900505,-1.0284188887260524
-1.1844816896256292,1.999982010119222
1.9514267553385003,4.1206830876736635
0.001511014909191096,-2.136094276732481
1.371715637216838,0.5840714434618159
-4.307461147582923,5.49756483182013
0.8939634340197038,0.13317765380584337
-1.2771716502900603,0.12357654045929653
3.306619274357061,1.5769978947020393
1.2461746957781903,0.08216172818950834
0.47971549169859323,-3.414451989141105
0.9726199867004431,2.264574749677877
-1.9968817057534365,-4.0058968277303855
3.2465133810561078,-0.8335833022766836
3.982740836833809,2.4148514983132965
0.7858270210964327,-0.7130848572855715
3.1808071371472773,-1.3873929849288082
-1.1382963973450677,1.7585278103331212
-1.5942271324499615,-1.7022295736687731
0.0818494974578457,-2.4444514391839074
0.8698820767357973,0.5490279749865667
-0.7879733624862408,-0.36584659682518184
1.0755363807369676,-2.487346228377684
0.6127789641468281,1.27390507998974
-1.9966135505821099,0.9289752111544676
1.0375860349034425,-0.7195100332112639
1.7270564850430423,-0.582664012249893
0.3429386351807819,0.9407854840183131
2.305296206523385,2.3807228395041324
-2.434807586993904,-0.5655864202186497
0.9359008442637035,1.309376986016289
-2.3405614127935497,1.1304004341691982
-2.228162716466175,1.7586145854179527
-1.26186166747558,0.07861839748693063
-1.8841203671484898,-1.8246510281327157
-1.0959916374822756,-0.9249983063999386
-0.4283006214223775,0.6857069315632959
1.674308972662769,3.636928756763186
-0.6423180774114049,-0.9680392463925569
-3.1712514135391854,1.6095748870547981
2.2801356929903207,-0.6561129013535201
-1.6741802672300792,0.22093751177227144
-0.11744085420925744,3.030793498527185
0.893073013881423,1.5285851628408664
0.3992208368055656,-2.4825985454819137
2.188359095042951,-1.1449500476231818
0.9580062867855178,2.5124426888827176
-1.722619159394216,0.28375608525699064
4.357124347983324,-2.297680239231727
0.38866692667646646,-1.6379048899474418
-0.29468045324301245,1.4069870454223437
1.9278508461111419,1.9888205624352604
0.49890189186014444,0.03571060296434881
0.7984563858786542,4.950627601872204
4.984367997201374,1.6483047269112772
-0.5502428565100933,-0.4869621392658008
-0.6355217880347916,-1.6314120961986884
0.2331570240249276,-1.9497686092780828
2.1430318711620773,0.670842640960739
-3.013068060380798,-0.9775540898268137
-3.9311117829530104,3.3474875079668496
-1.1742305412402951,2.932623605835719
-3.2678459181185744,1.2661330949944545
-0.8496626950512769,-2.3579923459137913
1.0049993922585805,-1.34443774510481
-1.7814977271045271,2.5113550514822016
-2.853653153562685,-1.126132399590204
0.13867432343069594,2.2442834678390486
1.7250869692303406,0.949207846069522
-3.3899468770332253,0.10343576962637462
1.6404647966119683,-1.4056656258708822
1.6346124074766524,-0.1884876870495032
1.908170204313256,0.3792959097497959
2.436960429743373,2.0650777966022433
4.404027849319232,-1.7714712012675093
-0.7121840972381104,-0.5256336850522303
0.21914316015571622,0.0896462638645695
-0.8328768664960511,1.3253567153723294
0.003953689511621551,-1.8169286750455538
3.0657467112726238,-2.63313958577443
-2.6900289678613376,1.3479303034200993
-1.722099344331151,-3.0358982298934065
2.7543618730091226,2.5699594295243364
2.0400730138041796,-0.31185219496581595
-0.726263293634156,-3.0950621645488927
1.7088040022414397,-0.9608404388069884
0.6824316849840665,0.7582472661384744
3.000549218001976,-1.0654021751099554
0.14901918765354524,0.04005949764869501
2.0512642277451647,1.480156731410573
5.28402382098524,-0.40438067077523915
1.1961983100949325,-1.8741153529322672
0.09865633158968724,-0.597967994743682
1.4448939704419588,2.82968027291852
-0.7305617164077698,3.370128690666368
4.775935411049464,-4.03985234788455
0.36014207539196297,2.182055818382954
-0.5458666404510257,0.5002954320707125
-1.6713780100400724,1.8479653582403002
2.1944403832128767,-1.100976520535259
1.7343748256554776,-3.536527019002972
-0.9947087428281864,1.1689775772949236
1.1529026902448454,-1.881954522565434
-3.017111936425713,-2.7765848629697047
0.3699411501463125,-2.6368027649469328
0.905512704153389,1.2018275648306689
3.4146596191184457,0.27890493205839434
-1.5416376054573788,1.5649320437493475
-2.5567052576046487,1.3381505089927297
-1.7908559218500835,-0.8418671291675317
-2.67313700062984,-0.14094714775491146
2.673314715517966,-1.0228750575650791
3.0972785900480733,-0.42065554573098163
0.6404331558976578,-1.934509475962132
2.442589891370296,0.7809685877486702
0.26791676116047064,2.150241497963513
-0.19022329540153202,-1.6332260596419732
-0.6660752381075233,2.562539290802685
-0.620781982755131,0.22704299295588343
-3.0956031126180625,0.48215795281162654
0.5285095272146781,-3.3988590392150364
-0.08066782042808751,-3.614524619131468
1.4907214481557516,0.28823272555936386
0.1870469928772194,1.5794642492640152
-0.32540740313818356,-1.3427608872899048
-1.7423860600152614,3.3401878011661785
0.14430647364352264,1.469871948508631
1.476474461632324,-1.8166825034159704
-2.2866779821677214,0.06169733410701425
0.1749475073614785,4.953858267446824
0.46608590305896785,-2.485128005599411
-1.4361295672365286,1.0565398778302109
-1.1757126098160005,-0.6454891054466848
0.46122169753242886,1.4137925818370243
-2.266842036585246,2.5345472926367636
0.6998474304987851,-0.7724741774227348
-1.7907087473184,2.2378245434143476
2.125707386066433,4.442406788543922
4.6756554907766,0.13254947468846956
-1.7215136034036393,1.5697773749883706
1.0684157247493493,-1.1808815404065498
-1.4534838097640386,0.038518618062424834
2.081908347595579,-0.3533501854164851
-2.53051681817043,1.5938718513171914
0.9611735168554253,2.409351871513851
-1.7459779337787054,-0.21930969823491872
-0.4139691781967375,3.0672456914658466
-2.062050550294614,3.060094883123258
1.6447009417915073,1.6937074863598016
-1.673960708879174,-1.0320530634434566
1.1039285186636552,-1.2236576334798055
-0.6881960565246659,-1.6247627093800774
-0.22894474359772587,1.8983321404763218
0.29551181480025707,-2.4235364149787286
-1.5236493433176974,1.3536753082220143
0.4207342270817738,-2.162218695648226
3.060669128708822,1.647092239683947
-1.5561895716654286,0.03443916546112113
2.3436202865476896,2.667277123719655
2.9961952669755685,2.282909156642542
-1.632309978056088,2.870130824004223
-2.910109210181104,2.9216374365782256
0.6039218003435294,0.2872616679763954
-1.094815045533746,-2.3175861328492093
3.737206438326005,-2.105046109994757
0.0696150809996644,-4.173697058631875
-1.6043988160703584,-2.167331666856187
-2.294319022023423,0.13764731540929812
2.1798099181816606,-1.1193083616503243
-1.142367948168373,-0.36027120881970265
0.08765759892085652,0.9854308389228019
1.9116054902249617,-0.608130516131516
-0.9685167038616604,-2.2436576008251685
-0.09185765748032128,-0.10646733512686427
-0.03313681964504015,-1.7969809735456899
1.3666490230321837,-0.5415729939581262
1.1814886710206516,2.685553928846007
-0.44022746250965705,-0.5410106081923494
0.12729812299303542,3.54191510669549
-0.7435580230469768,2.8632719738759396
-2.9552248138388895,-1.1586106171580863
0.5152017147962588,-2.222247532831551
3.7843835216661357,-0.10510832384038682
-1.7674382813821257,2.306655526793778
-1.546059419205406,-0.9803818124573764
-1.7414555432874828,1.816180596524278
1.449183557446245,2.4168799782721764
0.8969709083928802,-1.5480513007252117
-0.3170753848329134,-1.3521021765771741
-1.83603812327793,1.4253240642540137
0.1847535832798486,0.3036950992831412
-3.1292442546716086,-1.3721230530873576
0.28685313371498644,-0.7043608962391746
1.7430487721758683,-0.14103910545483828
-2.5023982732673558,-3.129708849910921
-3.0650365536593274,1.5312862129653904
3.158875783389719,-0.9573843778783824
-1.2235192790091698,-5.567432447596198
2.271895691887644,-0.04774193661890543
-0.3079953303956634,-1.4831425177870152
-0.3239096338826549,3.3776443846053534
0.8768253989932905,-1.1708900418399364
-1.7679977134928813,-2.195286727157222
0.2649942869912911,1.0158653399240318
-0.7629788296481855,-1.3208947360151664
-2.640986886810063,-1.5589124025044645
0.6749641494527981,1.0190027656488119
-0.5266156137558323,-2.080934615779132
-0.3140496568894156,-2.914547316398906
-2.4203218868283156,3.451996004188674
3.1828007355256083,1.1589974752012897
1.7534283727722322,-0.5284185699887303
1.9283117683439572,-0.006954419403872044
-0.610889404883364,1.011728716232312
-3.4583657790068405,1.9466748992268414
3.9058347649790215,-1.5119505826300237
-0.12219501601173627,0.7322930519313647
-1.4975995920401075,-1.013408352420477
0.8336031489662278,-0.3779624890252486
2.334241576006595,0.3213857349298092
-0.046101112170932386,-0.013357146105344423
2.557150335878749,1.4711337966051437
2.165999877033737,0.9741731182311879
-2.1527623748041167,-3.0163384187443554
-1.3475802113189528,-2.7156464141308843
1.915074326559535,-0.7394333695185857
-5.425225127620876,3.6572505248836498
-0.29891138632997755,-1.7031836650032046
-2.8616624032493436,-0.41644541922550576
-0.9531076028670493,-1.0726920539130438
-0.5976401780584083,-1.10808876817616
-0.7164887558150159,0.35647948781011113
-1.1045225042252171,2.801554552391303
-2.194287299257628,0.9119367997611781
4.583822533637372,-1.6070619228541845
3.7349240083227015,5.506459021606414
-2.324131640512566,0.1571464419222517
3.1642335026071344,-1.1544419127642267
-0.7989309809457058,2.824192749355179
0.2583749466634209,-0.938141235887637
-0.12654791979383173,3.3258273099748856
-1.3194972825079316,-1.7412855819333333
1.9677046872122934,2.8600607778427385
0.2517730611533156,0.40209532856338887
-0.9531028464384828,2.5821044654048673
-2.609178887600945,3.8035314174030885
-1.7871900274382408,-2.2652145810425077
-3.2827602312041937,2.551543641516645
0.02444709683033893,-2.8178078088508096
-2.3933311845687917,-2.0943687104964566
-0.5311210250370825,-1.606818919584874
2.7402037072207417,1.0072732723557223
2.3985991458431712,0.06603175386971927
-0.06455378820523562,-0.33427216832567197
-0.17416945228629985,0.29247055804472194
3.759749098842016,1.1825791785869457
1.0415122407174224,1.3364962478827056
-0.6556129197530458,2.188333671230262
-2.852036234240904,3.640069625534879
0.7877464363294865,-0.04272474488295395
1.6586475451657248,-1.0421779242618325
-1.2633030490272878,1.2270722583703766
0.582405510276065,-2.2885096325292404
-0.7271465898300582,-1.3574082642232228
-0.36806479839800543,1.9987618927855797
-4.975644115124663,-0.24825674963540834
-0.443562807432271,-2.416384916716078
1.9387386048161086,-2.9796061307303483
-1.2628051111331164,0.09743335878761458
0.10505273643063252,2.2837930739360197
-1.5119014133838409,2.257091555062373
0.7208833525855458,0.2217610057856747
-0.4330463950723472,4.017818838192256
-1.8784830813640137,-0.20964073188092539
2.6651029353302556,-0.27713524679482154
1.8578640270644302,-5.134871819478
-1.2098135278563495,-0.8947258983224313
0.9955766188355548,1.704030069816989
1.0748240056407614,3.127922673719408
1.284602470022352,-1.6604692673345691
-3.3885117919901555,0.924504658586097
2.013213082065256,2.0937580646465754
-1.1393979258514628,0.02241630639179817
-0.7156558668825338,-4.566560915054461
5.2757635045204,0.49457999914850465
0.6037467614420235,1.5228612481217862
-0.772644950894351,-1.8948457900369178
-4.410588745511812,-0.508309061748774
2.779528267892711,-2.3109920842575282
-2.690419341617205,-5.140295097160705
-2.006877806999007,2.054008823575313
-0.6627045981756984,-0.007497067603703245
2.832823583400585,3.1953499934099656
1.5464799733315184,1.7146443838123544
-0.3156750196805199,-0.7084195233308979
0.616584127277642,-0.16636132020881736
-1.2007713857422115,1.132354781540345
0.27930737913070164,1.9337668335114868
0.14667348955627335,0.6453412614840228
1.9375397913627066,2.2111862905789685
1.934356244877899,-0.593337473348943
0.9879547644112896,-1.9942870935713726
-0.7246951150922045,-0.12961850712226045
1.4836445887802532,0.4103697814723672
-0.1839369324060932,-2.4030707894785737
-2.163828737426266,-2.673444168293244
-0.8065755838218773,0.894772592946855
0.16905396756864907,-0.8127137027408472
1.8204315673294906,-0.3316818113240042
-0.3670563443143061,-0.719385331401647
-2.418397422479212,3.0412018035264237
0.11348336659363882,2.52352232079
0.22691208011310476,-2.4747073800783363
0.3716752578055061,-1.065586426160894
1.8397430319088603,1.700008535939186
2.037846480179797,1.2038724742064844
-1.1884217447633332,-0.08291592465957126
-1.2322869160978869,-2.2752004099284706
-2.0803974219109462,-1.3650800923070914
1.3976313405609526,-1.0335351350925794
2.897640216675431,0.5539886622382012
-0.6301638558178468,3.4074543093944754
-0.4828611294499862,-1.373760469576256
2.933565113797952,-2.0520704951104802
1.0111157064300154,-0.2171729536558866
0.8724714096021101,2.0634779610281178
-2.3818330119474536,-2.8937659335214065
1.357456138558838,2.9072683017498955
-1.8582726810195165,-0.344062724231339
-2.2680403718699162,-1.4686400046267474
-0.6935431535334243,-3.200378573524319
-1.1715854468973803,1.4130415468412547
-0.44319938877007864,-0.34234239048306964
-2.8819632690498374,0.3414109655090136
1.917632612935345,-1.8016234820227277
2.255372589032858,-0.6381920685020475
-3.8946849482816286,-0.9731624927094757
1.9569156113331003,-0.2011862107564151
-1.6210572596432526,-1.339104652751621
1.7139510739655721,-3.068361921374443
-0.13689298533283129,5.456999490593214
0.05755112816199717,-2.726808494675028
-0.3701952988424374,0.36291801388507794
2.4242584084669723,-3.5440556568480845
-2.4791760250500565,-3.99409487323595
1.215680677470017,0.19565298370453507
2.2026603297791008,0.34873517553660655
1.4326801610808213,2.5229979816047674
4.649397828646835,0.7990936820314116
-1.0578935254493977,-0.29962143749158193
1.9146096451870624,-1.8992004881300084
-0.21218127068284065,2.998024136467097
2.466812152705339,1.857702492100448
-0.015377991442738949,-2.4926589554968492
-0.7757515637249391,0.07592745642127058
2.612144407743258,0.28810446305299353
-0.98312387803786,-0.6913073132113382
-2.8254515178011124,1.5437009716135897
-1.033693766347657,1.6634662766963542
1.238065893177065,-0.3809713956102117
2.7840775031741827,-0.5617384915953169
0.22225875059302422,2.9979169253350633
2.6363941344680506,1.8656777847244743
-2.716349842955187,0.14472077981676895
-0.8865269296358058,-3.258418078160107
-0.5771502343082023,0.6880002126100718
-0.2291188549450393,1.3961669298353363
0.16818877650039302,-5.509043256796746
1.3818219147843855,0.503738896636051
-0.8896136763409805,-0.8333839735914708
0.2780573739062512,-0.4417085602591031
-0.0902457806481033,-1.8147619055266413
-1.8517798077822998,-0.2963785808072839
-0.22733337816287078,2.7839831523626626
-0.2873190597942363,-0.8927969976310313
-0.3301611300060922,1.9311471175863675
0.0635189131629015,-1.6126624377592205
0.15134708122677226,1.5175123853120778
-0.8645903582146605,0.003311711243902465
2.5454294679425296,0.7040496575785612
-2.3389612584060333,0.014306512194975042
-1.4419402169397926,1.283250464882417
5.559927248447112,-5.135170235867516
-2.07598270997846,-2.839650626915139
-2.7075093494195173,0.8341609960172893
1.4689534900024357,-4.0870767077924715
-4.154239707547748,-1.0611607112944186
-0.4705478199448778,-0.1086816820732995
4.291649850152977,-1.6562802752257935
-3.089871844306801,-1.3831228053875473
-3.9639289714774266,0.5431644003071847
-2.9983624039153964,2.0185899115596184
1.7967191366939712,-1.9168987625096154
2.249553439971625,-1.1501163923747404
-1.0251775939570176,-1.4625219466540897
1.3664248080021377,-4.842759503754557
2.780510655023979,0.28342358063501744
3.574692828859651,1.8694354916569844
-0.49267056235969636,2.0332864146317644
-4.602943435339974,-1.7415327528814777
-1.6417578448193735,-2.503396097040285
-0.8536083898705152,0.04321109518336931
-0.5178775931567812,1.6585473731329345
-0.375718802017439,0.3097008966207679
2.2377891958613385,0.5786092717475225
2.5488568533751628,2.283661855472467
-0.3433473078495667,-1.4782731184614069
2.1969697521036373,-0.43994017334605984
0.7153227332621788,3.269211023522403
0.12901194572514343,-0.39362224619525393
1.8130883142199277,-2.5346739319331424
0.14450409647583162,-1.3387121925005896
4.115622354195525,-1.8763597024424845
-2.8768223335891183,0.7143251714025413
-1.0303417981840355,-1.7918940071775578
-0.2530377939079006,0.5420685057224892
0.8789053809159811,-1.4721304370812995
2.535920974206178,-4.246757076796456
-0.0487971344723133,0.6132395739638442
-2.8444592990124145,0.2969273630937778
1.6850277929100086,1.0355156314176814
1.5099175322839289,-1.3459744383305132
-3.883717318758812,-1.559088950718753
-0.007608267341598767,0.8029337169630912
-3.180283661360596,3.038039145061962
-1.329302195004125,0.022336019012655365
-1.8056178539255996,0.8491701920942899
1.6185293964839715,-0.6431753688514145
0.23366034834436758,-3.0872610437473695
-2.5711820015120552,1.9348588383081158
1.7601319259146846,1.8168284781723238
-2.8676116478568288,1.4215480503503881
0.6602275809418873,-0.36389087668483727
-1.6280213385831115,1.1941121994770814
-0.7313541650610398,1.7875235947756614
1.008541496076768,3.2403173699134147
1.042898798119058,1.977052209294884
2.6739381471119206,0.12764245006727779
-0.16450739934290634,-2.616506510848743
0.6129017259266814,0.31131659534348216
-0.8754746448086492,0.5131547916986154
0.3639797652455953,1.418059550636608
0.8789720960170234,2.707783718646851
-0.19661969490875203,-0.19030102411355856
-3.6075009681849926,4.201974379626223
0.6629417926617907,-3.5185740400811545
0.729122954710914,0.8386837449232505
-1.3603469526959018,-1.5970407843680563
-2.5687740721450285,-3.814443999377606
2.951758301007931,-0.40354875259831713
0.982891021788804,-2.914345396841913
-0.4581620618434194,-0.32285579606563364
-2.274065766294975,0.0695384961889135
-1.6436296568426918,2.2370828186718987
2.605180793572463,-3.015170269527875
0.2753238817360922,1.816890331291545
-1.1011741340014132,0.19616090055958804
1.0193784624493123,2.057698307219189
-1.6287963748926475,-0.8635023500622555
3.0016860605607567,-2.6644891735268907
2.7056010697934503,-2.4349986524317324
-0.9331481424055532,-2.583614907334232
-1.2573404940617208,0.9556283058413103
-5.23626639738456,2.953844044429399
-2.963161543102736,-1.1299030533104408
-2.6789395499155124,1.258270596515567
0.2703806819747718,-3.0468841162712397
-0.6524674088827191,0.360642498354598
-2.690670974830483,1.3371252326742533
-0.5623280849291146,-2.896249550553737
1.010674295294697,-0.4077669379597091
1.0556786998311742,1.4318342809711304
-3.7993405617177625,-5.867541294458954
-0.25652696096766164,2.670906123403485
-2.766681553943221,0.7073587517820963
1.8034573942805479,1.4334552954346855
1.568292832706997,-0.8254385583895287
-1.7960544526489168,-3.445444963130711
-1.5320904048007997,1.0681259126339033
-0.9225341009966145,-0.16518065083302413
-4.505586789462678,0.06423091086464122
0.6719363468811532,2.175213970397907
-0.5456890926802614,1.524127747725196
1.9403501651357182,3.8424748341792254
-2.1968184359251053,0.30770845774699795
-1.2382458964998633,-1.3824248755822344
-3.0130505160782306,-0.3768336938174525
-2.0085811269885063,0.8313267450772125
-2.363963992136438,2.0317130379859547
1.9919473576928914,-2.9340679028774375
-1.3965236975027846,0.01707523035833789
0.2483513694892269,3.2190833140767383
-0.7615268077236088,-0.4804177420050404
-2.538930532025626,1.8620237097382089
-0.3366008463432854,0.9862350544320102
1.1982066637271893,1.91172121304996
-2.4155187850867046,-1.6195210831998648
1.6182255814627575,-1.6108033401311614
-1.6994418429553926,0.04054378424457613
-0.9659678521456815,-3.064443574480623
1.0613662460200957,-0.5394812132233154
-1.326872314438976,0.5057533150313341
0.07514971867173122,3.569271213899545
-0.6293816575761849,0.8054363785396433
0.258736013407637,1.2504569417462046
-4.761478211046994,2.3289516941000117
-3.659363630416166,-1.9293151777901132
1.2319340120936764,-0.33016532474197147
2.0743628112981005,4.850825183607785
-1.8209734070630426,-0.15824444476901742
-0.4880567043422687,2.2328614975644143
0.5894385058046031,1.9274757543462144
1.3864352033174083,-2.9562274287753785
-4.055354543341697,0.6209585540118666
-1.7720804939567543,0.2934949444104513
-0.6651587596997499,0.6599175756808694
1.4062803944720985,-1.50822495958212
4.99686096744299,-2.233839023824318
-0.45601145361943574,-0.9520200000417026
-2.8139549242079775,-0.19558999416840578
0.8045361544025961,2.369968895200632
2.64199157908142,3.634621639451214
0.21602824195900183,2.7931956924463557
-1.8132970903085857,1.7203704215636884
1.915987882960038,-2.0086805245991797
1.32709123699687,-0.817792349978991
-2.052161688391249,0.4198521048259956
0.7628512350686839,-1.26487807615235
1.9945311353177453,1.1544113050559017
2.3637800851177873,1.4409722165085754
-0.13289795061891194,1.072580125130937
-0.7161588923586377,2.0502692091151626
2.4545476441625254,-1.8091824274261479
-2.42032100596177,1.8656574081843955
0.8771585818420108,-1.3912909002403926
-2.7400532547288585,-1.8818719052857709
2.1307525445192055,1.0642322683727634
-0.516091031222323,2.4317471243979614
2.5371664712949387,0.9760269727520197
0.982825512711054,0.04160804754508846
-2.44644046012386,0.6203076522030141
2.8492554641544867,0.2728538361345602
3.102490532855459,-2.2519017922707882
1.7645729851984313,-2.4852402898898305
-1.5231757300724398,-0.15765175894690958
-0.6120279087148177,0.15971367153860755
0.2908544348115188,0.022664756735468163
-1.4074207986628666,1.3522032272998266
3.3846931449264095,-0.4309534323286798
0.28865294345207365,1.125958363809712
-5.406696094214714,-0.2891735346528957
0.6787116255124407,3.646717924072932
-0.6963147936346263,0.16142745345289333
-0.14985311223689576,4.681445223051354
-0.7372387315713992,0.7040231821817287
1.6140928332133746,-0.42735434117643134
2.2393755571067624,-1.7988959525193489
0.5661063245173075,-2.885777148115387
-0.6786223742763181,-1.9828845687923136
-0.08267440961834051,-1.7592126183279797
0.039199233155256585,0.7896400408243534
-1.6048600797296737,-1.052330742120375
1.1578572971424697,0.37385410510899525
0.9200846477209323,2.563956724753372
3.0808824795533467,-0.1756167032697072
2.51069956057695,4.158313396933608
-1.3713498351802604,-2.3516219606783957
1.6405967490179294,-0.30116709674985565
-1.9019067661889433,-1.0786258472219574
1.3918642018816993,1.8730132121140157
-1.0332283975202157,-4.479583260732242
-2.046506446751169,-2.8862305783556224
0.5600906853948089,-0.21469364490192558
-5.3491342563082815,3.1027554420189865
-3.501951148810456,0.4516836680746146
-0.35498376754856636,-2.7030949085284677
0.1648835332696849,-2.3943331853804604
-0.7386375403163777,3.3459794056899055
-3.1588725974351974,-1.2422695975924816
-1.635783684277011,-1.885926744899528
0.7824186544747878,2.954745121261721
1.1635635412567251,2.0221940111739816
-0.03244623519188248,2.5481192865335918
2.3136675620739777,-1.9000837605316332
0.7947940469184686,-3.0502112820287213
-1.4949113079164245,0.2663329787254112
-0.5610041068232348,0.6702522661473279
-2.8057323144157094,0.7292036074096636
-0.2162779807828335,2.9563678712780037
2.224201238442677,-3.4675341800164965
1.3705801694219357,1.7193901025955316
2.804018651838244,-2.1932500882946355
-0.6057704875979862,1.7114706417216823
2.6921995890285153,-0.9499134090427549
-0.38660845289593976,-1.6279435917810232
2.943170165139788,-1.2198054138984045
-0.04371349488424736,-2.891220401553125
1.4144627476085534,0.08085787966693438
2.950224728619711,-1.5453467813209143
-0.3868552571624112,1.5725964618005566
0.43677797508834837,1.2801121620658347
2.5777268504126045,3.3763141058055814
-0.2660063278601272,0.7326549670821544
-2.641784565012322,1.0413555341601475
4.28601410916982,2.8001996236556277
-0.9395289286742736,-1.2553253920533927
0.31751210187508566,-2.9765164256460652
2.312013338902254,0.4001881182567872
-1.2169878074624036,-2.845266938428808
-2.0157358264442604,4.90787734585078
0.5074745935496663,2.9109965841578864
-3.586152795824779,4.327952666603161
-0.5758121537358405,0.12489395332625859
0.4900773286308118,1.1011471874031957
-0.5399037936503283,-0.9189508639052881
-3.086901886371494,1.765849611173504
3.1883559124080243,-2.431086424102114
0.20707630789835077,-5.086186378949558
2.862304235523482,-1.5814212389771334
-0.5200725003608895,-2.9109469512346315
-1.7600239633815278,2.9558534723190713
0.5383618405103198,3.631354910160632
-0.43157425265643923,-2.805858144826222
-2.355522915982716,2.583431215042479
2.9395685175749913,1.9027699670015408
-1.244540445787992,-3.1395533694377527
-3.680532769591137,-0.7805350618632363
2.6563321079146656,-1.1603274442490394
-1.0085960316252465,1.4959907972544
-1.2156477852312486,-2.4575587018100276
-3.530775174059948,-0.19774525131896492
3.4818829731939815,-1.371869007899236
-2.578961174419375,0.9466823667702867
0.11689896141129978,-0.43358406337585853
1.825240645080881,-1.0704914078807903
0.843433866006194,-0.4265931512641559
-0.1193086239843832,4.072085665680224
-3.4033317165748325,-0.8337992722387784
-1.6194496715345679,-2.082010436567574
0.37560067608504405,1.1668671383119305
-1.5743481399739927,-0.2870493388459132
0.40671891999753546,-2.830467861732945
1.3634868176302835,4.462992670404932
1.9250057716002034,-0.7049578911732958
-2.452358715625367,-0.7557389079227024
4.393292109957908,0.3196707038161949
1.5349586891082612,3.4602335384176786
-0.0034283073381279144,-3.3594906530379913
2.179073166153281,0.5519716988410794
4.730815543999947,4.174544323587255
-2.877440202113739,0.25745736147929665
-0.4505252849827072,-2.4706679586069593
-4.756863319746657,-1.2367937059213052
0.38530306529604935,0.413765059513581
0.7307884838502815,2.661607831279724
-0.07832423088551886,-0.6786716888321214
-1.3090671419966198,1.6533035948648633
-4.0990290323766505,-2.8707376540937783
0.7470673668235374,-2.8874367391901092
2.91086896783065,-0.9656013773698993
-1.182036911466864,2.8760574437465243
0.88011985804629,0.1377492790275384
-3.136288626840101,0.5796223911332385
0.9144261273850277,0.5561591911470544
-0.7867645954893141,2.2184159651734614
-1.5248359012058288,-1.2204413850757079
-1.520727282432261,1.3765702169764646
-0.7872231640660199,-1.6617653277102602
0.7648666313850708,3.9665453118415206
-2.6243264023910355,-1.6007822085933796
-0.7942306631357057,-1.7647786061572417
-0.08294355599829534,1.099339626976099
-2.1980784490637184,0.15957686286464765
3.593330403350034,0.6537048125218686
-1.7069909601226831,0.4546275909846361
-1.338873827266981,-2.1807843976148775
-1.9566158996449958,3.226717858158968
3.596960174276235,1.7870844117782188
1.105810457198963,2.717899902534232
-1.8731840124872843,-1.0566617782208485
2.2124631177199374,0.8330470894303428
0.4013973885777566,0.3947369244693822
0.5145068422230034,2.2560052524030154
-0.6889544175049054,2.320496263659238
-1.4988319739139466,0.38610160591622966
0.6755321981092027,-3.0359022636865034
-1.0901744599911807,3.559323774175378
3.6335112591502092,1.1119748673802778
-2.5385822104862084,-1.2168740827822841
3.0723135457098905,0.8130842765333899
-0.22263769759560137,-3.022187096905047
0.5981714680422118,2.110706134942088
1.6663155332588693,-2.942423488558306
-1.2604985900088725,-0.44166898407416516
1.728496769397273,0.4889088992110996
-5.4150877107623545,2.077679423964187
-1.4399790664438783,0.21308935286874806
-1.8481256146821308,1.2699257472251004
-2.5070120247435232,-0.05633381689910586
-0.42990967615790227,-0.06437190188856533
0.7714999363633896,0.17095450069659465
1.4053199969986117,-0.3781158417047492
0.4817535144008152,-3.373140486162871
-1.3313869297870937,-1.5366469873932564
0.7380328756503343,0.48954968222339684
0.24857138970170142,-0.4982420069774378
1.8721123358720324,-0.3116181643638132
1.5538734058630332,-0.6467073388774308
0.06095282784125774,-1.7271967854636356
-1.7945060123225136,-0.9861989219525877
-1.3059003116641617,-0.6136634887771895
-1.0995787192760667,0.010286281083698796
-0.6305326678325115,0.7867566889394246
0.5361008551795066,-0.3611005817714782
1.4303487802561168,-2.059310511384839
-0.10223738603075531,-2.7961640798375664
0.032249575800944875,5.194874414750449
0.28661261000000743,-2.259630060529126
-1.03181062626468,-1.0372500025287659
-1.8507845152859121,1.0340006050278703
-3.5108757946214197,0.7217212191313618
-1.3902987161537448,1.0417313851231451
0.9462909065355739,-0.8854341390643509
-1.405822876079135,0.4771161412790945
-0.4756140748518794,0.1226873284817273
0.9328625748246339,-0.6242627350825745
1.0413789928453374,0.4908194835426798
-2.159065704332078,2.110731093501413
1.9941187129072828,-0.04440044687064954
2.2547001787109706,-0.031094307287149195
-2.2596997144371196,2.1363220697519685
-1.6476737392823082,1.9227207196376264
2.382181366292383,3.1678728819269666
-0.29370704251060176,-3.5124604689591536
-4.439555894903702,1.8102383663387789
-2.7993630094653725,1.2031600908043585
-0.49873925034496247,-1.7713047955065306
-2.3260853005692037,0.5031758359976897
-0.8268475412728827,2.1022434955159968
0.06479242736715746,-1.6583178449708
2.9245092080694577,0.8851248580456142
-0.5809078324555781,1.7427073514620348
2.1450835991455177,-2.142039125062976
2.857520324073541,-0.284571384890296
2.868619338704152,0.6019367532848223
0.5695091867711365,-1.5922630110859095
-3.9265782956779485,-1.7583063981870921
0.9216497308077306,-0.2700892037255484
2.096799775627082,1.603279433807384
-0.16213421087083427,1.2874680023842195
3.489167740150497,-1.7228254583726843
1.7196671229349154,1.3043357702313723
1.1365467543055685,-1.671879552333017
2.172761422411676,-3.220339595986869
0.6667397025217562,-0.7342871420944627
-4.985620998790707,2.2459387431714712
-0.9982779029407313,1.311921104282747
2.394336054495707,-0.0031436147463885246
-1.615182680196592,-0.833410967182115
-0.4469450104738783,-0.7795242722328624
-2.0896726278061424,0.21756981172159232
3.567845190403538,-2.1368749716916575
3.362984914836031,-0.6962146904025944
-1.7677377902814586,-0.43113892271953763
0.294596000778168,-2.702148916902995
-1.3609880955280953,-1.6768965017951498
1.2298892780627562,0.821013582972763
1.019366154484658,0.01902367988198845
1.623411143226531,-0.617523582386766
0.6638368954157746,-1.8228548750759277
5.870812412776936,3.153699651178434
-2.055847530021478,-1.675958429358637
-3.4212067088730285,0.5031856145234749
-0.786180401402923,-0.9757381761475907
-3.135976531120535,0.0725585852766703
-2.9849245400119857,0.9152194838807446
-2.002629308395934,-2.740513178415772
-1.844377810863255,-0.013232488306976008
-1.9092362039001203,2.381457297959691
1.036437900890823,3.523003786984006
-1.0123781221706722,-0.26002794651026206
-0.3590291497449603,0.08336241443381756
1.7884655490018697,4.422666057203066
-1.5326450495628525,2.2698485631983965
-0.5290917974094443,-1.2345691385104378
0.7315199721858311,-1.2379669017722459
-3.8831356012404425,1.9130989235745373
-4.769811017901165,-2.022074260091461
0.6922346575954454,2.175453502677706
0.9840285611337971,0.6685999275020167
4.1284402697048215,1.035441528054145
0.31618975173361985,-0.5134676069601066
1.6394794345161896,-1.2596496084928197
-0.39094528717194765,2.9239856617366407
0.5944544431701727,-0.49347456110694987
3.334513683499068,-0.8218701531477235
-4.247985636251271,-0.16027413575961835
0.827232515143361,0.38604426543588577
4.271173460154732,-2.061650253438897
0.564068438418685,-1.1297429884138233
3.3011459264656957,-1.2360641478121157
-1.2584242990588848,1.6905606092136967
-0.06409498832742702,-1.7719251359997785
0.06704940477717505,-3.5115357155161075
-4.4351821587175415,-3.934189125812308
-2.3363556557004004,-2.9407602693514345
-2.193750158767972,2.7230764056962227
1.6441321560650548,0.03241319896810332
1.74430621136811,1.0024981736144054
0.6480728854130666,1.0729754542426584
1.6482057937114116,0.11236783678464066
-0.3282988254435479,-0.14956259330261643
2.4038633390790864,2.0890528596362814
0.01757688526414364,0.2919918286252799
0.11572809485351294,2.7981949585268286
-0.5311852665248228,1.2416598905797325
1.3689009552728557,-1.235592546962056
-0.8423976332258264,-0.9942680477398724
1.9528627543961363,-1.454929612908559
-2.2642982814320134,2.435096043901431
-2.1978325094563878,-0.8101019058911055
1.3748535102530084,-1.596945593599265
-0.1770884291660254,0.6395560822536401
-0.9077828323062567,-0.19433421274500634
1.7801154649509194,0.5891370251503277
-1.214522828172169,3.7796278077876866
-0.40040250860073967,1.8261416118577194
2.7984559001423186,0.05402110860381271
3.0782846916213007,-2.816846768412017
3.1447964205406542,-0.9999249944172712
-0.5642515538678226,1.4220922050906062
2.4614058099689404,-2.3420820793236325
-1.8979056555373564,4.281940592660708
-1.813805749444122,0.028833125271097288
-4.700911705248722,0.09769678641896976
3.34573640379706,-1.3332903859159557
-1.7279596981521566,0.9934755135514369
-0.25306515949411995,-2.316003613044464
-1.8206486838565679,4.329785178202915
1.390330496660281,2.6347026093040227
-0.7512673214346803,1.9685928903940915
-2.6096337808658987,-2.780858011579619
0.8833251283721213,0.4108265409155017
-2.867460049620457,2.418172796028009
-1.6748114506309826,1.1862107987154784
-4.213778229252162,-2.00421820926755
-2.8479162243952136,-1.3001875106173106
0.3570583394409557,-0.9038722760119812
-3.9290720762058493,-1.206875668977215
-2.9622914492434314,3.0575576714206147
-0.004737832265616113,-3.842026277646512
-1.0872137921861051,1.311838279317673
3.984073271918618,-2.5846067498569023
3.667793092048751,-1.9225029749021356
-1.7358449255023072,-4.019466733737435
1.1142752368069637,-1.0981088623177317
1.4985651137589027,3.021463303078427
-1.1949577160488067,0.529648484929556
-2.9910830729964077,-2.396723093998194
-0.024596898616115224,2.034295348758625
-0.34569134962822184,2.4626085271373714
-0.8715289939412384,0.20809296207817118
0.8846337363289705,4.0694983163051806
-1.5014592140111975,1.6431282492492287
-2.303995095158286,1.3653050145851762
0.21816594069966372,-1.6067574143325802
0.7719401851377518,1.2547969712426816
-2.353289887800106,0.4335825552089866
1.8561812219821623,1.0396580053420534
-3.540962275552156,-1.3691712382826613
-1.1562269174312867,0.25619776871797334
-0.516017072395218,-1.6337230004299161
-1.2724474253038596,-4.294264199932064
-1.130120947102385,1.996609137156767
3.742148964616228,-3.0047779633790346
-1.7017681780777973,0.21437292956483217
4.882443444943828,0.6660042588980796
0.8742535594621037,0.6531260317261097
0.18411027462398397,-0.5661581471965004
0.9524807067753318,0.5424229505599468
5.059855498503905,0.9419341395703242
-1.987186007862896,1.4699296315039696
-2.2408358378727784,3.466882678768526
-1.509732393143842,0.4683883029964107
0.06428629392912179,0.12809769003540375
-3.4515422496251467,-1.8134579307001881
0.04467847863721602,0.871892647798674
3.387094266827344,1.3347662062811372
0.30281478124955513,-0.3846063685632544
-0.5853709179505538,1.0892250083680741
-1.2363208973672548,-0.5850323870986835
1.797023409103129,1.3419853041778478
-1.6516655464760952,1.8252046280594871
3.692791841198496,1.797255733460971
3.8667194954287143,0.2356886522826013
0.5135015973235751,-2.0799363032341027
-0.0230301761532902,-1.2238261052836414
2.061319616483119,1.1903146477694568
2.1895970044546504,4.897624611480454
-1.611983462118831,-0.6814415430641637
-1.053110266273404,0.91167535677628
-2.644694869366591,-1.1121051149588068
0.8181298766681142,-1.9479340884982015
1.3332557669137814,-1.352631727154725
-2.699851275722546,-4.164943953405343
-0.9103978096323182,2.7068701258155015
-2.6945078351626983,-4.460260505829227
-1.7975996204876752,-0.5276564608012656
1.102034120452599,-2.356255790700109
-1.4669641333565588,-1.768760430724409
-0.6016519120645973,2.753045319477336
-3.254623455894631,0.402133980062784
0.3739804194493286,-1.930792318363401
-0.08854663968929766,-1.1790342649930217
-1.4579185000663244,-1.5309624408841713
-0.3780285953649483,-0.08709134415776121
0.3605897610068888,0.34578336957538497
-1.6297362978186882,3.79114954645712
-2.9525250880035587,-3.832601531995414
3.6111488653736306,-0.06962462951590491
-1.2665454094205453,-0.6311353850690443
-0.19352020637377865,1.8930970554335647
2.021679470040627,0.7096362363567869
7.058110375140968,1.180724416229891
-2.4889728997777314,0.6901723720301651
0.8996544274530198,-1.8639822505670791
-1.4151045705882126,2.422530992986026
-1.0775806091534217,1.5970098092313378
-1.4404240420135799,1.831059583449486
-2.25130993560117,2.5281003410143295
-0.08258272356932288,0.8353502013039196
-2.9490053740964712,2.9619848082349858
1.893615133023741,0.7552791435732822
0.11000587206674925,-0.4381171760492173
0.8448699458028797,-0.01320782096672945
-0.9323772238924458,-0.047687536272232926
-0.7344078684234966,-1.038782644181086
0.5751278103346562,3.2637776967404415
-2.328101264811651,0.5925907310073353
-0.7159808688266717,0.18947695166581321
-1.7192270277569082,0.7765485098528673
-1.7811376211820287,5.959709033474294
-4.219676481251283,-2.263448377199319
2.6786531789599994,-1.6900770234325513
-1.3730775063075378,-2.7611420348939926
2.3267521103271003,-0.46519847687097216
2.1375846427885845,0.4910368866547207
-2.5719994130329873,-0.9306450366821547
-2.1768224713456914,-1.07945359630354
5.121005918711368,0.28480973325626463
3.501851883854287,-1.004215649659395
-0.0630370266562083,0.6203516543656763
0.5147462128346988,2.2284686934852087
-1.2616928058943775,1.3540609396016128
0.8647054284006799,1.7620266943304046
-1.434363801444943,2.171836823013439
-4.064707528596769,0.5656563202374058
-2.643111573022102,-0.31728205208620225
0.04218549570117449,-1.5445061417663912
-2.2621344710051754,-0.782356327271442
-0.13455492982706907,-1.0473710653537889
-2.149322078865726,1.4633446532418233
-1.564707845003987,0.6935651091883923
1.7063306128263835,1.3935157254286028
0.4949610952802093,-2.320673712200303
-0.019328842626694376,2.863498968482158
1.7579279461413024,-0.8539607430135248
0.9612171866946947,-2.2000332841493253
2.893126582502735,-0.8784355296436255
-0.9197185246302804,4.967531985175016
-0.8592699570550174,-0.7754337329831351
-2.6022185327826906,-0.6501929429418509
-0.8579614347448394,-0.3842093612593522
1.9295397886048913,-0.2972407668629106
2.599974744524268,-1.5629521316025086
1.920610336173336,0.2864261664122608
-3.5883837330988726,2.1511898163966605
2.1662904253214688,0.6285786309574142
-3.6770372465441414,-2.222330597799971
1.796234648244695,-0.6886918098674168
-0.7355690531421104,-1.1030548002032594
1.4050666278677113,0.10587893646960221
-2.664896695789132,2.660903343124634
2.3423352654122933,-0.297765592041766
-2.929949492209778,-0.17630973774078157
-1.3369098217063553,3.5552896376388587
-1.9961892555380705,1.7524119833433205
-3.508569705644998,1.1481625642130702
0.18905513517693673,3.916263230603551
3.6121782356739227,0.9796225095880262
5.333810444640018,-3.9730542839550447
0.19431157417249553,1.6653315157607214
2.2333625501350447,-3.1840169142373003
0.4641892758570744,0.9040107371648954
0.9977663895364255,-3.42748714825848
-0.6842973022544777,-0.9337108207998389
0.39015385084520426,-0.7275690592197424
1.074957409212857,-1.5402382144635065
-1.1569194577526627,-0.6977039943824
-0.15498859978597584,2.0651234407211048
-0.11686023799497648,-1.4279058243191067
1.6528066346610493,1.0902817590210818
-2.132064343255361,-1.9312992792146004
-0.1030844172153031,-0.3789991527842583
3.824010938105395,0.6476785326549006
2.328120305171875,-1.9930568332371195
2.6983580977774104,-2.62344086582138
0.04886368035606832,0.9837563011577763
0.6419951273720463,2.2461607986812777
2.0044723334058507,-0.1581300389747444
3.1205110590618617,-0.9146258131134085
-3.9032058257657734,0.31135077537677364
-2.6308826140996913,0.11095983753076097
2.6188882028052958,0.4858050814225029
-0.5537787115376072,-5.056490200627429
-1.3434415785161546,-2.1382085823319263
-2.5083219739912077,-1.6904602108737077
-1.1100334030882189,0.30173525702312504
-2.8047385668476497,0.3717557672445327
4.182188545464954,1.272360977368072
-0.04487210396114698,0.5151634984208736
-0.11590108352543514,-2.6014701407746714
1.1761533503356636,2.8940092351701203
1.924690338533139,2.5438366068447325
1.8917763131092786,-2.5163945800538516
2.147243887815143,0.6654105887483658
-1.2616911015817127,-1.1908487704860315
-0.5957336099137225,0.2777279784010965
1.538063310884551,2.106620559283741
-1.05477812327924,4.260208532641918
-0.010213264054450045,1.5025554102852203
0.7975275288496285,0.5898694702202719
1.5703701646207524,-0.6796423366165943
-3.5553619247404025,0.3642697420223529
1.4294912997778901,2.719543786656627
-0.4674481157034509,-0.0894175135191707
1.414915421728762,-1.7722253026953005
1.5538633847096575,-3.239379731033253
3.215830122238315,1.0260957348205015
2.7069072952424063,0.4945762512554786
2.6931433252205923,-1.2918163465245933
2.8873406383324767,2.0520282514145953
0.5827579696318919,-0.8435537287752609
0.0643701740736794,-0.2692881836495904
1.7456341663566688,-0.033328266595887036
1.4641619028660449,-0.7019054842761762
-0.6181324734765203,0.4717301314991417
0.8096468176165361,2.303030291866002
-0.07019293356918883,-2.2849637962368456
-1.707865816920112,0.9770402769480175
2.5809214827526996,0.3443173392128821
0.11039848506017844,0.3075276590894125
4.097416515397701,1.7436891397481815
-3.2509845403996653,0.0985948504343174
-1.1135575456867326,0.9604585238114058
0.06527767338174284,1.4317292591422943
2.274762195257828,-1.0087304007612132
0.7989387452043701,0.5983669216275966
0.6209455083615029,-0.5015752144212638
-2.254527585108294,-0.265363559439791
-2.3138827944589426,-0.6441227929566639
0.6450093205798094,0.9421608081937728
-2.728211987636717,0.16328941803650743
-1.0637555005786572,0.7890880686333487
1.001834658171715,-0.03503472579149689
-1.9646485445535518,-3.20824202494065
3.210711924723613,0.06273683219941695
2.44787268847578,0.127075910313634
-3.1428399966766007,0.4851918743069204
-1.8647424863639743,-1.187458387371484
-4.5715544889899,-2.390939433331024
-1.5651827250962664,1.249213289788556
1.5327769531447988,-0.5472131130683378
-0.8277898845497138,0.34248809536999153
0.9215944872319349,-0.5629201597765913
-3.0446686365634883,-0.012123651547189607
1.5959505091638106,-0.8985706958716165
-1.1102184558566996,-1.9361671783076562
0.024339364565810394,0.9474633215373143
-0.18574900278610545,-1.2062401764522401
-2.5430970417845677,0.32790296178962125
-2.3061686634795646,0.8209204438041557
1.935588938006852,-1.1736254312061634
0.7979843150033912,-2.40777126874597
2.1000980831068534,4.852171227706106
0.6493164710050366,-1.0555437518908521
0.28598126961843295,1.2468343172023169
-3.452021237333533,3.878927099140248
-0.5407333935223395,1.5798154937077864
-0.054768640807488035,-0.6008856176551031
3.906214396545148,-0.13423277507022263
1.3739132641973546,-1.6652144394776967
3.072122363419057,1.7633928539154844
1.1950754117894564,1.1325414161173766
-1.4226064538989587,-1.0288516365234863
0.23424843229970269,-2.084349614196889
0.47244729252846607,-2.642467475327383
-1.8783111395413634,1.9730280076084017
-0.7687747531858423,0.24074625791112153
-0.411533987354344,0.42996907266550316
3.211239665130236,-1.6458972517247146
-4.161481050781957,-2.9270062066088123
2.4116368414320863,1.925227149423265
-1.8735904699187655,0.08407807399446147
-2.744158374539228,1.8144693201152406
2.359884260076928,-0.7718662530311282
1.463796138468762,-0.47363568607371676
2.50903740476238,1.4265963532412642
1.6014038950911536,1.4646961593010492
4.119690003474804,1.5951312453719082
1.1174476738889707,-0.5904025062053924
-0.31295475224631697,1.2290944753017357
0.6858527546426851,2.2181989309534376
2.486938256691927,-0.20954402336306863
-1.558750650520234,-1.0269767275481072
-1.3037771650627616,2.6854952066335316
-0.6179200291958148,-1.3088914671026142
-4.2091655975306645,1.258952994228954
0.2761568168350937,-0.11684462103972271
-3.7722574079020523,-3.683131232969121
0.10611862586523807,2.2571881349571603
1.7305795122704997,-5.515707259094736
-0.9537529212876713,-3.9682561335152178
3.354231740373742,1.0546601589613434
-2.9210017988369756,1.0541423973562307
2.382521363263665,-1.2751597157550714
1.3502741128138416,0.29564418060648984
-3.432066496621378,-5.06286009155601
5.421588598081065,1.4139509289411984
-0.12749057100793235,0.49945097410719397
-1.7549680443112634,-0.09128570666759081
-2.814174389568034,0.04168296427554404
-0.4400360553193481,0.9865083523860637
-0.25481374477991947,-0.05780304699572189
0.20529105707932885,-3.7481110054624405
-0.5955923124479203,4.392664469045045
1.266450620230187,2.4016016388569024
-0.7752596653264927,-2.5698893239096563
-3.869928234480942,-0.6902744609531809
-0.2987229912992824,-0.4720683803120817
-4.734955306746556,2.157699133017927
0.707541261782779,-4.318537870639536
-1.9586004605652707,-0.9980165288595784
0.32672070983160095,-3.5212728866750074
2.6281499630492084,-0.5701910316566767
-1.8974973905360002,-0.9450017861698088
2.122512517024236,0.15938813476542446
-0.8667791333723064,-1.2097487980183668
3.506389604131171,-1.5020467827810484
-0.7303052263964267,1.2393133835262957
-1.6809859710133828,0.9093454818851608
1.3744769007905768,1.1027966855564844
-0.8715794592472719,-0.3538001809816853
-1.682899028258017,-1.1434771644503787
-0.9556797014075823,-0.23770496404154157
-0.08921306436600282,1.0023241401369043
2.684360262489708,-4.353559401943697
-3.868175490919154,0.788223860741716
0.046161317900841346,0.6182763746695958
1.249807189308086,0.12430181217145397
0.3868971499835922,-0.2986268437433503
2.6197303388670683,-5.132238771864827
-0.14869065951704852,-0.8797065262008118
-0.3691028843718903,3.5788774221547466
1.1846590940266866,0.02580259113661136
0.19862762990269925,-0.6145796773494362
-0.780817476560942,0.03381239118022518
1.0322880791727593,0.7095457372560171
-1.3050565864332904,1.3176404893789286
-1.2223543040386542,-0.45776032631588365
-1.0559880435312272,0.8498392047873674
2.7061383203328147,3.353301605522719
-6.442032711971427,2.0125015988654305
0.7911976695258847,4.680600431713959
0.06854362840044445,-1.3135407167034328
-3.3617409184762406,3.3523790150040305
0.6194535582720044,-1.5813472798451893
0.951503983663064,0.7071322934809267
1.1792784627148,1.4649530584761987
-5.303656126089898,-1.021554383808945
2.732778823708877,0.1759285549485514
-1.4754734093696817,1.8209222049036822
1.3731354935063522,-1.4205417966238159
1.482147561364572,3.338766919095294
-1.7533941712385859,-2.769193249454698
1.3209199047031006,3.8793828854567685
-0.7709864818247164,2.002652269599184
-4.1427543586763145,-0.1794511526555572
2.335483851055558,-0.8053364224734629
-1.5500899260324796,-1.0140565255820473
-1.7089869254761085,-0.2715912805140297
-0.8061317360734442,-0.09699172309765251
0.5444734506547761,2.510452493269163
-0.11454082164420454,3.9373082007691678
1.0961338494143409,0.39875984130801545
-2.678978733057318,-1.6912569759788085
-1.4847727408614693,-1.091452081272388
-0.2319941446430671,-0.36618156922256895
3.795774585317411,-2.060244210593551
-0.22762507682751612,-2.3578828042147575
2.170444527323263,4.194254424746054
0.07711033756863542,0.6052270518925081
-0.967317274875137,-1.6662662673606936
-0.4934488482288811,1.6332071407154254
-0.3368394240577623,-2.3566922496136913
1.2072914779214772,-2.192024095742107
2.749222535153109,-1.6060848021284901
0.7193616953726422,3.3090265617300667
2.374155357483511,-0.5057601315567478
-1.9295794752593711,-4.8834139738049736
-0.8292610176280611,2.4201318663511864
-1.4486050684153335,-0.6127627283247149
0.6288891817497051,-3.6988160117568114
-0.7179167703588275,-0.6333669759268196
1.4595458740683909,1.0420077932098062
-1.862003423264883,0.8080983330659386
0.08606194664256288,3.5968299583296384
1.3737158220245123,-1.705535725139861
-4.130605550081221,0.0934402405299446
4.243262614660407,-1.3991385571568438
-0.5663037697597514,-3.084385788374446
-4.050079827352346,1.7710547446119096
0.31618779715357204,0.9265391382950403
0.06688693594630188,0.5673568993977054
-0.163788759144986,0.8535803865172891
1.9823822258533326,-1.3709457053768401
1.4948899428541118,-2.0113901746363867
0.5957523820476903,0.07529474433872055
0.9003112678932953,2.322422804823228
-0.20871689887617306,3.216154270907094
3.5509816984800966,1.5908654136148659
-2.958392036715533,0.058348853536191896
0.27930334843179316,0.5395678587998721
0.13004926237756023,0.02318771865074288
1.626560812129186,-2.0518866793988564
-1.6877077548497985,0.0492947564210859
-3.487345204793072,-2.6696536351769864
0.31364603219638637,-0.24815445220607918
0.5624609844372083,3.2722102211926383
2.979198818895298,1.6457184455667035
-2.5407240926501724,-1.8462383684730594
2.30938753343344,-0.1448581392845664
4.734828728054243,-1.6687526235094758
-0.7555297750449542,-0.12502753635442004
-2.581884438986448,2.082215633049126
-0.8139487327467423,1.3060158766198076
0.028009934742761467,4.968288161490672
1.1275757500138293,2.384954805015143
-1.1827894596760948,0.40800076215538295
3.110397068294684,1.3542999482665863
-2.2290646300161234,-0.4048863483666714
-3.4784103043456,-2.2550084941729924
2.2134208485746347,2.611553156575041
-4.549242062412399,2.017982953863296
-0.40825953774543233,-0.4821084291879285
6.235362258416095,0.5478714738626764
-0.024087105919863,2.4818783747696127
-2.2415353013924992,1.6927028524120402
-0.11479492757358749,-2.9262025024993976
-0.1016015772390671,0.4872400429796485
0.32129988070623305,-0.33526305097672804
1.3245259643192393,2.2260013982773614
-2.0782223367354784,2.0620854775653226
3.3750961104735873,2.63721565635609
0.4902285687452357,-2.235788677440415
1.4535880928036076,-1.5682230681124776
-1.256298799511285,2.2281648722708773
2.572764273991067,-1.1832916306848913
-0.5141048176261294,-3.042865961828615
0.5551050269870634,1.0651929752281306
-1.8662121543742185,-1.0944368805319455
-1.9938632528042537,3.5795815406168012
1.3764106129057654,0.5923691079769271
-0.8872136604147719,0.32051857328333105
-1.7076461750087542,-0.7384877832315141
-1.2863666840540608,3.181670667853943
1.3979061434348423,0.7171089197796419
-1.2580757224072219,-0.8169990363124129
-0.23530986320432815,-1.5881674132108938
0.030055500574194018,-0.14694610912843575
-3.834697772020598,-1.9552936743096112
-2.942252810747036,2.0577548833578883
0.672555778495125,-3.616684108048468
-1.4740587223053943,-0.2790280566661416
2.113449822560837,1.2202670901758688
1.9336142085010888,0.6842388402193142
1.4383373327108744,-1.4345659460313378
3.639543574625195,1.3205174134130984
-0.16617865548636623,-1.7720787767718151
1.2977638518076782,-0.04476931299362014
-1.1688019531920621,1.3036831439607113
4.9047398257374475,0.9258255589862264
3.967267304872039,-1.350078022838936
0.02376086903558388,2.3949890331287267
0.7731724598103844,0.1733891429710681
2.7185951987296115,1.485990821878303
-0.2942790096282139,3.0582020133464947
-1.3132481415994095,2.235041097549214
1.747979502013765,2.2402588126620877
0.15687849216734018,0.3853598596989445
0.3659888992905208,1.5878702418210193
-1.668542686135931,0.42719314912863215
-3.4353442967267926,-2.418648935556827
0.47228481975820213,0.6054875850100847
1.8099240829883996,0.512721967476931
-0.4516134981520837,1.1674587230436384
2.8728590391177335,-0.25599395042679035
-1.407832650831089,-1.5229111135277014
-2.10940890993184,1.3130121663504541
-0.1344606143922625,-2.626544574504496
-0.1651851507025809,2.9176382717129385
1.5399374626704452,-0.4628361224099848
-1.5499256481279695,0.49105634411233645
2.736188473629796,1.117116306563144
3.9338339250165073,1.1813760896883818
-0.07828805393668375,-2.8179685999034696
2.499420840368637,1.6481731610885273
-2.11299414125052,0.6063076567525467
2.150443082363832,-1.2705227691172178
2.094552817118925,-1.4993339018918277
1.7268745603797573,-0.668106164113691
-0.031126177740587957,-2.597483373220984
-5.908497882484062,3.4445347819740513
-1.2834542873042587,2.9723026502866885
-1.251832035369204,0.9034004019518785
-1.9565098761209547,-0.44679683268418174
0.24448600909413243,-0.3942159758747906
-0.8379268910424693,1.5161314123479361
-1.6492240195300438,3.515653799003901
-2.1176002964956395,-1.1407934791934864
-1.4310259709704574,-2.2351720852466483
2.2429984236998566,3.095281547190542
-1.3220501092549883,-3.574277175168903
-1.0298774128665449,-2.0170616165052926
-0.9133952300464927,-0.4937157850217056
0.6779870276188393,-3.1208669356100622
0.9124989770570656,2.2242981256131964
-6.089313078486324,1.7138105410102
2.0432704276552163,-1.1495864544306342
2.872736068487508,2.5592282383554954
-2.100373074723339,2.8985848568076524
-1.9445964894696695,-0.22634129658012708
-0.9005067755565429,-0.901336355136015
-1.5120080389132096,4.519204055484956
0.44785374789321275,1.44232364416831
-3.8930505727177285,0.5126493059377066
-2.2358552160734795,2.727091893279225
3.078394400349815,0.6038612700060427
-1.8564399346960356,-1.011241171838377
2.4868565562058498,0.16031952097510696
0.7106763911802737,2.07730857463947
-3.618535429176516,-3.9843711326984272
1.2706583904324125,-0.5760614788784421
-0.23533460438570672,2.76611479716321
-0.910934112499481,-1.0237368021870352
0.48991418634400785,3.0922171208628195
0.9492669711335843,2.8294876387196255
1.4151836439492391,-0.13105823097790265
2.3565056950960046,-1.1370786097780015
0.8162718255567127,-0.574717748299269
-2.7512681775727237,5.329228984002869
-0.9472909153023821,3.7488488938664877
5.886096670537243,0.2507819436134766
1.4489821207634552,-1.2163071032408188
4.738574601622994,0.2340820711625263
2.7908681643983706,0.4876538532335294
0.48360414311149713,-2.486717475218708
0.6028141395622348,0.16008253843052037
-0.07316007975369158,2.64480864962346
-3.475609231692999,-3.598713362432947
0.03609450493644856,1.6531679302744964
2.4213491050843943,2.7495959401095593
-1.1992799896424073,-1.1211146901887363
0.8239059981236191,3.3883515163821127
1.7031820917863947,-1.3806741248966907
-1.8193608786249509,0.8821653237208075
-0.9026057286873292,-0.6135453693272608
-2.0358229809543182,-0.6139927143252071
-1.6443312133788137,-1.234598139516091
-2.5752105673061223,1.3971509617240396
-1.8008969227560536,1.6976109154628982
2.8389113615956783,-0.12884439915437737
-1.830954058180585,-2.7199364273445483
0.2529184381213801,0.8063403332687795
-1.0057375073419117,0.8440287188213877
2.357731874073878,-0.4334300227728548
2.622324593207233,3.734462574361617
1.7281399642778938,-3.127858529801308
0.6122691062055107,-4.434567420507136
-0.46211907368179717,-1.4616697993953418
-2.3837494083824997,1.420849068182899
3.8870577622443943,-2.1116892748676817
-1.5193460355051067,-1.9619418370521506
1.3272926940656828,1.9020426723563093
2.1191311452467945,0.9250958455954993
-1.1105609938106589,0.7541218192567997
2.0760250546319243,1.5628578389310563
1.5284264066777107,-0.8503859065457686
3.4559276707635305,-0.7579681481163826
-0.9386929328534224,1.61955854512285
-2.5717280345594298,-2.689773561562399
-1.0109795108890223,-4.285439692797093
0.41770708506866344,-0.8665683472557087
0.11642545417011294,1.8617465781313831
-0.7868757925491009,0.5111193979736065
-3.818394917954486,1.7145830082460307
0.940965992258213,-4.03258862084633
3.9446889581644,0.6309936166469835
0.9285024762460071,1.3077290092847558
1.2182710381070272,-2.7015948452213694
1.1448906123102036,1.7241151810930897
0.7940933397647998,-0.22303779301158574
1.8633319337361895,6.142673403212004
0.7907473623713317,-4.354472137793471
-0.6253543393065519,2.7382287353495016
-1.591977820017508,-0.7883161930521475
-0.49794731056135044,-3.234303428880087
0.6282589929013319,-1.053910287129984
-0.6321659222459467,0.5549584826749319
0.628677366262861,2.0749333391300864
0.8783002674008351,3.443928576264351
1.6663588625403636,2.8437861774086852
2.5655899376779607,-1.9307640414089888
0.156014836957715,2.2603293845322336
-2.6155531302953214,0.7825699142417474
-0.6902081936383802,-1.3092060418579758
0.08812513481319871,-0.42382118695496207
-3.6715375123541802,-1.4196853188894478
2.777329040204964,0.07418468387291167
0.28475582502093255,-1.4593157645882404
0.7627056691605698,-2.055988146434878
2.7310529250525315,0.9582382555655441
-1.2602856602846937,1.2574610965192743
1.1480838617680602,-0.37519400018322385
-0.21972824620387135,2.7353026078719447
-0.3681737340318388,-0.5208611729902263
-1.5443847756087585,-0.6055490902510766
3.3312064273730546,1.3209779646913946
-0.7510000801511418,-0.2648511698866735
1.3989284937914042,0.16959545805228687
-3.750014774943873,-5.04087694123813
2.359977059379573,0.033414769475949783
2.104422311914117,-3.65439187494252
0.19486822059460607,-2.441901141997741
-0.4538849322758487,-2.67064507751101
0.8000000112271328,-2.0851663070676523
4.5775813217605785,-1.097707719264506
-3.5264733978069702,-0.9729852310909706
1.5640547751482552,1.328550408514251
-1.8232346043078052,0.44477562826939404
-0.039836792599462406,-3.8021488576359714
-0.49576023815732606,0.1665892750936155
-0.8566365155955113,0.6365104931668546
-0.020930258105458677,-0.6571330325059161
-2.268342290555581,-0.1217719538134051
2.058360872255934,0.3806202507941134
-3.5882870223972008,1.5291991952711603
1.079529025656684,-3.149759974925469
-0.6530717050691422,-0.488634077279298
-2.3418497876149074,3.016672196115458
0.4047667411973904,2.8333226165959124
-3.113902173412956,1.70187385555156
0.07942764343926936,1.073649367911352
-2.845753815623109,3.309269496804177
0.9225441686356624,3.8356960032133314
-1.848714667260751,-0.25815997609370483
-0.9019880340586188,-1.9388648865766402
0.5878987758863244,-0.5405846352489904
-1.5450842236844717,6.193391027544107
-0.11592799933660505,-3.1387126854503884
-3.0276610024897073,-0.9410782790588346
1.2617512071923112,-2.8253823049852627
3.5298276111015428,0.24952772575477067
5.5844177358199225,-2.405382057789735
0.18233629333287835,-0.21750204566723574
1.5764082815943734,-3.900190320037518
-3.5612513458149784,1.2352413301693008
3.0054686526111762,2.4446905129359497
1.5524570094482122,-0.767887244126918
-0.967866889902466,-0.27026001415140416
2.4743616005780185,-0.3268144614626245
-0.508952153290683,0.3618213504500505
-0.916050366029113,-0.0763391739328565
0.9506698508549826,1.536233904861388
-2.126708999660637,2.4660782669018912
2.043249528799896,-1.6281424449843658
-2.1119796238536868,-0.6186569855485936
-2.1001095796463725,1.8032388978494895
-1.8193795768166687,-2.8433380961180648
1.5190000750322443,-3.94144256369114
-1.2335507230394154,0.45263190579695717
-2.6959915687343377,0.9926928221409844
-1.211359999871596,-1.4446003759071846
-0.06408474136097374,-1.1573021082409103
-2.361944967328771,-1.5203846434817976
-2.303362218068687,-1.7338504786888689
4.222592668199169,1.3869916412092
-1.7211308076277738,-2.3609969739952774
-0.6460847375460136,-0.5310457228666975
-0.7344740015985717,-1.810672335029705
-0.8427136155408838,-2.910577951802431
1.2426934799382046,1.7403563494935417
1.896285900944099,-1.0396504443470778
-0.6119088630631841,0.3768801608415137
-2.472956573184698,-3.01615175960202
2.5488804556978066,-1.4838789075129517
-0.19068218239336523,1.512175761390011
3.4606436297143373,5.17454291169062
-4.491171795130326,-3.9524321287806234
0.39080644256664054,-0.40221559057885264
3.8372126677524157,0.824561196287
-0.7065282708763164,-1.2322003064785674
-0.45098684666927213,1.699043973988248
0.5910233831806775,-1.7334653413206262
-1.1175916377699147,0.3076953204332826
-0.6241438641054657,-1.0441438089967197
-0.6756301883828061,2.438862165909545
-1.2548414688527465,-1.3527290060712112
2.457713100401119,-0.7037475925730318
0.9221560645928703,1.8913780749943103
0.5012564642066041,-2.0560773181857273
1.6171420137802335,0.13750011352714453
-0.5287116664069338,-3.6450686873732034
-1.548407636705801,-2.1758669172581495
-1.2052486092291148,0.7642625517816071
0.003566082209217804,-1.9813950190724647
-2.118423416745804,-1.0891458636475833
-1.000522033173351,0.9861728040958754
-1.0322332837428694,-1.1583722822938605
4.249112459658027,1.6456841464327159
-5.547629879867833,0.43132557497212864
-0.3592394428112665,0.8713662238490061
3.4513875856295413,2.4819311974770644
0.24368892826490793,0.6396461252281315
1.5068349468421856,3.077694580938688
0.19965263019953583,1.822524566075647
-1.3346667624329607,-1.0469048596689134
-4.483831869017826,2.5862961500425428
0.4109113740726057,0.5277320418058905
-1.5512132092047823,-0.7893594173210068
-1.6006708123306075,0.5567713906417653
-0.9979745119582237,2.2246536487805257
3.489722813246987,0.9100901884844437
4.809675084507946,3.6447856651027952
0.4344158750568018,2.1730611157976436
-0.9295344478234554,1.0463200668043249
-2.3544528349024207,-2.0521361654823154
0.9370803230921382,-0.3594650280202417
3.565811200130288,0.14332827950170265
-0.4946807740503135,1.393263002435494
-4.7579920815064485,1.2746660825443854
1.3400993436310475,0.33908082043657234
1.970799422900099,0.24069983075434226
-3.171691280771695,1.4409137901521394
0.35296836732590564,-1.7171724512599718
0.9024520322721976,3.391031638499713
-0.14621460401787703,-4.0943337703269425
-1.5815418381707074,2.9108189643440583
2.0318744471271124,-0.09037105685032412
-0.8067594919373652,2.005159628543188
-2.970372325399864,0.7276808685852255
-4.098948971339362,0.6920688218216038
2.5216990399986194,1.108508952053042
1.2333279529422365,1.618108578175557
0.1759470942583379,-0.65766165317448
-0.8805492737016071,2.0695982610524726
-1.057996828406254,-2.168941247157567
-2.1514732968832226,-0.0106611466522494
-0.8629112891197697,1.6719398485445538
-4.240174430240349,1.9900351592317786
-1.4721273069370284,0.9215776965228021
-0.6218750327021877,-0.7867848759114712
1.2197600943808378,1.793415556737407
-0.07985292674672755,-1.3387324782375067
1.589846227751118,3.502818147497822
2.698270210226859,-0.1693417949993284
2.1163401876482033,-3.079251388411921
0.9410196947571136,-2.389366936033104
0.02372535836156841,0.08728727375917505
-1.9615760168271184,0.27965054265210637
1.4798881027586326,3.939313369902191
3.3594947644430584,-2.076998675228453
0.6842120793008364,0.07892439860786143
3.834518296852246,-2.1188428141641134
-3.0511434161221676,-0.9853097064268068
-2.308326769559083,3.367944060138676
1.710403015496525,-2.2726724463119816
0.5285804203065021,1.1740848481356676
2.6275643531436153,0.7858147180287832
-0.030943281453479157,-0.04834285271641726
-1.7359508450566639,1.0388732463834751
-0.42718648441008494,-2.320040763886577
-3.065367941847468,3.312645015607115
-2.257181346194069,3.849690990247042
1.9448879958360203,0.09420939551862671
1.74557482893922,4.846212261227108
0.7260085696121538,-0.7980558630998409
-3.442155041920939,0.8008639877125605
-0.7168071510257771,2.863778127549027
-2.449999777320101,-0.918008920445819
2.3530665075755306,-2.7630981177588767
-1.1674442671252026,-3.223434131237708
-2.171495421563099,4.121653127805318
0.05959233024284887,-1.0580493012775554
-1.2803089136692236,-0.37147352683699725
2.9674878204074138,-2.225528156642109
-1.4696217950683816,1.8966785586583768
-2.7984565184492625,-1.5631197184491699
-4.305827031515031,-0.9825260553226438
-0.06157300482683039,0.599040838832321
-1.1238602277158527,-2.128091854491145
-2.8578092130234536,-0.35716453902845074
2.3784529225115705,2.8044191790065396
1.3344902948584838,0.8565087950337265
-0.05643575787445955,0.2610845848567169
2.728652488341733,0.4297294189277301
1.325072066797226,-0.7782701919531275
-1.6457118030368647,3.992304639509851
-2.078440327981532,-1.6243142610681347
1.6359630889077228,0.4218523239278602
0.792733912934702,0.23005113268561428
0.3394955359413234,2.0175250142662704
-1.6929956057378146,2.2063478775872793
1.2158951340115078,-0.06403760897414161
-1.5109977662678984,0.5813329862260992
-0.20397330918735596,0.6570695078278965
2.8938882927739598,-4.544283311141214
-1.3216684716202916,-3.177979204955551
-3.145978514145722,-1.2101273814439413
-2.1050943837402207,-1.1231973527537378
1.9885976533752465,-2.3985648439282645
0.5094622747604189,1.4991651427472599
-0.25775475737750714,0.004236842034944943
-1.018187610623139,-0.42938909477367443
0.9707198151063802,-2.5123105490147735
-1.698209701980447,-0.08908972848957708
0.6113311372851918,-5.2533695119972235
-1.4625091376259138,-0.32591262161168205
-1.795318770550108,0.12636733761551208
-1.2749748696500234,0.48382996864299715
-0.7508148929679238,-3.12820352695856
-0.09765967186740633,0.4496334733829495
0.47091159022222867,-2.082862539729085
-7.376730582856888,-1.6249396645846679
-1.6153011154935297,1.4358627716453296
-0.7831399547120785,4.028227446719488
3.01012407721666,0.10271751760536003
-2.1600052167642643,-1.6341909172804645
0.32559323619982505,0.37734089501999707
2.990060619471675,1.878058314998291
-2.6259370598945457,1.2419951317454707
0.7879504517288047,5.486225744927491
-1.6045436678690408,-1.4306751381893335
-1.009267484578469,0.5044629598385961
-1.606221667906629,3.0978359068364063
-1.4637146168317718,2.972318474037064
5.443824295812986,-3.9001558530487612
1.6889117441433315,-0.006715240079962449
2.203475723572418,2.9690415316973993
0.9839869736729923,5.781285980798275
-3.212513576803916,1.407591767501637
0.7899159406466143,-0.7357265873929674
2.145859229014693,-2.01840630487478
-1.7067989480782229,4.437486715061699
1.9306533343222532,1.4574831729315183
1.4086724197081577,-1.696133853770835
3.70408008962734,-0.40631273266756235
-0.8355660250272376,0.620373033657408
-2.1952219645514535,1.0876133077762355
-0.7232562187450913,-1.79923731509158
2.8711419863272467,-1.2283808362509854
-3.656811761683926,-3.3058691247459198
-4.1367514308620645,2.0795245792095636
0.17879055786322653,-0.6832369335406322
-0.8851785855483123,0.9326432983665842
0.015455786351369287,2.8445170171526537
1.8906235424717304,0.43974028474789123
-1.105138692237705,-0.22594095189813604
-3.746011661861241,0.3878429537678683
4.088963114399888,0.12638720770045367
-1.9944565748775522,2.4923299957558895
-2.118074244024195,0.6216767950775796
2.207440027445193,-1.0888020391578253
-0.7689782420830359,2.0956981137795005
-0.12677970406962155,2.460968712716704
0.9655802481206359,-2.676661253640927
2.1671662062199912,3.065567769536211
-0.6669213863635439,0.7294235464169709
3.0399040118285985,0.5665399002931969
-4.271599697469611,2.0132492631930297
1.5195744739061543,-1.1339527820085575
-1.6790551160353147,1.908329028381848
2.744542633215983,-0.7535509394757106
0.2840889576610905,-2.9499013594206764
-1.3458106640188032,-1.9955125582138684
1.325682186043265,1.1340436658064532
1.7863766944145032,-1.8909366799893164
1.2837882457172765,3.2201522463792984
-2.059392479266121,2.3785669068792856
-0.9680342472441695,2.66687833206593
-0.00814567424287005,0.24955715935482384
-0.0825193053001208,0.515723234589919
1.4994909508766954,-2.387423708488555
-4.0298024650132165,1.9915670203149807
0.6686541091070068,0.7596669100741708
-0.5799627088732798,1.1346112505845205
-1.6770012327679045,3.376623622905764
-1.4849735555391992,-1.21192596789502
-0.4290753290359272,-0.25228309975463636
-7.202170208919036,0.6533418430843355
-1.4025791415831,-1.8708708109174135
-1.7516296492925867,-0.3751976425536795
1.0655664186452485,0.9858996209339387
-1.611053365021041,-0.6508425427456621
-0.4302276003409798,2.6179788194582243
3.084553255322604,-3.021849123633988
1.988703039630847,2.2455424804666837
1.8045427998869052,1.3223709496320093
-0.9997448608217036,-1.1376571751131817
1.0860645585793047,-1.8488171364599961
-0.4677956009071879,-4.160565234484904
-0.39218642135387577,-1.590350024827668
0.8193706874930994,2.0943533100059937
-1.1939871768418648,-0.11217145255734856
2.986006208886407,2.325961760783683
-0.3202602791958743,-1.239742141249104
1.23672113251933,1.4142123202131256
2.911200958514596,-1.4349972041688432
2.06330754915035,-1.9311500124196779
-2.8178382053810496,-0.21425443434135252
0.8897917900197685,-1.329933022639993
1.7014387889212939,-3.085644298074425
1.7837260443214975,-0.36462940143398664
-2.2265896682292623,0.21287083286257769
-1.3140704740346478,2.536717222992135
1.9891164714832432,1.8736113542661201
-1.5235207413652914,2.4398863984656627
-0.5993921133286285,1.4407149967870168
3.1517516190039387,0.6652255178999495
-0.09559850076957963,-2.457889812943785
-1.453548275667686,0.2997443958705491
-1.7552347137258102,1.1935875546616284
0.6654386591703759,2.9148758987408723
-2.666296016954418,1.3725770834636273
-0.4946719277928363,2.4807668692108433
0.6664610699800435,-2.063995782730478
2.598299641095335,-0.6528352522961901
1.3350961607399914,0.8587014273225416
-1.4281302359643575,2.3219053814851227
2.35683863512744,-0.2904572916778393
-0.5990300750949551,-0.1648919182983069
-2.471406044098818,1.3742806120059574
-0.344082718530945,-2.2517416542902486
2.876338402291404,3.214809099646858
0.3304801001298504,-1.7582721862153696
0.025043728659572675,-3.837178847118606
3.2744232894057066,0.0201340170451612
-2.862709694108854,3.39691740475113
-2.5711982281055445,1.1729062606672203
-3.231692941933664,1.502181086007266
0.7452963729601102,0.08277152461422853
0.332986254230249,-0.30475499454235405
3.085472734559552,-3.089818739186231
0.48695015427354044,-4.518772515808372
-0.8083143189586055,0.39254467688172656
0.0035897457562141704,2.625098388680452
0.2354148369219162,0.6882674096561309
-3.343522546656334,1.2471990541040268
5.420663288669786,3.1674350912790796
1.039742036203823,0.6575337028821161
0.4200166160451781,-0.24531020061523903
1.2303279685571606,-1.63704961130013
1.41882196117321,4.044425125944172
-0.28110697100486337,1.0530955583073607
-1.262482272481401,-1.8872034318386617
1.198901372643408,-2.3423353356024736
0.7714216810629049,2.5061274538578253
-1.6197801981788162,-2.074883392816651
2.838071222734528,3.707668315004442
0.5867040726459667,-5.512925594181422
1.4596387245352613,2.8451903955799533
2.783841775359838,0.9737896223239287
0.043777642329669554,0.23718884611374808
0.6339040139682307,-0.3509168700835258
1.620054477012233,3.781459697188059
-1.4497221676001044,1.4141177168024068
0.10810332569200187,-1.8064072177909027
0.2510971733022966,-3.437819912057763
-1.912117103366789,0.3545944262946168
4.635273577347757,-0.0021422670748283707
-2.814586886984805,-3.0397360747510183
-2.5962078073743156,-0.11078705096467141
2.6284531514071583,-1.1478692661484005
1.4265325015930848,0.018580136613389153
-2.0519296349615557,1.4518472232968038
1.2145780302033857,2.985219894928071
2.9357008899946195,1.8177780727385746
-0.06052611519397151,-1.4428814996604111
5.197645800149164,0.7378302576583888
-3.448123621736071,0.12621424298404796
1.3876469077182043,-2.664257909261802
2.3330566724420065,0.7964655693845448
1.7826878032104934,3.713344675835428
-0.40871145329129666,0.06485320837400801
-0.5808829640222988,-3.1883653594508012
0.8882903421745147,0.060537342217238145
1.6315089733041388,-2.4274243979465004
1.2049468725647265,1.7272110137725756
2.0801157815867786,1.0497299834502576
-2.0377399141334704,-0.34182010694948656
-0.4555419582472693,-0.6623285317116424
-1.8800318642475082,-0.4244686032310934
-0.7722255521722833,0.016548988684640727
2.0304417836286106,-1.5444700426830844
0.21596784145045766,-2.775506162002874
5.2137183262995395,2.277397893389296
0.3868127343794339,-0.7708019529939164
0.11938376115947254,0.3340862083382883
0.21236583888043256,0.5705639023349885
-1.2756173857198718,0.6440409593104278
-0.11567322475518749,-2.3476359941968483
2.2555760542232917,-3.3516803291036954
0.2279413362555447,-1.1773850493839841
-1.5869194597669427,0.7914230648339066
-1.8501692409572703,-1.455899734948626
-0.9004037833316868,-0.7098427073984672
0.14772686882176075,4.254594827499137
2.387173070952524,-3.6908477696090713
-2.6809772827328735,-1.5100679918209972
-0.6396525557775125,3.7932081371478565
0.2886200388701577,-0.08919734399044683
-3.667411535258869,-1.411970330997821
-1.6671965659328127,2.3375378340222404
-1.3597770794723727,0.11046087296222258
-1.5919407477009966,-0.696616790088012
0.3837790900432948,0.3847378540750222
-0.3211192190035948,-1.3162176187655323
-1.1105722052020726,-2.034982125776157
0.85592525310527,-0.22719385526949673
3.4461494352924995,-2.0219939201520143
3.278513033483504,0.02138662359296062
-3.8455435441246726,0.7088131349486778
1.1541443676702792,1.7061209121032217
-0.35604658012767687,2.255849971033655
0.3103106857307126,-0.8114730032645033
-0.7965660670850971,0.9988292158781387
0.23517725977440448,0.9850468924127128
0.30281479214403745,0.6556374316319677
-1.1579035146978462,-0.9589188219009169
-1.7927350956503616,-2.0561356249282214
-0.8973913652389685,1.0040037781331195
0.46851852891353113,-3.4137251243861
1.1979926833685282,-0.5356788651366223
1.7066979546802932,-5.107262031297196
-0.9883800461338255,-2.672804846716527
0.5676891346054735,-1.754267876894849
1.925005183906597,2.1934484152585685
2.3311897902882563,1.3762160488085378
-0.11766570826304441,-1.1078693676844846
-0.4418634498792252,1.4587395902595015
0.38224846767278436,1.7752459267607934
-2.2994149457948114,-0.32132969674944306
-0.38721902207101616,-2.7687562884273804
1.4891727969462598,-0.4158246201322285
1.2838942588874023,-0.19578481034427264
-0.540535208727778,-2.464908781660452
0.4354364021743332,0.7340935858599358
-1.649300680581375,0.5596237086047107
1.4069842964500496,0.8900853997883735
-0.15564287227294618,0.5578461943348869
-0.5519029033922763,1.459686070229966
-0.7234476721867732,-0.3586560557460631
-0.1257877337997164,0.4035702147419066
-0.8957552898639167,-0.795480568491064
1.3162860720051266,-1.1689984312439006
-0.7905670960323614,2.6764992615241514
3.1859281920547624,-4.087537403052993
2.930421006962762,1.7535199783085282
-1.7830869797090094,-1.2410817508913212
0.13940853885856044,-1.500076355286242
-1.30131324267239,0.5231549681308141
-0.653295126377223,-2.9792192247020055
4.004854935289594,-1.632046143892406
-0.6151428342315984,-1.698279293025984
0.7204520741548575,-0.44279651637018974
1.0826425880165567,-1.608275376321377
-2.0012587449664814,3.202237371278538
-1.7101909488184097,3.5940330329959083
-2.4120447428162377,-4.043987045496126
-1.7719414677955538,1.0886454095314726
-5.7000602186343645,1.7173268781551494
1.0891648015872561,1.0859704047822103
4.10838768251214,-1.316226986183389
0.2956414780730539,-0.48819112431708295
-2.832537718681215,-1.496549309555391
-1.285552765799896,-0.8405280623176572
-0.9177536900499939,-2.4199300573343523
-2.0351695544267514,-0.2295776432691006
1.7203652767903133,-3.0056034226101396
1.6205200887506677,-0.4002691084562753
-2.3109035876353192,-2.497163378199529
1.450162088895016,0.41363272358280767
3.0536253271545304,-1.3588391218857814
3.8051164104591195,0.5811606957490748
5.730424046171925,2.163161456729564
-1.803985298886395,3.178893872209416
5.648440852790406,-5.056009178040981
-0.7084127770175765,-1.6683881877475655
-1.1849309107610286,-0.6061721542240279
0.6541447497556906,0.9206556367629661
-1.1641226681860248,-3.3007090083090587
0.7980882812930522,-1.9641848136004312
-2.6401543754746033,0.2607144053142199
-0.47750520412686864,0.16977648305333431
2.571164468723359,0.755236812840186
-0.11412258286231187,0.8873514537762324
0.28319157347976565,0.677188866231725
0.950517209434623,0.38731063326298537
2.3413232586353203,0.11147954665273568
-3.310449424378866,1.3295261794487252
1.1690481036748694,-4.47864533312845
-0.5362782784835265,3.0886669739424693
0.33327579062367707,-4.408964101760648
2.1199003395247527,-2.158323633808984
-2.3883733028236884,-0.45352159330028946
-2.025288882886179,1.345225782179685
-3.8708599194276125,-5.9905337815992326
-1.0983178835275529,-0.0562486478836688
2.660864688757633,1.584790078831469
-0.24117437694693905,1.989036232056954
-2.6802497913095715,-1.3946593169949175
-0.971357489150094,-0.6016705739100645
-2.975723406981246,-1.2322962577852556
-2.2503722034623235,-0.7853493070521688
0.7776378205274266,-2.06365310145687
-2.3477466526120576,-1.778504324941836
2.2252686104066037,0.868753844056736
-0.142240581660672,0.26323074654548356
0.17118940788905088,0.983173015180947
-0.5567459352157881,0.4280287794016736
1.5456956770874464,1.4086772022951912
1.5663197755540215,1.7564279963099894
0.6701087038243428,-3.483433239732208
1.1295782118152962,-1.7086193008287252
-0.42417933984085127,-0.4627519149800778
1.084406013818097,-0.04535505097468213
-0.6757555509476135,-1.340181147636067
0.004463244324804001,1.8240473419766114
-0.5492874987325949,3.959896736581197
-0.9144370786383919,0.372323911163468
-1.3782235954435804,0.1686820643964225
0.935380207717771,1.6989125102086622
2.6212118256269266,-3.731679510406872
2.342203943339119,0.05693788087682085
-2.513130671890871,1.9580716509350335
2.5784061028137466,-1.2863079944022235
-0.6363170032358577,-2.453121159803931
1.2014660302911833,-0.3716112201995566
-1.812430664094422,-0.12137086640384126
0.28395982774801065,-1.8173045638309169
0.6274463657938142,4.192322552101902
-2.9692095838393056,-0.9573927620158913
1.2165343326883786,-2.3073187028531374
2.6918700156766304,-0.18724263814122294
-0.34929589136325584,1.8157212754089824
2.720336261656026,0.034828497996461934
-0.37938698690481504,0.9711878400880046
1.6991690620932345,-1.7430211886663145
-4.437139931902199,2.975376892807027
4.837555558626927,1.1234220558368866
2.990916490485914,2.0954031377552194
-0.5692510085073578,0.7303212649503387
-3.944178053287636,1.6497680754575685
0.5760567366109783,-1.7461051193544548
-2.8878510941475137,-0.982820833379125
0.889707075114976,2.69296119111206
0.8231314383285638,3.1194838945679275
-1.8828063380040496,-2.2941311994381537
2.2419340472287552,0.49947213572762433
1.611149405612347,-0.8618876009704548
1.9516466745771268,-1.3940629387297232
0.017715407337790756,0.5696793907108999
-2.831048133827413,2.281925864730816
1.9557445444222752,0.9033249465683877
-0.5407427982715823,-0.63902489983807
-2.779560286385338,1.02972235987032
2.704078731948652,-0.7199523471618021
4.198815041005019,0.8242286014612038
-0.08249625795840605,2.7929314009114665
4.318242309206584,-4.154319318601655
0.18262945722269924,1.5945045970800669
-0.7609118083327023,-3.078109843140937
-1.260916908370955,2.456655421088923
3.274164815985485,-1.2740512197457214
-1.5602877627755436,-2.435342755212968
1.4705386199499748,1.3905384541774948
-1.1183276701184166,0.7283401262848215
-0.9206135251487262,-1.9983738059233163
2.060499387939134,-2.5059995143367875
-0.7600736925787073,-0.3749629749825645
-0.8095907588405864,-2.408173900342393
2.2656093943496143,-2.1229459458472553
3.1947945864432463,0.2312415808428671
1.2893796065684666,-1.9317432685101934
-1.3095395512478984,0.8530785800530858
-1.021216998595159,2.9802871917669536
0.15983052748007498,-0.29711082980116477
0.6418601238513151,0.26030212397116914
-1.9757318202795437,4.036193465670974
1.4460758791597277,-2.3752022347546937
0.17102665927919805,2.3824703903614837
-3.431416637276259,2.1417151958249643
-1.8578529649214608,1.7086346783475663
-1.0082573473033274,2.5834957014652624
-0.14571537768211015,0.5611499319172378
3.778557591007992,-1.1658589911985349
0.47634261227925656,2.189146582441135
-1.6815437797972501,2.26568442342579
0.44126160861432645,2.2106278029865756
-0.7041754949077619,0.08900416463847297
0.6495164790670835,-1.432389027226653
1.1611353740712296,0.3827245082232223
2.418461294447876,1.8844600351356715
-0.04857299134005169,2.048703579719931
3.2779210551996663,-0.8593522541491899
1.8160453250723825,0.6307457922547801
-1.4148790896243757,-2.617556608971912
4.419711331496928,1.9699002060117021
0.6539890265401953,-1.566617513450127
-1.6702490079444703,1.5705107191430947
3.3058261024608435,-2.2986091547803236
4.155555170396889,2.0628318128680156
-0.06605052743912113,0.6436703800455409
-1.0073005207511927,-1.5627153912338925
-0.34474991490732393,1.3827127621610507
1.4294634550353995,-1.1807233836106614
2.555713310061028,1.4991100748902566
1.140974661727147,-0.5482229507614429
0.20344641694353957,-3.4420942512593258
2.996023540608855,-1.964832480961874
-0.6256729461030444,-0.8608294173745688
2.061838676733814,2.7363780474971557
-0.5761255967025573,1.8022872610584497
0.8620459160217863,3.247722824644284
-0.22712512958090297,3.3072704320597164
-0.11170436530562172,-1.06950160918183
-0.7547730349244198,-0.37697371951765885
2.689708062361389,-0.8225598486610768
-1.4658520762170701,-1.343021210602153
-1.4804645050974168,-3.682989418672917
4.241987131690219,-0.02949543603368482
1.9556951293086628,-2.571131187422221
-4.770227397386073,-0.06834376306865479
-1.1305174784208072,4.231541619125969
-3.6239786751241083,-1.0186901926614171
-1.9013813868305103,0.3895480112561345
-6.2770293324680795,1.8132967716185662
-0.27397915538788475,0.5605825839318139
-2.283883638322623,0.5849683758845917
0.11981051359287677,-0.72480486737616
-3.2502425177650496,-0.46375595012246523
0.16582370634407986,-1.9200210443756565
-0.8298325562406546,1.6920900177788152
3.0039059303771913,-3.4829833132281918
2.82271372349125,1.9421766767644044
1.570691206020566,-2.807396769490485
-0.6532275613224252,1.9252145481533045
3.9707607905205866,-0.7076350524243622
-3.1060705556796413,-2.4637373762661605
-2.8071172591273252,1.158597290159273
-0.1675661997781293,1.8575350701515496
4.508076217842238,-0.8761572962070737
-0.4046778137401751,1.4412210973578663
-0.36649048641856385,-4.5701689893387005
-2.8838207122236184,-2.6411925794932007
1.8918591705407568,2.584817860937458
1.9063525086587076,-0.4473385483958323
1.5781504027998199,-3.7244266528976953
-1.2584413456947248,-1.3977323608839873
-1.4134135367460114,-1.8468009450501615
-2.586244500809941,-0.33192346294584946
0.16774500352186728,-0.7415019676152947
-2.1608146585570034,0.3578634578763216
-2.3548330104985773,-0.1389321032251494
-0.8473814338213519,2.7194785100740373
-0.9783123503684323,0.8490971994393381
-1.0759570576439101,0.9153432223871721
0.9328891936805226,2.3303142477890435
0.15809560430055844,-0.7775375008591635
-0.5763120610222353,-2.5237548867169703
0.3660258566229641,2.4139406492644984
-1.9830540822092644,0.27168349621622495
0.2105572478193559,0.2787024157978569
0.30120498568926757,-1.2666598430604727
-3.0060937187149612,-1.2337106662071549
1.991387508740724,1.6934446775416871
-1.762867410453991,1.9693115962752206
0.18061959841286993,1.5676468114933169
2.3288234810705406,1.58592321089095
1.8513535154277387,1.1380590745195178
0.06866677713767096,0.26304546015631314
-0.7249980057641371,-0.35075936864196117
1.8950238171511344,2.4206476998831064
1.3493899556172397,-0.7474417409808672
-1.23673004008826,0.7399584277614939
-1.5897872940033808,-1.608025995908493
-4.144710363391996,-1.3185980737009009
0.3080636833671748,-0.472309135714453
-0.16539549003679738,-1.6078767534543272
2.2723827492850845,1.5957036509566007
0.7181101869607334,-2.696068503090059
2.668458388345381,0.19845924676214585
-1.3947284558323416,0.2650161936843624
2.276300661935237,-3.6215991566393617
-1.0578327582093103,-0.8820476410472174
1.5551921235845443,0.5113990760962854
-2.917516785061387,0.8574559865881363
0.47027059873237703,-0.4086144172003317
-3.96937588289182,1.3537764089614308
-0.5342749718835094,-0.21863251447208162
0.8807079877558271,0.027305824150113456
-1.0419371024621915,0.5033077379731073
-2.1008752575119347,1.8539992574683375
1.6922369385918674,-1.3514360048310639
-0.2069255796938469,-0.973643745036595
-0.9791412940613432,-1.3377929834584295
0.08379184230855297,-0.6643954322838667
5.273338283891177,2.8524685161595293
2.3070056995630877,1.1454506386596444
2.3251473363756805,-2.262179490337684
0.871092637984728,-1.2008939311773492
0.33297054515429414,0.7455344485528043
-4.7921645766608325,-1.8130155618655408
-1.3579606929262642,-1.4506800816295138
-0.961148826404949,2.6899193323482975
-3.749784128095066,-1.2267512569463734
-2.3148315804308672,1.9093336320587735
-3.961672941845268,2.510646379061877
-0.07664767139474499,-1.4669241823379287
1.6375319416976322,-1.7799251131142828
2.2135490372486575,-0.5522641729623302
0.8295689241584823,-2.17725544134725
-1.926792682397138,0.2420677570054848
-3.864130317039919,-0.41130382370677293
-3.513737398803004,0.7211600317726031
-2.537965154508997,2.7938869124656422
-1.7777193960713493,1.6349699615406383
-0.31949699598317327,0.9784795508247125
-2.0283284362539367,-3.932096825935836
0.677951787336523,0.8867519642047503
-0.46454700559894563,3.4452553214090984
0.0210914234820512,-6.0210450326270335
2.2805011053424096,1.3787650859512506
-2.36046346840074,-0.31871714951292857
0.8374091565847367,-1.6995900060458893
-0.027946456952146616,1.602257167823907
-0.6669725619393905,3.419411801214661
1.7705126417319206,1.5504614576755074
1.7580283091140148,-0.7423839025230528
-1.8929815919768562,-1.8869396488163126
-0.3643211677158482,0.28925526757908754
0.5624233651681307,1.7463385847631763
-0.546013496045169,-0.7741060524674552
1.1700426645755966,-0.5807659833015933
0.5623840358205509,5.644000499676797
3.665122480712025,2.157303891919452
-3.060558271859575,2.3002573567872644
-0.24487197949479494,-2.920571812117624
-1.8170050230243822,-1.4143773585869208
1.2082149108780882,0.14936327890847806
-3.234343780091089,-2.002275115770299
0.6926254204497732,3.2007945977785885
-1.2600968626966822,2.8206246131812907
-1.4683237322420282,-1.0670906747681075
-2.8929964070813745,3.5678372132149696
-0.9301518924020121,-0.008504193439884268
2.1690010605818513,5.1787794347780975
-0.05037736705895894,0.2893722610500729
1.255360835748949,1.152385500656844
3.32928364393255,2.7998068823391167
0.5275111696451515,2.5552666996156184
-1.1175991441246813,1.021464132271787
0.9345044303655796,-0.28228063888767163
-1.0885922926285838,1.0282653999862383
-1.0088453665943389,-1.63236834375223
-3.0397855992379696,0.3042674377282317
1.8525149821687845,-2.2186150649959897
-0.7720051512988786,-3.5617632801606027
0.3641964916317241,0.10085352827888612
-2.071923857213279,2.5245557813433446
0.8718952594309447,1.8516092831921185
-1.5238824762701675,-0.16382459145121653
-0.2834174434036485,3.493979396350993
1.7556520624782517,-1.1381227816931474
1.5815186244650585,-3.8356653235960465
-0.04406014503388093,-4.364202588401924
-3.5362620654134367,-2.362381881191434
5.985621140121283,1.6332494865244576
3.491717940546272,-1.2696053669347727
1.445349649776597,0.9219172837146041
-1.5064075631819416,3.2925667671679544
-0.22718432340392936,-2.200193925155612
-1.0868408595530339,0.9569994635917797
2.5277118781927768,1.0779261453114444
0.5250057817036676,-1.7214759769462065
-1.5683277167196656,2.7084218504901663
-0.941510198249564,-0.5754141110989531
2.2423762851398092,-0.7675059618260186
3.2001956936409566,4.223226436835946
3.056663126972491,1.0455334847334363
1.514064130107955,1.8505810993709961
-0.5052497376052736,2.7097858630436775
-6.483027650658241,-1.3009479989184338
0.5943200476164432,2.4996421941073583
-0.003657517688200787,-1.00378822999534
0.27996419264270744,-1.0892467786765947
0.10779469406641276,-0.5439999446162723
-2.652524323898314,-1.2441296698899096
1.1148171137023712,1.6443128653143257
1.2644326280637006,0.5344213102901114
1.3646775641193183,-0.9824488292342257
1.8931540071467732,1.3490100663096436
1.2081032898432464,-0.550364874772692
-0.8200588230778216,-0.6561407407293532
-0.14167369583218045,0.09736776980308728
0.18224973450675375,0.9269207113324344
0.21539889821323696,0.7796952987548392
1.9964353119434595,-0.7264983645056609
1.2873375060449816,1.6942224148788045
4.1546868791399065,-0.44478830215931214
4.412937959769344,-1.309968977217438
0.15929916522784998,-2.936043297534703
-7.673311096918739,1.9663569619980426
2.473664932254533,0.024780152388015106
-1.0807526779741088,0.42174471702102956
-1.6029678436620136,2.091605831399031
-0.7968905499787337,-0.9548124631956321
-0.8932860936292129,-2.748798496948257
1.2245396202107852,0.13956140443043702
-3.118871558252451,0.6159231041605908
-2.155441491583203,-0.5256981323207456
0.6863171083948332,2.947475156152338
1.2458880608266163,-4.972333135442713
1.283083289872024,2.240113275799566
-1.574072557866598,1.5823073007284516
-1.95653129853248,0.9135415554009186
-1.0132696675758386,-6.6718030989381925
0.47974550456945014,2.5677775665405367
2.970954738545099,-2.0528682212717704
-4.094874371541501,-1.0153839567667735
-0.4414575139167331,-0.34118532958013764
-2.6653568820504074,0.8148360693039507
-3.3044853547069795,1.2788560843850998
1.9339132906896332,1.7856811086385929
1.0892491489986773,1.6317070201570323
0.8988670318945244,0.5058544084262517
1.8420516794619868,0.8318453181151816
-0.9594377935322721,-2.181507431644493
-0.8652750326670565,-1.5020536136380445
4.371461233445149,1.7909204473496645
-0.4931421085191487,1.6744189734573625
1.4702642261081824,1.4475988328888418
0.012763081926629954,-1.028833523313055
-3.6965170601568302,1.8209842638873917
-4.089258007602536,-2.322488904960716
-1.1579684398798096,2.154719619724546
2.112202503339978,-0.5217416024917804
1.5765833132720073,3.368340812681265
1.8281543284480672,-3.04288418413097
-1.9740923578726306,3.5268080918370437
3.231744980244627,-0.7229286583269237
-1.9297866003727686,-0.7589585120234884
0.42564879733993743,0.3896776379711938
-0.020704579815473377,-1.3941578256013936
-0.3477476406291727,-0.14465800260461378
2.6771842765912135,-1.475252530541709
-1.410221040331921,-1.402127061958374
-2.699210511423856,0.9737719006011437
0.03999097241283854,-1.803130990607032
-0.799653468573053,-1.5363884700109645
6.754765838165292,-2.745582499492818
1.35301495287995,-1.007861359922679
-0.8186811504372487,2.623204059447844
-2.112223138374173,-1.691867280205937
-3.7605768211375694,-1.4632665303744825
-2.050438171474866,0.38784389296307104
0.22988354351826348,-0.741592867599053
2.854657303189539,4.4563088666993
2.243378284775838,-0.32505592935251343
0.4581896632927588,0.6704366924347435
-0.6463353314049693,1.887537569598644
0.5376247128243085,1.8491557317257012
-1.037275994969152,0.46657516311475866
3.4367279915277513,-0.32225497337200243
-0.37838036255015994,4.048057072758514
-0.17267571649345376,-0.19952055062853327
-4.431644850041336,-0.8833802088569612
-0.3908696930455277,-1.291697976588037
1.672968275929882,-3.453606405413512
-2.1354451540770905,1.6432315044743264
-1.5014406689856257,-4.696136794201653
1.5854220354673294,-0.011445681809841428
-2.9533144470361066,-0.4097212685427701
2.115602015083837,4.479930384462896
-1.064287780346204,-3.663302457427253
-0.7771364409824059,-1.802206573968714
-2.2477568102511882,-0.2721929173632987
0.7560925208557664,-0.3950586749383366
4.91974397005876,-1.0990891816200896
1.562994478921264,-0.1619758188043348
-1.7285705238810716,-2.5191254577394826
2.271241170982952,0.714385757989878
-0.6333590918684989,-4.642970684155157
2.7489699628551185,-0.05153871175451414
1.6133528043287257,-1.2007133885271466
-5.8862831309434664,2.032575885513271
-2.008159265910055,3.510622141266609
1.8887704456707795,-0.6621043375007154
0.3033145442900351,2.781451858282862
-2.047511895415701,-0.6322325612608215
-1.2671790309876254,-1.9322530462581802
-3.812473240178761,3.4918072643712392
-0.17674657505279204,1.0415528894680135
4.421379452031529,0.008877045219628715
1.6098667814646512,1.374354950197297
4.380834002376846,0.5484300702603346
1.7647941795799604,-0.13843881588303603
2.0549586867053833,-2.652869654615993
3.9481573754900476,-0.5410734743225334
0.7545265186844528,1.2465108469169455
-0.37445464301376047,-0.2455428513736211
2.0653150332440244,1.8046515222607717
2.9076804742437696,0.7673100477335779
-0.9599292854244179,-1.7562726361708139
-1.4431381646800585,-2.6383439156642474
0.27771206486176037,-0.3143569998603361
1.6629977338633242,-1.0484568962091751
1.5961820973231233,0.6726436192433722
-2.8483352003751983,-1.4362753175254597
3.8232121341266434,-1.2307846515097542
-1.2823298587937009,2.106139435189825
-0.5301299937771587,0.2964059372557957
-1.8053087199756395,-1.4054541308545858
5.396657671874175,0.035283617470039344
0.4841413405759347,2.757822486003365
-1.7019501613631298,0.5875733765494453
1.7278470999248918,1.1859016188502591
1.5382715586200661,-1.504469073054885
-0.3754540471597678,2.052838754269201
1.6812134255667663,4.6362045209276035
-1.6505839216617288,-1.5829352850257072
-0.9858365498985046,-2.363787948743979
-4.020433309132126,0.35108448767029643
-2.6479021684391255,1.7510100996888207
3.6152616113413716,-0.1827793441005227
3.282857255444629,-2.1064127920853255
0.13157729729792503,-0.21716832356077997
3.325862894379675,1.1961845455549092
-0.32014897321660957,-0.8140636538921187
-0.4868206051358159,1.2145100355098433
0.11302129693111274,2.3294215704798202
-0.24984319064713084,0.48046125154089525
-0.43039264712036085,-0.0558955425565853
2.2867962142991054,1.6586878504525637
0.3002713079124062,-1.712201654874461
1.424963528867609,-1.9094196673858452
2.062761050554662,-0.5331445698579707
0.7763715913094669,-0.9837589096289344
-1.9405426518164777,-1.6066839505809507
-2.7057317779280776,3.6609369499975486
0.2975612696146104,4.343986418988583
-0.34251260964986896,-0.7074100845111645
0.17478285784024342,0.1834378994967309
-0.03210807849717238,-0.37568564012758193
5.167147320333134,2.2149984802363125
-2.660452511282676,2.611291123680094
-3.9798925396422495,-3.5545275973792934
0.6647536670392193,0.9520216001312513
-0.7528451091763906,-2.613642682322297
0.6321357394599024,3.5165443157505565
1.1677660445680023,0.8804960604207961
2.568209390357795,-1.6466990767252723
-3.0144516407678768,-0.48264277587570636
-1.113435795714326,-0.5779545165323168
0.8575225177615277,1.0502258857716313
1.540927191374453,2.0838252083549564
4.3868991005767715,-2.29641458394342
1.9114079422277344,3.6775090018242276
-0.11357719177255424,3.211380215641687
-1.7808715058853233,-1.7506471351820907
-1.1285797054380384,0.14560358872461862
-1.185405645914213,3.421617088228632
1.3104672570275213,2.465837173354966
0.513994891171661,-0.6734860600957913
-2.647299141684358,1.6286796291357466
-0.871802938180866,5.994396583438277
1.7550951069028413,0.2103199637024242
0.703324709948118,-1.2652965028800385
1.137289232025541,0.3448397041827984
0.7658434201145261,0.4931041909946359
3.2528614692177187,-1.0490734780001962
0.4720861276487401,0.8832501356284339
-0.772045595741396,-2.5088021194550025
-1.831510082267121,-1.3310677340173585
0.4992189164194236,1.5164895523095954
-4.881408029550168,-3.5097417030845026
-0.36857800366542387,1.806335183989553
-0.4116797198426879,-4.023962731411406
-2.728941707234562,-3.46264915775263
-1.8565316773119918,-0.9979574861117708
1.6193150602964825,0.5737276856387008
0.46142349814992517,2.650527206254777
0.203576667414655,0.1152455263191911
0.6126950678640453,-0.49310721515197975
0.1852551758978471,1.1591624959696083
2.485725125716629,-1.7417976409358686
0.2468583634072975,0.2788303186928126
-2.916426227637501,-2.39889251591072
3.2602599297488206,0.16518103375082624
0.7406805346576915,-0.2596726516988067
-1.1785074615901354,-1.6085358428988346
-2.506803436590037,0.3300812730754783
0.7918284419160908,0.3170993063192856
-0.23434400994875093,2.3509080246782696
3.1482935720648175,-3.2112668061255754
-0.6918145613336557,-0.1520978153940852
-1.6747615793649338,-1.5205247994069586
1.791592436471857,1.7395241163525836
1.8505637854336627,1.5078241303842659
0.337302735220391,1.015759690137242
1.3527140953498167,-1.4076665161389261
-0.0753742414844758,1.7709411658801908
0.46773020201849397,-3.0602618574866636
2.329981765127846,-3.470621407185543
1.250636668043006,-2.551741999803848
-0.3385488766652494,-0.06694962065381178
2.704725091852301,1.3503288019765876
-4.7297107455830245,-5.952064948019049
4.10414662284387,2.645485663759573
-3.4119181897814705,0.2622243923568684
-1.254185649544592,-3.1355446951795503
-0.08183507039013808,0.20189394057916205
-0.29296134145632274,2.185050829356839
2.0128220800531094,1.1988820306125179
-2.1156732372204687,2.198146125107932
0.5215336349661264,-2.732493258794222
-1.156424196439508,-0.8280104702768092
0.5902819586748332,-1.8493844610470642
-0.12954451959575303,3.435160410088636
0.18587130536595572,1.27872568697326
-1.0998496649286913,5.694019177915282
-1.0201279001921648,-0.9352190668344549
0.5745450280548539,-1.4493484233646095
1.8874310115120887,-0.2856532771903011
-1.1965586683956955,2.756714442845098
-1.7375350891458194,-0.7322393787506947
1.226920331343674,0.24887519581388848
-0.0650077861153788,0.19338140577363913
1.660996267971904,0.07899352240437892
-1.8115944267422952,-1.304796920924956
-3.5588778508468617,-0.27458213582073315
-1.0660081636526686,-0.3602052027027157
-1.532705218530032,-0.015129319349298296
-0.15757680016059983,1.8870336363054165
-1.273690428540779,3.521256069248985
1.4820339026728984,-1.6808695253394137
-0.5763005248450325,-0.7839872495754301
0.30094899754780197,-1.6500237968123732
0.3152691168818879,0.37420307444454537
0.3899101848243747,-1.0766989150219537
-0.04825822090994681,0.4795936674839774
1.021201380820627,2.207253820889574
-1.591310267651615,-5.051663371609217
2.798835853307766,0.9835597792013818
-0.4730747667370704,-0.9203740977957579
-2.6230982757973633,0.9208445359687779
0.3761467139835461,-1.7929388755004008
-1.70236096489497,2.39252197661375
1.33066906901775,1.8265612360805683
4.419211152084755,1.1367042970852859
-1.5731441831157003,1.5864514356201969
0.6647446664479696,-1.4912409343443471
-3.511011177409255,-1.2392475093785797
0.9078104588826944,1.5048724016349586
-1.7714275995993798,-1.535458285537224
-1.2496692368689648,2.891270093316174
-2.202572979679656,-0.6471821425620632
1.464302452109471,1.003788779721244
2.014608714946525,4.19849903851018
0.046770429317015326,-1.4124467081361531
-1.7288534106714393,0.13752350168956556
3.1790460722077247,2.108366329274615
-1.5008202555093124,1.9025547777530627
-4.324064599854878,-0.6556306204787162
0.9167780199141368,-1.033460875043708
-2.2095493472830334,-0.4662718650901035
1.9772175869983495,2.8957155323027277
-0.7622753933468377,-0.5582117127198931
1.2074264810883923,0.15623138496692998
2.803000693104316,-0.8535729418468502
-2.417717729241444,1.4110971295919734
-1.131874261784811,0.3110500751673127
-0.15134214531412687,-2.006867621516458
3.075102638068687,-1.9376482280699887
-1.316765435880891,-3.997211133111014
-1.1890073918980144,-1.6626428182512323
0.9562811511116168,1.5878916072643443
-1.1544574514211419,2.647521076024536
0.30505176579523313,1.371116726434368
-3.1030748419362535,1.1092644012813626
4.428659885113193,-0.25305209905729914
-2.6954184606188067,1.549829109827974
-0.6435054079804167,0.5725564461637686
-0.06496207168418923,3.6088979439742492
3.8253762687135913,-0.1968906283534969
-2.64969156186548,2.6860161674722622
3.9674082709575025,1.7482281636357202
1.5143536422040451,1.4708865724083175
0.8341906488464921,-4.02298265092364
-1.9692673740359108,1.8583791230954216
1.1422824840761474,-0.25501595781830666
-1.4469732448396,-0.8878529888697835
2.5333225063968245,-2.9658260823558265
-1.9421240582154662,-0.011174267936366227
-0.22631698891216795,0.06710319363648522
-1.110546176026343,-2.606003843629609
-1.9750459248539893,-2.946560345787384
1.4826396338158285,0.9732389602562224
1.070917494819267,1.743410262122754
2.4180203978019943,0.3805658198448435
-3.559750216416335,2.3016692993687258
2.1283414046820877,-0.1727699687029972
5.010897810713788,-0.10870254880040474
-0.9032821783538938,-1.8340560574815807
3.7902972242179396,-3.1204839551074346
-0.5263225441196532,3.7093242677191696
-2.744819475122614,2.262598100499493
-0.6112648848135912,-2.7850251342769567
2.096407935350552,0.3115038156625609
-1.6763529646630628,-0.20009262220733331
-1.2006773180129742,-0.5479849463260864
1.1870788645863817,-0.8180356956298789
0.00612023347714571,0.7625382939359577
1.1692459049734816,1.6363510509429489
0.47565908151667174,0.8047823380564109
0.9592506391031459,-0.24103674875838743
-0.8646023716190822,-0.31445343378224
0.4634618840607851,1.8736286338453332
-1.8547460113918672,0.9268898762321246
2.576867245006777,0.14537892607086636
-1.2685494336346275,-0.07180259520021565
2.257694975098779,0.6905410192245777
-0.4672139219657308,-0.9366973771188989
0.4039980215146425,1.6430776346164209
-0.9899291017814014,-2.1517171236757333
-2.031990862336058,-0.8229130195329637
-3.489520775210603,1.222212190892048
-2.110648317184919,-2.2657656267085464
-0.6478177064318437,-3.146017085299001
0.42375835765776815,0.1261553508584802
2.020758626566527,-3.3929163088929415
-0.8915149195936978,-2.597607108103723
-1.7639215285343481,1.5131882370128642
-2.885429572005425,-0.40957051521147153
0.9601272358082078,2.5709738994179707
2.7663890306586865,-2.40962868187491
2.5326605359125773,-0.1879047312645688
1.4198654962944748,0.7991691064155186
1.277086634535198,-2.3410298602578177
3.395247559418682,2.0635238089992494
0.664162922833621,1.0213577663320776
1.2922593520483432,-3.218574173374868
-0.6415677237039982,-0.07548359241720101
-2.724086741709515,0.7719134725172655
-1.3676978009991525,-1.180113347056115
-0.018318077069310542,-2.9597298110176276
0.1215707450026057,0.5569175788948205
3.8525717097107863,4.422485900565123
0.16255433518213738,-0.7739681983153809
2.3576868880512873,3.1384823625694174
-0.8701544831526321,-1.5045776435229365
-0.6233517715304683,0.4310912700199035
-2.6580152744468966,1.5430450617522387
-1.4846560257531436,-0.016827331942730027
1.0539627827275062,-0.5954712977624623
0.01512036078826653,1.4522550427007475
1.8858772397944674,3.7829102305384414
0.36250789669010053,0.6011738492782626
-0.7049074632754836,-1.0321203530606948
4.296593727573918,-0.379503114519366
-0.18780713742609442,5.039415291290749
2.326001939410608,0.26981423267625565
-0.8024184130893554,-1.1888273971559455
1.419198958767133,-2.29013583296508
1.8560313183033736,-3.6518021882252114
0.41698394115116144,0.72716854769238
-4.708965845393204,1.3092839856490073
0.03650492171222589,-0.7933923599304137
2.460920095519951,-0.02994083606190819
1.0549616660554608,-2.3409234185772476
0.8916777504584932,0.2658569296550021
-3.444513867915038,0.962990641134249
-1.4409101413501177,-1.0703285343352755
0.8227152623028781,3.380905339171679
0.820766553573784,-1.6742126534938233
2.429333560265805,0.5669532080379647
-0.28973351029218875,1.696634439409211
0.8116481733476285,-0.1545790002987651
0.032748483862587406,-0.37695363778898283
-1.9738854730031137,-2.8577323008993245
-4.511582662189495,2.714682991432567
0.8620193842601533,-0.3397864033351918
0.3478944168256227,1.0747308498696497
-1.2363500842003379,1.3454409757202817
-3.2383461130317297,-1.2565969840355062
1.2594790288174762,-0.3950572085824298
-0.531840148391104,2.6689647014870075
1.1137494447362912,-2.23439533148089
3.728097060823517,4.255836149514513
-4.28286176063941,-1.489745570552548
-1.3992016174047277,-2.3590349132810235
-0.4187512266238265,0.2646180413770692
2.909652348293301,4.416696528679742
-3.27280603841297,-3.82193187118441
3.871722051361209,-0.2820314369793843
0.271711803132581,0.9525300345131114
-0.19200132346771648,0.06729991707106271
-0.39611952643781284,0.7638433400060191
-0.8725260643600576,-1.4360661643445483
2.0962335185383094,-1.199443691862762
-2.1370415081648777,-0.29684529431839957
0.6908283632877072,-2.259776175805502
-0.7683633314139511,-0.08937280288037909
-1.5242668970281958,-0.7774905873430028
5.171950351367792,-0.9400903703097372
0.8381014695069201,0.6410128251972756
1.2265310893222876,-3.6413189863986077
2.2755535613373246,-0.4581802067663073
-2.8426998906370944,4.634707531229722
3.5045838182440634,-2.17221937265125
-5.017914356990151,2.571000992968827
-1.537532820077041,0.1093122418253975
-0.9180633463578007,-1.2059156177628363
1.1634467299410118,-2.641283319059613
0.43743653228297547,0.2793639305704642
-0.3336294813967865,2.906794211629353
-0.023994689255447732,-0.7784222903935276
-1.9560460470451364,-0.16192284947354701
-2.9944647889683464,2.020741700380664
1.4530232446721205,0.6817415826925617
1.3874122250723706,-3.144551559449157
3.168988750314117,0.1977744317103673
-1.580034193630416,3.0244698213311967
1.3856304206018453,-0.07388237293499664
-0.5674134567294635,-5.482978858954754
2.3809499703869643,0.776429983182146
2.0439255533562832,-0.39691287908807193
0.4224187984489134,-3.6581888278424337
-0.6790603133319731,-3.3584161801075685
1.9218643572165228,1.9502142865776175
1.2938090465131316,-1.46476549119016
-1.3688808041723652,-1.8149927614719839
-2.655597346958862,-0.07127712186333747
-0.5770658013635924,-1.2884059966398775
3.030827630696418,0.20009725555549032
2.2929743174660766,-0.4054400588733407
-2.2246549393411614,-2.399991160187286
-2.335514831799842,-1.0223955971227694
2.5493676993589727,0.885506642618209
-2.271271809515658,0.08383608047725108
1.0185906472840158,-0.1638849647836627
-1.2321424306726474,3.874768482358769
3.234089849043365,1.4620750507710711
-1.5408495982757577,1.704882529642685
2.2867230604116564,-0.33193681558984967
0.36971730812072934,0.44029038070254994
0.5043897084685734,-0.8621999790513856
-3.940617162702802,1.5550995310482565
-4.405826706411437,-0.22079980819808692
-0.44113188053462793,0.444755497861113
0.49381212683322345,0.3212226043103363
-2.2503956554754465,-0.03633376281090901
-2.1773868209526843,5.87637613431154
1.122945259652266,-1.333238554989445
1.1257089609142612,-1.3514230603173847
-0.2754821207758541,1.3881934936235139
1.56040344237215,-1.1903379981503583
-2.348404591440293,-0.5828127226977864
-0.7118698341739415,-2.172821906711236
3.2957552115673465,0.9831158388051738
0.13664425987963508,1.008514488968303
0.2526250291739987,-0.630384119846889
4.611893171935479,1.429633376960145
-2.7986843316975416,-3.7162500274671832
1.5928607332842208,-1.4137068030286872
3.327972559616199,-0.3399583724218612
-0.6497158529970922,-2.3445649938059057
1.7192615737096921,-3.497426074837444
-1.9640389944218095,-0.6157919300768941
-1.373464791134703,1.3880401741214838
0.7699328320952686,2.5642167828530242
1.5971333462211803,-1.0945757664107458
2.2418730248124916,1.4664316752431872
3.139257173878986,1.2730840761513351
-0.13489311711036425,2.437216348668993
2.387223510345176,-0.7003820607080032
-0.6846096868982979,-3.5970009903693483
1.804182623176536,0.14037170484548925
0.41497759570436354,-2.027587481939446
0.8913558141638478,-1.4470102181240152
0.8470157480440749,-0.6024382881063648
-3.2094100195956243,-0.6778552626982858
-2.2482437177215466,0.28311853379158886
0.20508287963504482,1.406312632839235
-3.374558159282337,-0.7354711665519328
1.6624222063995115,0.7913950132160094
1.7431119325762838,0.029632019861010765
0.6543411057555805,1.8709887917568906
-2.2422680255158443,-0.37718370221263325
2.7602778777370296,-0.15785335154911134
4.074421279436716,-0.7488008959978135
0.29415365489194795,-0.3244970799169909
1.0210707569024726,-1.5669762566917484
0.40347730959208783,-1.7651945722870268
1.0607383779975985,1.55153077056545
-0.23911751325279215,-2.166403366369203
-0.06912847968760667,-0.6382361793958068
1.8114352009947308,2.0306855725419926
4.691248323792881,-0.7054015900072143
-2.8001424688034775,1.6574809073711498
-0.20762496880593376,-1.1820914414536834
-2.3609209704641643,-2.102327212700388
3.184049797152167,-3.1896517098016415
-1.1754759386397968,2.6254481385453228
-2.886401587571588,-2.273742363268831
1.2763739976971469,1.4943731802501865
3.4886222294862224,-1.9998940535867646
1.3271957371215255,2.6347678358796425
0.40959575456383446,4.413565449230201
0.8182818455519878,-3.3730601193806735
2.8296813256511095,-2.1695128683176277
-1.7483985400282998,1.5462637276064495
-0.2236942081726259,1.0260858467316298
-0.9053802970190667,1.5538437095203832
-2.3357306145834205,-1.1475111008087522
-0.6567505188336048,3.975068322046735
2.2154421919648972,0.23609893337954874
1.133204296785451,-2.4339251536870394
1.288621000216401,-0.5062970000858898
0.2929512233066364,-2.4071337924576652
1.0466475654571772,3.1818827171082105
-1.6011806846962109,-1.320662525600233
-0.6190197718544586,0.9849669694892444
0.3840084739373535,-0.9413462899643604
0.5550317177637805,-1.2307746195250264
0.640375709843746,-3.8205083625621015
-0.2766705640327558,1.1963492059811343
-0.7548468022606594,2.598362505258368
6.315542566088596,-1.8319351627303033
1.8135745458647974,-3.0904582299973424
0.8262949519052448,1.6066320854756582
-0.46641699641278794,-3.292482698212502
-0.9024376538877531,2.4390658718965175
-0.26160118745391137,-1.8087902459092409
0.5856576871733669,-2.206585485649253
-3.7608710881261627,0.49692484226258304
-3.1387791907493674,-2.076278570022875
-1.273764777877915,-1.4142221625864186
0.41427887355713705,0.7079638653420132
-0.47854629430370277,-4.858224674333292
2.9562424521989685,3.2848384918566444
-2.9647935739915376,0.08728026493147589
-1.5026909392067407,-2.585932024807056
3.0401834819822025,-2.034490738573683
0.2622386493502937,1.9832927565216043
1.769685165602317,1.2021058701482068
4.102493886538927,2.7735613145704225
-1.3876088358036451,-1.3654856896084697
-0.19862867558406413,0.5931676743016057
-0.5448538018617431,0.8531358235673552
-3.909186008966551,1.3905350005044737
-0.6207936075119381,2.254562246864139
1.7621243747613309,-1.4345278116886944
1.0811790836244817,-0.22834053552096148
1.2381663387760202,-1.2202994911602902
-0.751017961278999,-0.10522374671275131
-1.3121944720112828,1.3968655641259504
2.538511343797241,-3.3080710005214047
-0.9946342927153391,2.218743138918571
0.5881640775864282,-2.2783642485274993
0.3266693613550769,-0.6147406393944629
2.9234340325142365,2.487883849932249
1.9428247153447193,0.6560194359668106
-2.5905172413342417,0.6790598965273197
-2.37510633355008,-2.3612520905902215
1.1578196361382684,-2.0881718716476816
-0.12867529475833303,1.8825127933378378
-0.9103435679075278,-1.1782870909687795
2.0312557679889416,-0.9898237465996986
0.37491876417782166,1.9279025021094234
0.1049147737788879,-2.099827090739055
1.5596572815100993,0.538470265772516
-0.750217989887129,0.08581465233538287
3.137037970945108,-0.005371451726484456
-1.576095246466016,-1.0368712637550077
1.3138581326841763,-1.1597103629266567
2.8676656773196894,-2.1567283275897307
-2.7545909785441998,0.9653300520826131
-0.6866703517048984,-1.3362983830334723
2.2844147857711157,1.937489242334503
2.3144890954620503,-0.4491100831813058
-0.34299120077647854,-2.1169009788420756
-1.469342187353719,-0.47562776429684134
1.9118716446615245,-0.8217143982729489
2.3670982051632095,2.0182068234561052
-2.3293266970247894,-0.7380003785030645
-2.4078272979327604,-0.5524207624006516
0.4505133639671991,2.823093410984871
1.258721266857784,1.016534642926698
-0.5981381704601098,3.325412032006993
1.3585876399646986,2.51809000812781
-1.4202732136747642,-1.774325176725709
-4.229387198147471,1.9799017088002155
-0.8478021446651921,3.050606584149183
0.12646429302620235,3.0656262646468395
-0.5516799197929131,1.9761919671533748
-2.3172065273189704,1.9350459898183514
-3.631297951757635,-0.6053220873510995
-1.0281776087357957,-1.6747641686991495
1.7953115432994873,-0.7044346377949136
2.5123948788273647,-3.3295780028655257
2.37542676827691,2.6855906308434108
-1.631819070297106,-0.5665859188354241
-2.307412647260728,2.5826614581299197
0.9932692299597907,-2.462999154443199
1.2702000231958506,2.165249842004421
0.8003392104009949,-0.9897613163586392
-4.028126548475527,-2.5687388166183482
-1.7337691697669333,3.2542361043195154
-0.05937758057195686,2.2146233386815486
0.9744363892608543,0.4235848403715685
1.5346147252049736,0.06787577026992625
0.28850704456408005,0.8790200376382364
0.6615676130764719,0.3892571558348221
0.16973091672220833,-1.5845519083429425
1.371238748436966,-0.8241045395698439
0.625731302981822,3.9214356640774057
0.13147532009457474,5.344313485256028
-0.5367375982747615,3.125337010461366
0.1625828500849622,0.9564478803252467
0.9691827576785497,-0.67549806540387
0.5349507777961224,-1.596371787793932
0.7616528366905075,-1.464564820860405
2.685443722702371,-1.1065353173735213
0.5303278454931748,4.302328082851539
-1.2979970409463153,3.6125645927651973
1.767213571988338,1.4925567798707877
-2.732396675337835,-1.9212263528256521
-2.1628267614785743,1.7861118534220728
0.6716945294401382,-0.47723405702121036
1.0327933355731576,-4.306018877288243
-2.49010244700799,0.5742012748025187
-0.7656349619735,-1.6838260816681105
-1.2121676644393173,-1.6161068581800744
-0.9733526457631935,-0.500815987136015
1.8871955525458917,-0.9966459458848258
1.4130109270945055,-0.06851363820801602
-0.038244359707414965,-0.1646611000344106
-1.0919238542298557,-3.751618185695263
-2.699299340440281,3.040555977765666
2.8403698775638975,-1.9667534458973597
1.1842278005698368,-1.904796770260946
-1.4133382081462809,-0.657106503580595
1.439198995249783,-0.21666969473858838
-0.14044724114925133,2.9179596336636777
-0.5742190097246858,0.5388469041098022
0.8704230565792047,1.1329309682190687
-1.48299649982545,0.5490723751665634
-0.6875130390202201,0.46292316499754593
0.24292212839909177,0.6194590061740174
-0.9989023857704269,-3.865468285137877
1.338170420535048,-0.4998369696790573
3.7381330073565215,2.3245222211423147
-1.5085962652142855,7.884662021613371
-3.3302505926080888,-2.40861786507902
-4.003480334952523,0.8461599206487056
-0.30093628298996444,-1.1420931557486833
-1.3263291802523656,4.095303807793699
0.41572100213416124,-2.707565521582963
0.26519534405220213,1.2498789806317594
-3.2064336932281923,-2.81442219900838
-3.629767658962812,-0.6371333361216651
0.5918664806921905,-0.06862666149961799
0.270857669439914,2.1393833634792156
-0.8516359967331025,-2.1543336523170558
-3.3142871702646093,1.3267660976947708
0.9427825255299815,0.03755544677589392
2.543799090847887,0.5455867725719592
0.5559648804378445,1.9166654293702823
-1.6949477811301292,-2.5651133860105753
0.08910433114230262,1.6211899462971846
-2.73222816186737,-1.1378097061788495
2.115921427677585,2.1917469099536517
0.16368866905907764,0.6691152690757602
-3.5363138235064637,-0.4190567630341109
-0.6013487208873652,-1.1800519381816428
0.9266030204684617,1.6465899887106614
-0.6660952419510449,2.521903370961855
-0.5517914428803478,-1.0657030817203692
-2.4488044140945435,-2.266013131562794
1.1330819741633122,1.388422085890451
-1.2969384000382749,-2.8970618840674005
-4.312890754010065,-2.6110248751659433
-0.7425147413407877,-2.1254005510557983
1.962299431140706,-0.830900966077499
-0.7738588931998948,-2.67266377843089
3.4759699702470406,-3.8775998187631555
0.8579358970970341,-2.2708883886742464
0.6775163245607322,1.2849488931452373
-0.2567965318352177,-2.5430881442535345
-0.13657241552858126,-0.68053935590834
-0.526847270239008,3.893396924731124
-0.6045387841650529,-0.09834826005418092
1.0617343241342976,0.6850619794591863
-1.871662459581131,-1.8920800365031063
-2.1517876574485193,4.326949707400284
-2.2463901017507553,-1.0825889782768574
4.091309095354308,-0.45620936890303326
1.06068580334116,2.634117355934729
0.6089844033602896,-0.36346848970723783
-2.115029340586863,0.09577756535042989
1.246684601349657,-0.5633766415782593
-0.23314269290665732,-0.5496647561144545
0.42833788226349967,0.7410040216561834
-1.953240631727112,1.1058863783962112
0.3205377148351534,-1.2864968624251343
-0.8476670764129663,-1.5321609122938593
-1.5312223140603756,-1.2182721777151264
1.4682126716144974,-2.8025080283995365
-3.075415617060005,-3.1808605170385946
1.129552528628301,0.5943342944498151
1.3689722671059923,1.8771916063502239
-1.7592873511024814,1.7420905862904348
-1.6406569222649348,-4.763982546273317
-0.4460513625328044,-0.49013017408652154
0.5640724209244411,-2.204183911185118
-0.305709983628451,0.2874748756417138
0.8671249203837585,-0.8356470376187624
3.525959305074798,1.1838238124891767
-1.0154335382994277,-0.03830618080268275
-3.430359941406841,-3.7920037898357783
1.6518471660613063,-1.9341717455990812
3.3666291518550593,0.011570229653307118
0.7855367261022488,0.18022085846217265
-2.175497350707336,-2.8113536154080037
-0.24778472647040187,-3.0729194070922436
-2.2370469684232646,0.11249067514635772
1.2857109879258952,-2.8073346121010547
-2.702580805396869,-3.3372588530015714
-0.6002575736564,-0.8902810252626834
-2.008675652587813,-0.9768921826773018
0.25364937026992374,-1.7568009546786023
-0.7326833542755153,-1.4074739134499257
0.3535242065005277,0.02767144644478925
0.04470110993273132,-1.4403258073596386
-1.9733180554482208,0.14139404332967873
1.2537541270580437,-0.7609370722346689
-0.0975313036862306,0.3353003107733116
-1.977058015731801,1.7564111308732901
4.481853112411585,1.6784956907811905
0.9528603334342495,2.5764209421321667
-0.30652110679861083,1.6762937937943208
2.830409053403647,0.4771150630836086
3.6836312187732143,-0.8668632752802892
-0.2906988446277704,-0.7755218456324482
0.694794972869524,-1.7555546128716206
-1.9760056360058817,0.009058582103116043
-0.294385501536023,1.3947749574238695
-0.39812510751973973,-1.4513352057660411
0.369654067243308,-0.07443571732754789
0.6655209572740207,-1.3547244574435386
1.1196568976561199,0.41870866037522947
0.47528531259991824,-1.0987667678999005
-2.421485253258329,-1.4790211425881052
-1.8769342114821699,-1.3599333898640507
-1.092815238927346,1.0066575476911332
-0.5644811838464576,-0.1934988106607098
2.1015485809442267,-0.8568434600000716
-2.325877973705826,0.5228090050944213
-0.7148300963413998,-0.8290324349353009
1.9060189964280996,2.2530357873714064
-0.5997549489932245,-1.9477323073865132
0.9208312996856481,-0.3739430256345634
-0.2790840858558071,-2.8095304433340016
0.5135665146494457,-0.6937487837801877
-0.4569450876190811,-3.35927099541326
1.334130945456708,1.4926330451182526
-3.0901128148128705,1.5330075340111577
-0.7266240167770901,1.5683403474489526
0.5931453533886163,0.05774496034893565
1.067390496012386,-1.759740809420184
2.9859052455076553,-1.6006812640718993
-0.7820493337311528,3.0603441104410423
2.9589635237217458,2.8713542075995933
-1.318047653319341,0.24511031390154303
2.6572928230892874,-1.0312680681606543
1.6349342533967448,2.737246845397021
-1.8269171592644455,-1.3890063227696199
0.6140784745036437,0.45769841619181495
-0.10247167106438308,2.7039146107969168
1.251169187350001,-1.6726769993292554
-0.44654317686661915,1.6584471712742241
-0.614492451323463,1.0411215916877397
2.7381891655257027,-0.07903308446312204
-0.19744178891134592,-1.9868671982662314
1.6528446483835326,-1.4488795202065516
-0.45070297008839955,0.5789021457013173
3.3333265184550465,-2.8466735897627733
-1.3566692586709868,0.26148771803649956
-1.2282870624943694,1.0821019681233264
3.049034362231806,1.9704403456182014
-0.8898927817905057,-2.796714148920445
3.2021486123287852,2.6324945943225475
1.7836811591896256,3.3907269883598707
-0.3092994131216669,0.8203031354271879
-3.626586944034317,-2.076097162849321
-0.03863660854367135,-0.6562185767204821
0.20326010706684935,-0.09519449023701407
2.334435466608746,0.5409270174611135
3.1768943524802236,0.04396310528720486
-1.3699743582874953,0.5623302857892338
1.6023635279763655,-0.18149351467824562
1.530804312026699,0.5302141890244862
2.1468254048208903,-0.9210468423226277
0.997379824271089,-0.676373433964937
-3.88499538192354,-1.1520503409533356
-0.3108448650555194,3.8345190690081434
-2.3114151498338305,2.9278015723486455
-0.4052115458361477,1.1105883800272316
1.960008472267788,2.650617994535477
0.6103016717499453,1.596922677955765
2.2961817327948655,0.3625423190281104
0.6835078414270787,-3.011142682039367
-2.5966518793378053,-0.5243278402502801
-5.041694013145469,-0.6700757840367038
0.2976175233591807,-2.2661503461843138
-0.42785293270233077,-2.972324549213232
-1.9538914787637642,0.9854386931340502
-3.401254499302756,0.6490086447416259
-1.4694864269454184,-2.334793960135224
-0.3889829697295521,-1.4917570128723787
1.3317556474127803,2.322444546308327
0.3772621631359601,-1.755393027033121
3.2161344943454577,0.3415978078676048
-2.0712081120907886,-0.37955659913596207
1.7621177841148667,1.0127269421241256
0.09459748625745584,-1.7122153053128606
1.3893382482371692,0.18016695508021405
-0.8730297265310871,0.33744515469175446
2.1433607477811796,0.4603616124584393
0.5904495166904855,0.1581477159252264
-1.3588899698354988,0.6892186411882202
-0.024048057826376295,4.383540664101622
-0.47911171787419904,5.122595553542212
0.9783567012755874,-1.2784322815734437
-2.359553498749017,-4.636485960704998
-0.058703404231389096,1.190990601443947
0.7906145052986617,0.3725049198025326
0.06604661438606646,2.122083718367161
2.6938824887779913,0.5697717994306345
1.548045548142105,0.11720787905143822
-0.01496159348149323,2.2578131917544457
0.4333781949953463,2.537561176827684
0.5913311029639992,-2.7731201175619966
0.8065992083336481,-1.633212374279167
-3.651315991329216,-0.21118591857735655
-0.6030525915386943,0.19687524784916735
-2.9688781363868526,-0.45196640670449745
2.556561894918973,0.8684143557237718
-0.12169904000585546,1.9922095786342005
-0.3866818993592455,3.445419421441456
1.7935946640664704,1.157826047545799
0.8446495948997493,-1.7046673569062196
-2.2572690287584143,-0.2947524503956365
-0.1418107250547376,-0.1507044825191139
-0.6703339464527697,1.029280479962318
-3.489065777212108,0.7763360668678845
-1.3805524664744093,4.100793302223019
-0.36708064403293117,-0.9230262705098168
-0.2299018629836852,0.7695010675336064
-2.9644628473546173,4.709422795488184
2.303331166094951,-1.1704137938072026
-0.20420611778287787,0.2902973923407104
0.07510615332112582,-1.889761002248031
0.8012832766796734,0.16417379925486303
-1.5761525078073424,-1.560434296275283
0.9127119462653925,2.0936018069826927
-0.734149292036366,0.29463771806279065
-1.793171081294383,-1.870794519964587
1.1468949867107978,1.6811353955833432
2.9833477176036154,0.35933207774317466
1.4496587469716635,1.9056375544469097
1.8459551302808617,-2.2953252558954973
-1.041261213124598,0.7376488244973229
-3.195239458336913,1.5466833892894174
2.9802750441996824,-0.846754980471473
4.10902977880952,-2.5180054539363024
3.085613547539364,-0.08321499074078785
-0.6715718779594994,2.456230587561857
-2.3092686774576885,2.251860661268113
-2.131365395639133,-0.8568568695111535
-3.3674651352280973,-2.566170872752885
-0.21475723682009074,-0.862359440699145
3.211355916164909,-0.9369553014638248
-0.2833252637444865,0.8928935666095548
0.6046458006965498,-0.21000300580824302
2.751193928608417,-1.506528423474284
-0.8081906236647993,2.208526134521336
4.07106291343919,0.2808517348896684
3.9841888149949067,0.8708313054618816
-0.26222267736096533,-3.4499708682625343
-1.1550685280384256,-4.848529741394572
1.394476092780626,-2.8750915628888163
-0.695049885037716,-0.9610868512135514
-2.3131104341346727,1.1527120352276174
2.5624773070459606,-4.684493740814596
2.43289477455416,3.1857041287439745
0.31102320752712165,0.3411320535402524
-2.5257295074563557,2.7205899858998204
-2.4590525024347722,-1.7719401649482573
0.2144585768383055,1.0077198683449815
-0.9997420690100645,0.170391859941575
-0.6821858642832164,1.6353726261091084
2.043926310120007,-0.46758273519943416
1.4663586348451154,0.9464304180151772
2.756285360995226,2.2043906375424003
-1.9812464467545152,-1.3023525877835507
-0.6863831373734239,0.4844884649792995
1.5179633909202255,-3.7757244744446967
0.8961566820257835,1.4050060381267155
3.0647607651752438,3.909325086924979
0.8410734118081385,-2.4888720954973906
3.696218208211105,-0.18276252085588637
1.0800356034462815,1.7609626018282272
2.1243348951773204,0.06283494693310093
-0.6470298935689143,0.33019910298645155
0.02857442376797813,-0.7819988830472773
1.8218888076789506,-0.8563045061758292
3.2259563411861087,-0.17338830717075554
1.458473898621506,0.08334284427871172
-0.16634354386923897,-2.3628825231546196
2.7546700590566835,-0.1320439718920575
-4.383957312559762,3.137067877418653
-2.844469003013747,-0.8382675871778094
1.363268447336778,-2.4745099657492555
0.02821671250624971,-0.30283213597285324
1.2110273022483304,-1.4292256242485932
0.1288150448638841,-2.676683650643879
1.1418913892077454,0.2783369234652417
-1.6288056419863812,-1.420564074302156
1.1409721721593815,-1.24942833370655
1.988829056415169,0.306854760770778
2.441101207862465,-3.066349190724669
4.0271085892973995,-3.4831393005022497
0.48819688700477315,1.3417443890038632
0.5478221736943578,-3.861667201448166
-3.0463449283476955,-1.9533553906147094
-1.06282280227685,-3.599679070776875
-0.3861641480132253,-0.9722729336976647
2.10063910455271,0.8561174953023312
-1.2220022481792583,0.22467589746475336
1.5926800394976648,4.783746778914568
-0.003243433926760247,2.1738312355780014
-0.3543362302295238,-1.8623157003132025
0.49778793826651285,-2.394110009652821
-0.7823127445056851,5.413375881951002
-0.858074496185331,2.125144011466725
-3.409571811580229,1.1787392145391438
-0.49590841465577923,0.14970362443123578
-0.959936292297453,0.5470431349500343
-1.031961978698159,-2.9641465509648524
0.8337461251800807,0.3140783403935357
1.3172639055810194,0.14246279491802902
0.4643890092846552,-1.8082776862029601
1.990830380898949,-1.0770529071369572
1.1511238516607303,3.0303527868871116
-0.5901123796112843,-0.2503498405897248
-0.9257125714287595,4.142342605066221
0.6256444735336929,-3.481358872974767
1.1475342198038017,-1.0442603724514956
2.7956886140629966,-3.094557102493838
2.3823460898801914,-2.4188449077836687
-1.082946013014338,-1.6564114113185944
-0.20401256025452338,0.6306192535411823
1.34203560983554,0.5336523421607743
2.135995556117944,-1.3585806392552109
1.8779389374095843,-4.455599114673164
-0.12775566566269336,2.9553857460643056
-2.508045304857033,-0.5715294320727123
-1.9978727524911826,-2.2325803406022784
0.5452670286388286,0.5498615621401746
0.6844511588486911,0.40889034104634814
-2.19735874686877,-0.6453529299999304
0.08913922177854326,0.2970620312830095
1.2624487139435663,-2.3100596808160367
-2.3024533150142883,1.5198256863529673
2.209994403608829,-1.9937341895137406
-0.7550622971196503,-1.2111393106068638
2.515226225153302,1.2976036323031506
-1.066904891551801,2.4079179300204676
-2.053250965768358,3.1715491360926773
-0.9162739796834392,2.1115964769331437
-0.1902962461546403,-0.6481443676035636
-0.7769598135429618,-3.0820661382009256
-0.4320028431462267,2.810111171205787
0.6679302993523807,2.741391977809952
-0.34235873959279883,-1.3439523067069914
-0.13222478790401407,1.8423780756491204
-3.418452798405192,-0.6643555878614772
0.7833960320209454,3.0025537670234574
-0.17840659538333595,-1.029729324807564
3.220585960965742,3.957302575097007
-1.8791303345079164,1.5722410951964914
-3.616590656999029,3.5950896893719735
1.2361369878600839,-0.9275945392997587
0.6930540366260008,0.810059208888386
-2.0168660410622916,-1.9385583966887305
-3.059497910008183,1.6879785042383932
3.07479346136858,1.798083065674249
2.8282207812135636,4.794047836402373
-4.974913517412259,0.9640795944392984
-0.9164460585130019,1.4481884050121865
3.3283841095677986,-0.9416607530075635
-0.9521251155557339,1.082758745270477
-0.9812244680533053,-0.7597824173751674
-0.5655186552587367,0.23172151768399976
-2.2417939475363187,0.3490313230915903
-3.4095514884560885,-0.7046097466983409
2.1050946214694974,0.125890193083987
-3.6858738124953514,-0.7505903394268412
0.4945429042175118,-0.7594622500676784
1.7731589855152992,2.153329303004543
-2.902452597802317,0.35082728365282273
-1.8485368051901432,0.6941325444005542
2.42635837678318,-2.9146095379710717
1.0657834404540798,0.8469166636607798
-1.2345714137577743,1.0608469279504757
2.404498006722342,-0.7966772453775054
2.4130714469086048,4.170059352521383
0.5381053860314142,-4.57845452836813
-1.8003204557473258,1.5687342715410926
-0.8268974069435906,1.4256096099097242
0.5727734879107803,1.0831658639988238
-0.37718965829497647,0.352425411277246
1.8779143564697027,1.101358645250075
-3.0595481602186725,1.7363509591117876
-2.9885270581324774,-1.451775167663988
0.36174222296486486,0.5983912443601792
-0.9830888276138091,-0.36663368404660784
-1.2540972293954817,-2.187536800451017
-3.5361134383487944,1.4343399492265791
0.03909168959636351,-1.1287208493680667
-0.10551021600153132,-2.995717349558934
1.3069579639034814,-1.0782213214032978
0.1378122662419442,-1.597797796186261
-0.2652081564809935,2.0569580183802207
2.3540012735806743,0.3063862811161553
-2.6249346068971,2.76476549137988
1.0727784376951524,-1.3331124624660917
-3.3422943295906977,1.7483397437929988
-1.6767237600016154,5.679245829615826
-2.4253142652466275,0.7120649342542804
1.5638850709038365,1.7232977246463055
-0.13082046719078802,1.3870353284508123
-0.027006489185953504,-2.8441506548516533
-2.213465975458902,1.1716345949349014
-0.5993869918657784,0.6129126412991378
-1.5269306066182233,-0.5194947667966184
0.766910029708432,-1.7680727484097611
-1.9821822706632273,1.3879664806540741
2.6595887304101518,-1.9448074792212426
-3.351160899248189,4.267291209363794
-1.6130396649131227,0.22833816697625672
3.3544010199321925,-2.446614095573007
-0.8702774959240688,-1.0279925566566777
-2.629757328808824,-0.5562686765796345
0.4381431250753373,4.824753307847692
-0.9507844844290845,-1.7691778936189928
-1.6717405112366117,-0.23243452650277444
-2.191741621597435,-1.075656739730045
5.536747211251886,0.9985169711633286
-0.5031038003682727,-1.043766827410089
-3.8511347206657542,-2.2781133322794207
2.9874195180110683,-0.3905891595923974
1.2221418102211414,-0.5987876866644862
-1.5329328620395755,-1.184488755248027
-1.8662381773722834,-1.077620717794235
1.3469455923164615,2.369391595762006
-0.4938366549789093,-0.6394804285350086
-3.8519556368902026,-2.2682553249568653
3.5744799292093368,-0.9242319275997124
-0.867980924431914,0.10867131893078519
2.9911434729648527,-2.672539273102708
2.55686991593143,3.251955920012797
-2.0020190889656284,1.7351589550125444
2.0663797287262957,2.860345487237559
-1.3028850997273624,0.7842562509753652
-3.733401173607884,-4.187394900260201
-0.849196332044285,3.070667433277027
0.795275003552558,-1.7271367194197853
-0.9254732959926758,-1.5643734880041977
-0.6140966818502029,0.3126502879108872
2.287132089857226,2.756459693340299
0.21298796058018368,2.1065742679047994
-1.686596622569905,1.8125622403520416
1.404060647334653,-0.6236541057491066
0.3953511339084903,-0.6552150521842235
-5.043209602924086,0.6918873359601332
0.8567058275428974,-0.2601416825670654
0.7836574154322032,1.7786358146587062
0.04024225916171997,1.6602353289904532
1.7834011621391503,1.182682642345411
-1.3447871686530044,-5.051922563538757
0.6729995776418017,0.2559767273545281
-3.1339187423347057,-0.21770776146540233
0.8141807667976636,0.33605120351906287
3.906119391079793,-1.5086492770928137
-1.9897127049350822,-2.6495718207984504
-1.5196042639755505,0.9262769599500803
-1.4200308857831045,-0.7126026354641238
0.25999645160319057,1.1493859874151988
-2.1260725457074363,-1.3418287553695423
0.8424947573819603,2.8318212809853534
1.6936798909383304,2.0021296851415267
1.0686944269075687,0.5936542170917607
-3.536830851276145,-0.42657682677189435
1.9903353303172122,1.704817755596394
1.8747348285073597,0.7850956304748119
1.6603227446926088,0.4771683758612097
0.74568449731165,2.085730819119217
0.4403786284102656,2.8530723088132803
2.0647787962527935,-2.504822368971089
3.847026975206909,-2.1007682146996127
-1.9060809267296996,-1.560521450957596
2.1562507915895437,-3.0048491952871035
-0.1724341960149055,-0.12549705113830234
-0.2593461040572014,1.2002329104890124
-3.0730613807640768,-0.04283658990467325
-0.5695788190307901,-1.0682432832257913
-1.9945299159368308,2.252915514258316
-0.9277088590118914,0.2811128064134993
-2.1963727675562996,0.6859659347326367
-0.8978167746260127,2.30846960979952
-0.8122207140468065,-0.24648387770226748
0.19350983687760062,4.120428145249361
-3.229499724582662,-0.8956300077435321
-2.891036295490647,3.9958964090257996
0.7238285414610531,-1.9494703638248412
-1.5948762341401979,1.034969805760883
2.1490595804598622,-1.2850643376124742
0.4505394440300934,2.239132233962185
1.2135243004128147,-0.9564652157168569
2.8213846408417895,0.5817423812881718
-0.6194216236131451,-1.3010839920831392
-1.1489734108325513,1.8744503473332286
1.7434051711976268,-1.3115025212782787
1.0190271278593719,3.366829689485337
-0.3746606196426017,-1.9919942139227806
2.7829159339118843,-2.6912558366562935
-0.4244886196798611,1.9031041561581725
0.06554727511156286,-1.1832872805270434
0.04244530166851681,-0.01447462689907123
-1.8691877897969422,-0.6444823076714417
0.15517077897278192,-2.6252165343053804
2.7935203547969825,-0.153987328276676
0.8899366307523516,2.529831789944604
0.062126852797862876,2.006274006611131
-0.32353456233133804,0.4635855252518496
0.6617340568127025,2.224536586070214
1.4995332569783701,-2.119037169388353
1.218477661779506,-0.6509086578100126
-0.6637297236439583,0.7916098814604163
0.6495631882202291,-0.2608296536342234
0.9598794822965573,-0.4936466609531145
-2.0143899750539567,-2.4012874646421905
0.33646108236738875,-4.162682777285423
-4.322607772604724,1.6357328498992723
0.9650674196423701,0.4864431465044517
1.3206861091253632,1.803996756420186
1.4950922515729188,-0.8744718843167488
-0.790093704339135,-1.425555769655188
0.6180936700480696,0.013095933273268892
2.8479076910823338,1.7083992972256328
2.8275392965825175,-0.4629044299753085
-0.058345398453121255,1.6035703686569716
0.27863926145911966,-2.0126160111861737
2.221822289468866,-0.3228942663397344
-3.0016040305243497,-0.14022828815606214
-0.6461514853540491,2.45277988784384
2.671140911073513,0.4152547960318166
1.9504010833695322,3.49215503658839
0.7385275552998093,-2.695369599894965
-3.011664810661241,0.25983780882255936
-0.09982046608232403,0.3587960783608916
-1.179830792499866,1.2401863951737344
0.662077805634427,-1.6267198728977823
-1.6186933695897605,3.368892678821672
-2.051446789949215,0.02592788294351839
-4.129730555367283,-2.174135025869836
2.443609369953403,-0.03204998082723708
-0.799541022886115,-0.6263230457602271
0.31429156740506903,5.566470284494658
-0.004476232948362187,2.099887199050027
-2.1348678659209988,0.09932271141643477
-2.5181298228963866,-0.22383337039840928
-2.010630251994471,1.90211372496293
-1.446336877658786,1.997724320656429
0.7332124940276099,-5.823099838641298
-1.591435327041223,1.2859863094666677
3.492981263189243,0.05593308795725332
2.054302071786302,-2.6222876435739524
1.6167190993314167,1.7604282792483539
-0.23931780494630028,4.4923760271165305
3.0285614714409674,1.1135918936555615
-0.43601126224224807,2.2008568845137284
-0.06252282830849215,3.6082381839288074
0.3399490794985388,-1.6605243014401034
1.403646081086688,-3.7151428903338344
1.2738161580059708,1.3137321266190036
-0.9502505568892065,-0.49522307288290207
-1.0659874388519075,-2.748346904743086
1.279805914304169,-0.1563398722715864
1.4304731677824654,1.4550947475812404
-0.7867022496457456,-0.2979433295287199
-3.174376139356908,-1.5736552614700747
-0.41463219201648915,-0.44701412059302054
1.2470515976517174,-0.038952930602691005
3.6108336928395612,-3.8589645252521643
-2.395915924681324,-0.2855499063413865
-0.8531425056611471,-2.6886809442897834
-0.7788071230507532,1.3180519040421923
2.7116106788630026,-3.122085151173556
-0.06988300091726556,2.0253844091018722
-1.8146531187445312,-0.8183301384278829
1.1173905658436383,-1.0859514135440242
-0.8092770400818927,0.5889091946039441
-2.4487745467159088,-1.732068890446784
-1.7855466145523013,0.5574915082601282
3.468083908845238,-1.4642175493767413
0.7684184432989245,-1.1134690246495387
0.2155201109050859,0.8107083386582706
-0.49978747162409226,-2.2771614674687655
0.5842976842375978,-2.528674603524714
0.5604718920049886,0.49645101482068366
0.5843376564146522,-0.053799704978769174
0.229690180555506,0.337385489618784
1.7375966766110986,0.6552784734428414
0.04620869200146206,0.11475110761396257
-1.9558776711052774,1.2161852479341377
-1.2248457818017364,0.19487257395731697
-3.9580373869794245,-4.014607799350606
4.053634232084785,-3.495769189323711
1.7255091839053733,3.8558983604841655
-1.6601409902584738,0.00014373411772605234
-0.5636896987941998,1.9004833034341937
-1.2737529484128667,-0.6914078112541518
3.085094422748234,-0.11603018878786082
-2.839754328541858,-0.9067293085416872
0.22895211763755854,4.93185466292273
-0.2170556851296957,0.5064848447282848
1.6536772614182287,-1.069715811012395
-0.20801845544939,-3.3030794268603816
-3.5164177533108703,3.9474668854717043
-0.5022356692848817,-0.3265567704566067
-1.94432443588665,1.4884582391231944
0.1591590931131213,1.7119945806130918
2.868354073040653,-0.9256610468607411
-3.4788504884645564,1.344905550772312
-1.6004454707998075,-1.208276573503235
-1.105385907566994,-1.9808527240788316
-0.7632621908264227,2.328929385024425
1.4802513282104885,-0.3163787596443987
-0.347088835122775,1.0370256672053106
0.8316054514408904,0.8218419877635421
-1.2515460874635527,1.275863920110578
0.45984869083587504,-3.1130738684032497
1.5555952617554298,-1.1705810626327398
-1.4645990994741769,-0.6489503149928499
1.5627162396130294,-1.6629573458029812
0.10474553745513696,0.8580136960327756
2.0909204809645052,2.373786155191795
-0.40283980015394705,2.6903693106925957
0.7624893103241976,-0.6784095304197673
-0.08121246335706,0.5839317249158142
-0.19242452408115793,0.8912870089801985
0.5178608564513797,1.2425121884070587
1.0736149384498075,-1.7562701461452876
-2.49912982384801,3.641160536529932
2.8672672176357556,1.8530403686928894
-3.719326081099597,1.905298687384882
-1.369624219477792,2.4069201138007936
-0.18853814152980133,1.0682718845319688
0.8247119381718963,-2.054626846101945
3.152345055482757,-0.27794546311021345
-3.7165829764502147,-3.302106790123831
-1.0153882567794212,0.8301450193981684
-4.253666975598531,-0.33842731633109346
0.06324394782049554,-0.08104476705386342
0.5433671690000613,2.4080022601713025
3.1815914843425053,-0.9139880771129186
0.24126952178690825,-0.5042463175441527
2.0880502588847594,0.04394659192643258
1.167674163078118,-3.679984498827265
-0.8704963940103366,-0.5321273115240064
-2.8179214935840786,-4.971589824572367
0.5500045965836216,-1.1710431237914785
-2.9842040342907277,1.7103781067856547
2.590414145339288,0.8945331165021381
-0.32412420407364784,-1.1896406209081523
2.390354823022833,0.08159643644762471
-0.9604288682647989,-2.149979134260811
0.5377015728019838,-0.004686806299040329
0.41869771466937755,5.86064057098502
-0.0900882360218479,3.691602640743863
-0.8653190267931842,0.10524426003452224
0.7849120369410404,0.32028832983074884
-1.8523265269664166,-1.959130629269102
-2.4188706579181174,-1.6035782159021008
2.485653786653655,0.7243686442093882
1.454335977784201,-1.04978513127297
0.13178321720447989,1.808299189703164
3.330284765087563,3.139371361955514
-0.5355310374496897,0.6652415695620777
2.645406439977959,0.20347441167985336
0.35114816985164365,-3.3615592498213034
-2.0495015001527803,1.4952204905441
3.6960803835416995,-2.2873426030781165
1.9814216932481703,-0.8360182572668395
-0.2420420620191286,1.91915178477027
1.4543425190678982,2.059516328618064
-0.8074068679958136,-0.9330150547002344
1.658298070119084,-0.8178310698399726
-4.782157130567919,-1.3986377465133437
-2.0396026673891874,-2.3957074906518216
1.9585194885739257,-1.2695909642084837
-0.4993110764378387,-3.2262600378293773
0.4150845897774838,1.3661251630165299
-2.693571324230869,0.7890472103237515
3.695733991404206,1.1210585697410254
2.3810592874353533,-1.9088081011502855
-0.40137043675065953,-2.3901411270301125
-0.8093917137266526,0.10702854862712047
2.059208722839386,0.12820512990045063
3.9649409003378553,-0.29453965502589063
1.9075205116227074,-0.5789665383756989
4.343605334793204,3.421551555388773
-1.844702658123836,0.8520500235859568
-1.6387736609975814,3.941356782932982
-2.3778822361066974,2.5379300508632663
0.8835212992989587,3.4065418520346897
0.3512070996087404,-2.148925532712004
-0.3039022469439717,1.1863419819960597
1.6185172562465973,-0.863530977986746
2.464657210429328,-3.3267734227190657
-3.051324818573684,2.9920063391110516
-1.193944055802231,-0.5873850514112583
1.6402871882461199,-2.110203260533369
-0.935477367717164,-0.8291277264973869
-1.5964121527163082,-1.5924482455476385
2.0370748553007894,-1.3873959352333345
-2.57900013944796,-0.4432067803652989
-0.60315961558221,3.4616303860894857
0.6572880516096171,-1.3326344330892514
-1.1476398278202375,3.318541328438381
1.5663113120263497,1.697673591959043
-1.137753950394738,0.7925431271721721
2.8172389868918386,1.49624006450375
-0.25149259499154525,0.02731132767491505
1.342540273410707,2.572100207726852
1.4920479059656326,1.1339605265342017
-1.2550800054881455,-3.329331970051026
-4.106973097311777,0.5925038637799301
0.7215115093276697,1.5679462859852302
0.144576694249739,-0.5780024372024345
1.1116520551502547,0.2525117454278653
-0.4530549447656761,-1.2257159893488139
-0.8608553976014317,-2.755251312127121
4.016946021963399,-3.10075374186248
-2.9447081230215555,-3.074135974137727
1.4679009567284769,1.3380894849410643
-1.149203716366782,-4.980563416752657
-0.6715572354808441,-1.3329598539269623
-0.6342056651479314,-1.5313065704907556
-1.6068685483425142,-0.564319071974929
1.142448420472479,-3.7128630998724055
2.7812871918999145,0.8077761894812373
0.9400273224933229,-2.546322788319798
0.20676399242419025,2.264811081418538
-1.9728809981984932,-1.2435313751776647
1.0336505316489017,-0.1912260468238407
4.312699263458597,0.007547713110412542
-0.761389247590185,0.488482105721144
-0.7519671587037323,0.0740287549922845
-1.1221782619619947,-0.8542210974652638
-0.9788284689888408,0.6860970613880863
-5.490599107344769,0.9322942609899084
0.8100707717114256,-1.5302693342192408
-1.6911043527092275,0.852735637947114
-3.2205262375836003,2.383440604803392
1.5063798994650976,1.4117883922091052
-2.1640355700838723,1.864750483294374
-0.6773381077675152,0.3438416978148909
2.93288478237716,-1.8723008921497584
-2.818431596049027,-1.6192889194072901
-3.065196469195524,0.6397759357088233
0.5386123791246763,1.8855274503046207
2.298974728020737,5.571823827988111
-3.148683435463926,1.9636438888772074
0.8153794736743541,-2.340871514995004
1.1619990799233841,-1.5345451447199647
-4.118320967384641,4.557034631911997
1.5970026758144404,-0.42877786395355666
1.7532117596843588,0.09502926952257697
-0.6235711465120495,-1.9208338408184578
2.5046927245960164,3.1302068111484878
2.2729111486496905,1.0006664146412507
0.2062358514344097,-1.5492026957706233
-0.9028907806498673,-1.9876505777145423
-1.9456557851659142,0.6144078917957442
-0.07512701873238246,0.08841234976090503
1.139517839408358,1.6642204344422544
-0.6483537220812825,1.0939369462543995
-4.39500201052406,-0.5289606975372452
2.5374277891531407,-1.0876031909227328
0.38044644368978753,-0.3198842965976679
-0.7592489933536677,-1.101361693313525
1.7143167768465768,-0.2603910656095236
3.0492771929655125,0.03288185723876339
-5.603823138975783,-1.795861786760114
0.8685272998441431,1.2613597241957606
-2.8532984216206945,-0.7408554289393406
0.9982210135978825,-1.6837687005706867
0.2558544047491585,-0.7032148565637361
1.2714530528810999,0.48451631324057254
-0.9984952289893104,0.16607639962660692
-3.746480223638304,0.8442362298089242
-0.9007363825133362,1.796692250151058
0.8136952702795661,2.6098804080160662
2.0307846573504467,0.5709723253761064
-2.3436626009450503,-2.1388047744709935
2.054120853746035,-0.5382216050606015
-1.2957445792930427,-2.0086367687660163
0.724899763189053,3.3937081474245634
-1.0197879057312655,3.974801765054327
0.36434125542420337,1.3006223949926856
1.7837552691405492,1.7169176852780612
-2.4540281545770717,0.5018863864733183
-1.3598117934936629,0.7321118309215825
0.36992517468417324,-3.194908436658245
4.8031673220607045,-0.14786473051382054
-1.726379424333656,-1.7623061246925196
4.080267771993838,0.5627130750767404
4.008846607350342,-0.1192196907770684
-0.19462230140318232,3.8936439246922285
-0.5963050523998006,1.8332553774456828
-1.3841303973293835,0.5690239650432898
-0.1364050606653382,-0.5338793742792519
-2.813438865119116,3.3520429175198596
-0.1524780346411952,-0.05990929225305965
2.9937605477017124,0.6633479232705556
-1.2221701249534354,0.08449920885367
-0.4814486079781015,-0.8083078114146454
-3.4022809485344836,0.07301244477104028
0.748124176262087,-3.9239337013566318
0.5289633699027478,-3.095412802482375
0.1274047195315418,0.6992610833392551
-0.43365410044428676,3.1363993810549724
-0.5855158375449094,0.6964422082883377
1.0038004674013439,-1.4407377097933078
-0.05763320317724662,-2.885707508134671
0.6299437431106644,1.5690545209512772
0.4299656349090959,-1.134390302030202
2.2468545741915236,1.28647083710512
1.3539881947501085,0.7797303161314345
0.3857236863003813,0.9566007845093787
3.0368440613043597,0.06720341470711184
0.840537058113123,0.7672887699392825
2.6099253775808378,-0.2389088025126702
1.2138852167732757,-1.2706130687364072
-3.683838157863086,-1.926998121032103
2.609669526638659,-4.770017595941957
0.2703524826853382,-0.3622191248090191
-0.1039095418015559,3.038756365903906
0.5626966949791541,1.4601601850751948
-0.6899663239141348,0.4554182369519166
0.4540577207778906,-1.468009988578302
-1.1837521326861848,1.9946784515181544
2.54854451746874,-0.2386186236060498
-0.2271762272421006,3.149868627578117
-0.765167685444867,-1.9621745265893626
-1.8498516314385478,-1.4999390559453127
0.537551578297283,-1.6945398884392566
0.3742142002501838,-2.964236740868026
0.7768492273550128,-1.874089370383525
-2.0545037750102577,0.20643251953183522
-3.202362397623146,-1.424402049701255
1.2511826050131196,-7.712750658481194
2.969283723753015,2.1485465948402434
-2.0527072447797923,-3.368187458694811
3.178882567123397,1.178456569773274
0.5678221174727618,0.062429179339129545
-0.01412580910165943,4.234745632840685
-0.795097393091556,1.9939149630452395
-2.7690360388499933,-1.0092091909699485
1.9754570318491993,-1.404127124710624
-1.5512127228752062,3.0054553615985706
-1.5596133514752006,-2.9517421942028235
1.9838526197739093,0.3817598718374161
-3.765966893343453,-0.262240926499344
-3.0471956213363334,-0.6864521374093517
-0.03626848701616354,0.7070279688968508
0.5865688580097042,0.37911972101735136
0.9694692959378477,0.9148014855834885
-0.6035969867925056,0.27795130472656776
5.060739337283379,0.8353628100344953
-0.45578511753166817,0.18673038586318938
-0.46157230420544426,-1.318853774432629
-1.593973337627755,0.008002520473190796
0.24781363304214216,-1.42877311940804
1.2299224640935493,-1.5607532094617007
2.40715610906692,-0.6723000054355036
-2.978568528880436,-0.23884632147168483
-0.4919906767114016,0.07045061269562164
0.8934072216182883,1.832757654726661
1.1741150691890712,-0.9969281650816868
0.013097315609078551,0.393703852949641
1.0848479390642036,0.23605542788763775
-1.6179277858516008,-1.2172565749321302
3.1158108646367135,0.14748157241308982
1.985256205958859,2.0054428303546272
-2.6898555741303447,0.3730124337668002
-2.150206096233511,0.45316785805461607
-2.0938435002138123,-1.4106566618853347
1.3559399417930569,3.9377177024097523
-2.5694555328349344,-1.296712740645002
-0.6620486684161612,-3.3355669210949555
0.9094087928335488,1.7203682404361529
-0.13233186909286945,-0.22963407929685195
0.5177750314254116,-0.6060836418941502
-2.1316054226975165,-1.0911075608230543
1.1897087467944893,3.743429248631676
-1.226423784951993,0.7091805572093653
-0.6492393487958825,1.0995024432901697
0.47546345581197225,0.32523124716453466
0.20615644306169634,0.5400992268903925
0.047960038031185925,2.7972492211188285
-1.5012536439535114,-0.50170932245539
-0.5990988223983843,-2.9138750910414597
0.004367181674071891,1.7361093084555537
-2.7501704663341697,0.993403224484784
-0.9250659326267576,0.21595962577008537
0.7753597580656929,0.9415064830955728
-2.5548732076906853,-0.7414884405883482
2.3131633031884795,0.041385165708519384
2.5392265251996857,-0.2634005077198199
-2.490301151920171,-1.1829765141418338
2.7152392661002787,2.378345566210005
-0.2871631774242688,-2.824517254835601
0.8370291183141096,4.721764343625933
-0.9933021042564933,1.7547244184129507
1.8460896544535237,-3.555951069404702
0.8121880376973342,-0.448332658981859
-1.628306513195207,-0.33709183180711566
-2.330403999930577,0.7837732578842245
-2.9206048704184453,-1.9787565414794404
0.3758835528655129,0.06405068673643471
1.1449428235594716,-0.24223879624529387
1.301931357558883,-1.4752367251468776
-0.23596218921475567,-1.7535044629424639
-2.313992911328728,1.8376092934047141
-1.364149596047566,-3.393165080085187
2.3046972779238515,0.9557578721921027
-0.9692571292001627,1.5950206137562482
0.2868352613629523,-0.43711667667683285
-2.151300967149775,0.10474567944999202
0.6731660909180699,2.3269899993947627
-0.9153691233581557,-1.4097030214481139
2.0934254275515274,-1.203304857778248
1.5471154124136268,-0.9909673621986165
-0.9914118931497994,2.3306511984465628
-0.25332805469532677,2.584587493769415
-1.1022324800812575,-2.791780468927238
-2.8388663930900195,2.0124814946232736
-1.7148848590944332,1.637816612694568
0.39643465544164025,3.1071896208996552
0.6505189964591638,0.770216064252759
0.2970958071852778,-0.08852024055715338
-0.6034661079172715,2.2904333731433177
1.8661332114419706,1.3978075830035308
0.12708380912187478,4.489796828297453
1.4065076561918946,1.9174156899236559
-3.547550264405037,0.3070959528478308
-7.8448005032366845,-2.3482087607523425
0.5675760556761602,-1.1618343543882368
-2.849531307442979,-2.871909956056032
-0.42490340542611205,-0.43012407212172643
-0.6041940820492113,1.8521351864656908
3.174801204831074,-0.007342176961031112
0.7999931058872128,2.0434505375201453
0.33171805359734546,0.6751474668780268
1.6739823092673474,-0.8061845795080194
0.7369951736780775,0.1752503103399278
-0.9153539859768661,0.9441933821101922
2.1429518605091196,0.2784467969272318
-2.2195002557765484,0.3013684577038279
0.6464943750671245,-1.5381002151734129
-3.0951395882726223,-0.865952530484432
0.40788771503199006,4.516921592309289
0.385979283545859,2.456932980847085
3.3529099238293254,-2.9476817936194317
-3.129947786883559,-4.733937915012723
-1.2017743517076251,0.15238484289744453
1.6453648531482876,1.7869457888519804
0.6706345127946155,-1.0398836748444145
0.3606101026750061,2.043317456395876
-1.9122714059170784,0.11930913001416821
-1.1816366961828584,-0.32612255945394963
2.490082016446513,1.512230352350363
-0.10301838750785591,-1.0637515858045379
0.7507193922889466,-0.5734126436073064
-0.230376657552958,1.340334524260926
-2.3661710304995305,-0.0627918741320485
1.8676208521499933,3.8175525467554716
1.0064647690649926,1.3876508257120366
4.611273674734378,1.2576276566655233
-2.03116275930109,-0.0990092921301363
1.645145842400961,1.7495093534192123
-2.6230879320740024,-0.6452155456032924
0.31469313534615534,0.5647555023990303
1.9530131781263291,-1.8325860940091205
-4.144270232192974,2.0788827844611832
-0.40986494848321575,0.5812093945235837
-1.1264194680852406,3.965026127395753
-1.4039145965902438,4.784596767339516
0.7704253045187084,1.5266389028662952
2.2413714128451905,0.13685062241580687
-0.266557430458311,-1.8921290242511375
0.41097285512004034,1.8094996065176485
0.22861750611849552,0.42056912779045663
0.003607012712828353,1.0760696783089239
-2.1786852754242125,3.4595747749124865
2.2168892034457857,-1.6488465773266936
0.590390736317672,-1.8486083369626731
0.7897629800051553,-0.47285187674136026
-1.6130192580511644,1.6424022995036467
-0.9184407959784812,1.1097344804289762
-0.35226839542155675,-1.791377023391545
-3.068249386897703,1.513105801404965
-3.3760686503953563,-2.402425637786526
-1.2014958612771356,-1.6754833486977152
1.04504153288478,-0.23091463437837886
-1.3062747798598817,-1.1068624919504402
-2.037610395181427,1.7797189773018696
-1.6293713064753403,0.572756966002189
-0.9106848462906252,3.531122355254521
-0.7077179256402075,-0.49437073070882864
4.331042904413113,-0.2444043020814868
2.1092412569746366,2.420765218123526
2.049548224563456,-0.1818416062475912
2.337160728546763,2.9880104954150917
-1.997641738668099,1.0816564207689832
-2.4447292299744783,-4.705572939770718
-2.2137405830681134,2.355140828298928
2.6690122666756757,1.8254536262396175
-1.094383577764982,1.9026652122210896
-2.502712364478574,-3.821956757090516
-0.861992400439626,-1.3259799225420952
-0.47721106342925484,-1.1774096671135397
0.5368265473891243,-1.6822427351207847
0.501902041424086,3.4838450637878764
-1.6563611277470163,-0.023535675647267898
1.3713127850274218,-0.0731218852583413
-1.2783870675003162,1.1040166206315578
-0.3125526734100861,1.138603335778764
1.37354814100671,-6.669785421251659
-1.2836428078886828,-1.2927150742987268
-1.138702847162275,-2.8255771555825535
1.183336099386262,0.8006121863096393
-1.715466353210039,-0.5777848286680948
-0.7695840472081413,0.03077512900253732
1.111484356085785,-4.157039497781046
4.10818488287195,-0.6197044493809962
1.2108090095254933,2.2302605036656304
0.9452795259800233,2.818898966204335
1.0616031673454591,1.4377268390813995
-2.1463805481340987,-2.6709305868962376
0.231193477359816,2.5188036059842474
-0.059532976672803495,1.4480045100000316
0.6431690807455123,-0.23437806812907722
0.23301610495174166,-4.050072629019488
0.7593993548342249,1.907189901325034
-0.6229343897984031,-1.1843326599667583
0.11721783474358545,0.6923316421095619
-2.455657132113984,0.13678772127332503
-0.6398145560058276,3.0767899688765565
2.781667096353287,-0.2507339719950171
0.6376166792565118,-0.030227180171895688
-0.041842074766153765,3.15723078095726
3.7922465525086935,-1.3164444875003771
-2.7216699566021583,1.628645702815554
-2.2189111108924395,-0.39723144575692804
3.4254228225525454,-2.0050839240098584
0.09192187209786766,0.0023219734417452256
-0.48516607257958755,1.3834102272159752
-2.3984086501912865,2.7074196799530226
0.8953925327900237,2.949387970691365
1.0889197390549246,-0.5895281484510653
-2.1889887216697925,-1.9744984640644272
-0.28055117110085664,-0.6374777991549586
-0.6710316640661321,-2.363061506660311
0.5119542928375421,-0.43477239883301017
-2.2385004844412877,-0.6833305672395168
2.5038949090263145,1.4549804083135307
1.8316475631952085,-4.4118703598287565
-0.7263511174656323,-1.4672158921732794
-0.4328374232767424,-1.451036608883831
-0.27284430055523207,2.374254504816051
-1.5566171060130067,-2.227688754802034
-0.8868588364700714,0.45331471929798767
-0.5405407353492181,-0.25625682883956263
3.225736741414256,2.0860850536727638
1.8932366166608734,1.1916637290210945
1.8693094146732472,0.242487463640759
0.7398512260087806,-1.1093337491761366
-2.234654017862469,-3.7046850062197523
-0.08298220915475847,0.4941713113748107
1.9409769192267599,1.0609795970597455
-2.516529258734576,-3.149735224949306
1.2731064137465287,-2.4673883286570986
4.645218450525532,0.5046599467433518
2.1236332919794636,0.6782833724157401
2.828058271123975,-1.9812946201841186
0.4366775008843214,-1.1481294271360762
1.9358638975299796,-3.672977677140853
-1.435706428708071,2.7545278076264674
1.5917276246824528,-2.5997488147369046
1.3087762681215265,1.0845187824971014
0.5798223480753258,-0.06992139230676069
2.6320148394369967,2.579187239249518
-1.0775696756947772,-1.584508185549513
-0.37411503294732523,0.1225054206807744
0.19092408271659314,-3.3968538184747
-2.059221942178801,-3.8770536738795074
0.45386388760049573,1.1926671677309477
-3.437860825907694,-3.570051678139404
2.0939090688564184,-0.45643506886906166
0.09327473313193149,2.0225908959458394
-1.0417858078075266,1.4933697121893588
-1.668747224590243,-1.3291709758971875
-0.46915805923837517,-3.177006272816345
1.376519421544827,1.0189897233110572
1.0954779574751212,2.6845135657203616
-1.411075894556922,-1.324476157331247
-1.692079345255269,-1.606625716814233
1.3137974126392948,-1.049803925737997
-1.4446948092300589,1.1432174216142312
0.11981954815900712,2.4570352128298256
0.24750928504855413,-2.4792136227610446
0.6241242634534768,-2.996563618649306
1.7165408603637435,4.679992643864896
-2.5259258737346455,-0.35464557578007727
-3.8223186505209754,0.5057855913806191
-1.1348945624567033,-1.383861681235278
3.603056815664372,0.979924618905432
4.044348200174757,1.920121749403045
3.662354271131775,0.5995923431458594
-0.3859627355213792,3.4817161540288697
-3.5642301639696576,-0.6534891798821838
-4.686078203303682,-0.5257649460707524
-1.2280763230988223,0.46281270255483126
-0.3961472602987203,0.9299232910121941
2.6012508021119176,0.4558945241252185
1.7356109190848914,-2.568830053910182
0.4548101579832412,0.6250303323911227
-1.7796895418822833,-0.7483471696068746
-1.9215591164897805,-1.1619540281492913
0.5082553741428708,0.06496410950648732
1.394101957679453,-1.9230453746584286
0.7837625244911691,-2.2707826477464628
-2.0691959192133096,-5.230937920007699
1.3013352575841723,3.4944746570197824
0.8518219342028228,1.1114626382060047
-2.1413328123803566,-0.23352824261261027
-1.5686419406005114,-1.3344464737732962
1.376991949123133,-5.752064564092834
-0.4690150702917819,-1.4570577524429686
3.1782946032729145,1.4317326743281524
1.0022585521291527,1.8843486071877376
-0.9732623763785383,1.2845839872066032
-0.02041120078186536,0.31678391150493695
0.12676678527543633,2.607748291862758
-1.45678062648342,-0.6570744441770807
-1.8251763963552532,2.1703778322687226
1.4027797876189987,-0.7691648874404259
1.6905465940841913,-1.7622826177555246
1.2075629391059173,-2.011425960845042
3.0306361886476036,-2.1289928423459057
-1.0835464720232038,1.3181360576049705
3.3485415321422605,-1.485491142194157
-1.8018422371083056,-2.0660576900698877
-2.0253711267369856,1.42747043932272
-3.5199177642985005,0.6559407809444656
-0.8915906276536341,1.925183965691604
-1.0074446736589073,1.025199022545597
1.051874560509301,-1.5062231603946235
0.4877818832409019,0.15220483293717488
-2.3859467420382736,0.2502659815393545
-0.7854524768516351,-1.8383173169480047
-0.7429240421753709,-2.2092499481879853
-3.5519644939237853,-1.361443218235409
-1.961893454026739,4.073164713344161
-1.5416272612281787,-0.8254881884430978
2.8672500396418927,2.465733582773429
0.38290143191470516,-0.9373210189595959
1.3243375078949993,1.777677639079984
-2.997270994298424,1.804983311115694
2.3884289660279836,1.9051810159040896
2.6022041260481856,0.7756546840179172
-3.996689934289252,2.7547331575623026
-1.4106334478316964,0.7567079387054557
0.9915311460310207,3.427059458680559
1.2887769070763644,-3.239839606376867
