ax-row-0-col-0_trace-id-potential-field_variable-x,ax-row-0-col-0_trace-id-potential-field_variable-y,ax-row-0-col-0_trace-id-potential-field_variable-z
-2.0,-2.0,-0.0006709252558050237
-1.9183673469387754,-2.0,-0.0008861194530056126
-1.836734693877551,-2.0,-0.0011527499117035453
-1.7551020408163265,-2.0,-0.0014768317791299247
-1.6734693877551021,-2.0,-0.0018629373013483127
-1.5918367346938775,-2.0,-0.002313356771658752
-1.510204081632653,-2.0,-0.0028271911885147196
-1.4285714285714286,-2.0,-0.003399450824568467
-1.3469387755102042,-2.0,-0.004020256304452488
-1.2653061224489797,-2.0,-0.004674254956327179
-1.183673469387755,-2.0,-0.005340370909594314
-1.1020408163265307,-2.0,-0.00599199892366445
-1.0204081632653061,-2.0,-0.006597726807777915
-0.9387755102040818,-2.0,-0.007122629142150916
-0.8571428571428572,-2.0,-0.0075301180697598365
-0.7755102040816328,-2.0,-0.007784270258006014
-0.6938775510204083,-2.0,-0.007852480347156096
-0.6122448979591837,-2.0,-0.0077082296779616725
-0.5306122448979593,-2.0,-0.007333714674873734
-0.44897959183673475,-2.0,-0.00672206070693194
-0.3673469387755104,-2.0,-0.005878860586575654
-0.2857142857142858,-2.0,-0.004822824042511404
-0.20408163265306145,-2.0,-0.0035854025715954287
-0.12244897959183687,-2.0,-0.0022093551762368572
-0.04081632653061229,-2.0,-0.0007463326914656686
0.04081632653061229,-2.0,0.0007463326914656686
0.12244897959183643,-2.0,0.002209355176236849
0.204081632653061,-2.0,0.0035854025715954243
0.2857142857142856,-2.0,0.0048228240425114005
0.36734693877551017,-2.0,0.0058788605865756505
0.4489795918367343,-2.0,0.006722060706931933
0.5306122448979589,-2.0,0.007333714674873734
0.6122448979591835,-2.0,0.007708229677961677
0.693877551020408,-2.0,0.007852480347156092
0.7755102040816326,-2.0,0.007784270258006019
0.8571428571428568,-2.0,0.007530118069759839
0.9387755102040813,-2.0,0.007122629142150918
1.020408163265306,-2.0,0.006597726807777913
1.1020408163265305,-2.0,0.005991998923664449
1.1836734693877546,-2.0,0.005340370909594316
1.2653061224489792,-2.0,0.004674254956327181
1.3469387755102038,-2.0,0.004020256304452494
1.4285714285714284,-2.0,0.0033994508245684665
1.510204081632653,-2.0,0.0028271911885147196
1.591836734693877,-2.0,0.002313356771658755
1.6734693877551017,-2.0,0.0018629373013483153
1.7551020408163263,-2.0,0.0014768317791299245
1.8367346938775508,-2.0,0.0011527499117035462
1.9183673469387754,-2.0,0.0008861194530056126
2.0,-2.0,0.0006709252558050237
-2.0,-1.9183673469387754,-0.000923826663771809
-1.9183673469387754,-1.9183673469387754,-0.0012201370732291723
-1.836734693877551,-1.9183673469387754,-0.0015872723464770181
-1.7551020408163265,-1.9183673469387754,-0.002033515005823943
-1.6734693877551021,-1.9183673469387754,-0.0025651607791327717
-1.5918367346938775,-1.9183673469387754,-0.003185363272561761
-1.510204081632653,-1.9183673469387754,-0.0038928846111132673
-1.4285714285714286,-1.9183673469387754,-0.004680854218476562
-1.3469387755102042,-1.9183673469387754,-0.005535668745684018
-1.2653061224489797,-1.9183673469387754,-0.006436188419738791
-1.183673469387755,-1.9183673469387754,-0.007353392942101844
-1.1020408163265307,-1.9183673469387754,-0.008250648380095978
-1.0204081632653061,-1.9183673469387754,-0.009084701898714333
-0.9387755102040818,-1.9183673469387754,-0.00980746314249551
-0.8571428571428572,-1.9183673469387754,-0.01036855267260302
-0.7755102040816328,-1.9183673469387754,-0.010718506063276996
-0.6938775510204083,-1.9183673469387754,-0.010812427552369677
-0.6122448979591837,-1.9183673469387754,-0.010613802424882359
-0.5306122448979593,-1.9183673469387754,-0.010098116150082529
-0.44897959183673475,-1.9183673469387754,-0.009255902744494657
-0.3673469387755104,-1.9183673469387754,-0.008094863198970218
-0.2857142857142858,-1.9183673469387754,-0.006640759766608891
-0.20408163265306145,-1.9183673469387754,-0.00493689940472065
-0.12244897959183687,-1.9183673469387754,-0.0030421588752101185
-0.04081632653061229,-1.9183673469387754,-0.0010276584976567531
0.04081632653061229,-1.9183673469387754,0.0010276584976567531
0.12244897959183643,-1.9183673469387754,0.003042158875210107
0.204081632653061,-1.9183673469387754,0.004936899404720639
0.2857142857142856,-1.9183673469387754,0.006640759766608886
0.36734693877551017,-1.9183673469387754,0.008094863198970214
0.4489795918367343,-1.9183673469387754,0.009255902744494652
0.5306122448979589,-1.9183673469387754,0.010098116150082524
0.6122448979591835,-1.9183673469387754,0.010613802424882366
0.693877551020408,-1.9183673469387754,0.010812427552369674
0.7755102040816326,-1.9183673469387754,0.010718506063277
0.8571428571428568,-1.9183673469387754,0.010368552672603023
0.9387755102040813,-1.9183673469387754,0.009807463142495514
1.020408163265306,-1.9183673469387754,0.009084701898714331
1.1020408163265305,-1.9183673469387754,0.008250648380095977
1.1836734693877546,-1.9183673469387754,0.007353392942101848
1.2653061224489792,-1.9183673469387754,0.006436188419738795
1.3469387755102038,-1.9183673469387754,0.0055356687456840255
1.4285714285714284,-1.9183673469387754,0.004680854218476561
1.510204081632653,-1.9183673469387754,0.0038928846111132673
1.591836734693877,-1.9183673469387754,0.0031853632725617658
1.6734693877551017,-1.9183673469387754,0.002565160779132775
1.7551020408163263,-1.9183673469387754,0.0020335150058239425
1.8367346938775508,-1.9183673469387754,0.0015872723464770192
1.9183673469387754,-1.9183673469387754,0.0012201370732291723
2.0,-1.9183673469387754,0.000923826663771809
-2.0,-1.836734693877551,-0.0012552165705216381
-1.9183673469387754,-1.836734693877551,-0.0016578177840982187
-1.836734693877551,-1.836734693877551,-0.002156649758401912
-1.7551020408163265,-1.836734693877551,-0.002762966075576601
-1.6734693877551021,-1.836734693877551,-0.0034853208315872657
-1.5918367346938775,-1.836734693877551,-0.004327998876462573
-1.510204081632653,-1.836734693877551,-0.005289318291645489
-1.4285714285714286,-1.836734693877551,-0.0063599439263199
-1.3469387755102042,-1.836734693877551,-0.007521392714659322
-1.2653061224489797,-1.836734693877551,-0.008744941743152724
-1.183673469387755,-1.836734693877551,-0.009991160714931464
-1.1020408163265307,-1.836734693877551,-0.011210274578957237
-1.0204081632653061,-1.836734693877551,-0.012343515086432166
-0.9387755102040818,-1.836734693877551,-0.013325541179964635
-0.8571428571428572,-1.836734693877551,-0.014087901591669647
-0.7755102040816328,-1.836734693877551,-0.014563388295085165
-0.6938775510204083,-1.836734693877551,-0.014691000772685526
-0.6122448979591837,-1.836734693877551,-0.014421125956206276
-0.5306122448979593,-1.836734693877551,-0.013720455600279841
-0.44897959183673475,-1.836734693877551,-0.012576128137059444
-0.3673469387755104,-1.836734693877551,-0.010998607013537118
-0.2857142857142858,-1.836734693877551,-0.009022895773400008
-0.20408163265306145,-1.836734693877551,-0.006707836202197385
-0.12244897959183687,-1.836734693877551,-0.004133425002838432
-0.04081632653061229,-1.836734693877551,-0.001396294376078704
0.04081632653061229,-1.836734693877551,0.001396294376078704
0.12244897959183643,-1.836734693877551,0.0041334250028384175
0.204081632653061,-1.836734693877551,0.00670783620219737
0.2857142857142856,-1.836734693877551,0.009022895773400002
0.36734693877551017,-1.836734693877551,0.010998607013537111
0.4489795918367343,-1.836734693877551,0.012576128137059437
0.5306122448979589,-1.836734693877551,0.013720455600279836
0.6122448979591835,-1.836734693877551,0.014421125956206277
0.693877551020408,-1.836734693877551,0.014691000772685526
0.7755102040816326,-1.836734693877551,0.014563388295085166
0.8571428571428568,-1.836734693877551,0.014087901591669654
0.9387755102040813,-1.836734693877551,0.01332554117996464
1.020408163265306,-1.836734693877551,0.012343515086432163
1.1020408163265305,-1.836734693877551,0.011210274578957234
1.1836734693877546,-1.836734693877551,0.009991160714931467
1.2653061224489792,-1.836734693877551,0.008744941743152728
1.3469387755102038,-1.836734693877551,0.007521392714659333
1.4285714285714284,-1.836734693877551,0.006359943926319899
1.510204081632653,-1.836734693877551,0.005289318291645489
1.591836734693877,-1.836734693877551,0.004327998876462579
1.6734693877551017,-1.836734693877551,0.0034853208315872714
1.7551020408163263,-1.836734693877551,0.0027629660755766005
1.8367346938775508,-1.836734693877551,0.002156649758401914
1.9183673469387754,-1.836734693877551,0.0016578177840982187
2.0,-1.836734693877551,0.0012552165705216381
-2.0,-1.7551020408163265,-0.0016829013297061932
-1.9183673469387754,-1.7551020408163265,-0.0022226791924122168
-1.836734693877551,-1.7551020408163265,-0.0028914761256034196
-1.7551020408163265,-1.7551020408163265,-0.0037043800980006295
-1.6734693877551021,-1.7551020408163265,-0.004672859807366439
-1.5918367346938775,-1.7551020408163265,-0.005802660062987286
-1.510204081632653,-1.7551020408163265,-0.007091525873140972
-1.4285714285714286,-1.7551020408163265,-0.008526941359619402
-1.3469387755102042,-1.7551020408163265,-0.010084125797895084
-1.2653061224489797,-1.7551020408163265,-0.011724569634735555
-1.183673469387755,-1.7551020408163265,-0.013395407651030996
-1.1020408163265307,-1.7551020408163265,-0.015029905148127926
-1.0204081632653061,-1.7551020408163265,-0.016549270014474395
-0.9387755102040818,-1.7551020408163265,-0.017865897803992163
-0.8571428571428572,-1.7551020408163265,-0.0188880141309305
-0.7755102040816328,-1.7551020408163265,-0.019525511455478293
-0.6938775510204083,-1.7551020408163265,-0.01969660480564933
-0.6122448979591837,-1.7551020408163265,-0.019334776657285745
-0.5306122448979593,-1.7551020408163265,-0.018395369784108245
-0.44897959183673475,-1.7551020408163265,-0.016861140349364083
-0.3673469387755104,-1.7551020408163265,-0.014746116967134472
-0.2857142857142858,-1.7551020408163265,-0.012097229794014657
-0.20408163265306145,-1.7551020408163265,-0.008993369534181683
-0.12244897959183687,-1.7551020408163265,-0.005541789836814225
-0.04081632653061229,-1.7551020408163265,-0.0018720479934292117
0.04081632653061229,-1.7551020408163265,0.0018720479934292117
0.12244897959183643,-1.7551020408163265,0.005541789836814205
0.204081632653061,-1.7551020408163265,0.008993369534181664
0.2857142857142856,-1.7551020408163265,0.012097229794014647
0.36734693877551017,-1.7551020408163265,0.014746116967134463
0.4489795918367343,-1.7551020408163265,0.016861140349364073
0.5306122448979589,-1.7551020408163265,0.018395369784108242
0.6122448979591835,-1.7551020408163265,0.019334776657285738
0.693877551020408,-1.7551020408163265,0.019696604805649335
0.7755102040816326,-1.7551020408163265,0.019525511455478296
0.8571428571428568,-1.7551020408163265,0.01888801413093051
0.9387755102040813,-1.7551020408163265,0.01786589780399217
1.020408163265306,-1.7551020408163265,0.016549270014474406
1.1020408163265305,-1.7551020408163265,0.015029905148127937
1.1836734693877546,-1.7551020408163265,0.013395407651031003
1.2653061224489792,-1.7551020408163265,0.011724569634735574
1.3469387755102038,-1.7551020408163265,0.010084125797895091
1.4285714285714284,-1.7551020408163265,0.008526941359619407
1.510204081632653,-1.7551020408163265,0.007091525873140972
1.591836734693877,-1.7551020408163265,0.0058026600629872945
1.6734693877551017,-1.7551020408163265,0.004672859807366447
1.7551020408163263,-1.7551020408163265,0.003704380098000632
1.8367346938775508,-1.7551020408163265,0.0028914761256034196
1.9183673469387754,-1.7551020408163265,0.0022226791924122168
2.0,-1.7551020408163265,0.0016829013297061932
-2.0,-1.6734693877551021,-0.0022264372625870076
-1.9183673469387754,-1.6734693877551021,-0.0029405501614448845
-1.836734693877551,-1.6734693877551021,-0.003825352132229926
-1.7551020408163265,-1.6734693877551021,-0.004900804188213583
-1.6734693877551021,-1.6734693877551021,-0.006182079135787553
-1.5918367346938775,-1.6734693877551021,-0.007676777217007639
-1.510204081632653,-1.6734693877551021,-0.00938191513302649
-1.4285714285714286,-1.6734693877551021,-0.011280934683357453
-1.3469387755102042,-1.6734693877551021,-0.013341051576070859
-1.2653061224489797,-1.6734693877551021,-0.015511318614935515
-1.183673469387755,-1.6734693877551021,-0.017721796409184185
-1.1020408163265307,-1.6734693877551021,-0.019884196586131674
-1.0204081632653061,-1.6734693877551021,-0.021894279110987642
-0.9387755102040818,-1.6734693877551021,-0.023636145446105282
-0.8571428571428572,-1.6734693877551021,-0.024988380325729146
-0.7755102040816328,-1.6734693877551021,-0.02583177368047829
-0.6938775510204083,-1.6734693877551021,-0.026058125994471742
-0.6122448979591837,-1.6734693877551021,-0.025579436211565568
-0.5306122448979593,-1.6734693877551021,-0.02433662391457971
-0.44897959183673475,-1.6734693877551021,-0.02230687592961106
-0.3673469387755104,-1.6734693877551021,-0.01950875176967536
-0.2857142857142858,-1.6734693877551021,-0.016004338883120483
-0.20408163265306145,-1.6734693877551021,-0.011898007740366203
-0.12244897959183687,-1.6734693877551021,-0.0073316522937582175
-0.04081632653061229,-1.6734693877551021,-0.0024766736684733023
0.04081632653061229,-1.6734693877551021,0.0024766736684733023
0.12244897959183643,-1.6734693877551021,0.0073316522937581915
0.204081632653061,-1.6734693877551021,0.011898007740366177
0.2857142857142856,-1.6734693877551021,0.01600433888312047
0.36734693877551017,-1.6734693877551021,0.01950875176967535
0.4489795918367343,-1.6734693877551021,0.022306875929611048
0.5306122448979589,-1.6734693877551021,0.024336623914579702
0.6122448979591835,-1.6734693877551021,0.02557943621156557
0.693877551020408,-1.6734693877551021,0.02605812599447175
0.7755102040816326,-1.6734693877551021,0.0258317736804783
0.8571428571428568,-1.6734693877551021,0.024988380325729146
0.9387755102040813,-1.6734693877551021,0.02363614544610529
1.020408163265306,-1.6734693877551021,0.021894279110987645
1.1020408163265305,-1.6734693877551021,0.01988419658613167
1.1836734693877546,-1.6734693877551021,0.017721796409184195
1.2653061224489792,-1.6734693877551021,0.015511318614935522
1.3469387755102038,-1.6734693877551021,0.013341051576070882
1.4285714285714284,-1.6734693877551021,0.011280934683357452
1.510204081632653,-1.6734693877551021,0.00938191513302649
1.591836734693877,-1.6734693877551021,0.007676777217007651
1.6734693877551017,-1.6734693877551021,0.006182079135787563
1.7551020408163263,-1.6734693877551021,0.004900804188213582
1.8367346938775508,-1.6734693877551021,0.0038253521322299286
1.9183673469387754,-1.6734693877551021,0.0029405501614448845
2.0,-1.6734693877551021,0.0022264372625870076
-2.0,-1.5918367346938775,-0.0029065251746481753
-1.9183673469387754,-1.5918367346938775,-0.0038387711233436607
-1.836734693877551,-1.5918367346938775,-0.004993844857456815
-1.7551020408163265,-1.5918367346938775,-0.0063978046848321354
-1.6734693877551021,-1.5918367346938775,-0.008070458099931108
-1.5918367346938775,-1.5918367346938775,-0.010021726916064995
-1.510204081632653,-1.5918367346938775,-0.012247716555403526
-1.4285714285714286,-1.5918367346938775,-0.01472681094666993
-1.3469387755102042,-1.5918367346938775,-0.01741621150244038
-1.2653061224489797,-1.5918367346938775,-0.02024940868709391
-1.183673469387755,-1.5918367346938775,-0.02313509941143944
-1.1020408163265307,-1.5918367346938775,-0.0259580267211713
-1.0204081632653061,-1.5918367346938775,-0.028582109402407838
-0.9387755102040818,-1.5918367346938775,-0.030856046530107942
-0.8571428571428572,-1.5918367346938775,-0.032621335310397785
-0.7755102040816328,-1.5918367346938775,-0.033722351745444815
-0.6938775510204083,-1.5918367346938775,-0.034017845676496516
-0.6122448979591837,-1.5918367346938775,-0.0333929352295491
-0.5306122448979593,-1.5918367346938775,-0.03177049327295226
-0.44897959183673475,-1.5918367346938775,-0.029120738116749097
-0.3673469387755104,-1.5918367346938775,-0.025467898466017384
-0.2857142857142858,-1.5918367346938775,-0.020893027011836814
-0.20408163265306145,-1.5918367346938775,-0.015532375246608505
-0.12244897959183687,-1.5918367346938775,-0.00957118007395124
-0.04081632653061229,-1.5918367346938775,-0.0032331988364413177
0.04081632653061229,-1.5918367346938775,0.0032331988364413177
0.12244897959183643,-1.5918367346938775,0.009571180073951205
0.204081632653061,-1.5918367346938775,0.015532375246608473
0.2857142857142856,-1.5918367346938775,0.020893027011836797
0.36734693877551017,-1.5918367346938775,0.02546789846601737
0.4489795918367343,-1.5918367346938775,0.02912073811674908
0.5306122448979589,-1.5918367346938775,0.031770493272952255
0.6122448979591835,-1.5918367346938775,0.03339293522954909
0.693877551020408,-1.5918367346938775,0.034017845676496516
0.7755102040816326,-1.5918367346938775,0.03372235174544482
0.8571428571428568,-1.5918367346938775,0.0326213353103978
0.9387755102040813,-1.5918367346938775,0.030856046530107952
1.020408163265306,-1.5918367346938775,0.028582109402407845
1.1020408163265305,-1.5918367346938775,0.025958026721171316
1.1836734693877546,-1.5918367346938775,0.023135099411439455
1.2653061224489792,-1.5918367346938775,0.02024940868709392
1.3469387755102038,-1.5918367346938775,0.01741621150244039
1.4285714285714284,-1.5918367346938775,0.014726810946669928
1.510204081632653,-1.5918367346938775,0.012247716555403526
1.591836734693877,-1.5918367346938775,0.010021726916065
1.6734693877551017,-1.5918367346938775,0.00807045809993112
1.7551020408163263,-1.5918367346938775,0.006397804684832135
1.8367346938775508,-1.5918367346938775,0.004993844857456823
1.9183673469387754,-1.5918367346938775,0.0038387711233436607
2.0,-1.5918367346938775,0.0029065251746481753
-2.0,-1.510204081632653,-0.00374411806046544
-1.9183673469387754,-1.510204081632653,-0.004945015587089826
-1.836734693877551,-1.510204081632653,-0.006432954679028298
-1.7551020408163265,-1.510204081632653,-0.008241503041758427
-1.6734693877551021,-1.510204081632653,-0.010396176228488815
-1.5918367346938775,-1.510204081632653,-0.012909755288128042
-1.510204081632653,-1.510204081632653,-0.01577722331618844
-1.4285714285714286,-1.510204081632653,-0.01897073499291516
-1.3469387755102042,-1.510204081632653,-0.022435158174422556
-1.2653061224489797,-1.510204081632653,-0.02608481682539404
-1.183673469387755,-1.510204081632653,-0.02980209643204581
-1.1020408163265307,-1.510204081632653,-0.03343852566924573
-1.0204081632653061,-1.510204081632653,-0.03681880788550471
-0.9387755102040818,-1.510204081632653,-0.039748040751762415
-0.8571428571428572,-1.510204081632653,-0.04202204465920159
-0.7755102040816328,-1.510204081632653,-0.04344034839704133
-0.6938775510204083,-1.510204081632653,-0.043820996799353036
-0.6122448979591837,-1.510204081632653,-0.04301600171071678
-0.5306122448979593,-1.510204081632653,-0.040926009755809206
-0.44897959183673475,-1.510204081632653,-0.03751265685500297
-0.3673469387755104,-1.510204081632653,-0.03280715386208829
-0.2857142857142858,-1.510204081632653,-0.026913910966650904
-0.20408163265306145,-1.510204081632653,-0.020008444169004207
-0.12244897959183687,-1.510204081632653,-0.012329371335717243
-0.04081632653061229,-1.510204081632653,-0.004164931465993961
0.04081632653061229,-1.510204081632653,0.004164931465993961
0.12244897959183643,-1.510204081632653,0.012329371335717198
0.204081632653061,-1.510204081632653,0.020008444169004165
0.2857142857142856,-1.510204081632653,0.026913910966650884
0.36734693877551017,-1.510204081632653,0.03280715386208827
0.4489795918367343,-1.510204081632653,0.037512656855002956
0.5306122448979589,-1.510204081632653,0.0409260097558092
0.6122448979591835,-1.510204081632653,0.043016001710716796
0.693877551020408,-1.510204081632653,0.04382099679935304
0.7755102040816326,-1.510204081632653,0.043440348397041334
0.8571428571428568,-1.510204081632653,0.04202204465920159
0.9387755102040813,-1.510204081632653,0.03974804075176243
1.020408163265306,-1.510204081632653,0.03681880788550472
1.1020408163265305,-1.510204081632653,0.03343852566924574
1.1836734693877546,-1.510204081632653,0.029802096432045837
1.2653061224489792,-1.510204081632653,0.02608481682539406
1.3469387755102038,-1.510204081632653,0.022435158174422567
1.4285714285714284,-1.510204081632653,0.018970734992915173
1.510204081632653,-1.510204081632653,0.01577722331618844
1.591836734693877,-1.510204081632653,0.01290975528812805
1.6734693877551017,-1.510204081632653,0.01039617622848883
1.7551020408163263,-1.510204081632653,0.008241503041758432
1.8367346938775508,-1.510204081632653,0.006432954679028303
1.9183673469387754,-1.510204081632653,0.004945015587089826
2.0,-1.510204081632653,0.00374411806046544
-2.0,-1.4285714285714286,-0.004759231154395854
-1.9183673469387754,-1.4285714285714286,-0.00628571852195424
-1.836734693877551,-1.4285714285714286,-0.0081770707624113
-1.7551020408163265,-1.4285714285714286,-0.010475956527532406
-1.6734693877551021,-1.4285714285714286,-0.013214809200504446
-1.5918367346938775,-1.4285714285714286,-0.01640987505486078
-1.510204081632653,-1.4285714285714286,-0.02005477699251031
-1.4285714285714286,-1.4285714285714286,-0.024114120212557013
-1.3469387755102042,-1.4285714285714286,-0.028517825029330725
-1.2653061224489797,-1.4285714285714286,-0.03315698674221074
-1.183673469387755,-1.4285714285714286,-0.03788210294524476
-1.1020408163265307,-1.4285714285714286,-0.04250444845811201
-1.0204081632653061,-1.4285714285714286,-0.04680119983573022
-0.9387755102040818,-1.4285714285714286,-0.05052461242327049
-0.8571428571428572,-1.4285714285714286,-0.05341514901071907
-0.7755102040816328,-1.4285714285714286,-0.05521798621470508
-0.6938775510204083,-1.4285714285714286,-0.0557018368053907
-0.6122448979591837,-1.4285714285714286,-0.05467858977014712
-0.5306122448979593,-1.4285714285714286,-0.052021954839410876
-0.44897959183673475,-1.4285714285714286,-0.047683166584308406
-0.3673469387755104,-1.4285714285714286,-0.04170189781037488
-0.2857142857142858,-1.4285714285714286,-0.034210866615460855
-0.20408163265306145,-1.4285714285714286,-0.025433175263783546
-0.12244897959183687,-1.4285714285714286,-0.015672136195343758
-0.04081632653061229,-1.4285714285714286,-0.005294136367702557
0.04081632653061229,-1.4285714285714286,0.005294136367702557
0.12244897959183643,-1.4285714285714286,0.0156721361953437
0.204081632653061,-1.4285714285714286,0.02543317526378349
0.2857142857142856,-1.4285714285714286,0.03421086661546083
0.36734693877551017,-1.4285714285714286,0.04170189781037485
0.4489795918367343,-1.4285714285714286,0.04768316658430838
0.5306122448979589,-1.4285714285714286,0.052021954839410856
0.6122448979591835,-1.4285714285714286,0.054678589770147105
0.693877551020408,-1.4285714285714286,0.05570183680539071
0.7755102040816326,-1.4285714285714286,0.055217986214705084
0.8571428571428568,-1.4285714285714286,0.05341514901071909
0.9387755102040813,-1.4285714285714286,0.05052461242327052
1.020408163265306,-1.4285714285714286,0.04680119983573023
1.1020408163265305,-1.4285714285714286,0.04250444845811204
1.1836734693877546,-1.4285714285714286,0.03788210294524478
1.2653061224489792,-1.4285714285714286,0.03315698674221077
1.3469387755102038,-1.4285714285714286,0.02851782502933074
1.4285714285714284,-1.4285714285714286,0.024114120212557034
1.510204081632653,-1.4285714285714286,0.02005477699251031
1.591836734693877,-1.4285714285714286,0.016409875054860804
1.6734693877551017,-1.4285714285714286,0.013214809200504466
1.7551020408163263,-1.4285714285714286,0.010475956527532413
1.8367346938775508,-1.4285714285714286,0.008177070762411299
1.9183673469387754,-1.4285714285714286,0.00628571852195424
2.0,-1.4285714285714286,0.004759231154395854
-2.0,-1.3469387755102042,-0.005969471482368845
-1.9183673469387754,-1.3469387755102042,-0.007884134274156024
-1.836734693877551,-1.3469387755102042,-0.010256444610899074
-1.7551020408163265,-1.3469387755102042,-0.013139921494226927
-1.6734693877551021,-1.3469387755102042,-0.01657524589754258
-1.5918367346938775,-1.3469387755102042,-0.02058279541197499
-1.510204081632653,-1.3469387755102042,-0.02515457128647377
-1.4285714285714286,-1.3469387755102042,-0.030246178061411375
-1.3469387755102042,-1.3469387755102042,-0.035769715260528155
-1.2653061224489797,-1.3469387755102042,-0.04158858445362371
-1.183673469387755,-1.3469387755102042,-0.04751526578298881
-1.1020408163265307,-1.3469387755102042,-0.05331304253002294
-1.0204081632653061,-1.3469387755102042,-0.058702428753011925
-0.9387755102040818,-1.3469387755102042,-0.0633726800052305
-0.8571428571428572,-1.3469387755102042,-0.06699826051765854
-0.7755102040816328,-1.3469387755102042,-0.0692595470421863
-0.6938775510204083,-1.3469387755102042,-0.06986643756906424
-0.6122448979591837,-1.3469387755102042,-0.06858298572607839
-0.5306122448979593,-1.3469387755102042,-0.06525078648136486
-0.44897959183673475,-1.3469387755102042,-0.05980867368695932
-0.3673469387755104,-1.3469387755102042,-0.05230640867480487
-0.2857142857142858,-1.3469387755102042,-0.042910458858357835
-0.20408163265306145,-1.3469387755102042,-0.03190065990028959
-0.12244897959183687,-1.3469387755102042,-0.01965745454483629
-0.04081632653061229,-1.3469387755102042,-0.006640399477462236
0.04081632653061229,-1.3469387755102042,0.006640399477462236
0.12244897959183643,-1.3469387755102042,0.019657454544836223
0.204081632653061,-1.3469387755102042,0.03190065990028953
0.2857142857142856,-1.3469387755102042,0.042910458858357814
0.36734693877551017,-1.3469387755102042,0.05230640867480484
0.4489795918367343,-1.3469387755102042,0.05980867368695929
0.5306122448979589,-1.3469387755102042,0.06525078648136484
0.6122448979591835,-1.3469387755102042,0.06858298572607836
0.693877551020408,-1.3469387755102042,0.06986643756906426
0.7755102040816326,-1.3469387755102042,0.06925954704218631
0.8571428571428568,-1.3469387755102042,0.06699826051765857
0.9387755102040813,-1.3469387755102042,0.06337268000523054
1.020408163265306,-1.3469387755102042,0.05870242875301193
1.1020408163265305,-1.3469387755102042,0.053313042530022975
1.1836734693877546,-1.3469387755102042,0.04751526578298883
1.2653061224489792,-1.3469387755102042,0.04158858445362376
1.3469387755102038,-1.3469387755102042,0.035769715260528176
1.4285714285714284,-1.3469387755102042,0.030246178061411378
1.510204081632653,-1.3469387755102042,0.02515457128647377
1.591836734693877,-1.3469387755102042,0.020582795411975
1.6734693877551017,-1.3469387755102042,0.01657524589754261
1.7551020408163263,-1.3469387755102042,0.013139921494226926
1.8367346938775508,-1.3469387755102042,0.01025644461089909
1.9183673469387754,-1.3469387755102042,0.007884134274156024
2.0,-1.3469387755102042,0.005969471482368845
-2.0,-1.2653061224489797,-0.007388338479355863
-1.9183673469387754,-1.2653061224489797,-0.009758092120249135
-1.836734693877551,-1.2653061224489797,-0.012694270272318469
-1.7551020408163265,-1.2653061224489797,-0.016263112719149316
-1.6734693877551021,-1.2653061224489797,-0.020514969781043745
-1.5918367346938775,-1.2653061224489797,-0.025475062541827822
-1.510204081632653,-1.2653061224489797,-0.031133491049663852
-1.4285714285714286,-1.2653061224489797,-0.03743530761217341
-1.3469387755102042,-1.2653061224489797,-0.044271718934502664
-1.2653061224489797,-1.2653061224489797,-0.05147365888725476
-1.183673469387755,-1.2653061224489797,-0.0588090365417019
-1.1020408163265307,-1.2653061224489797,-0.0659848706438239
-1.0204081632653061,-1.2653061224489797,-0.07265524501934878
-0.9387755102040818,-1.2653061224489797,-0.07843555524227892
-0.8571428571428572,-1.2653061224489797,-0.08292288985625466
-0.7755102040816328,-1.2653061224489797,-0.08572165525640149
-0.6938775510204083,-1.2653061224489797,-0.08647279589686398
-0.6122448979591837,-1.2653061224489797,-0.08488428397148833
-0.5306122448979593,-1.2653061224489797,-0.08076006359899601
-0.44897959183673475,-1.2653061224489797,-0.07402443022062102
-0.3673469387755104,-1.2653061224489797,-0.06473897280025488
-0.2857142857142858,-1.2653061224489797,-0.0531097259257218
-0.20408163265306145,-1.2653061224489797,-0.03948303861644796
-0.12244897959183687,-1.2653061224489797,-0.02432977998952918
-0.04081632653061229,-1.2653061224489797,-0.008218737474922964
0.04081632653061229,-1.2653061224489797,0.008218737474922964
0.12244897959183643,-1.2653061224489797,0.024329779989529097
0.204081632653061,-1.2653061224489797,0.039483038616447884
0.2857142857142856,-1.2653061224489797,0.05310972592572177
0.36734693877551017,-1.2653061224489797,0.06473897280025485
0.4489795918367343,-1.2653061224489797,0.07402443022062098
0.5306122448979589,-1.2653061224489797,0.08076006359899598
0.6122448979591835,-1.2653061224489797,0.08488428397148831
0.693877551020408,-1.2653061224489797,0.08647279589686395
0.7755102040816326,-1.2653061224489797,0.0857216552564015
0.8571428571428568,-1.2653061224489797,0.08292288985625469
0.9387755102040813,-1.2653061224489797,0.07843555524227895
1.020408163265306,-1.2653061224489797,0.07265524501934881
1.1020408163265305,-1.2653061224489797,0.06598487064382391
1.1836734693877546,-1.2653061224489797,0.05880903654170193
1.2653061224489792,-1.2653061224489797,0.05147365888725482
1.3469387755102038,-1.2653061224489797,0.04427171893450272
1.4285714285714284,-1.2653061224489797,0.03743530761217344
1.510204081632653,-1.2653061224489797,0.031133491049663852
1.591836734693877,-1.2653061224489797,0.025475062541827857
1.6734693877551017,-1.2653061224489797,0.020514969781043776
1.7551020408163263,-1.2653061224489797,0.01626311271914933
1.8367346938775508,-1.2653061224489797,0.012694270272318479
1.9183673469387754,-1.2653061224489797,0.009758092120249135
2.0,-1.2653061224489797,0.007388338479355863
-2.0,-1.183673469387755,-0.009023385330004186
-1.9183673469387754,-1.183673469387755,-0.011917567871682298
-1.836734693877551,-1.183673469387755,-0.015503525247307444
-1.7551020408163265,-1.183673469387755,-0.019862156172218374
-1.6734693877551021,-1.183673469387755,-0.025054953544019022
-1.5918367346938775,-1.183673469387755,-0.0311127198981427
-1.510204081632653,-1.183673469387755,-0.03802336441329982
-1.4285714285714286,-1.183673469387755,-0.04571977941667471
-1.3469387755102042,-1.183673469387755,-0.054069095546159684
-1.2653061224489797,-1.183673469387755,-0.06286483216526756
-1.183673469387755,-1.183673469387755,-0.07182353638572572
-1.1020408163265307,-1.183673469387755,-0.08058738990279908
-1.0204081632653061,-1.183673469387755,-0.08873392493959058
-0.9387755102040818,-1.183673469387755,-0.09579342371786097
-0.8571428571428572,-1.183673469387755,-0.10127381006449447
-0.7755102040816328,-1.183673469387755,-0.10469194510586717
-0.6938775510204083,-1.183673469387755,-0.10560931393714865
-0.6122448979591837,-1.183673469387755,-0.10366926270045693
-0.5306122448979593,-1.183673469387755,-0.09863234814776906
-0.44897959183673475,-1.183673469387755,-0.09040611222415253
-0.3673469387755104,-1.183673469387755,-0.07906577359410437
-0.2857142857142858,-1.183673469387755,-0.06486296251014231
-0.20408163265306145,-1.183673469387755,-0.04822067538339231
-0.12244897959183687,-1.183673469387755,-0.02971398514742749
-0.04081632653061229,-1.183673469387755,-0.010037552471315731
0.04081632653061229,-1.183673469387755,0.010037552471315731
0.12244897959183643,-1.183673469387755,0.029713985147427385
0.204081632653061,-1.183673469387755,0.04822067538339221
0.2857142857142856,-1.183673469387755,0.06486296251014229
0.36734693877551017,-1.183673469387755,0.07906577359410434
0.4489795918367343,-1.183673469387755,0.09040611222415247
0.5306122448979589,-1.183673469387755,0.09863234814776901
0.6122448979591835,-1.183673469387755,0.10366926270045693
0.693877551020408,-1.183673469387755,0.10560931393714863
0.7755102040816326,-1.183673469387755,0.10469194510586714
0.8571428571428568,-1.183673469387755,0.10127381006449451
0.9387755102040813,-1.183673469387755,0.09579342371786101
1.020408163265306,-1.183673469387755,0.08873392493959055
1.1020408163265305,-1.183673469387755,0.08058738990279915
1.1836734693877546,-1.183673469387755,0.07182353638572579
1.2653061224489792,-1.183673469387755,0.06286483216526759
1.3469387755102038,-1.183673469387755,0.05406909554615971
1.4285714285714284,-1.183673469387755,0.045719779416674704
1.510204081632653,-1.183673469387755,0.03802336441329982
1.591836734693877,-1.183673469387755,0.031112719898142717
1.6734693877551017,-1.183673469387755,0.02505495354401906
1.7551020408163263,-1.183673469387755,0.01986215617221837
1.8367346938775508,-1.183673469387755,0.015503525247307455
1.9183673469387754,-1.183673469387755,0.011917567871682298
2.0,-1.183673469387755,0.009023385330004186
-2.0,-1.1020408163265307,-0.010874368417020667
-1.9183673469387754,-1.1020408163265307,-0.014362239772759664
-1.836734693877551,-1.1020408163265307,-0.018683790964928726
-1.7551020408163265,-1.1020408163265307,-0.023936515606277808
-1.6734693877551021,-1.1020408163265307,-0.030194520741903652
-1.5918367346938775,-1.1020408163265307,-0.037494927486136316
-1.510204081632653,-1.1020408163265307,-0.0458231648060034
-1.4285714285714286,-1.1020408163265307,-0.055098359112367414
-1.3469387755102042,-1.1020408163265307,-0.06516038531447249
-1.2653061224489797,-1.1020408163265307,-0.0757604070355015
-1.183673469387755,-1.1020408163265307,-0.08655682619189531
-1.1020408163265307,-1.1020408163265307,-0.09711842457344351
-1.0204081632653061,-1.1020408163265307,-0.10693607283652574
-0.9387755102040818,-1.1020408163265307,-0.11544369915933782
-0.8571428571428572,-1.1020408163265307,-0.12204828690787797
-0.7755102040816328,-1.1020408163265307,-0.12616759007178235
-0.6938775510204083,-1.1020408163265307,-0.12727314040359358
-0.6122448979591837,-1.1020408163265307,-0.12493512300500904
-0.5306122448979593,-1.1020408163265307,-0.11886497720852499
-0.44897959183673475,-1.1020408163265307,-0.10895127887390063
-0.3673469387755104,-1.1020408163265307,-0.0952846764041092
-0.2857142857142858,-1.1020408163265307,-0.07816841741306417
-0.20408163265306145,-1.1020408163265307,-0.058112268318294656
-0.12244897959183687,-1.1020408163265307,-0.03580926778739888
-0.04081632653061229,-1.1020408163265307,-0.012096573468420512
0.04081632653061229,-1.1020408163265307,0.012096573468420512
0.12244897959183643,-1.1020408163265307,0.03580926778739876
0.204081632653061,-1.1020408163265307,0.05811226831829455
0.2857142857142856,-1.1020408163265307,0.07816841741306413
0.36734693877551017,-1.1020408163265307,0.09528467640410918
0.4489795918367343,-1.1020408163265307,0.10895127887390058
0.5306122448979589,-1.1020408163265307,0.11886497720852494
0.6122448979591835,-1.1020408163265307,0.12493512300500903
0.693877551020408,-1.1020408163265307,0.12727314040359358
0.7755102040816326,-1.1020408163265307,0.12616759007178235
0.8571428571428568,-1.1020408163265307,0.12204828690787803
0.9387755102040813,-1.1020408163265307,0.11544369915933787
1.020408163265306,-1.1020408163265307,0.10693607283652581
1.1020408163265305,-1.1020408163265307,0.09711842457344354
1.1836734693877546,-1.1020408163265307,0.08655682619189535
1.2653061224489792,-1.1020408163265307,0.07576040703550159
1.3469387755102038,-1.1020408163265307,0.06516038531447255
1.4285714285714284,-1.1020408163265307,0.055098359112367455
1.510204081632653,-1.1020408163265307,0.0458231648060034
1.591836734693877,-1.1020408163265307,0.03749492748613637
1.6734693877551017,-1.1020408163265307,0.030194520741903697
1.7551020408163263,-1.1020408163265307,0.023936515606277825
1.8367346938775508,-1.1020408163265307,0.01868379096492874
1.9183673469387754,-1.1020408163265307,0.014362239772759664
2.0,-1.1020408163265307,0.010874368417020667
-2.0,-1.0204081632653061,-0.012931544543244713
-1.9183673469387754,-1.0204081632653061,-0.017079239569582946
-1.836734693877551,-1.0204081632653061,-0.0222183271555779
-1.7551020408163265,-1.0204081632653061,-0.02846474442489596
-1.6734693877551021,-1.0204081632653061,-0.03590661774201973
-1.5918367346938775,-1.0204081632653061,-0.04458809066775622
-1.510204081632653,-1.0204081632653061,-0.054491835670546974
-1.4285714285714286,-1.0204081632653061,-0.06552167977002231
-1.3469387755102042,-1.0204081632653061,-0.07748720595397575
-1.2653061224489797,-1.0204081632653061,-0.09009250382399248
-1.183673469387755,-1.0204081632653061,-0.10293135292992506
-1.1020408163265307,-1.0204081632653061,-0.11549095866344782
-1.0204081632653061,-1.0204081632653061,-0.1271658763189176
-0.9387755102040818,-1.0204081632653061,-0.1372829465276596
-0.8571428571428572,-1.0204081632653061,-0.14513696778063967
-0.7755102040816328,-1.0204081632653061,-0.15003554674250208
-0.6938775510204083,-1.0204081632653061,-0.15135024133554517
-0.6122448979591837,-1.0204081632653061,-0.1485699257371373
-0.5306122448979593,-1.0204081632653061,-0.141351450351628
-0.44897959183673475,-1.0204081632653061,-0.12956231219792824
-0.3673469387755104,-1.0204081632653061,-0.11331030823636427
-0.2857142857142858,-1.0204081632653061,-0.09295605343569294
-0.20408163265306145,-1.0204081632653061,-0.06910575009494711
-0.12244897959183687,-1.0204081632653061,-0.04258354358575219
-0.04081632653061229,-1.0204081632653061,-0.014384962199981229
0.04081632653061229,-1.0204081632653061,0.014384962199981229
0.12244897959183643,-1.0204081632653061,0.042583543585752046
0.204081632653061,-1.0204081632653061,0.06910575009494697
0.2857142857142856,-1.0204081632653061,0.09295605343569288
0.36734693877551017,-1.0204081632653061,0.11331030823636423
0.4489795918367343,-1.0204081632653061,0.12956231219792816
0.5306122448979589,-1.0204081632653061,0.1413514503516279
0.6122448979591835,-1.0204081632653061,0.14856992573713723
0.693877551020408,-1.0204081632653061,0.1513502413355452
0.7755102040816326,-1.0204081632653061,0.1500355467425021
0.8571428571428568,-1.0204081632653061,0.1451369677806397
0.9387755102040813,-1.0204081632653061,0.13728294652765966
1.020408163265306,-1.0204081632653061,0.12716587631891763
1.1020408163265305,-1.0204081632653061,0.11549095866344788
1.1836734693877546,-1.0204081632653061,0.10293135292992513
1.2653061224489792,-1.0204081632653061,0.09009250382399257
1.3469387755102038,-1.0204081632653061,0.07748720595397579
1.4285714285714284,-1.0204081632653061,0.06552167977002232
1.510204081632653,-1.0204081632653061,0.054491835670546974
1.591836734693877,-1.0204081632653061,0.04458809066775627
1.6734693877551017,-1.0204081632653061,0.03590661774201979
1.7551020408163263,-1.0204081632653061,0.02846474442489598
1.8367346938775508,-1.0204081632653061,0.022218327155577897
1.9183673469387754,-1.0204081632653061,0.017079239569582946
2.0,-1.0204081632653061,0.012931544543244713
-2.0,-0.9387755102040818,-0.015174296868060645
-1.9183673469387754,-0.9387755102040818,-0.020041337725969083
-1.836734693877551,-0.9387755102040818,-0.02607171100427863
-1.7551020408163265,-0.9387755102040818,-0.03340146111181143
-1.6734693877551021,-0.9387755102040818,-0.0421339984039268
-1.5918367346938775,-0.9387755102040818,-0.05232112237713954
-1.510204081632653,-0.9387755102040818,-0.0639425003397917
-1.4285714285714286,-0.9387755102040818,-0.07688527977454204
-1.3469387755102042,-0.9387755102040818,-0.0909260191379394
-1.2653061224489797,-0.9387755102040818,-0.10571748750046288
-1.183673469387755,-0.9387755102040818,-0.12078301251382467
-1.1020408163265307,-0.9387755102040818,-0.135520864230527
-1.0204081632653061,-0.9387755102040818,-0.14922059405180388
-0.9387755102040818,-0.9387755102040818,-0.16109229478090675
-0.8571428571428572,-0.9387755102040818,-0.17030845992670407
-0.7755102040816328,-0.9387755102040818,-0.17605661252752902
-0.6938775510204083,-0.9387755102040818,-0.17759931811686963
-0.6122448979591837,-0.9387755102040818,-0.17433680495488385
-0.5306122448979593,-0.9387755102040818,-0.16586641009460962
-0.44897959183673475,-0.9387755102040818,-0.15203265020888349
-0.3673469387755104,-0.9387755102040818,-0.13296201777290756
-0.2857142857142858,-0.9387755102040818,-0.10907767017307805
-0.20408163265306145,-0.9387755102040818,-0.08109094499299627
-0.12244897959183687,-0.9387755102040818,-0.04996892133830665
-0.04081632653061229,-0.9387755102040818,-0.016879784632716114
0.04081632653061229,-0.9387755102040818,0.016879784632716114
0.12244897959183643,-0.9387755102040818,0.04996892133830648
0.204081632653061,-0.9387755102040818,0.0810909449929961
0.2857142857142856,-0.9387755102040818,0.10907767017307797
0.36734693877551017,-0.9387755102040818,0.1329620177729075
0.4489795918367343,-0.9387755102040818,0.15203265020888337
0.5306122448979589,-0.9387755102040818,0.1658664100946096
0.6122448979591835,-0.9387755102040818,0.17433680495488382
0.693877551020408,-0.9387755102040818,0.1775993181168696
0.7755102040816326,-0.9387755102040818,0.17605661252752905
0.8571428571428568,-0.9387755102040818,0.17030845992670407
0.9387755102040813,-0.9387755102040818,0.1610922947809068
1.020408163265306,-0.9387755102040818,0.1492205940518039
1.1020408163265305,-0.9387755102040818,0.13552086423052703
1.1836734693877546,-0.9387755102040818,0.12078301251382474
1.2653061224489792,-0.9387755102040818,0.10571748750046293
1.3469387755102038,-0.9387755102040818,0.0909260191379395
1.4285714285714284,-0.9387755102040818,0.07688527977454207
1.510204081632653,-0.9387755102040818,0.0639425003397917
1.591836734693877,-0.9387755102040818,0.052321122377139595
1.6734693877551017,-0.9387755102040818,0.042133998403926856
1.7551020408163263,-0.9387755102040818,0.033401461111811435
1.8367346938775508,-0.9387755102040818,0.02607171100427865
1.9183673469387754,-0.9387755102040818,0.020041337725969083
2.0,-0.9387755102040818,0.015174296868060645
-2.0,-0.8571428571428572,-0.017570275496106284
-1.9183673469387754,-0.8571428571428572,-0.02320580836249247
-1.836734693877551,-0.8571428571428572,-0.030188360553577813
-1.7551020408163265,-0.8571428571428572,-0.03867545750619102
-1.6734693877551021,-0.8571428571428572,-0.04878683777880453
-1.5918367346938775,-0.8571428571428572,-0.06058247986216732
-1.510204081632653,-0.8571428571428572,-0.07403884059002185
-1.4285714285714286,-0.8571428571428572,-0.08902524835119845
-1.3469387755102042,-0.8571428571428572,-0.10528298081346343
-1.2653061224489797,-0.8571428571428572,-0.12240998026399498
-1.183673469387755,-0.8571428571428572,-0.13985430913668281
-1.1020408163265307,-0.8571428571428572,-0.15691922602441455
-1.0204081632653061,-0.8571428571428572,-0.1727821045007615
-0.9387755102040818,-0.8571428571428572,-0.18652831325305685
-0.8571428571428572,-0.8571428571428572,-0.1971996848518363
-0.7755102040816328,-0.8571428571428572,-0.20385545451736437
-0.6938775510204083,-0.8571428571428572,-0.20564174896314855
-0.6122448979591837,-0.8571428571428572,-0.20186409418519177
-0.5306122448979593,-0.8571428571428572,-0.1920562478941998
-0.44897959183673475,-0.8571428571428572,-0.1760381763846856
-0.3673469387755104,-0.8571428571428572,-0.15395634493651114
-0.2857142857142858,-0.8571428571428572,-0.12630072629252162
-0.20408163265306145,-0.8571428571428572,-0.09389497623217649
-0.12244897959183687,-0.8571428571428572,-0.057858872921175454
-0.04081632653061229,-0.8571428571428572,-0.019545054963042124
0.04081632653061229,-0.8571428571428572,0.019545054963042124
0.12244897959183643,-0.8571428571428572,0.05785887292117525
0.204081632653061,-0.8571428571428572,0.0938949762321763
0.2857142857142856,-0.8571428571428572,0.12630072629252156
0.36734693877551017,-0.8571428571428572,0.15395634493651109
0.4489795918367343,-0.8571428571428572,0.1760381763846855
0.5306122448979589,-0.8571428571428572,0.19205624789419973
0.6122448979591835,-0.8571428571428572,0.20186409418519174
0.693877551020408,-0.8571428571428572,0.20564174896314852
0.7755102040816326,-0.8571428571428572,0.20385545451736434
0.8571428571428568,-0.8571428571428572,0.19719968485183637
0.9387755102040813,-0.8571428571428572,0.1865283132530569
1.020408163265306,-0.8571428571428572,0.17278210450076156
1.1020408163265305,-0.8571428571428572,0.1569192260244146
1.1836734693877546,-0.8571428571428572,0.1398543091366829
1.2653061224489792,-0.8571428571428572,0.12240998026399509
1.3469387755102038,-0.8571428571428572,0.10528298081346353
1.4285714285714284,-0.8571428571428572,0.08902524835119852
1.510204081632653,-0.8571428571428572,0.07403884059002185
1.591836734693877,-0.8571428571428572,0.06058247986216741
1.6734693877551017,-0.8571428571428572,0.0487868377788046
1.7551020408163263,-0.8571428571428572,0.03867545750619106
1.8367346938775508,-0.8571428571428572,0.03018836055357784
1.9183673469387754,-0.8571428571428572,0.02320580836249247
2.0,-0.8571428571428572,0.017570275496106284
-2.0,-0.7755102040816328,-0.020075223296962874
-1.9183673469387754,-0.7755102040816328,-0.026514199209158873
-1.836734693877551,-0.7755102040816328,-0.03449223543572801
-1.7551020408163265,-0.7755102040816328,-0.044189315399240335
-1.6734693877551021,-0.7755102040816328,-0.055742248468400514
-1.5918367346938775,-0.7755102040816328,-0.06921956410907092
-1.510204081632653,-0.7755102040816328,-0.08459436266792256
-1.4285714285714286,-0.7755102040816328,-0.10171734302708828
-1.3469387755102042,-0.7755102040816328,-0.12029289749432356
-1.2653061224489797,-0.7755102040816328,-0.13986164804991819
-1.183673469387755,-0.7755102040816328,-0.15979296884579722
-1.1020408163265307,-0.7755102040816328,-0.17929078589148015
-1.0204081632653061,-0.7755102040816328,-0.19741519308223954
-0.9387755102040818,-0.7755102040816328,-0.21312116253332458
-0.8571428571428572,-0.7755102040816328,-0.225313923413929
-0.7755102040816328,-0.7755102040816328,-0.23291858859281236
-0.6938775510204083,-0.7755102040816328,-0.23495955032281984
-0.6122448979591837,-0.7755102040816328,-0.23064332527426407
-0.5306122448979593,-0.7755102040816328,-0.2194372002253093
-0.44897959183673475,-0.7755102040816328,-0.201135474540275
-0.3673469387755104,-0.7755102040816328,-0.17590549466737898
-0.2857142857142858,-0.7755102040816328,-0.14430708747013413
-0.20408163265306145,-0.7755102040816328,-0.10728133515844354
-0.12244897959183687,-0.7755102040816328,-0.06610765971544391
-0.04081632653061229,-0.7755102040816328,-0.022331541860082734
0.04081632653061229,-0.7755102040816328,0.022331541860082734
0.12244897959183643,-0.7755102040816328,0.06610765971544369
0.204081632653061,-0.7755102040816328,0.10728133515844333
0.2857142857142856,-0.7755102040816328,0.14430708747013404
0.36734693877551017,-0.7755102040816328,0.17590549466737887
0.4489795918367343,-0.7755102040816328,0.20113547454027483
0.5306122448979589,-0.7755102040816328,0.2194372002253092
0.6122448979591835,-0.7755102040816328,0.23064332527426407
0.693877551020408,-0.7755102040816328,0.23495955032281987
0.7755102040816326,-0.7755102040816328,0.2329185885928124
0.8571428571428568,-0.7755102040816328,0.22531392341392903
0.9387755102040813,-0.7755102040816328,0.21312116253332467
1.020408163265306,-0.7755102040816328,0.19741519308223957
1.1020408163265305,-0.7755102040816328,0.17929078589148023
1.1836734693877546,-0.7755102040816328,0.15979296884579727
1.2653061224489792,-0.7755102040816328,0.13986164804991835
1.3469387755102038,-0.7755102040816328,0.12029289749432365
1.4285714285714284,-0.7755102040816328,0.1017173430270883
1.510204081632653,-0.7755102040816328,0.08459436266792256
1.591836734693877,-0.7755102040816328,0.06921956410907099
1.6734693877551017,-0.7755102040816328,0.055742248468400604
1.7551020408163263,-0.7755102040816328,0.04418931539924035
1.8367346938775508,-0.7755102040816328,0.03449223543572804
1.9183673469387754,-0.7755102040816328,0.026514199209158873
2.0,-0.7755102040816328,0.020075223296962874
-2.0,-0.6938775510204083,-0.0226336198241558
-1.9183673469387754,-0.6938775510204083,-0.029893182056551455
-1.836734693877551,-0.6938775510204083,-0.03888794322181462
-1.7551020408163265,-0.6938775510204083,-0.049820823920171835
-1.6734693877551021,-0.6938775510204083,-0.06284606857490244
-1.5918367346938775,-0.6938775510204083,-0.07804094008137434
-1.510204081632653,-0.6938775510204083,-0.09537511068094483
-1.4285714285714286,-0.6938775510204083,-0.11468025224639261
-1.3469387755102042,-0.6938775510204083,-0.1356230846928894
-1.2653061224489797,-0.6938775510204083,-0.15768568663545782
-1.183673469387755,-0.6938775510204083,-0.1801570649516065
-1.1020408163265307,-0.6938775510204083,-0.20213969358217806
-1.0204081632653061,-0.6938775510204083,-0.22257388431697817
-0.9387755102040818,-0.6938775510204083,-0.24028143039341185
-0.8571428571428572,-0.6938775510204083,-0.25402804283683056
-0.7755102040816328,-0.6938775510204083,-0.2626018503607987
-0.6938775510204083,-0.6938775510204083,-0.2649029132774752
-0.6122448979591837,-0.6938775510204083,-0.26003662634360636
-0.5306122448979593,-0.6938775510204083,-0.24740238709714357
-0.44897959183673475,-0.6938775510204083,-0.2267682803102108
-0.3673469387755104,-0.6938775510204083,-0.19832297914633168
-0.2857142857142858,-0.6938775510204083,-0.1626976550853282
-0.20408163265306145,-0.6938775510204083,-0.12095332232600373
-0.12244897959183687,-0.6938775510204083,-0.07453245303081542
-0.04081632653061229,-0.6938775510204083,-0.025177484756784784
0.04081632653061229,-0.6938775510204083,0.025177484756784784
0.12244897959183643,-0.6938775510204083,0.07453245303081514
0.204081632653061,-0.6938775510204083,0.12095332232600349
0.2857142857142856,-0.6938775510204083,0.16269765508532813
0.36734693877551017,-0.6938775510204083,0.19832297914633157
0.4489795918367343,-0.6938775510204083,0.22676828031021065
0.5306122448979589,-0.6938775510204083,0.24740238709714352
0.6122448979591835,-0.6938775510204083,0.26003662634360636
0.693877551020408,-0.6938775510204083,0.2649029132774752
0.7755102040816326,-0.6938775510204083,0.26260185036079875
0.8571428571428568,-0.6938775510204083,0.25402804283683056
0.9387755102040813,-0.6938775510204083,0.24028143039341196
1.020408163265306,-0.6938775510204083,0.22257388431697822
1.1020408163265305,-0.6938775510204083,0.2021396935821781
1.1836734693877546,-0.6938775510204083,0.18015706495160658
1.2653061224489792,-0.6938775510204083,0.1576856866354579
1.3469387755102038,-0.6938775510204083,0.13562308469288953
1.4285714285714284,-0.6938775510204083,0.11468025224639265
1.510204081632653,-0.6938775510204083,0.09537511068094483
1.591836734693877,-0.6938775510204083,0.07804094008137444
1.6734693877551017,-0.6938775510204083,0.06284606857490253
1.7551020408163263,-0.6938775510204083,0.04982082392017184
1.8367346938775508,-0.6938775510204083,0.03888794322181465
1.9183673469387754,-0.6938775510204083,0.029893182056551455
2.0,-0.6938775510204083,0.0226336198241558
-2.0,-0.6122448979591837,-0.02518021694800813
-1.9183673469387754,-0.6122448979591837,-0.03325658093129805
-1.836734693877551,-0.6122448979591837,-0.04326337786861883
-1.7551020408163265,-0.6122448979591837,-0.0554263597508858
-1.6734693877551021,-0.6122448979591837,-0.06991712564494588
-1.5918367346938775,-0.6122448979591837,-0.08682163159682765
-1.510204081632653,-0.6122448979591837,-0.1061061375531014
-1.4285714285714286,-0.6122448979591837,-0.1275833761303433
-1.3469387755102042,-0.6122448979591837,-0.15088256859737248
-1.2653061224489797,-0.6122448979591837,-0.17542752020774252
-1.183673469387755,-0.6122448979591837,-0.20042724122088337
-1.1020408163265307,-0.6122448979591837,-0.2248832214090163
-1.0204081632653061,-0.6122448979591837,-0.2476165428952288
-0.9387755102040818,-0.6122448979591837,-0.2673164342641553
-0.8571428571428572,-0.6122448979591837,-0.2826097318592685
-0.7755102040816328,-0.6122448979591837,-0.2921482120140679
-0.6938775510204083,-0.6122448979591837,-0.2947081765227539
-0.6122448979591837,-0.6122448979591837,-0.28929436460587704
-0.5306122448979593,-0.6122448979591837,-0.27523859766843634
-0.44897959183673475,-0.6122448979591837,-0.2522828667928642
-0.3673469387755104,-0.6122448979591837,-0.22063707349852446
-0.2857142857142858,-0.6122448979591837,-0.18100340483798713
-0.20408163265306145,-0.6122448979591837,-0.13456225386894013
-0.12244897959183687,-0.6122448979591837,-0.08291839094072784
-0.04081632653061229,-0.6122448979591837,-0.02801030207746077
0.04081632653061229,-0.6122448979591837,0.02801030207746077
0.12244897959183643,-0.6122448979591837,0.08291839094072755
0.204081632653061,-0.6122448979591837,0.13456225386893989
0.2857142857142856,-0.6122448979591837,0.18100340483798702
0.36734693877551017,-0.6122448979591837,0.22063707349852435
0.4489795918367343,-0.6122448979591837,0.252282866792864
0.5306122448979589,-0.6122448979591837,0.2752385976684362
0.6122448979591835,-0.6122448979591837,0.289294364605877
0.693877551020408,-0.6122448979591837,0.2947081765227539
0.7755102040816326,-0.6122448979591837,0.2921482120140679
0.8571428571428568,-0.6122448979591837,0.2826097318592686
0.9387755102040813,-0.6122448979591837,0.26731643426415536
1.020408163265306,-0.6122448979591837,0.24761654289522883
1.1020408163265305,-0.6122448979591837,0.2248832214090164
1.1836734693877546,-0.6122448979591837,0.20042724122088354
1.2653061224489792,-0.6122448979591837,0.17542752020774263
1.3469387755102038,-0.6122448979591837,0.15088256859737256
1.4285714285714284,-0.6122448979591837,0.12758337613034326
1.510204081632653,-0.6122448979591837,0.1061061375531014
1.591836734693877,-0.6122448979591837,0.08682163159682771
1.6734693877551017,-0.6122448979591837,0.069917125644946
1.7551020408163263,-0.6122448979591837,0.05542635975088579
1.8367346938775508,-0.6122448979591837,0.043263377868618856
1.9183673469387754,-0.6122448979591837,0.03325658093129805
2.0,-0.6122448979591837,0.02518021694800813
-2.0,-0.5306122448979593,-0.027642463005293296
-1.9183673469387754,-0.5306122448979593,-0.03650857377337528
-1.836734693877551,-0.5306122448979593,-0.04749388477019944
-1.7551020408163265,-0.5306122448979593,-0.060846223132050334
-1.6734693877551021,-0.5306122448979593,-0.07675396773059753
-1.5918367346938775,-0.5306122448979593,-0.09531147981885676
-1.510204081632653,-0.5306122448979593,-0.11648172007422618
-1.4285714285714286,-0.5306122448979593,-0.14005910918302925
-1.3469387755102042,-0.5306122448979593,-0.16563661183731077
-1.2653061224489797,-0.5306122448979593,-0.19258169012068277
-1.183673469387755,-0.5306122448979593,-0.22002600740656167
-1.1020408163265307,-0.5306122448979593,-0.24687341420232106
-1.0204081632653061,-0.5306122448979593,-0.2718297122146691
-0.9387755102040818,-0.5306122448979593,-0.2934559563212324
-0.8571428571428572,-0.5306122448979593,-0.31024470813678423
-0.7755102040816328,-0.5306122448979593,-0.3207159080216059
-0.6938775510204083,-0.5306122448979593,-0.32352619851164927
-0.6122448979591837,-0.5306122448979593,-0.31758299730973416
-0.5306122448979593,-0.5306122448979593,-0.3021527880156095
-0.44897959183673475,-0.5306122448979593,-0.27695233232463234
-0.3673469387755104,-0.5306122448979593,-0.24221205696409207
-0.2857142857142858,-0.5306122448979593,-0.19870281230686443
-0.20408163265306145,-0.5306122448979593,-0.14772041607748354
-0.12244897959183687,-0.5306122448979593,-0.09102656100104926
-0.04081632653061229,-0.5306122448979593,-0.030749287845375305
0.04081632653061229,-0.5306122448979593,0.030749287845375305
0.12244897959183643,-0.5306122448979593,0.09102656100104894
0.204081632653061,-0.5306122448979593,0.14772041607748324
0.2857142857142856,-0.5306122448979593,0.19870281230686432
0.36734693877551017,-0.5306122448979593,0.24221205696409195
0.4489795918367343,-0.5306122448979593,0.2769523323246322
0.5306122448979589,-0.5306122448979593,0.3021527880156094
0.6122448979591835,-0.5306122448979593,0.3175829973097341
0.693877551020408,-0.5306122448979593,0.32352619851164927
0.7755102040816326,-0.5306122448979593,0.3207159080216059
0.8571428571428568,-0.5306122448979593,0.3102447081367843
0.9387755102040813,-0.5306122448979593,0.2934559563212325
1.020408163265306,-0.5306122448979593,0.2718297122146692
1.1020408163265305,-0.5306122448979593,0.2468734142023212
1.1836734693877546,-0.5306122448979593,0.2200260074065618
1.2653061224489792,-0.5306122448979593,0.1925816901206829
1.3469387755102038,-0.5306122448979593,0.16563661183731088
1.4285714285714284,-0.5306122448979593,0.14005910918302927
1.510204081632653,-0.5306122448979593,0.11648172007422618
1.591836734693877,-0.5306122448979593,0.09531147981885688
1.6734693877551017,-0.5306122448979593,0.07675396773059764
1.7551020408163263,-0.5306122448979593,0.06084622313205036
1.8367346938775508,-0.5306122448979593,0.04749388477019948
1.9183673469387754,-0.5306122448979593,0.03650857377337528
2.0,-0.5306122448979593,0.027642463005293296
-2.0,-0.44897959183673475,-0.029943724967242274
-1.9183673469387754,-0.44897959183673475,-0.03954794809011353
-1.836734693877551,-0.44897959183673475,-0.051447796924334085
-1.7551020408163265,-0.44897959183673475,-0.06591173045660505
-1.6734693877551021,-0.44897959183673475,-0.08314381028309577
-1.5918367346938775,-0.44897959183673475,-0.10324625332301951
-1.510204081632653,-0.44897959183673475,-0.12617893669410088
-1.4285714285714286,-0.44897959183673475,-0.15171916640461766
-1.3469387755102042,-0.44897959183673475,-0.17942602106087796
-1.2653061224489797,-0.44897959183673475,-0.20861430334902287
-1.183673469387755,-0.44897959183673475,-0.2383433867727657
-1.1020408163265307,-0.44897959183673475,-0.267425866326847
-1.0204081632653061,-0.44897959183673475,-0.2944598004498369
-0.9387755102040818,-0.44897959183673475,-0.31788645043675634
-0.8571428571428572,-0.44897959183673475,-0.33607288218894527
-0.7755102040816328,-0.44897959183673475,-0.347415819660475
-0.6938775510204083,-0.44897959183673475,-0.35046006957032577
-0.6122448979591837,-0.44897959183673475,-0.3440220910811784
-0.5306122448979593,-0.44897959183673475,-0.3273073018382019
-0.44897959183673475,-0.44897959183673475,-0.30000888367208917
-0.3673469387755104,-0.44897959183673475,-0.262376446559554
-0.2857142857142858,-0.44897959183673475,-0.21524501491762696
-0.20408163265306145,-0.44897959183673475,-0.16001828455820788
-0.12244897959183687,-0.44897959183673475,-0.0986046108412038
-0.04081632653061229,-0.44897959183673475,-0.033309196000521644
0.04081632653061229,-0.44897959183673475,0.033309196000521644
0.12244897959183643,-0.44897959183673475,0.09860461084120346
0.204081632653061,-0.44897959183673475,0.16001828455820757
0.2857142857142856,-0.44897959183673475,0.21524501491762682
0.36734693877551017,-0.44897959183673475,0.2623764465595539
0.4489795918367343,-0.44897959183673475,0.30000888367208894
0.5306122448979589,-0.44897959183673475,0.3273073018382017
0.6122448979591835,-0.44897959183673475,0.34402209108117837
0.693877551020408,-0.44897959183673475,0.3504600695703257
0.7755102040816326,-0.44897959183673475,0.347415819660475
0.8571428571428568,-0.44897959183673475,0.3360728821889453
0.9387755102040813,-0.44897959183673475,0.31788645043675645
1.020408163265306,-0.44897959183673475,0.29445980044983694
1.1020408163265305,-0.44897959183673475,0.2674258663268471
1.1836734693877546,-0.44897959183673475,0.23834338677276587
1.2653061224489792,-0.44897959183673475,0.20861430334902303
1.3469387755102038,-0.44897959183673475,0.17942602106087815
1.4285714285714284,-0.44897959183673475,0.1517191664046177
1.510204081632653,-0.44897959183673475,0.12617893669410088
1.591836734693877,-0.44897959183673475,0.10324625332301962
1.6734693877551017,-0.44897959183673475,0.08314381028309588
1.7551020408163263,-0.44897959183673475,0.06591173045660506
1.8367346938775508,-0.44897959183673475,0.05144779692433413
1.9183673469387754,-0.44897959183673475,0.03954794809011353
2.0,-0.44897959183673475,0.029943724967242274
-2.0,-0.3673469387755104,-0.03200712986024521
-1.9183673469387754,-0.3673469387755104,-0.04227317448351112
-1.836734693877551,-0.3673469387755104,-0.05499303506768556
-1.7551020408163265,-0.3673469387755104,-0.07045366995408689
-1.6734693877551021,-0.3673469387755104,-0.08887320250629882
-1.5918367346938775,-0.3673469387755104,-0.11036089335274195
-1.510204081632653,-0.3673469387755104,-0.13487385476636288
-1.4285714285714286,-0.3673469387755104,-0.16217404704034666
-1.3469387755102042,-0.3673469387755104,-0.1917901651409511
-1.2653061224489797,-0.3673469387755104,-0.2229897952008778
-1.183673469387755,-0.3673469387755104,-0.25476749269211396
-1.1020408163265307,-0.3673469387755104,-0.2858540292123275
-1.0204081632653061,-0.3673469387755104,-0.31475085621212284
-0.9387755102040818,-0.3673469387755104,-0.3397918231974303
-0.8571428571428572,-0.3673469387755104,-0.35923147151852586
-0.7755102040816328,-0.3673469387755104,-0.37135604429779995
-0.6938775510204083,-0.3673469387755104,-0.3746100717208486
-0.6122448979591837,-0.3673469387755104,-0.36772845583087393
-0.5306122448979593,-0.3673469387755104,-0.349861860059244
-0.44897959183673475,-0.3673469387755104,-0.3206823235727881
-0.3673469387755104,-0.3673469387755104,-0.2804566568283825
-0.2857142857142858,-0.3673469387755104,-0.230077425296142
-0.20408163265306145,-0.3673469387755104,-0.17104505266032466
-0.12244897959183687,-0.3673469387755104,-0.10539939795285987
-0.04081632653061229,-0.3673469387755104,-0.03560451356988417
0.04081632653061229,-0.3673469387755104,0.03560451356988417
0.12244897959183643,-0.3673469387755104,0.1053993979528595
0.204081632653061,-0.3673469387755104,0.17104505266032433
0.2857142857142856,-0.3673469387755104,0.23007742529614184
0.36734693877551017,-0.3673469387755104,0.2804566568283824
0.4489795918367343,-0.3673469387755104,0.3206823235727879
0.5306122448979589,-0.3673469387755104,0.3498618600592439
0.6122448979591835,-0.3673469387755104,0.3677284558308739
0.693877551020408,-0.3673469387755104,0.37461007172084854
0.7755102040816326,-0.3673469387755104,0.37135604429779995
0.8571428571428568,-0.3673469387755104,0.35923147151852597
0.9387755102040813,-0.3673469387755104,0.33979182319743045
1.020408163265306,-0.3673469387755104,0.3147508562121229
1.1020408163265305,-0.3673469387755104,0.2858540292123276
1.1836734693877546,-0.3673469387755104,0.2547674926921142
1.2653061224489792,-0.3673469387755104,0.22298979520087797
1.3469387755102038,-0.3673469387755104,0.19179016514095126
1.4285714285714284,-0.3673469387755104,0.1621740470403467
1.510204081632653,-0.3673469387755104,0.13487385476636288
1.591836734693877,-0.3673469387755104,0.11036089335274207
1.6734693877551017,-0.3673469387755104,0.08887320250629895
1.7551020408163263,-0.3673469387755104,0.0704536699540869
1.8367346938775508,-0.3673469387755104,0.05499303506768561
1.9183673469387754,-0.3673469387755104,0.04227317448351112
2.0,-0.3673469387755104,0.03200712986024521
-2.0,-0.2857142857142858,-0.03375976829757982
-1.9183673469387754,-0.2857142857142858,-0.0445879584329454
-1.836734693877551,-0.2857142857142858,-0.05800432997185718
-1.7551020408163265,-0.2857142857142858,-0.07431155444894715
-1.6734693877551021,-0.2857142857142858,-0.0937396991725628
-1.5918367346938775,-0.2857142857142858,-0.11640400763737649
-1.510204081632653,-0.2857142857142858,-0.142259243680869
-1.4285714285714286,-0.2857142857142858,-0.17105433307730422
-1.3469387755102042,-0.2857142857142858,-0.2022921631894012
-1.2653061224489797,-0.2857142857142858,-0.23520021481391076
-1.183673469387755,-0.2857142857142858,-0.2687179875420181
-1.1020408163265307,-0.2857142857142858,-0.3015067528789617
-1.0204081632653061,-0.2857142857142858,-0.33198590512747467
-0.9387755102040818,-0.2857142857142858,-0.3583980591401135
-0.8571428571428572,-0.2857142857142858,-0.3789021788775648
-0.7755102040816328,-0.2857142857142858,-0.39169066599036406
-0.6938775510204083,-0.2857142857142858,-0.39512287663579704
-0.6122448979591837,-0.2857142857142858,-0.3878644389385437
-0.5306122448979593,-0.2857142857142858,-0.3690195085698911
-0.44897959183673475,-0.2857142857142858,-0.338242166299128
-0.3673469387755104,-0.2857142857142858,-0.2958138325236112
-0.2857142857142858,-0.2857142857142858,-0.24267594759094646
-0.20408163265306145,-0.2857142857142858,-0.1804110950114307
-0.12244897959183687,-0.2857142857142858,-0.11117083190931565
-0.04081632653061229,-0.2857142857142858,-0.03755413664754374
0.04081632653061229,-0.2857142857142858,0.03755413664754374
0.12244897959183643,-0.2857142857142858,0.11117083190931526
0.204081632653061,-0.2857142857142858,0.18041109501143035
0.2857142857142856,-0.2857142857142858,0.2426759475909463
0.36734693877551017,-0.2857142857142858,0.2958138325236111
0.4489795918367343,-0.2857142857142858,0.3382421662991278
0.5306122448979589,-0.2857142857142858,0.36901950856989096
0.6122448979591835,-0.2857142857142858,0.3878644389385437
0.693877551020408,-0.2857142857142858,0.3951228766357971
0.7755102040816326,-0.2857142857142858,0.391690665990364
0.8571428571428568,-0.2857142857142858,0.37890217887756494
0.9387755102040813,-0.2857142857142858,0.3583980591401137
1.020408163265306,-0.2857142857142858,0.3319859051274747
1.1020408163265305,-0.2857142857142858,0.30150675287896184
1.1836734693877546,-0.2857142857142858,0.26871798754201826
1.2653061224489792,-0.2857142857142858,0.23520021481391093
1.3469387755102038,-0.2857142857142858,0.20229216318940135
1.4285714285714284,-0.2857142857142858,0.17105433307730428
1.510204081632653,-0.2857142857142858,0.142259243680869
1.591836734693877,-0.2857142857142858,0.11640400763737661
1.6734693877551017,-0.2857142857142858,0.09373969917256295
1.7551020408163263,-0.2857142857142858,0.07431155444894716
1.8367346938775508,-0.2857142857142858,0.05800432997185723
1.9183673469387754,-0.2857142857142858,0.0445879584329454
2.0,-0.2857142857142858,0.03375976829757982
-2.0,-0.20408163265306145,-0.03513694520163516
-1.9183673469387754,-0.20408163265306145,-0.04640685440437405
-1.836734693877551,-0.20408163265306145,-0.060370525819776394
-1.7551020408163265,-0.20408163265306145,-0.07734297799396238
-1.6734693877551021,-0.20408163265306145,-0.09756366347100276
-1.5918367346938775,-0.20408163265306145,-0.12115252692354621
-1.510204081632653,-0.20408163265306145,-0.14806248685063098
-1.4285714285714286,-0.20408163265306145,-0.17803222684648462
-1.3469387755102042,-0.20408163265306145,-0.2105443553419111
-1.2653061224489797,-0.20408163265306145,-0.2447948394219771
-1.183673469387755,-0.20408163265306145,-0.2796799172236751
-1.1020408163265307,-0.20408163265306145,-0.31380624891879083
-1.0204081632653061,-0.20408163265306145,-0.3455287504747352
-0.9387755102040818,-0.20408163265306145,-0.37301834696778247
-0.8571428571428572,-0.20408163265306145,-0.39435890017514086
-0.7755102040816328,-0.20408163265306145,-0.4076690736020851
-0.6938775510204083,-0.20408163265306145,-0.4112412959084123
-0.6122448979591837,-0.20408163265306145,-0.40368676160682
-0.5306122448979593,-0.20408163265306145,-0.3840730818014569
-0.44897959183673475,-0.20408163265306145,-0.352040226028057
-0.3673469387755104,-0.20408163265306145,-0.3078810947885842
-0.2857142857142858,-0.20408163265306145,-0.25257553301600283
-0.20408163265306145,-0.20408163265306145,-0.1877706832377187
-0.12244897959183687,-0.20408163265306145,-0.11570587198306834
-0.04081632653061229,-0.20408163265306145,-0.039086098869169646
0.04081632653061229,-0.20408163265306145,0.039086098869169646
0.12244897959183643,-0.20408163265306145,0.11570587198306792
0.204081632653061,-0.20408163265306145,0.1877706832377183
0.2857142857142856,-0.20408163265306145,0.2525755330160026
0.36734693877551017,-0.20408163265306145,0.30788109478858405
0.4489795918367343,-0.20408163265306145,0.3520402260280568
0.5306122448979589,-0.20408163265306145,0.3840730818014568
0.6122448979591835,-0.20408163265306145,0.40368676160682
0.693877551020408,-0.20408163265306145,0.4112412959084123
0.7755102040816326,-0.20408163265306145,0.40766907360208515
0.8571428571428568,-0.20408163265306145,0.39435890017514097
0.9387755102040813,-0.20408163265306145,0.37301834696778263
1.020408163265306,-0.20408163265306145,0.3455287504747353
1.1020408163265305,-0.20408163265306145,0.313806248918791
1.1836734693877546,-0.20408163265306145,0.2796799172236753
1.2653061224489792,-0.20408163265306145,0.24479483942197727
1.3469387755102038,-0.20408163265306145,0.21054435534191124
1.4285714285714284,-0.20408163265306145,0.17803222684648468
1.510204081632653,-0.20408163265306145,0.14806248685063098
1.591836734693877,-0.20408163265306145,0.12115252692354633
1.6734693877551017,-0.20408163265306145,0.09756366347100291
1.7551020408163263,-0.20408163265306145,0.07734297799396239
1.8367346938775508,-0.20408163265306145,0.06037052581977644
1.9183673469387754,-0.20408163265306145,0.04640685440437405
2.0,-0.20408163265306145,0.03513694520163516
-2.0,-0.12244897959183687,-0.03608613454520196
-1.9183673469387754,-0.12244897959183687,-0.04766048904495847
-1.836734693877551,-0.12244897959183687,-0.06200137504257642
-1.7551020408163265,-0.12244897959183687,-0.07943232099433713
-1.6734693877551021,-0.12244897959183687,-0.10019924801469554
-1.5918367346938775,-0.12244897959183687,-0.12442534096136597
-1.510204081632653,-0.12244897959183687,-0.1520622464738458
-1.4285714285714286,-0.12244897959183687,-0.18284158894567698
-1.3469387755102042,-0.12244897959183687,-0.21623199999319898
-1.2653061224489797,-0.12244897959183687,-0.25140772655846794
-1.183673469387755,-0.12244897959183687,-0.2872351897584654
-1.1020408163265307,-0.12244897959183687,-0.3222834100865896
-1.0204081632653061,-0.12244897959183687,-0.35486286321460125
-0.9387755102040818,-0.12244897959183687,-0.383095063593684
-0.8571428571428572,-0.12244897959183687,-0.40501211044822777
-0.7755102040816328,-0.12244897959183687,-0.4186818448644778
-0.6938775510204083,-0.12244897959183687,-0.4223505671746203
-0.6122448979591837,-0.12244897959183687,-0.41459195470363874
-0.5306122448979593,-0.12244897959183687,-0.3944484310045465
-0.44897959183673475,-0.12244897959183687,-0.36155023975108025
-0.3673469387755104,-0.12244897959183687,-0.3161981938585794
-0.2857142857142858,-0.12244897959183687,-0.25939860778840296
-0.20408163265306145,-0.12244897959183687,-0.19284311997178055
-0.12244897959183687,-0.12244897959183687,-0.11883155009891426
-0.04081632653061229,-0.12244897959183687,-0.040141970639333835
0.04081632653061229,-0.12244897959183687,0.040141970639333835
0.12244897959183643,-0.12244897959183687,0.11883155009891384
0.204081632653061,-0.12244897959183687,0.19284311997178016
0.2857142857142856,-0.12244897959183687,0.2593986077884028
0.36734693877551017,-0.12244897959183687,0.3161981938585793
0.4489795918367343,-0.12244897959183687,0.36155023975108
0.5306122448979589,-0.12244897959183687,0.39444843100454635
0.6122448979591835,-0.12244897959183687,0.4145919547036387
0.693877551020408,-0.12244897959183687,0.4223505671746203
0.7755102040816326,-0.12244897959183687,0.41868184486447785
0.8571428571428568,-0.12244897959183687,0.4050121104482278
0.9387755102040813,-0.12244897959183687,0.38309506359368417
1.020408163265306,-0.12244897959183687,0.35486286321460125
1.1020408163265305,-0.12244897959183687,0.3222834100865898
1.1836734693877546,-0.12244897959183687,0.28723518975846557
1.2653061224489792,-0.12244897959183687,0.2514077265584681
1.3469387755102038,-0.12244897959183687,0.21623199999319911
1.4285714285714284,-0.12244897959183687,0.18284158894567706
1.510204081632653,-0.12244897959183687,0.1520622464738458
1.591836734693877,-0.12244897959183687,0.1244253409613661
1.6734693877551017,-0.12244897959183687,0.1001992480146957
1.7551020408163263,-0.12244897959183687,0.07943232099433715
1.8367346938775508,-0.12244897959183687,0.06200137504257646
1.9183673469387754,-0.12244897959183687,0.04766048904495847
2.0,-0.12244897959183687,0.03608613454520196
-2.0,-0.04081632653061229,-0.03657030188181772
-1.9183673469387754,-0.04081632653061229,-0.04829994938986734
-1.836734693877551,-0.04081632653061229,-0.06283324692354161
-1.7551020408163265,-0.04081632653061229,-0.080498063717456
-1.6734693877551021,-0.04081632653061229,-0.10154362040740528
-1.5918367346938775,-0.04081632653061229,-0.12609475462121125
-1.510204081632653,-0.04081632653061229,-0.15410246424177637
-1.4285714285714286,-0.04081632653061229,-0.18529477286958929
-1.3469387755102042,-0.04081632653061229,-0.2191331827562536
-1.2653061224489797,-0.04081632653061229,-0.25478086172261166
-1.183673469387755,-0.04081632653061229,-0.29108902166815587
-1.1020408163265307,-0.04081632653061229,-0.3266074836473535
-1.0204081632653061,-0.04081632653061229,-0.3596240549995303
-0.9387755102040818,-0.04081632653061229,-0.38823504655247026
-0.8571428571428572,-0.04081632653061229,-0.4104461542238842
-0.7755102040816328,-0.04081632653061229,-0.42429929534157157
-0.6938775510204083,-0.04081632653061229,-0.4280172408653409
-0.6122448979591837,-0.04081632653061229,-0.42015453116191115
-0.5306122448979593,-0.04081632653061229,-0.39974074198987863
-0.44897959183673475,-0.04081632653061229,-0.36640115600573775
-0.3673469387755104,-0.04081632653061229,-0.32044062212895735
-0.2857142857142858,-0.04081632653061229,-0.262878956532806
-0.20408163265306145,-0.04081632653061229,-0.19543049434584822
-0.12244897959183687,-0.04081632653061229,-0.12042591191800152
-0.04081632653061229,-0.04081632653061229,-0.04068055509166996
0.04081632653061229,-0.04081632653061229,0.04068055509166996
0.12244897959183643,-0.04081632653061229,0.12042591191800109
0.204081632653061,-0.04081632653061229,0.19543049434584786
0.2857142857142856,-0.04081632653061229,0.26287895653280585
0.36734693877551017,-0.04081632653061229,0.32044062212895724
0.4489795918367343,-0.04081632653061229,0.3664011560057375
0.5306122448979589,-0.04081632653061229,0.39974074198987847
0.6122448979591835,-0.04081632653061229,0.4201545311619111
0.693877551020408,-0.04081632653061229,0.42801724086534093
0.7755102040816326,-0.04081632653061229,0.42429929534157157
0.8571428571428568,-0.04081632653061229,0.41044615422388425
0.9387755102040813,-0.04081632653061229,0.38823504655247043
1.020408163265306,-0.04081632653061229,0.35962405499953043
1.1020408163265305,-0.04081632653061229,0.32660748364735365
1.1836734693877546,-0.04081632653061229,0.2910890216681561
1.2653061224489792,-0.04081632653061229,0.25478086172261183
1.3469387755102038,-0.04081632653061229,0.21913318275625374
1.4285714285714284,-0.04081632653061229,0.18529477286958934
1.510204081632653,-0.04081632653061229,0.15410246424177637
1.591836734693877,-0.04081632653061229,0.12609475462121136
1.6734693877551017,-0.04081632653061229,0.10154362040740544
1.7551020408163263,-0.04081632653061229,0.08049806371745603
1.8367346938775508,-0.04081632653061229,0.06283324692354166
1.9183673469387754,-0.04081632653061229,0.04829994938986734
2.0,-0.04081632653061229,0.03657030188181772
-2.0,0.04081632653061229,-0.03657030188181772
-1.9183673469387754,0.04081632653061229,-0.04829994938986734
-1.836734693877551,0.04081632653061229,-0.06283324692354161
-1.7551020408163265,0.04081632653061229,-0.080498063717456
-1.6734693877551021,0.04081632653061229,-0.10154362040740528
-1.5918367346938775,0.04081632653061229,-0.12609475462121125
-1.510204081632653,0.04081632653061229,-0.15410246424177637
-1.4285714285714286,0.04081632653061229,-0.18529477286958929
-1.3469387755102042,0.04081632653061229,-0.2191331827562536
-1.2653061224489797,0.04081632653061229,-0.25478086172261166
-1.183673469387755,0.04081632653061229,-0.29108902166815587
-1.1020408163265307,0.04081632653061229,-0.3266074836473535
-1.0204081632653061,0.04081632653061229,-0.3596240549995303
-0.9387755102040818,0.04081632653061229,-0.38823504655247026
-0.8571428571428572,0.04081632653061229,-0.4104461542238842
-0.7755102040816328,0.04081632653061229,-0.42429929534157157
-0.6938775510204083,0.04081632653061229,-0.4280172408653409
-0.6122448979591837,0.04081632653061229,-0.42015453116191115
-0.5306122448979593,0.04081632653061229,-0.39974074198987863
-0.44897959183673475,0.04081632653061229,-0.36640115600573775
-0.3673469387755104,0.04081632653061229,-0.32044062212895735
-0.2857142857142858,0.04081632653061229,-0.262878956532806
-0.20408163265306145,0.04081632653061229,-0.19543049434584822
-0.12244897959183687,0.04081632653061229,-0.12042591191800152
-0.04081632653061229,0.04081632653061229,-0.04068055509166996
0.04081632653061229,0.04081632653061229,0.04068055509166996
0.12244897959183643,0.04081632653061229,0.12042591191800109
0.204081632653061,0.04081632653061229,0.19543049434584786
0.2857142857142856,0.04081632653061229,0.26287895653280585
0.36734693877551017,0.04081632653061229,0.32044062212895724
0.4489795918367343,0.04081632653061229,0.3664011560057375
0.5306122448979589,0.04081632653061229,0.39974074198987847
0.6122448979591835,0.04081632653061229,0.4201545311619111
0.693877551020408,0.04081632653061229,0.42801724086534093
0.7755102040816326,0.04081632653061229,0.42429929534157157
0.8571428571428568,0.04081632653061229,0.41044615422388425
0.9387755102040813,0.04081632653061229,0.38823504655247043
1.020408163265306,0.04081632653061229,0.35962405499953043
1.1020408163265305,0.04081632653061229,0.32660748364735365
1.1836734693877546,0.04081632653061229,0.2910890216681561
1.2653061224489792,0.04081632653061229,0.25478086172261183
1.3469387755102038,0.04081632653061229,0.21913318275625374
1.4285714285714284,0.04081632653061229,0.18529477286958934
1.510204081632653,0.04081632653061229,0.15410246424177637
1.591836734693877,0.04081632653061229,0.12609475462121136
1.6734693877551017,0.04081632653061229,0.10154362040740544
1.7551020408163263,0.04081632653061229,0.08049806371745603
1.8367346938775508,0.04081632653061229,0.06283324692354166
1.9183673469387754,0.04081632653061229,0.04829994938986734
2.0,0.04081632653061229,0.03657030188181772
-2.0,0.12244897959183643,-0.03608613454520196
-1.9183673469387754,0.12244897959183643,-0.04766048904495847
-1.836734693877551,0.12244897959183643,-0.06200137504257642
-1.7551020408163265,0.12244897959183643,-0.07943232099433713
-1.6734693877551021,0.12244897959183643,-0.10019924801469554
-1.5918367346938775,0.12244897959183643,-0.12442534096136597
-1.510204081632653,0.12244897959183643,-0.1520622464738458
-1.4285714285714286,0.12244897959183643,-0.18284158894567698
-1.3469387755102042,0.12244897959183643,-0.216231999993199
-1.2653061224489797,0.12244897959183643,-0.251407726558468
-1.183673469387755,0.12244897959183643,-0.2872351897584654
-1.1020408163265307,0.12244897959183643,-0.32228341008658973
-1.0204081632653061,0.12244897959183643,-0.3548628632146013
-0.9387755102040818,0.12244897959183643,-0.38309506359368406
-0.8571428571428572,0.12244897959183643,-0.4050121104482278
-0.7755102040816328,0.12244897959183643,-0.41868184486447785
-0.6938775510204083,0.12244897959183643,-0.4223505671746203
-0.6122448979591837,0.12244897959183643,-0.4145919547036388
-0.5306122448979593,0.12244897959183643,-0.3944484310045465
-0.44897959183673475,0.12244897959183643,-0.3615502397510803
-0.3673469387755104,0.12244897959183643,-0.31619819385857945
-0.2857142857142858,0.12244897959183643,-0.259398607788403
-0.20408163265306145,0.12244897959183643,-0.19284311997178058
-0.12244897959183687,0.12244897959183643,-0.11883155009891427
-0.04081632653061229,0.12244897959183643,-0.04014197063933384
0.04081632653061229,0.12244897959183643,0.04014197063933384
0.12244897959183643,0.12244897959183643,0.11883155009891386
0.204081632653061,0.12244897959183643,0.1928431199717802
0.2857142857142856,0.12244897959183643,0.25939860778840285
0.36734693877551017,0.12244897959183643,0.3161981938585793
0.4489795918367343,0.12244897959183643,0.3615502397510801
0.5306122448979589,0.12244897959183643,0.3944484310045464
0.6122448979591835,0.12244897959183643,0.4145919547036387
0.693877551020408,0.12244897959183643,0.4223505671746203
0.7755102040816326,0.12244897959183643,0.41868184486447785
0.8571428571428568,0.12244897959183643,0.4050121104482279
0.9387755102040813,0.12244897959183643,0.38309506359368417
1.020408163265306,0.12244897959183643,0.35486286321460137
1.1020408163265305,0.12244897959183643,0.32228341008658984
1.1836734693877546,0.12244897959183643,0.2872351897584656
1.2653061224489792,0.12244897959183643,0.2514077265584682
1.3469387755102038,0.12244897959183643,0.21623199999319917
1.4285714285714284,0.12244897959183643,0.18284158894567706
1.510204081632653,0.12244897959183643,0.1520622464738458
1.591836734693877,0.12244897959183643,0.1244253409613661
1.6734693877551017,0.12244897959183643,0.1001992480146957
1.7551020408163263,0.12244897959183643,0.07943232099433715
1.8367346938775508,0.12244897959183643,0.06200137504257646
1.9183673469387754,0.12244897959183643,0.04766048904495847
2.0,0.12244897959183643,0.03608613454520196
-2.0,0.204081632653061,-0.0351369452016352
-1.9183673469387754,0.204081632653061,-0.04640685440437405
-1.836734693877551,0.204081632653061,-0.060370525819776394
-1.7551020408163265,0.204081632653061,-0.07734297799396238
-1.6734693877551021,0.204081632653061,-0.09756366347100276
-1.5918367346938775,0.204081632653061,-0.12115252692354621
-1.510204081632653,0.204081632653061,-0.14806248685063098
-1.4285714285714286,0.204081632653061,-0.17803222684648462
-1.3469387755102042,0.204081632653061,-0.21054435534191113
-1.2653061224489797,0.204081632653061,-0.24479483942197713
-1.183673469387755,0.204081632653061,-0.27967991722367513
-1.1020408163265307,0.204081632653061,-0.31380624891879094
-1.0204081632653061,0.204081632653061,-0.34552875047473525
-0.9387755102040818,0.204081632653061,-0.3730183469677825
-0.8571428571428572,0.204081632653061,-0.39435890017514086
-0.7755102040816328,0.204081632653061,-0.4076690736020852
-0.6938775510204083,0.204081632653061,-0.41124129590841235
-0.6122448979591837,0.204081632653061,-0.40368676160682004
-0.5306122448979593,0.204081632653061,-0.38407308180145694
-0.44897959183673475,0.204081632653061,-0.35204022602805707
-0.3673469387755104,0.204081632653061,-0.3078810947885843
-0.2857142857142858,0.204081632653061,-0.25257553301600283
-0.20408163265306145,0.204081632653061,-0.18777068323771873
-0.12244897959183687,0.204081632653061,-0.11570587198306835
-0.04081632653061229,0.204081632653061,-0.03908609886916965
0.04081632653061229,0.204081632653061,0.03908609886916965
0.12244897959183643,0.204081632653061,0.11570587198306795
0.204081632653061,0.204081632653061,0.18777068323771837
0.2857142857142856,0.204081632653061,0.25257553301600266
0.36734693877551017,0.204081632653061,0.3078810947885841
0.4489795918367343,0.204081632653061,0.3520402260280569
0.5306122448979589,0.204081632653061,0.38407308180145683
0.6122448979591835,0.204081632653061,0.40368676160682004
0.693877551020408,0.204081632653061,0.41124129590841235
0.7755102040816326,0.204081632653061,0.40766907360208515
0.8571428571428568,0.204081632653061,0.394358900175141
0.9387755102040813,0.204081632653061,0.3730183469677827
1.020408163265306,0.204081632653061,0.34552875047473536
1.1020408163265305,0.204081632653061,0.3138062489187911
1.1836734693877546,0.204081632653061,0.27967991722367536
1.2653061224489792,0.204081632653061,0.24479483942197733
1.3469387755102038,0.204081632653061,0.2105443553419113
1.4285714285714284,0.204081632653061,0.17803222684648468
1.510204081632653,0.204081632653061,0.14806248685063098
1.591836734693877,0.204081632653061,0.12115252692354633
1.6734693877551017,0.204081632653061,0.09756366347100291
1.7551020408163263,0.204081632653061,0.07734297799396239
1.8367346938775508,0.204081632653061,0.06037052581977644
1.9183673469387754,0.204081632653061,0.04640685440437405
2.0,0.204081632653061,0.0351369452016352
-2.0,0.2857142857142856,-0.03375976829757982
-1.9183673469387754,0.2857142857142856,-0.0445879584329454
-1.836734693877551,0.2857142857142856,-0.05800432997185718
-1.7551020408163265,0.2857142857142856,-0.07431155444894715
-1.6734693877551021,0.2857142857142856,-0.0937396991725628
-1.5918367346938775,0.2857142857142856,-0.11640400763737649
-1.510204081632653,0.2857142857142856,-0.142259243680869
-1.4285714285714286,0.2857142857142856,-0.17105433307730422
-1.3469387755102042,0.2857142857142856,-0.20229216318940121
-1.2653061224489797,0.2857142857142856,-0.2352002148139108
-1.183673469387755,0.2857142857142856,-0.26871798754201814
-1.1020408163265307,0.2857142857142856,-0.3015067528789618
-1.0204081632653061,0.2857142857142856,-0.3319859051274747
-0.9387755102040818,0.2857142857142856,-0.3583980591401135
-0.8571428571428572,0.2857142857142856,-0.3789021788775649
-0.7755102040816328,0.2857142857142856,-0.3916906659903641
-0.6938775510204083,0.2857142857142856,-0.3951228766357971
-0.6122448979591837,0.2857142857142856,-0.3878644389385438
-0.5306122448979593,0.2857142857142856,-0.36901950856989113
-0.44897959183673475,0.2857142857142856,-0.33824216629912807
-0.3673469387755104,0.2857142857142856,-0.2958138325236112
-0.2857142857142858,0.2857142857142856,-0.2426759475909465
-0.20408163265306145,0.2857142857142856,-0.1804110950114307
-0.12244897959183687,0.2857142857142856,-0.11117083190931566
-0.04081632653061229,0.2857142857142856,-0.03755413664754375
0.04081632653061229,0.2857142857142856,0.03755413664754375
0.12244897959183643,0.2857142857142856,0.11117083190931527
0.204081632653061,0.2857142857142856,0.18041109501143038
0.2857142857142856,0.2857142857142856,0.24267594759094635
0.36734693877551017,0.2857142857142856,0.29581383252361115
0.4489795918367343,0.2857142857142856,0.33824216629912784
0.5306122448979589,0.2857142857142856,0.369019508569891
0.6122448979591835,0.2857142857142856,0.3878644389385438
0.693877551020408,0.2857142857142856,0.39512287663579715
0.7755102040816326,0.2857142857142856,0.3916906659903641
0.8571428571428568,0.2857142857142856,0.37890217887756494
0.9387755102040813,0.2857142857142856,0.3583980591401137
1.020408163265306,0.2857142857142856,0.33198590512747483
1.1020408163265305,0.2857142857142856,0.3015067528789619
1.1836734693877546,0.2857142857142856,0.2687179875420183
1.2653061224489792,0.2857142857142856,0.23520021481391098
1.3469387755102038,0.2857142857142856,0.20229216318940138
1.4285714285714284,0.2857142857142856,0.17105433307730428
1.510204081632653,0.2857142857142856,0.142259243680869
1.591836734693877,0.2857142857142856,0.11640400763737661
1.6734693877551017,0.2857142857142856,0.09373969917256295
1.7551020408163263,0.2857142857142856,0.07431155444894716
1.8367346938775508,0.2857142857142856,0.05800432997185723
1.9183673469387754,0.2857142857142856,0.0445879584329454
2.0,0.2857142857142856,0.03375976829757982
-2.0,0.36734693877551017,-0.03200712986024521
-1.9183673469387754,0.36734693877551017,-0.04227317448351112
-1.836734693877551,0.36734693877551017,-0.05499303506768556
-1.7551020408163265,0.36734693877551017,-0.07045366995408689
-1.6734693877551021,0.36734693877551017,-0.08887320250629882
-1.5918367346938775,0.36734693877551017,-0.11036089335274195
-1.510204081632653,0.36734693877551017,-0.13487385476636288
-1.4285714285714286,0.36734693877551017,-0.16217404704034666
-1.3469387755102042,0.36734693877551017,-0.19179016514095115
-1.2653061224489797,0.36734693877551017,-0.22298979520087783
-1.183673469387755,0.36734693877551017,-0.254767492692114
-1.1020408163265307,0.36734693877551017,-0.28585402921232755
-1.0204081632653061,0.36734693877551017,-0.3147508562121229
-0.9387755102040818,0.36734693877551017,-0.3397918231974304
-0.8571428571428572,0.36734693877551017,-0.3592314715185259
-0.7755102040816328,0.36734693877551017,-0.3713560442978
-0.6938775510204083,0.36734693877551017,-0.3746100717208486
-0.6122448979591837,0.36734693877551017,-0.36772845583087393
-0.5306122448979593,0.36734693877551017,-0.3498618600592441
-0.44897959183673475,0.36734693877551017,-0.3206823235727882
-0.3673469387755104,0.36734693877551017,-0.28045665682838256
-0.2857142857142858,0.36734693877551017,-0.23007742529614206
-0.20408163265306145,0.36734693877551017,-0.1710450526603247
-0.12244897959183687,0.36734693877551017,-0.10539939795285988
-0.04081632653061229,0.36734693877551017,-0.035604513569884186
0.04081632653061229,0.36734693877551017,0.035604513569884186
0.12244897959183643,0.36734693877551017,0.10539939795285952
0.204081632653061,0.36734693877551017,0.17104505266032435
0.2857142857142856,0.36734693877551017,0.23007742529614192
0.36734693877551017,0.36734693877551017,0.2804566568283825
0.4489795918367343,0.36734693877551017,0.320682323572788
0.5306122448979589,0.36734693877551017,0.34986186005924397
0.6122448979591835,0.36734693877551017,0.36772845583087393
0.693877551020408,0.36734693877551017,0.37461007172084865
0.7755102040816326,0.36734693877551017,0.3713560442978
0.8571428571428568,0.36734693877551017,0.359231471518526
0.9387755102040813,0.36734693877551017,0.33979182319743056
1.020408163265306,0.36734693877551017,0.31475085621212295
1.1020408163265305,0.36734693877551017,0.28585402921232766
1.1836734693877546,0.36734693877551017,0.25476749269211424
1.2653061224489792,0.36734693877551017,0.222989795200878
1.3469387755102038,0.36734693877551017,0.1917901651409513
1.4285714285714284,0.36734693877551017,0.1621740470403467
1.510204081632653,0.36734693877551017,0.13487385476636288
1.591836734693877,0.36734693877551017,0.11036089335274207
1.6734693877551017,0.36734693877551017,0.08887320250629895
1.7551020408163263,0.36734693877551017,0.0704536699540869
1.8367346938775508,0.36734693877551017,0.05499303506768561
1.9183673469387754,0.36734693877551017,0.04227317448351112
2.0,0.36734693877551017,0.03200712986024521
-2.0,0.4489795918367343,-0.029943724967242274
-1.9183673469387754,0.4489795918367343,-0.03954794809011354
-1.836734693877551,0.4489795918367343,-0.051447796924334106
-1.7551020408163265,0.4489795918367343,-0.06591173045660507
-1.6734693877551021,0.4489795918367343,-0.0831438102830958
-1.5918367346938775,0.4489795918367343,-0.10324625332301955
-1.510204081632653,0.4489795918367343,-0.12617893669410093
-1.4285714285714286,0.4489795918367343,-0.15171916640461772
-1.3469387755102042,0.4489795918367343,-0.17942602106087804
-1.2653061224489797,0.4489795918367343,-0.20861430334902298
-1.183673469387755,0.4489795918367343,-0.23834338677276581
-1.1020408163265307,0.4489795918367343,-0.2674258663268471
-1.0204081632653061,0.4489795918367343,-0.294459800449837
-0.9387755102040818,0.4489795918367343,-0.31788645043675645
-0.8571428571428572,0.4489795918367343,-0.3360728821889453
-0.7755102040816328,0.4489795918367343,-0.34741581966047513
-0.6938775510204083,0.4489795918367343,-0.35046006957032594
-0.6122448979591837,0.4489795918367343,-0.3440220910811785
-0.5306122448979593,0.4489795918367343,-0.327307301838202
-0.44897959183673475,0.4489795918367343,-0.3000088836720893
-0.3673469387755104,0.4489795918367343,-0.2623764465595541
-0.2857142857142858,0.4489795918367343,-0.21524501491762704
-0.20408163265306145,0.4489795918367343,-0.16001828455820793
-0.12244897959183687,0.4489795918367343,-0.09860461084120384
-0.04081632653061229,0.4489795918367343,-0.03330919600052166
0.04081632653061229,0.4489795918367343,0.03330919600052166
0.12244897959183643,0.4489795918367343,0.09860461084120349
0.204081632653061,0.4489795918367343,0.16001828455820766
0.2857142857142856,0.4489795918367343,0.2152450149176269
0.36734693877551017,0.4489795918367343,0.262376446559554
0.4489795918367343,0.4489795918367343,0.3000088836720891
0.5306122448979589,0.4489795918367343,0.32730730183820184
0.6122448979591835,0.4489795918367343,0.3440220910811785
0.693877551020408,0.4489795918367343,0.3504600695703259
0.7755102040816326,0.4489795918367343,0.3474158196604752
0.8571428571428568,0.4489795918367343,0.33607288218894543
0.9387755102040813,0.4489795918367343,0.3178864504367566
1.020408163265306,0.4489795918367343,0.29445980044983705
1.1020408163265305,0.4489795918367343,0.26742586632684723
1.1836734693877546,0.4489795918367343,0.23834338677276598
1.2653061224489792,0.4489795918367343,0.20861430334902314
1.3469387755102038,0.4489795918367343,0.17942602106087824
1.4285714285714284,0.4489795918367343,0.15171916640461774
1.510204081632653,0.4489795918367343,0.12617893669410093
1.591836734693877,0.4489795918367343,0.10324625332301966
1.6734693877551017,0.4489795918367343,0.08314381028309592
1.7551020408163263,0.4489795918367343,0.0659117304566051
1.8367346938775508,0.4489795918367343,0.051447796924334155
1.9183673469387754,0.4489795918367343,0.03954794809011354
2.0,0.4489795918367343,0.029943724967242274
-2.0,0.5306122448979589,-0.02764246300529332
-1.9183673469387754,0.5306122448979589,-0.0365085737733753
-1.836734693877551,0.5306122448979589,-0.04749388477019946
-1.7551020408163265,0.5306122448979589,-0.06084622313205037
-1.6734693877551021,0.5306122448979589,-0.07675396773059756
-1.5918367346938775,0.5306122448979589,-0.09531147981885682
-1.510204081632653,0.5306122448979589,-0.11648172007422623
-1.4285714285714286,0.5306122448979589,-0.1400591091830293
-1.3469387755102042,0.5306122448979589,-0.16563661183731085
-1.2653061224489797,0.5306122448979589,-0.19258169012068285
-1.183673469387755,0.5306122448979589,-0.22002600740656175
-1.1020408163265307,0.5306122448979589,-0.2468734142023212
-1.0204081632653061,0.5306122448979589,-0.27182971221466923
-0.9387755102040818,0.5306122448979589,-0.29345595632123256
-0.8571428571428572,0.5306122448979589,-0.3102447081367844
-0.7755102040816328,0.5306122448979589,-0.320715908021606
-0.6938775510204083,0.5306122448979589,-0.32352619851164943
-0.6122448979591837,0.5306122448979589,-0.31758299730973427
-0.5306122448979593,0.5306122448979589,-0.3021527880156097
-0.44897959183673475,0.5306122448979589,-0.27695233232463246
-0.3673469387755104,0.5306122448979589,-0.2422120569640922
-0.2857142857142858,0.5306122448979589,-0.19870281230686454
-0.20408163265306145,0.5306122448979589,-0.14772041607748362
-0.12244897959183687,0.5306122448979589,-0.0910265610010493
-0.04081632653061229,0.5306122448979589,-0.03074928784537532
0.04081632653061229,0.5306122448979589,0.03074928784537532
0.12244897959183643,0.5306122448979589,0.09102656100104899
0.204081632653061,0.5306122448979589,0.14772041607748332
0.2857142857142856,0.5306122448979589,0.1987028123068644
0.36734693877551017,0.5306122448979589,0.2422120569640921
0.4489795918367343,0.5306122448979589,0.27695233232463223
0.5306122448979589,0.5306122448979589,0.3021527880156096
0.6122448979591835,0.5306122448979589,0.31758299730973427
0.693877551020408,0.5306122448979589,0.32352619851164943
0.7755102040816326,0.5306122448979589,0.32071590802160604
0.8571428571428568,0.5306122448979589,0.3102447081367845
0.9387755102040813,0.5306122448979589,0.29345595632123267
1.020408163265306,0.5306122448979589,0.2718297122146693
1.1020408163265305,0.5306122448979589,0.24687341420232128
1.1836734693877546,0.5306122448979589,0.22002600740656192
1.2653061224489792,0.5306122448979589,0.19258169012068302
1.3469387755102038,0.5306122448979589,0.16563661183731102
1.4285714285714284,0.5306122448979589,0.14005910918302933
1.510204081632653,0.5306122448979589,0.11648172007422623
1.591836734693877,0.5306122448979589,0.0953114798188569
1.6734693877551017,0.5306122448979589,0.07675396773059769
1.7551020408163263,0.5306122448979589,0.06084622313205038
1.8367346938775508,0.5306122448979589,0.047493884770199495
1.9183673469387754,0.5306122448979589,0.0365085737733753
2.0,0.5306122448979589,0.02764246300529332
-2.0,0.6122448979591835,-0.025180216948008153
-1.9183673469387754,0.6122448979591835,-0.03325658093129809
-1.836734693877551,0.6122448979591835,-0.04326337786861884
-1.7551020408163265,0.6122448979591835,-0.0554263597508858
-1.6734693877551021,0.6122448979591835,-0.06991712564494593
-1.5918367346938775,0.6122448979591835,-0.08682163159682765
-1.510204081632653,0.6122448979591835,-0.10610613755310146
-1.4285714285714286,0.6122448979591835,-0.1275833761303433
-1.3469387755102042,0.6122448979591835,-0.15088256859737248
-1.2653061224489797,0.6122448979591835,-0.17542752020774258
-1.183673469387755,0.6122448979591835,-0.20042724122088346
-1.1020408163265307,0.6122448979591835,-0.22488322140901634
-1.0204081632653061,0.6122448979591835,-0.24761654289522883
-0.9387755102040818,0.6122448979591835,-0.26731643426415536
-0.8571428571428572,0.6122448979591835,-0.2826097318592686
-0.7755102040816328,0.6122448979591835,-0.292148212014068
-0.6938775510204083,0.6122448979591835,-0.294708176522754
-0.6122448979591837,0.6122448979591835,-0.2892943646058771
-0.5306122448979593,0.6122448979591835,-0.2752385976684364
-0.44897959183673475,0.6122448979591835,-0.2522828667928642
-0.3673469387755104,0.6122448979591835,-0.22063707349852452
-0.2857142857142858,0.6122448979591835,-0.1810034048379872
-0.20408163265306145,0.6122448979591835,-0.1345622538689402
-0.12244897959183687,0.6122448979591835,-0.08291839094072787
-0.04081632653061229,0.6122448979591835,-0.02801030207746078
0.04081632653061229,0.6122448979591835,0.02801030207746078
0.12244897959183643,0.6122448979591835,0.08291839094072756
0.204081632653061,0.6122448979591835,0.1345622538689399
0.2857142857142856,0.6122448979591835,0.18100340483798708
0.36734693877551017,0.6122448979591835,0.2206370734985244
0.4489795918367343,0.6122448979591835,0.2522828667928641
0.5306122448979589,0.6122448979591835,0.2752385976684363
0.6122448979591835,0.6122448979591835,0.28929436460587704
0.693877551020408,0.6122448979591835,0.294708176522754
0.7755102040816326,0.6122448979591835,0.29214821201406804
0.8571428571428568,0.6122448979591835,0.2826097318592687
0.9387755102040813,0.6122448979591835,0.2673164342641554
1.020408163265306,0.6122448979591835,0.24761654289522889
1.1020408163265305,0.6122448979591835,0.22488322140901645
1.1836734693877546,0.6122448979591835,0.20042724122088357
1.2653061224489792,0.6122448979591835,0.17542752020774272
1.3469387755102038,0.6122448979591835,0.15088256859737262
1.4285714285714284,0.6122448979591835,0.12758337613034332
1.510204081632653,0.6122448979591835,0.10610613755310146
1.591836734693877,0.6122448979591835,0.08682163159682775
1.6734693877551017,0.6122448979591835,0.06991712564494604
1.7551020408163263,0.6122448979591835,0.05542635975088581
1.8367346938775508,0.6122448979591835,0.04326337786861888
1.9183673469387754,0.6122448979591835,0.03325658093129809
2.0,0.6122448979591835,0.025180216948008153
-2.0,0.693877551020408,-0.0226336198241558
-1.9183673469387754,0.693877551020408,-0.029893182056551455
-1.836734693877551,0.693877551020408,-0.03888794322181464
-1.7551020408163265,0.693877551020408,-0.04982082392017185
-1.6734693877551021,0.693877551020408,-0.06284606857490246
-1.5918367346938775,0.693877551020408,-0.07804094008137438
-1.510204081632653,0.693877551020408,-0.09537511068094487
-1.4285714285714286,0.693877551020408,-0.11468025224639267
-1.3469387755102042,0.693877551020408,-0.13562308469288947
-1.2653061224489797,0.693877551020408,-0.15768568663545782
-1.183673469387755,0.693877551020408,-0.18015706495160652
-1.1020408163265307,0.693877551020408,-0.2021396935821781
-1.0204081632653061,0.693877551020408,-0.22257388431697828
-0.9387755102040818,0.693877551020408,-0.2402814303934119
-0.8571428571428572,0.693877551020408,-0.2540280428368306
-0.7755102040816328,0.693877551020408,-0.2626018503607988
-0.6938775510204083,0.693877551020408,-0.26490291327747534
-0.6122448979591837,0.693877551020408,-0.2600366263436064
-0.5306122448979593,0.693877551020408,-0.24740238709714366
-0.44897959183673475,0.693877551020408,-0.22676828031021082
-0.3673469387755104,0.693877551020408,-0.1983229791463317
-0.2857142857142858,0.693877551020408,-0.1626976550853283
-0.20408163265306145,0.693877551020408,-0.12095332232600377
-0.12244897959183687,0.693877551020408,-0.07453245303081545
-0.04081632653061229,0.693877551020408,-0.02517748475678479
0.04081632653061229,0.693877551020408,0.02517748475678479
0.12244897959183643,0.693877551020408,0.07453245303081517
0.204081632653061,0.693877551020408,0.12095332232600353
0.2857142857142856,0.693877551020408,0.16269765508532819
0.36734693877551017,0.693877551020408,0.19832297914633162
0.4489795918367343,0.693877551020408,0.2267682803102107
0.5306122448979589,0.693877551020408,0.24740238709714357
0.6122448979591835,0.693877551020408,0.2600366263436064
0.693877551020408,0.693877551020408,0.26490291327747534
0.7755102040816326,0.693877551020408,0.26260185036079886
0.8571428571428568,0.693877551020408,0.25402804283683067
0.9387755102040813,0.693877551020408,0.24028143039341202
1.020408163265306,0.693877551020408,0.2225738843169783
1.1020408163265305,0.693877551020408,0.2021396935821782
1.1836734693877546,0.693877551020408,0.1801570649516067
1.2653061224489792,0.693877551020408,0.15768568663545798
1.3469387755102038,0.693877551020408,0.13562308469288953
1.4285714285714284,0.693877551020408,0.11468025224639268
1.510204081632653,0.693877551020408,0.09537511068094487
1.591836734693877,0.693877551020408,0.07804094008137447
1.6734693877551017,0.693877551020408,0.06284606857490255
1.7551020408163263,0.693877551020408,0.04982082392017187
1.8367346938775508,0.693877551020408,0.03888794322181467
1.9183673469387754,0.693877551020408,0.029893182056551455
2.0,0.693877551020408,0.0226336198241558
-2.0,0.7755102040816326,-0.02007522329696289
-1.9183673469387754,0.7755102040816326,-0.026514199209158897
-1.836734693877551,0.7755102040816326,-0.034492235435728026
-1.7551020408163265,0.7755102040816326,-0.044189315399240356
-1.6734693877551021,0.7755102040816326,-0.05574224846840055
-1.5918367346938775,0.7755102040816326,-0.06921956410907094
-1.510204081632653,0.7755102040816326,-0.0845943626679226
-1.4285714285714286,0.7755102040816326,-0.10171734302708832
-1.3469387755102042,0.7755102040816326,-0.12029289749432362
-1.2653061224489797,0.7755102040816326,-0.13986164804991827
-1.183673469387755,0.7755102040816326,-0.15979296884579722
-1.1020408163265307,0.7755102040816326,-0.1792907858914802
-1.0204081632653061,0.7755102040816326,-0.19741519308223962
-0.9387755102040818,0.7755102040816326,-0.2131211625333247
-0.8571428571428572,0.7755102040816326,-0.22531392341392903
-0.7755102040816328,0.7755102040816326,-0.23291858859281245
-0.6938775510204083,0.7755102040816326,-0.23495955032281995
-0.6122448979591837,0.7755102040816326,-0.23064332527426415
-0.5306122448979593,0.7755102040816326,-0.21943720022530935
-0.44897959183673475,0.7755102040816326,-0.20113547454027503
-0.3673469387755104,0.7755102040816326,-0.17590549466737904
-0.2857142857142858,0.7755102040816326,-0.14430708747013415
-0.20408163265306145,0.7755102040816326,-0.10728133515844358
-0.12244897959183687,0.7755102040816326,-0.06610765971544394
-0.04081632653061229,0.7755102040816326,-0.022331541860082738
0.04081632653061229,0.7755102040816326,0.022331541860082738
0.12244897959183643,0.7755102040816326,0.0661076597154437
0.204081632653061,0.7755102040816326,0.10728133515844336
0.2857142857142856,0.7755102040816326,0.14430708747013407
0.36734693877551017,0.7755102040816326,0.17590549466737895
0.4489795918367343,0.7755102040816326,0.20113547454027494
0.5306122448979589,0.7755102040816326,0.21943720022530927
0.6122448979591835,0.7755102040816326,0.23064332527426415
0.693877551020408,0.7755102040816326,0.23495955032282
0.7755102040816326,0.7755102040816326,0.23291858859281242
0.8571428571428568,0.7755102040816326,0.2253139234139291
0.9387755102040813,0.7755102040816326,0.21312116253332478
1.020408163265306,0.7755102040816326,0.19741519308223965
1.1020408163265305,0.7755102040816326,0.17929078589148034
1.1836734693877546,0.7755102040816326,0.15979296884579736
1.2653061224489792,0.7755102040816326,0.1398616480499184
1.3469387755102038,0.7755102040816326,0.1202928974943237
1.4285714285714284,0.7755102040816326,0.10171734302708835
1.510204081632653,0.7755102040816326,0.0845943626679226
1.591836734693877,0.7755102040816326,0.06921956410907101
1.6734693877551017,0.7755102040816326,0.055742248468400625
1.7551020408163263,0.7755102040816326,0.04418931539924036
1.8367346938775508,0.7755102040816326,0.034492235435728054
1.9183673469387754,0.7755102040816326,0.026514199209158897
2.0,0.7755102040816326,0.02007522329696289
-2.0,0.8571428571428568,-0.017570275496106298
-1.9183673469387754,0.8571428571428568,-0.023205808362492492
-1.836734693877551,0.8571428571428568,-0.030188360553577844
-1.7551020408163265,0.8571428571428568,-0.03867545750619106
-1.6734693877551021,0.8571428571428568,-0.04878683777880455
-1.5918367346938775,0.8571428571428568,-0.060582479862167374
-1.510204081632653,0.8571428571428568,-0.07403884059002187
-1.4285714285714286,0.8571428571428568,-0.08902524835119853
-1.3469387755102042,0.8571428571428568,-0.10528298081346353
-1.2653061224489797,0.8571428571428568,-0.12240998026399508
-1.183673469387755,0.8571428571428568,-0.13985430913668295
-1.1020408163265307,0.8571428571428568,-0.1569192260244147
-1.0204081632653061,0.8571428571428568,-0.17278210450076162
-0.9387755102040818,0.8571428571428568,-0.18652831325305694
-0.8571428571428572,0.8571428571428568,-0.19719968485183648
-0.7755102040816328,0.8571428571428568,-0.20385545451736448
-0.6938775510204083,0.8571428571428568,-0.20564174896314866
-0.6122448979591837,0.8571428571428568,-0.20186409418519194
-0.5306122448979593,0.8571428571428568,-0.19205624789419992
-0.44897959183673475,0.8571428571428568,-0.17603817638468575
-0.3673469387755104,0.8571428571428568,-0.15395634493651128
-0.2857142857142858,0.8571428571428568,-0.12630072629252173
-0.20408163265306145,0.8571428571428568,-0.09389497623217656
-0.12244897959183687,0.8571428571428568,-0.057858872921175496
-0.04081632653061229,0.8571428571428568,-0.01954505496304214
0.04081632653061229,0.8571428571428568,0.01954505496304214
0.12244897959183643,0.8571428571428568,0.057858872921175294
0.204081632653061,0.8571428571428568,0.09389497623217637
0.2857142857142856,0.8571428571428568,0.12630072629252165
0.36734693877551017,0.8571428571428568,0.1539563449365112
0.4489795918367343,0.8571428571428568,0.17603817638468564
0.5306122448979589,0.8571428571428568,0.19205624789419992
0.6122448979591835,0.8571428571428568,0.20186409418519194
0.693877551020408,0.8571428571428568,0.20564174896314869
0.7755102040816326,0.8571428571428568,0.2038554545173645
0.8571428571428568,0.8571428571428568,0.1971996848518365
0.9387755102040813,0.8571428571428568,0.18652831325305705
1.020408163265306,0.8571428571428568,0.17278210450076167
1.1020408163265305,0.8571428571428568,0.15691922602441472
1.1836734693877546,0.8571428571428568,0.139854309136683
1.2653061224489792,0.8571428571428568,0.12240998026399515
1.3469387755102038,0.8571428571428568,0.10528298081346363
1.4285714285714284,0.8571428571428568,0.08902524835119854
1.510204081632653,0.8571428571428568,0.07403884059002187
1.591836734693877,0.8571428571428568,0.06058247986216743
1.6734693877551017,0.8571428571428568,0.048786837778804625
1.7551020408163263,0.8571428571428568,0.03867545750619107
1.8367346938775508,0.8571428571428568,0.030188360553577865
1.9183673469387754,0.8571428571428568,0.023205808362492492
2.0,0.8571428571428568,0.017570275496106298
-2.0,0.9387755102040813,-0.015174296868060657
-1.9183673469387754,0.9387755102040813,-0.0200413377259691
-1.836734693877551,0.9387755102040813,-0.02607171100427865
-1.7551020408163265,0.9387755102040813,-0.033401461111811456
-1.6734693877551021,0.9387755102040813,-0.042133998403926835
-1.5918367346938775,0.9387755102040813,-0.05232112237713959
-1.510204081632653,0.9387755102040813,-0.06394250033979175
-1.4285714285714286,0.9387755102040813,-0.07688527977454211
-1.3469387755102042,0.9387755102040813,-0.0909260191379395
-1.2653061224489797,0.9387755102040813,-0.10571748750046296
-1.183673469387755,0.9387755102040813,-0.12078301251382478
-1.1020408163265307,0.9387755102040813,-0.13552086423052712
-1.0204081632653061,0.9387755102040813,-0.14922059405180405
-0.9387755102040818,0.9387755102040813,-0.16109229478090686
-0.8571428571428572,0.9387755102040813,-0.1703084599267042
-0.7755102040816328,0.9387755102040813,-0.17605661252752916
-0.6938775510204083,0.9387755102040813,-0.17759931811686977
-0.6122448979591837,0.9387755102040813,-0.174336804954884
-0.5306122448979593,0.9387755102040813,-0.16586641009460976
-0.44897959183673475,0.9387755102040813,-0.1520326502088836
-0.3673469387755104,0.9387755102040813,-0.13296201777290767
-0.2857142857142858,0.9387755102040813,-0.10907767017307814
-0.20408163265306145,0.9387755102040813,-0.08109094499299634
-0.12244897959183687,0.9387755102040813,-0.0499689213383067
-0.04081632653061229,0.9387755102040813,-0.016879784632716128
0.04081632653061229,0.9387755102040813,0.016879784632716128
0.12244897959183643,0.9387755102040813,0.04996892133830652
0.204081632653061,0.9387755102040813,0.08109094499299617
0.2857142857142856,0.9387755102040813,0.10907767017307805
0.36734693877551017,0.9387755102040813,0.13296201777290764
0.4489795918367343,0.9387755102040813,0.1520326502088835
0.5306122448979589,0.9387755102040813,0.16586641009460976
0.6122448979591835,0.9387755102040813,0.17433680495488396
0.693877551020408,0.9387755102040813,0.17759931811686977
0.7755102040816326,0.9387755102040813,0.17605661252752922
0.8571428571428568,0.9387755102040813,0.17030845992670424
0.9387755102040813,0.9387755102040813,0.16109229478090695
1.020408163265306,0.9387755102040813,0.14922059405180405
1.1020408163265305,0.9387755102040813,0.13552086423052714
1.1836734693877546,0.9387755102040813,0.12078301251382485
1.2653061224489792,0.9387755102040813,0.10571748750046302
1.3469387755102038,0.9387755102040813,0.09092601913793959
1.4285714285714284,0.9387755102040813,0.07688527977454214
1.510204081632653,0.9387755102040813,0.06394250033979175
1.591836734693877,0.9387755102040813,0.05232112237713964
1.6734693877551017,0.9387755102040813,0.0421339984039269
1.7551020408163263,0.9387755102040813,0.03340146111181147
1.8367346938775508,0.9387755102040813,0.026071711004278672
1.9183673469387754,0.9387755102040813,0.0200413377259691
2.0,0.9387755102040813,0.015174296868060657
-2.0,1.020408163265306,-0.012931544543244713
-1.9183673469387754,1.020408163265306,-0.017079239569582946
-1.836734693877551,1.020408163265306,-0.0222183271555779
-1.7551020408163265,1.020408163265306,-0.028464744424895983
-1.6734693877551021,1.020408163265306,-0.03590661774201975
-1.5918367346938775,1.020408163265306,-0.04458809066775625
-1.510204081632653,1.020408163265306,-0.054491835670546995
-1.4285714285714286,1.020408163265306,-0.06552167977002234
-1.3469387755102042,1.020408163265306,-0.07748720595397578
-1.2653061224489797,1.020408163265306,-0.09009250382399255
-1.183673469387755,1.020408163265306,-0.10293135292992506
-1.1020408163265307,1.020408163265306,-0.11549095866344791
-1.0204081632653061,1.020408163265306,-0.12716587631891765
-0.9387755102040818,1.020408163265306,-0.13728294652765966
-0.8571428571428572,1.020408163265306,-0.14513696778063975
-0.7755102040816328,1.020408163265306,-0.15003554674250213
-0.6938775510204083,1.020408163265306,-0.15135024133554525
-0.6122448979591837,1.020408163265306,-0.14856992573713734
-0.5306122448979593,1.020408163265306,-0.14135145035162805
-0.44897959183673475,1.020408163265306,-0.1295623121979283
-0.3673469387755104,1.020408163265306,-0.11331030823636432
-0.2857142857142858,1.020408163265306,-0.09295605343569298
-0.20408163265306145,1.020408163265306,-0.06910575009494714
-0.12244897959183687,1.020408163265306,-0.042583543585752205
-0.04081632653061229,1.020408163265306,-0.014384962199981236
0.04081632653061229,1.020408163265306,0.014384962199981236
0.12244897959183643,1.020408163265306,0.042583543585752066
0.204081632653061,1.020408163265306,0.069105750094947
0.2857142857142856,1.020408163265306,0.09295605343569294
0.36734693877551017,1.020408163265306,0.11331030823636427
0.4489795918367343,1.020408163265306,0.12956231219792821
0.5306122448979589,1.020408163265306,0.14135145035162797
0.6122448979591835,1.020408163265306,0.14856992573713731
0.693877551020408,1.020408163265306,0.15135024133554525
0.7755102040816326,1.020408163265306,0.15003554674250216
0.8571428571428568,1.020408163265306,0.14513696778063978
0.9387755102040813,1.020408163265306,0.1372829465276597
1.020408163265306,1.020408163265306,0.12716587631891768
1.1020408163265305,1.020408163265306,0.11549095866344795
1.1836734693877546,1.020408163265306,0.10293135292992515
1.2653061224489792,1.020408163265306,0.09009250382399261
1.3469387755102038,1.020408163265306,0.07748720595397586
1.4285714285714284,1.020408163265306,0.06552167977002236
1.510204081632653,1.020408163265306,0.054491835670546995
1.591836734693877,1.020408163265306,0.0445880906677563
1.6734693877551017,1.020408163265306,0.0359066177420198
1.7551020408163263,1.020408163265306,0.02846474442489598
1.8367346938775508,1.020408163265306,0.022218327155577915
1.9183673469387754,1.020408163265306,0.017079239569582946
2.0,1.020408163265306,0.012931544543244713
-2.0,1.1020408163265305,-0.010874368417020667
-1.9183673469387754,1.1020408163265305,-0.014362239772759664
-1.836734693877551,1.1020408163265305,-0.018683790964928726
-1.7551020408163265,1.1020408163265305,-0.02393651560627783
-1.6734693877551021,1.1020408163265305,-0.030194520741903652
-1.5918367346938775,1.1020408163265305,-0.03749492748613635
-1.510204081632653,1.1020408163265305,-0.045823164806003416
-1.4285714285714286,1.1020408163265305,-0.05509835911236746
-1.3469387755102042,1.1020408163265305,-0.06516038531447255
-1.2653061224489797,1.1020408163265305,-0.07576040703550153
-1.183673469387755,1.1020408163265305,-0.08655682619189539
-1.1020408163265307,1.1020408163265305,-0.09711842457344357
-1.0204081632653061,1.1020408163265305,-0.10693607283652584
-0.9387755102040818,1.1020408163265305,-0.11544369915933787
-0.8571428571428572,1.1020408163265305,-0.12204828690787804
-0.7755102040816328,1.1020408163265305,-0.12616759007178244
-0.6938775510204083,1.1020408163265305,-0.12727314040359367
-0.6122448979591837,1.1020408163265305,-0.12493512300500913
-0.5306122448979593,1.1020408163265305,-0.11886497720852507
-0.44897959183673475,1.1020408163265305,-0.1089512788739007
-0.3673469387755104,1.1020408163265305,-0.09528467640410927
-0.2857142857142858,1.1020408163265305,-0.07816841741306421
-0.20408163265306145,1.1020408163265305,-0.058112268318294705
-0.12244897959183687,1.1020408163265305,-0.03580926778739891
-0.04081632653061229,1.1020408163265305,-0.012096573468420519
0.04081632653061229,1.1020408163265305,0.012096573468420519
0.12244897959183643,1.1020408163265305,0.035809267787398784
0.204081632653061,1.1020408163265305,0.05811226831829459
0.2857142857142856,1.1020408163265305,0.07816841741306417
0.36734693877551017,1.1020408163265305,0.09528467640410923
0.4489795918367343,1.1020408163265305,0.10895127887390063
0.5306122448979589,1.1020408163265305,0.11886497720852501
0.6122448979591835,1.1020408163265305,0.12493512300500911
0.693877551020408,1.1020408163265305,0.12727314040359367
0.7755102040816326,1.1020408163265305,0.12616759007178246
0.8571428571428568,1.1020408163265305,0.12204828690787807
0.9387755102040813,1.1020408163265305,0.11544369915933791
1.020408163265306,1.1020408163265305,0.10693607283652587
1.1020408163265305,1.1020408163265305,0.09711842457344363
1.1836734693877546,1.1020408163265305,0.08655682619189542
1.2653061224489792,1.1020408163265305,0.07576040703550162
1.3469387755102038,1.1020408163265305,0.06516038531447257
1.4285714285714284,1.1020408163265305,0.05509835911236749
1.510204081632653,1.1020408163265305,0.045823164806003416
1.591836734693877,1.1020408163265305,0.037494927486136385
1.6734693877551017,1.1020408163265305,0.030194520741903697
1.7551020408163263,1.1020408163265305,0.023936515606277825
1.8367346938775508,1.1020408163265305,0.018683790964928757
1.9183673469387754,1.1020408163265305,0.014362239772759664
2.0,1.1020408163265305,0.010874368417020667
-2.0,1.1836734693877546,-0.009023385330004192
-1.9183673469387754,1.1836734693877546,-0.01191756787168231
-1.836734693877551,1.1836734693877546,-0.015503525247307456
-1.7551020408163265,1.1836734693877546,-0.01986215617221839
-1.6734693877551021,1.1836734693877546,-0.025054953544019046
-1.5918367346938775,1.1836734693877546,-0.031112719898142727
-1.510204081632653,1.1836734693877546,-0.03802336441329988
-1.4285714285714286,1.1836734693877546,-0.04571977941667475
-1.3469387755102042,1.1836734693877546,-0.054069095546159726
-1.2653061224489797,1.1836734693877546,-0.0628648321652676
-1.183673469387755,1.1836734693877546,-0.07182353638572582
-1.1020408163265307,1.1836734693877546,-0.08058738990279916
-1.0204081632653061,1.1836734693877546,-0.08873392493959066
-0.9387755102040818,1.1836734693877546,-0.09579342371786105
-0.8571428571428572,1.1836734693877546,-0.10127381006449455
-0.7755102040816328,1.1836734693877546,-0.10469194510586725
-0.6938775510204083,1.1836734693877546,-0.10560931393714874
-0.6122448979591837,1.1836734693877546,-0.10366926270045705
-0.5306122448979593,1.1836734693877546,-0.09863234814776915
-0.44897959183673475,1.1836734693877546,-0.09040611222415262
-0.3673469387755104,1.1836734693877546,-0.07906577359410447
-0.2857142857142858,1.1836734693877546,-0.06486296251014238
-0.20408163265306145,1.1836734693877546,-0.048220675383392364
-0.12244897959183687,1.1836734693877546,-0.02971398514742752
-0.04081632653061229,1.1836734693877546,-0.010037552471315742
0.04081632653061229,1.1836734693877546,0.010037552471315742
0.12244897959183643,1.1836734693877546,0.02971398514742742
0.204081632653061,1.1836734693877546,0.048220675383392274
0.2857142857142856,1.1836734693877546,0.06486296251014236
0.36734693877551017,1.1836734693877546,0.07906577359410444
0.4489795918367343,1.1836734693877546,0.09040611222415257
0.5306122448979589,1.1836734693877546,0.09863234814776911
0.6122448979591835,1.1836734693877546,0.10366926270045702
0.693877551020408,1.1836734693877546,0.10560931393714877
0.7755102040816326,1.1836734693877546,0.10469194510586727
0.8571428571428568,1.1836734693877546,0.1012738100644946
0.9387755102040813,1.1836734693877546,0.09579342371786109
1.020408163265306,1.1836734693877546,0.08873392493959067
1.1020408163265305,1.1836734693877546,0.0805873899027992
1.1836734693877546,1.1836734693877546,0.07182353638572585
1.2653061224489792,1.1836734693877546,0.06286483216526767
1.3469387755102038,1.1836734693877546,0.054069095546159754
1.4285714285714284,1.1836734693877546,0.045719779416674766
1.510204081632653,1.1836734693877546,0.03802336441329988
1.591836734693877,1.1836734693877546,0.031112719898142755
1.6734693877551017,1.1836734693877546,0.025054953544019085
1.7551020408163263,1.1836734693877546,0.019862156172218388
1.8367346938775508,1.1836734693877546,0.015503525247307482
1.9183673469387754,1.1836734693877546,0.01191756787168231
2.0,1.1836734693877546,0.009023385330004192
-2.0,1.2653061224489792,-0.007388338479355869
-1.9183673469387754,1.2653061224489792,-0.009758092120249143
-1.836734693877551,1.2653061224489792,-0.01269427027231848
-1.7551020408163265,1.2653061224489792,-0.016263112719149347
-1.6734693877551021,1.2653061224489792,-0.020514969781043762
-1.5918367346938775,1.2653061224489792,-0.025475062541827843
-1.510204081632653,1.2653061224489792,-0.031133491049663883
-1.4285714285714286,1.2653061224489792,-0.03743530761217346
-1.3469387755102042,1.2653061224489792,-0.044271718934502734
-1.2653061224489797,1.2653061224489792,-0.05147365888725483
-1.183673469387755,1.2653061224489792,-0.05880903654170195
-1.1020408163265307,1.2653061224489792,-0.06598487064382398
-1.0204081632653061,1.2653061224489792,-0.07265524501934888
-0.9387755102040818,1.2653061224489792,-0.07843555524227898
-0.8571428571428572,1.2653061224489792,-0.08292288985625478
-0.7755102040816328,1.2653061224489792,-0.08572165525640162
-0.6938775510204083,1.2653061224489792,-0.08647279589686405
-0.6122448979591837,1.2653061224489792,-0.08488428397148841
-0.5306122448979593,1.2653061224489792,-0.08076006359899611
-0.44897959183673475,1.2653061224489792,-0.0740244302206211
-0.3673469387755104,1.2653061224489792,-0.06473897280025495
-0.2857142857142858,1.2653061224489792,-0.05310972592572186
-0.20408163265306145,1.2653061224489792,-0.039483038616448
-0.12244897959183687,1.2653061224489792,-0.024329779989529208
-0.04081632653061229,1.2653061224489792,-0.008218737474922974
0.04081632653061229,1.2653061224489792,0.008218737474922974
0.12244897959183643,1.2653061224489792,0.024329779989529125
0.204081632653061,1.2653061224489792,0.039483038616447926
0.2857142857142856,1.2653061224489792,0.05310972592572183
0.36734693877551017,1.2653061224489792,0.06473897280025492
0.4489795918367343,1.2653061224489792,0.07402443022062107
0.5306122448979589,1.2653061224489792,0.08076006359899608
0.6122448979591835,1.2653061224489792,0.08488428397148841
0.693877551020408,1.2653061224489792,0.08647279589686406
0.7755102040816326,1.2653061224489792,0.08572165525640162
0.8571428571428568,1.2653061224489792,0.08292288985625476
0.9387755102040813,1.2653061224489792,0.078435555242279
1.020408163265306,1.2653061224489792,0.07265524501934889
1.1020408163265305,1.2653061224489792,0.06598487064382401
1.1836734693877546,1.2653061224489792,0.05880903654170201
1.2653061224489792,1.2653061224489792,0.05147365888725486
1.3469387755102038,1.2653061224489792,0.044271718934502775
1.4285714285714284,1.2653061224489792,0.03743530761217347
1.510204081632653,1.2653061224489792,0.031133491049663883
1.591836734693877,1.2653061224489792,0.02547506254182788
1.6734693877551017,1.2653061224489792,0.020514969781043793
1.7551020408163263,1.2653061224489792,0.016263112719149347
1.8367346938775508,1.2653061224489792,0.01269427027231849
1.9183673469387754,1.2653061224489792,0.009758092120249143
2.0,1.2653061224489792,0.007388338479355869
-2.0,1.3469387755102038,-0.005969471482368856
-1.9183673469387754,1.3469387755102038,-0.007884134274156037
-1.836734693877551,1.3469387755102038,-0.010256444610899092
-1.7551020408163265,1.3469387755102038,-0.01313992149422694
-1.6734693877551021,1.3469387755102038,-0.016575245897542615
-1.5918367346938775,1.3469387755102038,-0.020582795411975007
-1.510204081632653,1.3469387755102038,-0.02515457128647379
-1.4285714285714286,1.3469387755102038,-0.0302461780614114
-1.3469387755102042,1.3469387755102038,-0.03576971526052819
-1.2653061224489797,1.3469387755102038,-0.041588584453623775
-1.183673469387755,1.3469387755102038,-0.04751526578298885
-1.1020408163265307,1.3469387755102038,-0.05331304253002301
-1.0204081632653061,1.3469387755102038,-0.05870242875301197
-0.9387755102040818,1.3469387755102038,-0.0633726800052306
-0.8571428571428572,1.3469387755102038,-0.06699826051765863
-0.7755102040816328,1.3469387755102038,-0.06925954704218637
-0.6938775510204083,1.3469387755102038,-0.06986643756906433
-0.6122448979591837,1.3469387755102038,-0.06858298572607845
-0.5306122448979593,1.3469387755102038,-0.06525078648136493
-0.44897959183673475,1.3469387755102038,-0.059808673686959406
-0.3673469387755104,1.3469387755102038,-0.052306408674804926
-0.2857142857142858,1.3469387755102038,-0.04291045885835788
-0.20408163265306145,1.3469387755102038,-0.031900659900289625
-0.12244897959183687,1.3469387755102038,-0.01965745454483631
-0.04081632653061229,1.3469387755102038,-0.006640399477462243
0.04081632653061229,1.3469387755102038,0.006640399477462243
0.12244897959183643,1.3469387755102038,0.01965745454483624
0.204081632653061,1.3469387755102038,0.03190065990028956
0.2857142857142856,1.3469387755102038,0.042910458858357856
0.36734693877551017,1.3469387755102038,0.052306408674804905
0.4489795918367343,1.3469387755102038,0.05980867368695937
0.5306122448979589,1.3469387755102038,0.06525078648136493
0.6122448979591835,1.3469387755102038,0.06858298572607846
0.693877551020408,1.3469387755102038,0.06986643756906431
0.7755102040816326,1.3469387755102038,0.06925954704218638
0.8571428571428568,1.3469387755102038,0.06699826051765866
0.9387755102040813,1.3469387755102038,0.06337268000523061
1.020408163265306,1.3469387755102038,0.05870242875301201
1.1020408163265305,1.3469387755102038,0.05331304253002302
1.1836734693877546,1.3469387755102038,0.04751526578298887
1.2653061224489792,1.3469387755102038,0.04158858445362382
1.3469387755102038,1.3469387755102038,0.035769715260528225
1.4285714285714284,1.3469387755102038,0.030246178061411423
1.510204081632653,1.3469387755102038,0.02515457128647379
1.591836734693877,1.3469387755102038,0.02058279541197504
1.6734693877551017,1.3469387755102038,0.01657524589754264
1.7551020408163263,1.3469387755102038,0.01313992149422695
1.8367346938775508,1.3469387755102038,0.0102564446108991
1.9183673469387754,1.3469387755102038,0.007884134274156037
2.0,1.3469387755102038,0.005969471482368856
-2.0,1.4285714285714284,-0.004759231154395854
-1.9183673469387754,1.4285714285714284,-0.00628571852195424
-1.836734693877551,1.4285714285714284,-0.0081770707624113
-1.7551020408163265,1.4285714285714284,-0.010475956527532415
-1.6734693877551021,1.4285714285714284,-0.013214809200504446
-1.5918367346938775,1.4285714285714284,-0.01640987505486078
-1.510204081632653,1.4285714285714284,-0.020054776992510327
-1.4285714285714286,1.4285714285714284,-0.024114120212557037
-1.3469387755102042,1.4285714285714284,-0.028517825029330736
-1.2653061224489797,1.4285714285714284,-0.033156986742210764
-1.183673469387755,1.4285714285714284,-0.03788210294524476
-1.1020408163265307,1.4285714285714284,-0.04250444845811205
-1.0204081632653061,1.4285714285714284,-0.046801199835730244
-0.9387755102040818,1.4285714285714284,-0.05052461242327052
-0.8571428571428572,1.4285714285714284,-0.053415149010719115
-0.7755102040816328,1.4285714285714284,-0.055217986214705105
-0.6938775510204083,1.4285714285714284,-0.05570183680539073
-0.6122448979591837,1.4285714285714284,-0.05467858977014712
-0.5306122448979593,1.4285714285714284,-0.0520219548394109
-0.44897959183673475,1.4285714285714284,-0.04768316658430843
-0.3673469387755104,1.4285714285714284,-0.0417018978103749
-0.2857142857142858,1.4285714285714284,-0.03421086661546087
-0.20408163265306145,1.4285714285714284,-0.025433175263783556
-0.12244897959183687,1.4285714285714284,-0.01567213619534377
-0.04081632653061229,1.4285714285714284,-0.005294136367702559
0.04081632653061229,1.4285714285714284,0.005294136367702559
0.12244897959183643,1.4285714285714284,0.01567213619534371
0.204081632653061,1.4285714285714284,0.0254331752637835
0.2857142857142856,1.4285714285714284,0.03421086661546084
0.36734693877551017,1.4285714285714284,0.04170189781037487
0.4489795918367343,1.4285714285714284,0.0476831665843084
0.5306122448979589,1.4285714285714284,0.052021954839410876
0.6122448979591835,1.4285714285714284,0.054678589770147126
0.693877551020408,1.4285714285714284,0.05570183680539073
0.7755102040816326,1.4285714285714284,0.055217986214705105
0.8571428571428568,1.4285714285714284,0.053415149010719115
0.9387755102040813,1.4285714285714284,0.05052461242327054
1.020408163265306,1.4285714285714284,0.04680119983573025
1.1020408163265305,1.4285714285714284,0.04250444845811206
1.1836734693877546,1.4285714285714284,0.03788210294524479
1.2653061224489792,1.4285714285714284,0.033156986742210785
1.3469387755102038,1.4285714285714284,0.028517825029330767
1.4285714285714284,1.4285714285714284,0.024114120212557034
1.510204081632653,1.4285714285714284,0.020054776992510327
1.591836734693877,1.4285714285714284,0.016409875054860804
1.6734693877551017,1.4285714285714284,0.013214809200504466
1.7551020408163263,1.4285714285714284,0.010475956527532413
1.8367346938775508,1.4285714285714284,0.008177070762411308
1.9183673469387754,1.4285714285714284,0.00628571852195424
2.0,1.4285714285714284,0.004759231154395854
-2.0,1.510204081632653,-0.00374411806046544
-1.9183673469387754,1.510204081632653,-0.004945015587089826
-1.836734693877551,1.510204081632653,-0.006432954679028298
-1.7551020408163265,1.510204081632653,-0.008241503041758427
-1.6734693877551021,1.510204081632653,-0.010396176228488815
-1.5918367346938775,1.510204081632653,-0.012909755288128042
-1.510204081632653,1.510204081632653,-0.01577722331618844
-1.4285714285714286,1.510204081632653,-0.01897073499291516
-1.3469387755102042,1.510204081632653,-0.022435158174422556
-1.2653061224489797,1.510204081632653,-0.02608481682539404
-1.183673469387755,1.510204081632653,-0.02980209643204581
-1.1020408163265307,1.510204081632653,-0.03343852566924573
-1.0204081632653061,1.510204081632653,-0.03681880788550471
-0.9387755102040818,1.510204081632653,-0.039748040751762415
-0.8571428571428572,1.510204081632653,-0.04202204465920159
-0.7755102040816328,1.510204081632653,-0.04344034839704133
-0.6938775510204083,1.510204081632653,-0.043820996799353036
-0.6122448979591837,1.510204081632653,-0.04301600171071678
-0.5306122448979593,1.510204081632653,-0.040926009755809206
-0.44897959183673475,1.510204081632653,-0.03751265685500297
-0.3673469387755104,1.510204081632653,-0.03280715386208829
-0.2857142857142858,1.510204081632653,-0.026913910966650904
-0.20408163265306145,1.510204081632653,-0.020008444169004207
-0.12244897959183687,1.510204081632653,-0.012329371335717243
-0.04081632653061229,1.510204081632653,-0.004164931465993961
0.04081632653061229,1.510204081632653,0.004164931465993961
0.12244897959183643,1.510204081632653,0.012329371335717198
0.204081632653061,1.510204081632653,0.020008444169004165
0.2857142857142856,1.510204081632653,0.026913910966650884
0.36734693877551017,1.510204081632653,0.03280715386208827
0.4489795918367343,1.510204081632653,0.037512656855002956
0.5306122448979589,1.510204081632653,0.0409260097558092
0.6122448979591835,1.510204081632653,0.043016001710716796
0.693877551020408,1.510204081632653,0.04382099679935304
0.7755102040816326,1.510204081632653,0.043440348397041334
0.8571428571428568,1.510204081632653,0.04202204465920159
0.9387755102040813,1.510204081632653,0.03974804075176243
1.020408163265306,1.510204081632653,0.03681880788550472
1.1020408163265305,1.510204081632653,0.03343852566924574
1.1836734693877546,1.510204081632653,0.029802096432045837
1.2653061224489792,1.510204081632653,0.02608481682539406
1.3469387755102038,1.510204081632653,0.022435158174422567
1.4285714285714284,1.510204081632653,0.018970734992915173
1.510204081632653,1.510204081632653,0.01577722331618844
1.591836734693877,1.510204081632653,0.01290975528812805
1.6734693877551017,1.510204081632653,0.01039617622848883
1.7551020408163263,1.510204081632653,0.008241503041758432
1.8367346938775508,1.510204081632653,0.006432954679028303
1.9183673469387754,1.510204081632653,0.004945015587089826
2.0,1.510204081632653,0.00374411806046544
-2.0,1.591836734693877,-0.00290652517464818
-1.9183673469387754,1.591836734693877,-0.0038387711233436672
-1.836734693877551,1.591836734693877,-0.004993844857456824
-1.7551020408163265,1.591836734693877,-0.006397804684832147
-1.6734693877551021,1.591836734693877,-0.008070458099931123
-1.5918367346938775,1.591836734693877,-0.010021726916065003
-1.510204081632653,1.591836734693877,-0.012247716555403536
-1.4285714285714286,1.591836734693877,-0.014726810946669958
-1.3469387755102042,1.591836734693877,-0.017416211502440392
-1.2653061224489797,1.591836734693877,-0.020249408687093944
-1.183673469387755,1.591836734693877,-0.02313509941143946
-1.1020408163265307,1.591836734693877,-0.025958026721171343
-1.0204081632653061,1.591836734693877,-0.028582109402407876
-0.9387755102040818,1.591836734693877,-0.03085604653010798
-0.8571428571428572,1.591836734693877,-0.03262133531039785
-0.7755102040816328,1.591836734693877,-0.033722351745444856
-0.6938775510204083,1.591836734693877,-0.034017845676496565
-0.6122448979591837,1.591836734693877,-0.03339293522954913
-0.5306122448979593,1.591836734693877,-0.03177049327295231
-0.44897959183673475,1.591836734693877,-0.029120738116749135
-0.3673469387755104,1.591836734693877,-0.025467898466017422
-0.2857142857142858,1.591836734693877,-0.020893027011836842
-0.20408163265306145,1.591836734693877,-0.015532375246608526
-0.12244897959183687,1.591836734693877,-0.009571180073951252
-0.04081632653061229,1.591836734693877,-0.0032331988364413216
0.04081632653061229,1.591836734693877,0.0032331988364413216
0.12244897959183643,1.591836734693877,0.009571180073951217
0.204081632653061,1.591836734693877,0.015532375246608492
0.2857142857142856,1.591836734693877,0.020893027011836825
0.36734693877551017,1.591836734693877,0.025467898466017404
0.4489795918367343,1.591836734693877,0.029120738116749117
0.5306122448979589,1.591836734693877,0.031770493272952297
0.6122448979591835,1.591836734693877,0.03339293522954913
0.693877551020408,1.591836734693877,0.034017845676496565
0.7755102040816326,1.591836734693877,0.03372235174544486
0.8571428571428568,1.591836734693877,0.03262133531039784
0.9387755102040813,1.591836734693877,0.03085604653010799
1.020408163265306,1.591836734693877,0.028582109402407883
1.1020408163265305,1.591836734693877,0.02595802672117135
1.1836734693877546,1.591836734693877,0.023135099411439482
1.2653061224489792,1.591836734693877,0.020249408687093955
1.3469387755102038,1.591836734693877,0.017416211502440417
1.4285714285714284,1.591836734693877,0.014726810946669956
1.510204081632653,1.591836734693877,0.012247716555403536
1.591836734693877,1.591836734693877,0.010021726916065019
1.6734693877551017,1.591836734693877,0.008070458099931135
1.7551020408163263,1.591836734693877,0.006397804684832146
1.8367346938775508,1.591836734693877,0.004993844857456827
1.9183673469387754,1.591836734693877,0.0038387711233436672
2.0,1.591836734693877,0.00290652517464818
-2.0,1.6734693877551017,-0.0022264372625870115
-1.9183673469387754,1.6734693877551017,-0.0029405501614448892
-1.836734693877551,1.6734693877551017,-0.003825352132229933
-1.7551020408163265,1.6734693877551017,-0.004900804188213591
-1.6734693877551021,1.6734693877551017,-0.0061820791357875635
-1.5918367346938775,1.6734693877551017,-0.007676777217007653
-1.510204081632653,1.6734693877551017,-0.009381915133026508
-1.4285714285714286,1.6734693877551017,-0.011280934683357474
-1.3469387755102042,1.6734693877551017,-0.013341051576070885
-1.2653061224489797,1.6734693877551017,-0.015511318614935541
-1.183673469387755,1.6734693877551017,-0.017721796409184216
-1.1020408163265307,1.6734693877551017,-0.01988419658613171
-1.0204081632653061,1.6734693877551017,-0.02189427911098768
-0.9387755102040818,1.6734693877551017,-0.02363614544610532
-0.8571428571428572,1.6734693877551017,-0.02498838032572919
-0.7755102040816328,1.6734693877551017,-0.02583177368047834
-0.6938775510204083,1.6734693877551017,-0.02605812599447179
-0.6122448979591837,1.6734693877551017,-0.025579436211565616
-0.5306122448979593,1.6734693877551017,-0.024336623914579754
-0.44897959183673475,1.6734693877551017,-0.022306875929611097
-0.3673469387755104,1.6734693877551017,-0.019508751769675394
-0.2857142857142858,1.6734693877551017,-0.01600433888312051
-0.20408163265306145,1.6734693877551017,-0.011898007740366225
-0.12244897959183687,1.6734693877551017,-0.007331652293758231
-0.04081632653061229,1.6734693877551017,-0.0024766736684733066
0.04081632653061229,1.6734693877551017,0.0024766736684733066
0.12244897959183643,1.6734693877551017,0.0073316522937582045
0.204081632653061,1.6734693877551017,0.0118980077403662
0.2857142857142856,1.6734693877551017,0.0160043388831205
0.36734693877551017,1.6734693877551017,0.01950875176967538
0.4489795918367343,1.6734693877551017,0.022306875929611086
0.5306122448979589,1.6734693877551017,0.024336623914579743
0.6122448979591835,1.6734693877551017,0.02557943621156562
0.693877551020408,1.6734693877551017,0.02605812599447179
0.7755102040816326,1.6734693877551017,0.025831773680478343
0.8571428571428568,1.6734693877551017,0.02498838032572919
0.9387755102040813,1.6734693877551017,0.02363614544610533
1.020408163265306,1.6734693877551017,0.021894279110987687
1.1020408163265305,1.6734693877551017,0.019884196586131705
1.1836734693877546,1.6734693877551017,0.017721796409184226
1.2653061224489792,1.6734693877551017,0.015511318614935548
1.3469387755102038,1.6734693877551017,0.013341051576070904
1.4285714285714284,1.6734693877551017,0.011280934683357472
1.510204081632653,1.6734693877551017,0.009381915133026508
1.591836734693877,1.6734693877551017,0.0076767772170076645
1.6734693877551017,1.6734693877551017,0.006182079135787573
1.7551020408163263,1.6734693877551017,0.004900804188213591
1.8367346938775508,1.6734693877551017,0.0038253521322299355
1.9183673469387754,1.6734693877551017,0.0029405501614448892
2.0,1.6734693877551017,0.0022264372625870115
-2.0,1.7551020408163263,-0.0016829013297061932
-1.9183673469387754,1.7551020408163263,-0.0022226791924122168
-1.836734693877551,1.7551020408163263,-0.0028914761256034196
-1.7551020408163265,1.7551020408163263,-0.0037043800980006325
-1.6734693877551021,1.7551020408163263,-0.004672859807366439
-1.5918367346938775,1.7551020408163263,-0.005802660062987286
-1.510204081632653,1.7551020408163263,-0.0070915258731409775
-1.4285714285714286,1.7551020408163263,-0.008526941359619409
-1.3469387755102042,1.7551020408163263,-0.010084125797895084
-1.2653061224489797,1.7551020408163263,-0.011724569634735567
-1.183673469387755,1.7551020408163263,-0.013395407651030996
-1.1020408163265307,1.7551020408163263,-0.01502990514812794
-1.0204081632653061,1.7551020408163263,-0.01654927001447441
-0.9387755102040818,1.7551020408163263,-0.01786589780399217
-0.8571428571428572,1.7551020408163263,-0.018888014130930518
-0.7755102040816328,1.7551020408163263,-0.0195255114554783
-0.6938775510204083,1.7551020408163263,-0.01969660480564934
-0.6122448979591837,1.7551020408163263,-0.019334776657285745
-0.5306122448979593,1.7551020408163263,-0.018395369784108256
-0.44897959183673475,1.7551020408163263,-0.01686114034936409
-0.3673469387755104,1.7551020408163263,-0.014746116967134477
-0.2857142857142858,1.7551020408163263,-0.01209722979401466
-0.20408163265306145,1.7551020408163263,-0.008993369534181686
-0.12244897959183687,1.7551020408163263,-0.005541789836814227
-0.04081632653061229,1.7551020408163263,-0.0018720479934292125
0.04081632653061229,1.7551020408163263,0.0018720479934292125
0.12244897959183643,1.7551020408163263,0.005541789836814207
0.204081632653061,1.7551020408163263,0.008993369534181665
0.2857142857142856,1.7551020408163263,0.012097229794014652
0.36734693877551017,1.7551020408163263,0.014746116967134468
0.4489795918367343,1.7551020408163263,0.016861140349364083
0.5306122448979589,1.7551020408163263,0.01839536978410825
0.6122448979591835,1.7551020408163263,0.019334776657285745
0.693877551020408,1.7551020408163263,0.019696604805649342
0.7755102040816326,1.7551020408163263,0.019525511455478303
0.8571428571428568,1.7551020408163263,0.018888014130930518
0.9387755102040813,1.7551020408163263,0.017865897803992177
1.020408163265306,1.7551020408163263,0.016549270014474406
1.1020408163265305,1.7551020408163263,0.015029905148127937
1.1836734693877546,1.7551020408163263,0.013395407651031003
1.2653061224489792,1.7551020408163263,0.011724569634735574
1.3469387755102038,1.7551020408163263,0.0100841257978951
1.4285714285714284,1.7551020408163263,0.008526941359619407
1.510204081632653,1.7551020408163263,0.0070915258731409775
1.591836734693877,1.7551020408163263,0.0058026600629872945
1.6734693877551017,1.7551020408163263,0.004672859807366447
1.7551020408163263,1.7551020408163263,0.003704380098000632
1.8367346938775508,1.7551020408163263,0.002891476125603422
1.9183673469387754,1.7551020408163263,0.0022226791924122168
2.0,1.7551020408163263,0.0016829013297061932
-2.0,1.8367346938775508,-0.0012552165705216392
-1.9183673469387754,1.8367346938775508,-0.0016578177840982202
-1.836734693877551,1.8367346938775508,-0.002156649758401914
-1.7551020408163265,1.8367346938775508,-0.002762966075576601
-1.6734693877551021,1.8367346938775508,-0.0034853208315872687
-1.5918367346938775,1.8367346938775508,-0.004327998876462581
-1.510204081632653,1.8367346938775508,-0.005289318291645494
-1.4285714285714286,1.8367346938775508,-0.0063599439263199
-1.3469387755102042,1.8367346938775508,-0.007521392714659335
-1.2653061224489797,1.8367346938775508,-0.008744941743152731
-1.183673469387755,1.8367346938775508,-0.00999116071493147
-1.1020408163265307,1.8367346938775508,-0.011210274578957246
-1.0204081632653061,1.8367346938775508,-0.012343515086432166
-0.9387755102040818,1.8367346938775508,-0.013325541179964647
-0.8571428571428572,1.8367346938775508,-0.014087901591669661
-0.7755102040816328,1.8367346938775508,-0.014563388295085179
-0.6938775510204083,1.8367346938775508,-0.014691000772685538
-0.6122448979591837,1.8367346938775508,-0.014421125956206288
-0.5306122448979593,1.8367346938775508,-0.013720455600279855
-0.44897959183673475,1.8367346938775508,-0.012576128137059456
-0.3673469387755104,1.8367346938775508,-0.010998607013537129
-0.2857142857142858,1.8367346938775508,-0.009022895773400017
-0.20408163265306145,1.8367346938775508,-0.00670783620219739
-0.12244897959183687,1.8367346938775508,-0.004133425002838436
-0.04081632653061229,1.8367346938775508,-0.0013962943760787053
0.04081632653061229,1.8367346938775508,0.0013962943760787053
0.12244897959183643,1.8367346938775508,0.004133425002838421
0.204081632653061,1.8367346938775508,0.006707836202197376
0.2857142857142856,1.8367346938775508,0.00902289577340001
0.36734693877551017,1.8367346938775508,0.010998607013537122
0.4489795918367343,1.8367346938775508,0.01257612813705945
0.5306122448979589,1.8367346938775508,0.013720455600279848
0.6122448979591835,1.8367346938775508,0.01442112595620629
0.693877551020408,1.8367346938775508,0.01469100077268554
0.7755102040816326,1.8367346938775508,0.014563388295085179
0.8571428571428568,1.8367346938775508,0.014087901591669666
0.9387755102040813,1.8367346938775508,0.013325541179964652
1.020408163265306,1.8367346938775508,0.012343515086432175
1.1020408163265305,1.8367346938775508,0.011210274578957253
1.1836734693877546,1.8367346938775508,0.009991160714931486
1.2653061224489792,1.8367346938775508,0.008744941743152736
1.3469387755102038,1.8367346938775508,0.0075213927146593395
1.4285714285714284,1.8367346938775508,0.006359943926319905
1.510204081632653,1.8367346938775508,0.005289318291645494
1.591836734693877,1.8367346938775508,0.004327998876462583
1.6734693877551017,1.8367346938775508,0.0034853208315872744
1.7551020408163263,1.8367346938775508,0.002762966075576603
1.8367346938775508,1.8367346938775508,0.002156649758401915
1.9183673469387754,1.8367346938775508,0.0016578177840982202
2.0,1.8367346938775508,0.0012552165705216392
-2.0,1.9183673469387754,-0.000923826663771809
-1.9183673469387754,1.9183673469387754,-0.0012201370732291723
-1.836734693877551,1.9183673469387754,-0.0015872723464770181
-1.7551020408163265,1.9183673469387754,-0.002033515005823943
-1.6734693877551021,1.9183673469387754,-0.0025651607791327717
-1.5918367346938775,1.9183673469387754,-0.003185363272561761
-1.510204081632653,1.9183673469387754,-0.0038928846111132673
-1.4285714285714286,1.9183673469387754,-0.004680854218476562
-1.3469387755102042,1.9183673469387754,-0.005535668745684018
-1.2653061224489797,1.9183673469387754,-0.006436188419738791
-1.183673469387755,1.9183673469387754,-0.007353392942101844
-1.1020408163265307,1.9183673469387754,-0.008250648380095978
-1.0204081632653061,1.9183673469387754,-0.009084701898714333
-0.9387755102040818,1.9183673469387754,-0.00980746314249551
-0.8571428571428572,1.9183673469387754,-0.01036855267260302
-0.7755102040816328,1.9183673469387754,-0.010718506063276996
-0.6938775510204083,1.9183673469387754,-0.010812427552369677
-0.6122448979591837,1.9183673469387754,-0.010613802424882359
-0.5306122448979593,1.9183673469387754,-0.010098116150082529
-0.44897959183673475,1.9183673469387754,-0.009255902744494657
-0.3673469387755104,1.9183673469387754,-0.008094863198970218
-0.2857142857142858,1.9183673469387754,-0.006640759766608891
-0.20408163265306145,1.9183673469387754,-0.00493689940472065
-0.12244897959183687,1.9183673469387754,-0.0030421588752101185
-0.04081632653061229,1.9183673469387754,-0.0010276584976567531
0.04081632653061229,1.9183673469387754,0.0010276584976567531
0.12244897959183643,1.9183673469387754,0.003042158875210107
0.204081632653061,1.9183673469387754,0.004936899404720639
0.2857142857142856,1.9183673469387754,0.006640759766608886
0.36734693877551017,1.9183673469387754,0.008094863198970214
0.4489795918367343,1.9183673469387754,0.009255902744494652
0.5306122448979589,1.9183673469387754,0.010098116150082524
0.6122448979591835,1.9183673469387754,0.010613802424882366
0.693877551020408,1.9183673469387754,0.010812427552369674
0.7755102040816326,1.9183673469387754,0.010718506063277
0.8571428571428568,1.9183673469387754,0.010368552672603023
0.9387755102040813,1.9183673469387754,0.009807463142495514
1.020408163265306,1.9183673469387754,0.009084701898714331
1.1020408163265305,1.9183673469387754,0.008250648380095977
1.1836734693877546,1.9183673469387754,0.007353392942101848
1.2653061224489792,1.9183673469387754,0.006436188419738795
1.3469387755102038,1.9183673469387754,0.0055356687456840255
1.4285714285714284,1.9183673469387754,0.004680854218476561
1.510204081632653,1.9183673469387754,0.0038928846111132673
1.591836734693877,1.9183673469387754,0.0031853632725617658
1.6734693877551017,1.9183673469387754,0.002565160779132775
1.7551020408163263,1.9183673469387754,0.0020335150058239425
1.8367346938775508,1.9183673469387754,0.0015872723464770192
1.9183673469387754,1.9183673469387754,0.0012201370732291723
2.0,1.9183673469387754,0.000923826663771809
-2.0,2.0,-0.0006709252558050237
-1.9183673469387754,2.0,-0.0008861194530056126
-1.836734693877551,2.0,-0.0011527499117035453
-1.7551020408163265,2.0,-0.0014768317791299247
-1.6734693877551021,2.0,-0.0018629373013483127
-1.5918367346938775,2.0,-0.002313356771658752
-1.510204081632653,2.0,-0.0028271911885147196
-1.4285714285714286,2.0,-0.003399450824568467
-1.3469387755102042,2.0,-0.004020256304452488
-1.2653061224489797,2.0,-0.004674254956327179
-1.183673469387755,2.0,-0.005340370909594314
-1.1020408163265307,2.0,-0.00599199892366445
-1.0204081632653061,2.0,-0.006597726807777915
-0.9387755102040818,2.0,-0.007122629142150916
-0.8571428571428572,2.0,-0.0075301180697598365
-0.7755102040816328,2.0,-0.007784270258006014
-0.6938775510204083,2.0,-0.007852480347156096
-0.6122448979591837,2.0,-0.0077082296779616725
-0.5306122448979593,2.0,-0.007333714674873734
-0.44897959183673475,2.0,-0.00672206070693194
-0.3673469387755104,2.0,-0.005878860586575654
-0.2857142857142858,2.0,-0.004822824042511404
-0.20408163265306145,2.0,-0.0035854025715954287
-0.12244897959183687,2.0,-0.0022093551762368572
-0.04081632653061229,2.0,-0.0007463326914656686
0.04081632653061229,2.0,0.0007463326914656686
0.12244897959183643,2.0,0.002209355176236849
0.204081632653061,2.0,0.0035854025715954243
0.2857142857142856,2.0,0.0048228240425114005
0.36734693877551017,2.0,0.0058788605865756505
0.4489795918367343,2.0,0.006722060706931933
0.5306122448979589,2.0,0.007333714674873734
0.6122448979591835,2.0,0.007708229677961677
0.693877551020408,2.0,0.007852480347156092
0.7755102040816326,2.0,0.007784270258006019
0.8571428571428568,2.0,0.007530118069759839
0.9387755102040813,2.0,0.007122629142150918
1.020408163265306,2.0,0.006597726807777913
1.1020408163265305,2.0,0.005991998923664449
1.1836734693877546,2.0,0.005340370909594316
1.2653061224489792,2.0,0.004674254956327181
1.3469387755102038,2.0,0.004020256304452494
1.4285714285714284,2.0,0.0033994508245684665
1.510204081632653,2.0,0.0028271911885147196
1.591836734693877,2.0,0.002313356771658755
1.6734693877551017,2.0,0.0018629373013483153
1.7551020408163263,2.0,0.0014768317791299245
1.8367346938775508,2.0,0.0011527499117035462
1.9183673469387754,2.0,0.0008861194530056126
2.0,2.0,0.0006709252558050237
