[90mINFO: ============================================================[0m
[90mINFO: Injected Global Variables (available in your function):[0m
[90mINFO:   • CONFIG - Session configuration dict[0m
[90mINFO:       - CONFIG['ID']: 2025Y-11M-20D-05h06m48s_nU4M[0m
[90mINFO:       - CONFIG['SDIR_RUN']: /home/ywatanabe/proj/scitex-code/examples/demo_plot_all_types_publication_out/RUNNING/2025Y-11M-20D-05h06m48s_nU4M-main[0m
[90mINFO:       - CONFIG['PID']: 1306225[0m
[90mINFO:   • plt - matplotlib.pyplot (configured for session)[0m
[90mINFO:   • COLORS - CustomColors (for consistent plotting)[0m
[90mINFO:   • rng_manager - RandomStateManager (for reproducibility)[0m
[90mINFO:   • logger - SciTeX logger (configured for your script)[0m
[90mINFO: ============================================================[0m
[90mINFO: Running main with injected parameters:[0m
[90mINFO:     {'verbose': 'bool'}[0m
[90mINFO:   • Auto-collected metadata from figure[0m
[90mINFO: 📝 Saving figure with metadata to: /home/ywatanabe/proj/scitex-code/examples/demo_plot_all_types_publication_out/publication/01_matplotlib_basic/01_plot.png[0m
[90mINFO:   • Auto-added URL: https://scitex.ai[0m
/home/ywatanabe/proj/scitex-code/src/scitex/io/_save_modules/_image.py:57: UserWarning: This figure includes Axes that are not compatible with tight_layout, so results might be incorrect.
  obj.savefig(spath, **kwargs)
[90mINFO:   • Embedded metadata: {'metadata_version': '1.1.0', 'scitex': {'version': '2.2.2', 'created_at': '2025-11-20T05:06:54.565340', 'created_with': 'scitex.plt.subplots (mm-control)', 'mode': 'publication', 'axes_size_mm': (40, 28), 'position_in_grid': (0, 0), 'style_mm': {'axis_thickness_mm': 0.2, 'tick_length_mm': 0.8, 'tick_thickness_mm': 0.2, 'trace_thickness_mm': 0.2, 'axis_font_size_pt': 7, 'tick_font_size_pt': 7, 'title_font_size_pt': 8, 'legend_font_size_pt': 6, 'label_pad_pt': 0.5, 'tick_pad_pt': 2.0, 'title_pad_pt': 1.0, 'font_family': 'Arial', 'n_ticks': 4, 'font_family_requested': 'Arial', 'font_family_actual': 'Arial'}}, 'matplotlib': {'version': '3.10.3'}, 'id': '01_plot', 'dimensions': {'figure_size_mm': (np.float64(80.0), np.float64(68.0)), 'figure_size_inch': (np.float64(3.1496062992125986), np.float64(2.677165354330709)), 'figure_size_px': (944, 803), 'axes_size_mm': (np.float64(40.0), np.float64(27.999999999999993)), 'axes_size_inch': (np.float64(1.5748031496062993), np.float64(1.1023622047244093)), 'axes_size_px': (472, 330), 'axes_position': (np.float64(0.25), np.float64(0.29411764705882354), np.float64(0.5), np.float64(0.41176470588235287)), 'dpi': 300}, 'margins_mm': {'left': np.float64(20.0), 'bottom': np.float64(20.0), 'right': np.float64(20.0), 'top': np.float64(20.000000000000007)}, 'axes_bbox_px': {'x0': 236, 'y0': 236, 'x1': 708, 'y1': 566, 'width': 472, 'height': 330}, 'axes_bbox_mm': {'x0': np.float64(20.0), 'y0': np.float64(20.0), 'x1': np.float64(60.0), 'y1': np.float64(47.99999999999999), 'width': np.float64(40.0), 'height': np.float64(27.999999999999993)}, 'axes': {'x': {'label': 'Time', 'unit': 's', 'scale': 'linear', 'n_ticks': 4}, 'y': {'label': 'Amplitude', 'unit': 'a.u.', 'scale': 'linear', 'n_ticks': 4}}, 'plot_type': 'line', 'style': {'name': 'SCITEX_STYLE', 'overrides': {}}, 'url': 'https://scitex.ai'}[0m
[90mINFO:   • Auto-cropped with 1.0mm margin (11px at 300 DPI)[0m
/home/ywatanabe/proj/scitex-code/src/scitex/plt/_subplots/_AxisWrapperMixins/_TrackingMixin.py:113: UserWarning: Matplotlib method 'plot()' does not support full data tracking for CSV export. Consider using 'ax.plot()' instead for better data export support.
  df = _export_as_csv(self.history)
[32mSUCC: Saved to: ./examples/demo_plot_all_types_publication_out/publication/01_matplotlib_basic/01_plot.json (2.5 KiB)[0m
[32mSUCC: Saved to: ./examples/demo_plot_all_types_publication_out/publication/01_matplotlib_basic/01_plot.png (1.1 MiB)[0m
[90mINFO:   • Auto-collected metadata from figure[0m
[90mINFO: 📝 Saving figure with metadata to: /home/ywatanabe/proj/scitex-code/examples/demo_plot_all_types_publication_out/publication/01_matplotlib_basic/01_plot.pdf[0m
[90mINFO:   • Auto-added URL: https://scitex.ai[0m
/home/ywatanabe/proj/scitex-code/src/scitex/io/_save_modules/_image.py:174: UserWarning: This figure includes Axes that are not compatible with tight_layout, so results might be incorrect.
  obj.savefig(spath, **save_kwargs)
[90mINFO:   • Embedded metadata: {'metadata_version': '1.1.0', 'scitex': {'version': '2.2.2', 'created_at': '2025-11-20T05:06:54.947417', 'created_with': 'scitex.plt.subplots (mm-control)', 'mode': 'publication', 'axes_size_mm': (40, 28), 'position_in_grid': (0, 0), 'style_mm': {'axis_thickness_mm': 0.2, 'tick_length_mm': 0.8, 'tick_thickness_mm': 0.2, 'trace_thickness_mm': 0.2, 'axis_font_size_pt': 7, 'tick_font_size_pt': 7, 'title_font_size_pt': 8, 'legend_font_size_pt': 6, 'label_pad_pt': 0.5, 'tick_pad_pt': 2.0, 'title_pad_pt': 1.0, 'font_family': 'Arial', 'n_ticks': 4, 'font_family_requested': 'Arial', 'font_family_actual': 'Arial'}}, 'matplotlib': {'version': '3.10.3'}, 'id': '01_plot', 'dimensions': {'figure_size_mm': (np.float64(80.0), np.float64(68.0)), 'figure_size_inch': (np.float64(3.1496062992125986), np.float64(2.677165354330709)), 'figure_size_px': (944, 803), 'axes_size_mm': (np.float64(40.0), np.float64(27.999999999999993)), 'axes_size_inch': (np.float64(1.5748031496062993), np.float64(1.1023622047244093)), 'axes_size_px': (472, 330), 'axes_position': (np.float64(0.25), np.float64(0.29411764705882354), np.float64(0.5), np.float64(0.41176470588235287)), 'dpi': 300}, 'margins_mm': {'left': np.float64(20.0), 'bottom': np.float64(20.0), 'right': np.float64(20.0), 'top': np.float64(20.000000000000007)}, 'axes_bbox_px': {'x0': 236, 'y0': 236, 'x1': 708, 'y1': 566, 'width': 472, 'height': 330}, 'axes_bbox_mm': {'x0': np.float64(20.0), 'y0': np.float64(20.0), 'x1': np.float64(60.0), 'y1': np.float64(47.99999999999999), 'width': np.float64(40.0), 'height': np.float64(27.999999999999993)}, 'axes': {'x': {'label': 'Time', 'unit': 's', 'scale': 'linear', 'n_ticks': 4}, 'y': {'label': 'Amplitude', 'unit': 'a.u.', 'scale': 'linear', 'n_ticks': 4}}, 'plot_type': 'line', 'style': {'name': 'SCITEX_STYLE', 'overrides': {}}, 'url': 'https://scitex.ai'}[0m
[32mSUCC: Saved to: ./examples/demo_plot_all_types_publication_out/publication/01_matplotlib_basic/01_plot.json (2.5 KiB)[0m
[32mSUCC: Saved to: ./examples/demo_plot_all_types_publication_out/publication/01_matplotlib_basic/01_plot.pdf (18.6 KiB)[0m
[90mINFO:   • Auto-collected metadata from figure[0m
[90mINFO: 📝 Saving figure with metadata to: /home/ywatanabe/proj/scitex-code/examples/demo_plot_all_types_publication_out/publication/01_matplotlib_basic/01_plot.jpg[0m
[90mINFO:   • Auto-added URL: https://scitex.ai[0m
/home/ywatanabe/proj/scitex-code/src/scitex/io/_save_modules/_image.py:103: UserWarning: This figure includes Axes that are not compatible with tight_layout, so results might be incorrect.
  obj.figure.savefig(buf, **save_kwargs)
[90mINFO:   • Embedded metadata: {'metadata_version': '1.1.0', 'scitex': {'version': '2.2.2', 'created_at': '2025-11-20T05:06:55.254228', 'created_with': 'scitex.plt.subplots (mm-control)', 'mode': 'publication', 'axes_size_mm': (40, 28), 'position_in_grid': (0, 0), 'style_mm': {'axis_thickness_mm': 0.2, 'tick_length_mm': 0.8, 'tick_thickness_mm': 0.2, 'trace_thickness_mm': 0.2, 'axis_font_size_pt': 7, 'tick_font_size_pt': 7, 'title_font_size_pt': 8, 'legend_font_size_pt': 6, 'label_pad_pt': 0.5, 'tick_pad_pt': 2.0, 'title_pad_pt': 1.0, 'font_family': 'Arial', 'n_ticks': 4, 'font_family_requested': 'Arial', 'font_family_actual': 'Arial'}}, 'matplotlib': {'version': '3.10.3'}, 'id': '01_plot', 'dimensions': {'figure_size_mm': (np.float64(80.0), np.float64(68.0)), 'figure_size_inch': (np.float64(3.1496062992125986), np.float64(2.677165354330709)), 'figure_size_px': (944, 803), 'axes_size_mm': (np.float64(40.0), np.float64(27.999999999999993)), 'axes_size_inch': (np.float64(1.5748031496062993), np.float64(1.1023622047244093)), 'axes_size_px': (472, 330), 'axes_position': (np.float64(0.25), np.float64(0.29411764705882354), np.float64(0.5), np.float64(0.41176470588235287)), 'dpi': 300}, 'margins_mm': {'left': np.float64(20.0), 'bottom': np.float64(20.0), 'right': np.float64(20.0), 'top': np.float64(20.000000000000007)}, 'axes_bbox_px': {'x0': 236, 'y0': 236, 'x1': 708, 'y1': 566, 'width': 472, 'height': 330}, 'axes_bbox_mm': {'x0': np.float64(20.0), 'y0': np.float64(20.0), 'x1': np.float64(60.0), 'y1': np.float64(47.99999999999999), 'width': np.float64(40.0), 'height': np.float64(27.999999999999993)}, 'axes': {'x': {'label': 'Time', 'unit': 's', 'scale': 'linear', 'n_ticks': 4}, 'y': {'label': 'Amplitude', 'unit': 'a.u.', 'scale': 'linear', 'n_ticks': 4}}, 'plot_type': 'line', 'style': {'name': 'SCITEX_STYLE', 'overrides': {}}, 'url': 'https://scitex.ai'}[0m
[90mINFO:   • Auto-cropped with 1.0mm margin (23px at 600 DPI)[0m
[32mSUCC: Saved to: ./examples/demo_plot_all_types_publication_out/publication/01_matplotlib_basic/01_plot.json (2.5 KiB)[0m
[32mSUCC: Saved to: ./examples/demo_plot_all_types_publication_out/publication/01_matplotlib_basic/01_plot.jpg (317.1 KiB)[0m
[90mINFO:   • Auto-collected metadata from figure[0m
[90mINFO: 📝 Saving figure with metadata to: /home/ywatanabe/proj/scitex-code/examples/demo_plot_all_types_publication_out/publication/01_matplotlib_basic/02_scatter.png[0m
[90mINFO:   • Auto-added URL: https://scitex.ai[0m
/home/ywatanabe/proj/scitex-code/src/scitex/io/_save_modules/_image.py:57: UserWarning: This figure includes Axes that are not compatible with tight_layout, so results might be incorrect.
  obj.savefig(spath, **kwargs)
[90mINFO:   • Embedded metadata: {'metadata_version': '1.1.0', 'scitex': {'version': '2.2.2', 'created_at': '2025-11-20T05:06:55.901610', 'created_with': 'scitex.plt.subplots (mm-control)', 'mode': 'publication', 'axes_size_mm': (40, 28), 'position_in_grid': (0, 0), 'style_mm': {'axis_thickness_mm': 0.2, 'tick_length_mm': 0.8, 'tick_thickness_mm': 0.2, 'trace_thickness_mm': 0.2, 'axis_font_size_pt': 7, 'tick_font_size_pt': 7, 'title_font_size_pt': 8, 'legend_font_size_pt': 6, 'label_pad_pt': 0.5, 'tick_pad_pt': 2.0, 'title_pad_pt': 1.0, 'font_family': 'Arial', 'n_ticks': 4, 'font_family_requested': 'Arial', 'font_family_actual': 'Arial'}}, 'matplotlib': {'version': '3.10.3'}, 'id': '02_scatter', 'dimensions': {'figure_size_mm': (np.float64(80.0), np.float64(68.0)), 'figure_size_inch': (np.float64(3.1496062992125986), np.float64(2.677165354330709)), 'figure_size_px': (944, 803), 'axes_size_mm': (np.float64(40.0), np.float64(27.999999999999993)), 'axes_size_inch': (np.float64(1.5748031496062993), np.float64(1.1023622047244093)), 'axes_size_px': (472, 330), 'axes_position': (np.float64(0.25), np.float64(0.29411764705882354), np.float64(0.5), np.float64(0.41176470588235287)), 'dpi': 300}, 'margins_mm': {'left': np.float64(20.0), 'bottom': np.float64(20.0), 'right': np.float64(20.0), 'top': np.float64(20.000000000000007)}, 'axes_bbox_px': {'x0': 236, 'y0': 236, 'x1': 708, 'y1': 566, 'width': 472, 'height': 330}, 'axes_bbox_mm': {'x0': np.float64(20.0), 'y0': np.float64(20.0), 'x1': np.float64(60.0), 'y1': np.float64(47.99999999999999), 'width': np.float64(40.0), 'height': np.float64(27.999999999999993)}, 'axes': {'x': {'label': 'Predictor', 'unit': 'a.u.', 'scale': 'linear', 'n_ticks': 4}, 'y': {'label': 'Response', 'unit': 'a.u.', 'scale': 'linear', 'n_ticks': 4}}, 'plot_type': 'scatter', 'style': {'name': 'SCITEX_STYLE', 'overrides': {}}, 'url': 'https://scitex.ai'}[0m
[90mINFO:   • Auto-cropped with 1.0mm margin (11px at 300 DPI)[0m
[32mSUCC: Saved to: ./examples/demo_plot_all_types_publication_out/publication/01_matplotlib_basic/02_scatter.csv (3.9 KiB)[0m
[32mSUCC: Saved to: ./examples/demo_plot_all_types_publication_out/publication/01_matplotlib_basic/02_scatter.json (2.5 KiB)[0m
[32mSUCC: Saved to: ./examples/demo_plot_all_types_publication_out/publication/01_matplotlib_basic/02_scatter.png (1.1 MiB)[0m
[90mINFO:   • Auto-collected metadata from figure[0m
[90mINFO: 📝 Saving figure with metadata to: /home/ywatanabe/proj/scitex-code/examples/demo_plot_all_types_publication_out/publication/01_matplotlib_basic/02_scatter.pdf[0m
[90mINFO:   • Auto-added URL: https://scitex.ai[0m
/home/ywatanabe/proj/scitex-code/src/scitex/io/_save_modules/_image.py:174: UserWarning: This figure includes Axes that are not compatible with tight_layout, so results might be incorrect.
  obj.savefig(spath, **save_kwargs)
[90mINFO:   • Embedded metadata: {'metadata_version': '1.1.0', 'scitex': {'version': '2.2.2', 'created_at': '2025-11-20T05:06:56.210621', 'created_with': 'scitex.plt.subplots (mm-control)', 'mode': 'publication', 'axes_size_mm': (40, 28), 'position_in_grid': (0, 0), 'style_mm': {'axis_thickness_mm': 0.2, 'tick_length_mm': 0.8, 'tick_thickness_mm': 0.2, 'trace_thickness_mm': 0.2, 'axis_font_size_pt': 7, 'tick_font_size_pt': 7, 'title_font_size_pt': 8, 'legend_font_size_pt': 6, 'label_pad_pt': 0.5, 'tick_pad_pt': 2.0, 'title_pad_pt': 1.0, 'font_family': 'Arial', 'n_ticks': 4, 'font_family_requested': 'Arial', 'font_family_actual': 'Arial'}}, 'matplotlib': {'version': '3.10.3'}, 'id': '02_scatter', 'dimensions': {'figure_size_mm': (np.float64(80.0), np.float64(68.0)), 'figure_size_inch': (np.float64(3.1496062992125986), np.float64(2.677165354330709)), 'figure_size_px': (944, 803), 'axes_size_mm': (np.float64(40.0), np.float64(27.999999999999993)), 'axes_size_inch': (np.float64(1.5748031496062993), np.float64(1.1023622047244093)), 'axes_size_px': (472, 330), 'axes_position': (np.float64(0.25), np.float64(0.29411764705882354), np.float64(0.5), np.float64(0.41176470588235287)), 'dpi': 300}, 'margins_mm': {'left': np.float64(20.0), 'bottom': np.float64(20.0), 'right': np.float64(20.0), 'top': np.float64(20.000000000000007)}, 'axes_bbox_px': {'x0': 236, 'y0': 236, 'x1': 708, 'y1': 566, 'width': 472, 'height': 330}, 'axes_bbox_mm': {'x0': np.float64(20.0), 'y0': np.float64(20.0), 'x1': np.float64(60.0), 'y1': np.float64(47.99999999999999), 'width': np.float64(40.0), 'height': np.float64(27.999999999999993)}, 'axes': {'x': {'label': 'Predictor', 'unit': 'a.u.', 'scale': 'linear', 'n_ticks': 4}, 'y': {'label': 'Response', 'unit': 'a.u.', 'scale': 'linear', 'n_ticks': 4}}, 'plot_type': 'scatter', 'style': {'name': 'SCITEX_STYLE', 'overrides': {}}, 'url': 'https://scitex.ai'}[0m
[32mSUCC: Saved to: ./examples/demo_plot_all_types_publication_out/publication/01_matplotlib_basic/02_scatter.csv (3.9 KiB)[0m
[32mSUCC: Saved to: ./examples/demo_plot_all_types_publication_out/publication/01_matplotlib_basic/02_scatter.json (2.5 KiB)[0m
[32mSUCC: Saved to: ./examples/demo_plot_all_types_publication_out/publication/01_matplotlib_basic/02_scatter.pdf (19.8 KiB)[0m
[90mINFO:   • Auto-collected metadata from figure[0m
[90mINFO: 📝 Saving figure with metadata to: /home/ywatanabe/proj/scitex-code/examples/demo_plot_all_types_publication_out/publication/01_matplotlib_basic/02_scatter.jpg[0m
[90mINFO:   • Auto-added URL: https://scitex.ai[0m
/home/ywatanabe/proj/scitex-code/src/scitex/io/_save_modules/_image.py:103: UserWarning: This figure includes Axes that are not compatible with tight_layout, so results might be incorrect.
  obj.figure.savefig(buf, **save_kwargs)
[90mINFO:   • Embedded metadata: {'metadata_version': '1.1.0', 'scitex': {'version': '2.2.2', 'created_at': '2025-11-20T05:06:56.390573', 'created_with': 'scitex.plt.subplots (mm-control)', 'mode': 'publication', 'axes_size_mm': (40, 28), 'position_in_grid': (0, 0), 'style_mm': {'axis_thickness_mm': 0.2, 'tick_length_mm': 0.8, 'tick_thickness_mm': 0.2, 'trace_thickness_mm': 0.2, 'axis_font_size_pt': 7, 'tick_font_size_pt': 7, 'title_font_size_pt': 8, 'legend_font_size_pt': 6, 'label_pad_pt': 0.5, 'tick_pad_pt': 2.0, 'title_pad_pt': 1.0, 'font_family': 'Arial', 'n_ticks': 4, 'font_family_requested': 'Arial', 'font_family_actual': 'Arial'}}, 'matplotlib': {'version': '3.10.3'}, 'id': '02_scatter', 'dimensions': {'figure_size_mm': (np.float64(80.0), np.float64(68.0)), 'figure_size_inch': (np.float64(3.1496062992125986), np.float64(2.677165354330709)), 'figure_size_px': (944, 803), 'axes_size_mm': (np.float64(40.0), np.float64(27.999999999999993)), 'axes_size_inch': (np.float64(1.5748031496062993), np.float64(1.1023622047244093)), 'axes_size_px': (472, 330), 'axes_position': (np.float64(0.25), np.float64(0.29411764705882354), np.float64(0.5), np.float64(0.41176470588235287)), 'dpi': 300}, 'margins_mm': {'left': np.float64(20.0), 'bottom': np.float64(20.0), 'right': np.float64(20.0), 'top': np.float64(20.000000000000007)}, 'axes_bbox_px': {'x0': 236, 'y0': 236, 'x1': 708, 'y1': 566, 'width': 472, 'height': 330}, 'axes_bbox_mm': {'x0': np.float64(20.0), 'y0': np.float64(20.0), 'x1': np.float64(60.0), 'y1': np.float64(47.99999999999999), 'width': np.float64(40.0), 'height': np.float64(27.999999999999993)}, 'axes': {'x': {'label': 'Predictor', 'unit': 'a.u.', 'scale': 'linear', 'n_ticks': 4}, 'y': {'label': 'Response', 'unit': 'a.u.', 'scale': 'linear', 'n_ticks': 4}}, 'plot_type': 'scatter', 'style': {'name': 'SCITEX_STYLE', 'overrides': {}}, 'url': 'https://scitex.ai'}[0m
[90mINFO:   • Auto-cropped with 1.0mm margin (23px at 600 DPI)[0m
[32mSUCC: Saved to: ./examples/demo_plot_all_types_publication_out/publication/01_matplotlib_basic/02_scatter.csv (3.9 KiB)[0m
[32mSUCC: Saved to: ./examples/demo_plot_all_types_publication_out/publication/01_matplotlib_basic/02_scatter.json (2.5 KiB)[0m
[32mSUCC: Saved to: ./examples/demo_plot_all_types_publication_out/publication/01_matplotlib_basic/02_scatter.jpg (257.5 KiB)[0m
[90mINFO:   • Auto-collected metadata from figure[0m
[90mINFO: 📝 Saving figure with metadata to: /home/ywatanabe/proj/scitex-code/examples/demo_plot_all_types_publication_out/publication/01_matplotlib_basic/03_bar.png[0m
[90mINFO:   • Auto-added URL: https://scitex.ai[0m
/home/ywatanabe/proj/scitex-code/src/scitex/io/_save_modules/_image.py:57: UserWarning: This figure includes Axes that are not compatible with tight_layout, so results might be incorrect.
  obj.savefig(spath, **kwargs)
[90mINFO:   • Embedded metadata: {'metadata_version': '1.1.0', 'scitex': {'version': '2.2.2', 'created_at': '2025-11-20T05:06:57.055713', 'created_with': 'scitex.plt.subplots (mm-control)', 'mode': 'publication', 'axes_size_mm': (40, 28), 'position_in_grid': (0, 0), 'style_mm': {'axis_thickness_mm': 0.2, 'tick_length_mm': 0.8, 'tick_thickness_mm': 0.2, 'trace_thickness_mm': 0.2, 'axis_font_size_pt': 7, 'tick_font_size_pt': 7, 'title_font_size_pt': 8, 'legend_font_size_pt': 6, 'label_pad_pt': 0.5, 'tick_pad_pt': 2.0, 'title_pad_pt': 1.0, 'font_family': 'Arial', 'n_ticks': 4, 'font_family_requested': 'Arial', 'font_family_actual': 'Arial'}}, 'matplotlib': {'version': '3.10.3'}, 'id': '03_bar', 'dimensions': {'figure_size_mm': (np.float64(80.0), np.float64(68.0)), 'figure_size_inch': (np.float64(3.1496062992125986), np.float64(2.677165354330709)), 'figure_size_px': (944, 803), 'axes_size_mm': (np.float64(40.0), np.float64(27.999999999999993)), 'axes_size_inch': (np.float64(1.5748031496062993), np.float64(1.1023622047244093)), 'axes_size_px': (472, 330), 'axes_position': (np.float64(0.25), np.float64(0.29411764705882354), np.float64(0.5), np.float64(0.41176470588235287)), 'dpi': 300}, 'margins_mm': {'left': np.float64(20.0), 'bottom': np.float64(20.0), 'right': np.float64(20.0), 'top': np.float64(20.000000000000007)}, 'axes_bbox_px': {'x0': 236, 'y0': 236, 'x1': 708, 'y1': 566, 'width': 472, 'height': 330}, 'axes_bbox_mm': {'x0': np.float64(20.0), 'y0': np.float64(20.0), 'x1': np.float64(60.0), 'y1': np.float64(47.99999999999999), 'width': np.float64(40.0), 'height': np.float64(27.999999999999993)}, 'axes': {'x': {'label': 'Treatment', 'unit': '', 'scale': 'linear', 'n_ticks': 4}, 'y': {'label': 'Response', 'unit': '%', 'scale': 'linear', 'n_ticks': 4}}, 'plot_type': 'bar', 'url': 'https://scitex.ai'}[0m
[90mINFO:   • Auto-cropped with 1.0mm margin (11px at 300 DPI)[0m
[32mSUCC: Saved to: ./examples/demo_plot_all_types_publication_out/publication/01_matplotlib_basic/03_bar.csv (142.0 B)[0m
[32mSUCC: Saved to: ./examples/demo_plot_all_types_publication_out/publication/01_matplotlib_basic/03_bar.json (2.4 KiB)[0m
[32mSUCC: Saved to: ./examples/demo_plot_all_types_publication_out/publication/01_matplotlib_basic/03_bar.png (1.1 MiB)[0m
[90mINFO:   • Auto-collected metadata from figure[0m
[90mINFO: 📝 Saving figure with metadata to: /home/ywatanabe/proj/scitex-code/examples/demo_plot_all_types_publication_out/publication/01_matplotlib_basic/03_bar.pdf[0m
[90mINFO:   • Auto-added URL: https://scitex.ai[0m
/home/ywatanabe/proj/scitex-code/src/scitex/io/_save_modules/_image.py:174: UserWarning: This figure includes Axes that are not compatible with tight_layout, so results might be incorrect.
  obj.savefig(spath, **save_kwargs)
[90mINFO:   • Embedded metadata: {'metadata_version': '1.1.0', 'scitex': {'version': '2.2.2', 'created_at': '2025-11-20T05:06:57.367040', 'created_with': 'scitex.plt.subplots (mm-control)', 'mode': 'publication', 'axes_size_mm': (40, 28), 'position_in_grid': (0, 0), 'style_mm': {'axis_thickness_mm': 0.2, 'tick_length_mm': 0.8, 'tick_thickness_mm': 0.2, 'trace_thickness_mm': 0.2, 'axis_font_size_pt': 7, 'tick_font_size_pt': 7, 'title_font_size_pt': 8, 'legend_font_size_pt': 6, 'label_pad_pt': 0.5, 'tick_pad_pt': 2.0, 'title_pad_pt': 1.0, 'font_family': 'Arial', 'n_ticks': 4, 'font_family_requested': 'Arial', 'font_family_actual': 'Arial'}}, 'matplotlib': {'version': '3.10.3'}, 'id': '03_bar', 'dimensions': {'figure_size_mm': (np.float64(80.0), np.float64(68.0)), 'figure_size_inch': (np.float64(3.1496062992125986), np.float64(2.677165354330709)), 'figure_size_px': (944, 803), 'axes_size_mm': (np.float64(40.0), np.float64(27.999999999999993)), 'axes_size_inch': (np.float64(1.5748031496062993), np.float64(1.1023622047244093)), 'axes_size_px': (472, 330), 'axes_position': (np.float64(0.25), np.float64(0.29411764705882354), np.float64(0.5), np.float64(0.41176470588235287)), 'dpi': 300}, 'margins_mm': {'left': np.float64(20.0), 'bottom': np.float64(20.0), 'right': np.float64(20.0), 'top': np.float64(20.000000000000007)}, 'axes_bbox_px': {'x0': 236, 'y0': 236, 'x1': 708, 'y1': 566, 'width': 472, 'height': 330}, 'axes_bbox_mm': {'x0': np.float64(20.0), 'y0': np.float64(20.0), 'x1': np.float64(60.0), 'y1': np.float64(47.99999999999999), 'width': np.float64(40.0), 'height': np.float64(27.999999999999993)}, 'axes': {'x': {'label': 'Treatment', 'unit': '', 'scale': 'linear', 'n_ticks': 4}, 'y': {'label': 'Response', 'unit': '%', 'scale': 'linear', 'n_ticks': 4}}, 'plot_type': 'bar', 'url': 'https://scitex.ai'}[0m
[32mSUCC: Saved to: ./examples/demo_plot_all_types_publication_out/publication/01_matplotlib_basic/03_bar.csv (142.0 B)[0m
[32mSUCC: Saved to: ./examples/demo_plot_all_types_publication_out/publication/01_matplotlib_basic/03_bar.json (2.4 KiB)[0m
[32mSUCC: Saved to: ./examples/demo_plot_all_types_publication_out/publication/01_matplotlib_basic/03_bar.pdf (16.5 KiB)[0m
[90mINFO:   • Auto-collected metadata from figure[0m
[90mINFO: 📝 Saving figure with metadata to: /home/ywatanabe/proj/scitex-code/examples/demo_plot_all_types_publication_out/publication/01_matplotlib_basic/03_bar.jpg[0m
[90mINFO:   • Auto-added URL: https://scitex.ai[0m
/home/ywatanabe/proj/scitex-code/src/scitex/io/_save_modules/_image.py:103: UserWarning: This figure includes Axes that are not compatible with tight_layout, so results might be incorrect.
  obj.figure.savefig(buf, **save_kwargs)
[90mINFO:   • Embedded metadata: {'metadata_version': '1.1.0', 'scitex': {'version': '2.2.2', 'created_at': '2025-11-20T05:06:57.487798', 'created_with': 'scitex.plt.subplots (mm-control)', 'mode': 'publication', 'axes_size_mm': (40, 28), 'position_in_grid': (0, 0), 'style_mm': {'axis_thickness_mm': 0.2, 'tick_length_mm': 0.8, 'tick_thickness_mm': 0.2, 'trace_thickness_mm': 0.2, 'axis_font_size_pt': 7, 'tick_font_size_pt': 7, 'title_font_size_pt': 8, 'legend_font_size_pt': 6, 'label_pad_pt': 0.5, 'tick_pad_pt': 2.0, 'title_pad_pt': 1.0, 'font_family': 'Arial', 'n_ticks': 4, 'font_family_requested': 'Arial', 'font_family_actual': 'Arial'}}, 'matplotlib': {'version': '3.10.3'}, 'id': '03_bar', 'dimensions': {'figure_size_mm': (np.float64(80.0), np.float64(68.0)), 'figure_size_inch': (np.float64(3.1496062992125986), np.float64(2.677165354330709)), 'figure_size_px': (944, 803), 'axes_size_mm': (np.float64(40.0), np.float64(27.999999999999993)), 'axes_size_inch': (np.float64(1.5748031496062993), np.float64(1.1023622047244093)), 'axes_size_px': (472, 330), 'axes_position': (np.float64(0.25), np.float64(0.29411764705882354), np.float64(0.5), np.float64(0.41176470588235287)), 'dpi': 300}, 'margins_mm': {'left': np.float64(20.0), 'bottom': np.float64(20.0), 'right': np.float64(20.0), 'top': np.float64(20.000000000000007)}, 'axes_bbox_px': {'x0': 236, 'y0': 236, 'x1': 708, 'y1': 566, 'width': 472, 'height': 330}, 'axes_bbox_mm': {'x0': np.float64(20.0), 'y0': np.float64(20.0), 'x1': np.float64(60.0), 'y1': np.float64(47.99999999999999), 'width': np.float64(40.0), 'height': np.float64(27.999999999999993)}, 'axes': {'x': {'label': 'Treatment', 'unit': '', 'scale': 'linear', 'n_ticks': 4}, 'y': {'label': 'Response', 'unit': '%', 'scale': 'linear', 'n_ticks': 4}}, 'plot_type': 'bar', 'url': 'https://scitex.ai'}[0m
[90mINFO:   • Auto-cropped with 1.0mm margin (23px at 600 DPI)[0m
[32mSUCC: Saved to: ./examples/demo_plot_all_types_publication_out/publication/01_matplotlib_basic/03_bar.csv (142.0 B)[0m
[32mSUCC: Saved to: ./examples/demo_plot_all_types_publication_out/publication/01_matplotlib_basic/03_bar.json (2.4 KiB)[0m
[32mSUCC: Saved to: ./examples/demo_plot_all_types_publication_out/publication/01_matplotlib_basic/03_bar.jpg (249.5 KiB)[0m
[90mINFO:   • Auto-collected metadata from figure[0m
[90mINFO: 📝 Saving figure with metadata to: /home/ywatanabe/proj/scitex-code/examples/demo_plot_all_types_publication_out/publication/01_matplotlib_basic/04_hist.png[0m
[90mINFO:   • Auto-added URL: https://scitex.ai[0m
/home/ywatanabe/proj/scitex-code/src/scitex/io/_save_modules/_image.py:57: UserWarning: This figure includes Axes that are not compatible with tight_layout, so results might be incorrect.
  obj.savefig(spath, **kwargs)
[90mINFO:   • Embedded metadata: {'metadata_version': '1.1.0', 'scitex': {'version': '2.2.2', 'created_at': '2025-11-20T05:06:58.148874', 'created_with': 'scitex.plt.subplots (mm-control)', 'mode': 'publication', 'axes_size_mm': (40, 28), 'position_in_grid': (0, 0), 'style_mm': {'axis_thickness_mm': 0.2, 'tick_length_mm': 0.8, 'tick_thickness_mm': 0.2, 'trace_thickness_mm': 0.2, 'axis_font_size_pt': 7, 'tick_font_size_pt': 7, 'title_font_size_pt': 8, 'legend_font_size_pt': 6, 'label_pad_pt': 0.5, 'tick_pad_pt': 2.0, 'title_pad_pt': 1.0, 'font_family': 'Arial', 'n_ticks': 4, 'font_family_requested': 'Arial', 'font_family_actual': 'Arial'}}, 'matplotlib': {'version': '3.10.3'}, 'id': '04_hist', 'dimensions': {'figure_size_mm': (np.float64(80.0), np.float64(68.0)), 'figure_size_inch': (np.float64(3.1496062992125986), np.float64(2.677165354330709)), 'figure_size_px': (944, 803), 'axes_size_mm': (np.float64(40.0), np.float64(27.999999999999993)), 'axes_size_inch': (np.float64(1.5748031496062993), np.float64(1.1023622047244093)), 'axes_size_px': (472, 330), 'axes_position': (np.float64(0.25), np.float64(0.29411764705882354), np.float64(0.5), np.float64(0.41176470588235287)), 'dpi': 300}, 'margins_mm': {'left': np.float64(20.0), 'bottom': np.float64(20.0), 'right': np.float64(20.0), 'top': np.float64(20.000000000000007)}, 'axes_bbox_px': {'x0': 236, 'y0': 236, 'x1': 708, 'y1': 566, 'width': 472, 'height': 330}, 'axes_bbox_mm': {'x0': np.float64(20.0), 'y0': np.float64(20.0), 'x1': np.float64(60.0), 'y1': np.float64(47.99999999999999), 'width': np.float64(40.0), 'height': np.float64(27.999999999999993)}, 'axes': {'x': {'label': 'Value', 'unit': 'a.u.', 'scale': 'linear', 'n_ticks': 4}, 'y': {'label': 'Probability Density', 'unit': '', 'scale': 'linear', 'n_ticks': 4}}, 'plot_type': 'bar', 'url': 'https://scitex.ai'}[0m
[90mINFO:   • Auto-cropped with 1.0mm margin (11px at 300 DPI)[0m
[32mSUCC: Saved to: ./examples/demo_plot_all_types_publication_out/publication/01_matplotlib_basic/04_hist.csv (31.4 KiB)[0m
[32mSUCC: Saved to: ./examples/demo_plot_all_types_publication_out/publication/01_matplotlib_basic/04_hist.json (2.4 KiB)[0m
[32mSUCC: Saved to: ./examples/demo_plot_all_types_publication_out/publication/01_matplotlib_basic/04_hist.png (1.1 MiB)[0m
[90mINFO:   • Auto-collected metadata from figure[0m
[90mINFO: 📝 Saving figure with metadata to: /home/ywatanabe/proj/scitex-code/examples/demo_plot_all_types_publication_out/publication/01_matplotlib_basic/04_hist.pdf[0m
[90mINFO:   • Auto-added URL: https://scitex.ai[0m
/home/ywatanabe/proj/scitex-code/src/scitex/io/_save_modules/_image.py:174: UserWarning: This figure includes Axes that are not compatible with tight_layout, so results might be incorrect.
  obj.savefig(spath, **save_kwargs)
[90mINFO:   • Embedded metadata: {'metadata_version': '1.1.0', 'scitex': {'version': '2.2.2', 'created_at': '2025-11-20T05:06:58.634282', 'created_with': 'scitex.plt.subplots (mm-control)', 'mode': 'publication', 'axes_size_mm': (40, 28), 'position_in_grid': (0, 0), 'style_mm': {'axis_thickness_mm': 0.2, 'tick_length_mm': 0.8, 'tick_thickness_mm': 0.2, 'trace_thickness_mm': 0.2, 'axis_font_size_pt': 7, 'tick_font_size_pt': 7, 'title_font_size_pt': 8, 'legend_font_size_pt': 6, 'label_pad_pt': 0.5, 'tick_pad_pt': 2.0, 'title_pad_pt': 1.0, 'font_family': 'Arial', 'n_ticks': 4, 'font_family_requested': 'Arial', 'font_family_actual': 'Arial'}}, 'matplotlib': {'version': '3.10.3'}, 'id': '04_hist', 'dimensions': {'figure_size_mm': (np.float64(80.0), np.float64(68.0)), 'figure_size_inch': (np.float64(3.1496062992125986), np.float64(2.677165354330709)), 'figure_size_px': (944, 803), 'axes_size_mm': (np.float64(40.0), np.float64(27.999999999999993)), 'axes_size_inch': (np.float64(1.5748031496062993), np.float64(1.1023622047244093)), 'axes_size_px': (472, 330), 'axes_position': (np.float64(0.25), np.float64(0.29411764705882354), np.float64(0.5), np.float64(0.41176470588235287)), 'dpi': 300}, 'margins_mm': {'left': np.float64(20.0), 'bottom': np.float64(20.0), 'right': np.float64(20.0), 'top': np.float64(20.000000000000007)}, 'axes_bbox_px': {'x0': 236, 'y0': 236, 'x1': 708, 'y1': 566, 'width': 472, 'height': 330}, 'axes_bbox_mm': {'x0': np.float64(20.0), 'y0': np.float64(20.0), 'x1': np.float64(60.0), 'y1': np.float64(47.99999999999999), 'width': np.float64(40.0), 'height': np.float64(27.999999999999993)}, 'axes': {'x': {'label': 'Value', 'unit': 'a.u.', 'scale': 'linear', 'n_ticks': 4}, 'y': {'label': 'Probability Density', 'unit': '', 'scale': 'linear', 'n_ticks': 4}}, 'plot_type': 'bar', 'url': 'https://scitex.ai'}[0m
[32mSUCC: Saved to: ./examples/demo_plot_all_types_publication_out/publication/01_matplotlib_basic/04_hist.csv (31.4 KiB)[0m
[32mSUCC: Saved to: ./examples/demo_plot_all_types_publication_out/publication/01_matplotlib_basic/04_hist.json (2.4 KiB)[0m
[32mSUCC: Saved to: ./examples/demo_plot_all_types_publication_out/publication/01_matplotlib_basic/04_hist.pdf (18.2 KiB)[0m
[90mINFO:   • Auto-collected metadata from figure[0m
[90mINFO: 📝 Saving figure with metadata to: /home/ywatanabe/proj/scitex-code/examples/demo_plot_all_types_publication_out/publication/01_matplotlib_basic/04_hist.jpg[0m
[90mINFO:   • Auto-added URL: https://scitex.ai[0m
/home/ywatanabe/proj/scitex-code/src/scitex/io/_save_modules/_image.py:103: UserWarning: This figure includes Axes that are not compatible with tight_layout, so results might be incorrect.
  obj.figure.savefig(buf, **save_kwargs)
[90mINFO:   • Embedded metadata: {'metadata_version': '1.1.0', 'scitex': {'version': '2.2.2', 'created_at': '2025-11-20T05:06:59.053765', 'created_with': 'scitex.plt.subplots (mm-control)', 'mode': 'publication', 'axes_size_mm': (40, 28), 'position_in_grid': (0, 0), 'style_mm': {'axis_thickness_mm': 0.2, 'tick_length_mm': 0.8, 'tick_thickness_mm': 0.2, 'trace_thickness_mm': 0.2, 'axis_font_size_pt': 7, 'tick_font_size_pt': 7, 'title_font_size_pt': 8, 'legend_font_size_pt': 6, 'label_pad_pt': 0.5, 'tick_pad_pt': 2.0, 'title_pad_pt': 1.0, 'font_family': 'Arial', 'n_ticks': 4, 'font_family_requested': 'Arial', 'font_family_actual': 'Arial'}}, 'matplotlib': {'version': '3.10.3'}, 'id': '04_hist', 'dimensions': {'figure_size_mm': (np.float64(80.0), np.float64(68.0)), 'figure_size_inch': (np.float64(3.1496062992125986), np.float64(2.677165354330709)), 'figure_size_px': (944, 803), 'axes_size_mm': (np.float64(40.0), np.float64(27.999999999999993)), 'axes_size_inch': (np.float64(1.5748031496062993), np.float64(1.1023622047244093)), 'axes_size_px': (472, 330), 'axes_position': (np.float64(0.25), np.float64(0.29411764705882354), np.float64(0.5), np.float64(0.41176470588235287)), 'dpi': 300}, 'margins_mm': {'left': np.float64(20.0), 'bottom': np.float64(20.0), 'right': np.float64(20.0), 'top': np.float64(20.000000000000007)}, 'axes_bbox_px': {'x0': 236, 'y0': 236, 'x1': 708, 'y1': 566, 'width': 472, 'height': 330}, 'axes_bbox_mm': {'x0': np.float64(20.0), 'y0': np.float64(20.0), 'x1': np.float64(60.0), 'y1': np.float64(47.99999999999999), 'width': np.float64(40.0), 'height': np.float64(27.999999999999993)}, 'axes': {'x': {'label': 'Value', 'unit': 'a.u.', 'scale': 'linear', 'n_ticks': 4}, 'y': {'label': 'Probability Density', 'unit': '', 'scale': 'linear', 'n_ticks': 4}}, 'plot_type': 'bar', 'url': 'https://scitex.ai'}[0m
[90mINFO:   • Auto-cropped with 1.0mm margin (23px at 600 DPI)[0m
[32mSUCC: Saved to: ./examples/demo_plot_all_types_publication_out/publication/01_matplotlib_basic/04_hist.csv (31.4 KiB)[0m
[32mSUCC: Saved to: ./examples/demo_plot_all_types_publication_out/publication/01_matplotlib_basic/04_hist.json (2.4 KiB)[0m
[32mSUCC: Saved to: ./examples/demo_plot_all_types_publication_out/publication/01_matplotlib_basic/04_hist.jpg (222.2 KiB)[0m
[90mINFO:   • Auto-collected metadata from figure[0m
[90mINFO: 📝 Saving figure with metadata to: /home/ywatanabe/proj/scitex-code/examples/demo_plot_all_types_publication_out/publication/01_matplotlib_basic/05_boxplot.png[0m
[90mINFO:   • Auto-added URL: https://scitex.ai[0m
/home/ywatanabe/proj/scitex-code/src/scitex/io/_save_modules/_image.py:57: UserWarning: This figure includes Axes that are not compatible with tight_layout, so results might be incorrect.
  obj.savefig(spath, **kwargs)
[90mINFO:   • Embedded metadata: {'metadata_version': '1.1.0', 'scitex': {'version': '2.2.2', 'created_at': '2025-11-20T05:06:59.673073', 'created_with': 'scitex.plt.subplots (mm-control)', 'mode': 'publication', 'axes_size_mm': (40, 28), 'position_in_grid': (0, 0), 'style_mm': {'axis_thickness_mm': 0.2, 'tick_length_mm': 0.8, 'tick_thickness_mm': 0.2, 'trace_thickness_mm': 0.2, 'axis_font_size_pt': 7, 'tick_font_size_pt': 7, 'title_font_size_pt': 8, 'legend_font_size_pt': 6, 'label_pad_pt': 0.5, 'tick_pad_pt': 2.0, 'title_pad_pt': 1.0, 'font_family': 'Arial', 'n_ticks': 4, 'font_family_requested': 'Arial', 'font_family_actual': 'Arial'}}, 'matplotlib': {'version': '3.10.3'}, 'id': '05_boxplot', 'dimensions': {'figure_size_mm': (np.float64(80.0), np.float64(68.0)), 'figure_size_inch': (np.float64(3.1496062992125986), np.float64(2.677165354330709)), 'figure_size_px': (944, 803), 'axes_size_mm': (np.float64(40.0), np.float64(27.999999999999993)), 'axes_size_inch': (np.float64(1.5748031496062993), np.float64(1.1023622047244093)), 'axes_size_px': (472, 330), 'axes_position': (np.float64(0.25), np.float64(0.29411764705882354), np.float64(0.5), np.float64(0.41176470588235287)), 'dpi': 300}, 'margins_mm': {'left': np.float64(20.0), 'bottom': np.float64(20.0), 'right': np.float64(20.0), 'top': np.float64(20.000000000000007)}, 'axes_bbox_px': {'x0': 236, 'y0': 236, 'x1': 708, 'y1': 566, 'width': 472, 'height': 330}, 'axes_bbox_mm': {'x0': np.float64(20.0), 'y0': np.float64(20.0), 'x1': np.float64(60.0), 'y1': np.float64(47.99999999999999), 'width': np.float64(40.0), 'height': np.float64(27.999999999999993)}, 'axes': {'x': {'label': 'Group', 'unit': '', 'scale': 'linear', 'n_ticks': 4}, 'y': {'label': 'Value', 'unit': 'a.u.', 'scale': 'linear', 'n_ticks': 4}}, 'plot_type': 'line', 'url': 'https://scitex.ai'}[0m
[90mINFO:   • Auto-cropped with 1.0mm margin (11px at 300 DPI)[0m
[32mSUCC: Saved to: ./examples/demo_plot_all_types_publication_out/publication/01_matplotlib_basic/05_boxplot.csv (5.6 KiB)[0m
[32mSUCC: Saved to: ./examples/demo_plot_all_types_publication_out/publication/01_matplotlib_basic/05_boxplot.json (2.4 KiB)[0m
[32mSUCC: Saved to: ./examples/demo_plot_all_types_publication_out/publication/01_matplotlib_basic/05_boxplot.png (1.0 MiB)[0m
[90mINFO:   • Auto-collected metadata from figure[0m
[90mINFO: 📝 Saving figure with metadata to: /home/ywatanabe/proj/scitex-code/examples/demo_plot_all_types_publication_out/publication/01_matplotlib_basic/05_boxplot.pdf[0m
[90mINFO:   • Auto-added URL: https://scitex.ai[0m
/home/ywatanabe/proj/scitex-code/src/scitex/io/_save_modules/_image.py:174: UserWarning: This figure includes Axes that are not compatible with tight_layout, so results might be incorrect.
  obj.savefig(spath, **save_kwargs)
[90mINFO:   • Embedded metadata: {'metadata_version': '1.1.0', 'scitex': {'version': '2.2.2', 'created_at': '2025-11-20T05:06:59.920227', 'created_with': 'scitex.plt.subplots (mm-control)', 'mode': 'publication', 'axes_size_mm': (40, 28), 'position_in_grid': (0, 0), 'style_mm': {'axis_thickness_mm': 0.2, 'tick_length_mm': 0.8, 'tick_thickness_mm': 0.2, 'trace_thickness_mm': 0.2, 'axis_font_size_pt': 7, 'tick_font_size_pt': 7, 'title_font_size_pt': 8, 'legend_font_size_pt': 6, 'label_pad_pt': 0.5, 'tick_pad_pt': 2.0, 'title_pad_pt': 1.0, 'font_family': 'Arial', 'n_ticks': 4, 'font_family_requested': 'Arial', 'font_family_actual': 'Arial'}}, 'matplotlib': {'version': '3.10.3'}, 'id': '05_boxplot', 'dimensions': {'figure_size_mm': (np.float64(80.0), np.float64(68.0)), 'figure_size_inch': (np.float64(3.1496062992125986), np.float64(2.677165354330709)), 'figure_size_px': (944, 803), 'axes_size_mm': (np.float64(40.0), np.float64(27.999999999999993)), 'axes_size_inch': (np.float64(1.5748031496062993), np.float64(1.1023622047244093)), 'axes_size_px': (472, 330), 'axes_position': (np.float64(0.25), np.float64(0.29411764705882354), np.float64(0.5), np.float64(0.41176470588235287)), 'dpi': 300}, 'margins_mm': {'left': np.float64(20.0), 'bottom': np.float64(20.0), 'right': np.float64(20.0), 'top': np.float64(20.000000000000007)}, 'axes_bbox_px': {'x0': 236, 'y0': 236, 'x1': 708, 'y1': 566, 'width': 472, 'height': 330}, 'axes_bbox_mm': {'x0': np.float64(20.0), 'y0': np.float64(20.0), 'x1': np.float64(60.0), 'y1': np.float64(47.99999999999999), 'width': np.float64(40.0), 'height': np.float64(27.999999999999993)}, 'axes': {'x': {'label': 'Group', 'unit': '', 'scale': 'linear', 'n_ticks': 4}, 'y': {'label': 'Value', 'unit': 'a.u.', 'scale': 'linear', 'n_ticks': 4}}, 'plot_type': 'line', 'url': 'https://scitex.ai'}[0m
[32mSUCC: Saved to: ./examples/demo_plot_all_types_publication_out/publication/01_matplotlib_basic/05_boxplot.csv (5.6 KiB)[0m
[32mSUCC: Saved to: ./examples/demo_plot_all_types_publication_out/publication/01_matplotlib_basic/05_boxplot.json (2.4 KiB)[0m
[32mSUCC: Saved to: ./examples/demo_plot_all_types_publication_out/publication/01_matplotlib_basic/05_boxplot.pdf (15.5 KiB)[0m
[90mINFO:   • Auto-collected metadata from figure[0m
[90mINFO: 📝 Saving figure with metadata to: /home/ywatanabe/proj/scitex-code/examples/demo_plot_all_types_publication_out/publication/01_matplotlib_basic/05_boxplot.jpg[0m
[90mINFO:   • Auto-added URL: https://scitex.ai[0m
/home/ywatanabe/proj/scitex-code/src/scitex/io/_save_modules/_image.py:103: UserWarning: This figure includes Axes that are not compatible with tight_layout, so results might be incorrect.
  obj.figure.savefig(buf, **save_kwargs)
[90mINFO:   • Embedded metadata: {'metadata_version': '1.1.0', 'scitex': {'version': '2.2.2', 'created_at': '2025-11-20T05:07:00.053400', 'created_with': 'scitex.plt.subplots (mm-control)', 'mode': 'publication', 'axes_size_mm': (40, 28), 'position_in_grid': (0, 0), 'style_mm': {'axis_thickness_mm': 0.2, 'tick_length_mm': 0.8, 'tick_thickness_mm': 0.2, 'trace_thickness_mm': 0.2, 'axis_font_size_pt': 7, 'tick_font_size_pt': 7, 'title_font_size_pt': 8, 'legend_font_size_pt': 6, 'label_pad_pt': 0.5, 'tick_pad_pt': 2.0, 'title_pad_pt': 1.0, 'font_family': 'Arial', 'n_ticks': 4, 'font_family_requested': 'Arial', 'font_family_actual': 'Arial'}}, 'matplotlib': {'version': '3.10.3'}, 'id': '05_boxplot', 'dimensions': {'figure_size_mm': (np.float64(80.0), np.float64(68.0)), 'figure_size_inch': (np.float64(3.1496062992125986), np.float64(2.677165354330709)), 'figure_size_px': (944, 803), 'axes_size_mm': (np.float64(40.0), np.float64(27.999999999999993)), 'axes_size_inch': (np.float64(1.5748031496062993), np.float64(1.1023622047244093)), 'axes_size_px': (472, 330), 'axes_position': (np.float64(0.25), np.float64(0.29411764705882354), np.float64(0.5), np.float64(0.41176470588235287)), 'dpi': 300}, 'margins_mm': {'left': np.float64(20.0), 'bottom': np.float64(20.0), 'right': np.float64(20.0), 'top': np.float64(20.000000000000007)}, 'axes_bbox_px': {'x0': 236, 'y0': 236, 'x1': 708, 'y1': 566, 'width': 472, 'height': 330}, 'axes_bbox_mm': {'x0': np.float64(20.0), 'y0': np.float64(20.0), 'x1': np.float64(60.0), 'y1': np.float64(47.99999999999999), 'width': np.float64(40.0), 'height': np.float64(27.999999999999993)}, 'axes': {'x': {'label': 'Group', 'unit': '', 'scale': 'linear', 'n_ticks': 4}, 'y': {'label': 'Value', 'unit': 'a.u.', 'scale': 'linear', 'n_ticks': 4}}, 'plot_type': 'line', 'url': 'https://scitex.ai'}[0m
[90mINFO:   • Auto-cropped with 1.0mm margin (23px at 600 DPI)[0m
[32mSUCC: Saved to: ./examples/demo_plot_all_types_publication_out/publication/01_matplotlib_basic/05_boxplot.csv (5.6 KiB)[0m
[32mSUCC: Saved to: ./examples/demo_plot_all_types_publication_out/publication/01_matplotlib_basic/05_boxplot.json (2.4 KiB)[0m
[32mSUCC: Saved to: ./examples/demo_plot_all_types_publication_out/publication/01_matplotlib_basic/05_boxplot.jpg (142.3 KiB)[0m
[90mINFO:   • Auto-collected metadata from figure[0m
[90mINFO: 📝 Saving figure with metadata to: /home/ywatanabe/proj/scitex-code/examples/demo_plot_all_types_publication_out/publication/01_matplotlib_basic/06_errorbar.png[0m
[90mINFO:   • Auto-added URL: https://scitex.ai[0m
/home/ywatanabe/proj/scitex-code/src/scitex/io/_save_modules/_image.py:57: UserWarning: This figure includes Axes that are not compatible with tight_layout, so results might be incorrect.
  obj.savefig(spath, **kwargs)
[90mINFO:   • Embedded metadata: {'metadata_version': '1.1.0', 'scitex': {'version': '2.2.2', 'created_at': '2025-11-20T05:07:00.585179', 'created_with': 'scitex.plt.subplots (mm-control)', 'mode': 'publication', 'axes_size_mm': (40, 28), 'position_in_grid': (0, 0), 'style_mm': {'axis_thickness_mm': 0.2, 'tick_length_mm': 0.8, 'tick_thickness_mm': 0.2, 'trace_thickness_mm': 0.2, 'axis_font_size_pt': 7, 'tick_font_size_pt': 7, 'title_font_size_pt': 8, 'legend_font_size_pt': 6, 'label_pad_pt': 0.5, 'tick_pad_pt': 2.0, 'title_pad_pt': 1.0, 'font_family': 'Arial', 'n_ticks': 4, 'font_family_requested': 'Arial', 'font_family_actual': 'Arial'}}, 'matplotlib': {'version': '3.10.3'}, 'id': '06_errorbar', 'dimensions': {'figure_size_mm': (np.float64(80.0), np.float64(68.0)), 'figure_size_inch': (np.float64(3.1496062992125986), np.float64(2.677165354330709)), 'figure_size_px': (944, 803), 'axes_size_mm': (np.float64(40.0), np.float64(27.999999999999993)), 'axes_size_inch': (np.float64(1.5748031496062993), np.float64(1.1023622047244093)), 'axes_size_px': (472, 330), 'axes_position': (np.float64(0.25), np.float64(0.29411764705882354), np.float64(0.5), np.float64(0.41176470588235287)), 'dpi': 300}, 'margins_mm': {'left': np.float64(20.0), 'bottom': np.float64(20.0), 'right': np.float64(20.0), 'top': np.float64(20.000000000000007)}, 'axes_bbox_px': {'x0': 236, 'y0': 236, 'x1': 708, 'y1': 566, 'width': 472, 'height': 330}, 'axes_bbox_mm': {'x0': np.float64(20.0), 'y0': np.float64(20.0), 'x1': np.float64(60.0), 'y1': np.float64(47.99999999999999), 'width': np.float64(40.0), 'height': np.float64(27.999999999999993)}, 'axes': {'x': {'label': 'Time', 'unit': 'min', 'scale': 'linear', 'n_ticks': 4}, 'y': {'label': 'Concentration', 'unit': 'µM', 'scale': 'linear', 'n_ticks': 4}}, 'plot_type': 'bar', 'url': 'https://scitex.ai'}[0m
[90mINFO:   • Auto-cropped with 1.0mm margin (11px at 300 DPI)[0m
[32mSUCC: Saved to: ./examples/demo_plot_all_types_publication_out/publication/01_matplotlib_basic/06_errorbar.csv (885.0 B)[0m
[32mSUCC: Saved to: ./examples/demo_plot_all_types_publication_out/publication/01_matplotlib_basic/06_errorbar.json (2.5 KiB)[0m
[32mSUCC: Saved to: ./examples/demo_plot_all_types_publication_out/publication/01_matplotlib_basic/06_errorbar.png (1.0 MiB)[0m
[90mINFO:   • Auto-collected metadata from figure[0m
[90mINFO: 📝 Saving figure with metadata to: /home/ywatanabe/proj/scitex-code/examples/demo_plot_all_types_publication_out/publication/01_matplotlib_basic/06_errorbar.pdf[0m
[90mINFO:   • Auto-added URL: https://scitex.ai[0m
/home/ywatanabe/proj/scitex-code/src/scitex/io/_save_modules/_image.py:174: UserWarning: This figure includes Axes that are not compatible with tight_layout, so results might be incorrect.
  obj.savefig(spath, **save_kwargs)
[90mINFO:   • Embedded metadata: {'metadata_version': '1.1.0', 'scitex': {'version': '2.2.2', 'created_at': '2025-11-20T05:07:00.831719', 'created_with': 'scitex.plt.subplots (mm-control)', 'mode': 'publication', 'axes_size_mm': (40, 28), 'position_in_grid': (0, 0), 'style_mm': {'axis_thickness_mm': 0.2, 'tick_length_mm': 0.8, 'tick_thickness_mm': 0.2, 'trace_thickness_mm': 0.2, 'axis_font_size_pt': 7, 'tick_font_size_pt': 7, 'title_font_size_pt': 8, 'legend_font_size_pt': 6, 'label_pad_pt': 0.5, 'tick_pad_pt': 2.0, 'title_pad_pt': 1.0, 'font_family': 'Arial', 'n_ticks': 4, 'font_family_requested': 'Arial', 'font_family_actual': 'Arial'}}, 'matplotlib': {'version': '3.10.3'}, 'id': '06_errorbar', 'dimensions': {'figure_size_mm': (np.float64(80.0), np.float64(68.0)), 'figure_size_inch': (np.float64(3.1496062992125986), np.float64(2.677165354330709)), 'figure_size_px': (944, 803), 'axes_size_mm': (np.float64(40.0), np.float64(27.999999999999993)), 'axes_size_inch': (np.float64(1.5748031496062993), np.float64(1.1023622047244093)), 'axes_size_px': (472, 330), 'axes_position': (np.float64(0.25), np.float64(0.29411764705882354), np.float64(0.5), np.float64(0.41176470588235287)), 'dpi': 300}, 'margins_mm': {'left': np.float64(20.0), 'bottom': np.float64(20.0), 'right': np.float64(20.0), 'top': np.float64(20.000000000000007)}, 'axes_bbox_px': {'x0': 236, 'y0': 236, 'x1': 708, 'y1': 566, 'width': 472, 'height': 330}, 'axes_bbox_mm': {'x0': np.float64(20.0), 'y0': np.float64(20.0), 'x1': np.float64(60.0), 'y1': np.float64(47.99999999999999), 'width': np.float64(40.0), 'height': np.float64(27.999999999999993)}, 'axes': {'x': {'label': 'Time', 'unit': 'min', 'scale': 'linear', 'n_ticks': 4}, 'y': {'label': 'Concentration', 'unit': 'µM', 'scale': 'linear', 'n_ticks': 4}}, 'plot_type': 'bar', 'url': 'https://scitex.ai'}[0m
[32mSUCC: Saved to: ./examples/demo_plot_all_types_publication_out/publication/01_matplotlib_basic/06_errorbar.csv (885.0 B)[0m
[32mSUCC: Saved to: ./examples/demo_plot_all_types_publication_out/publication/01_matplotlib_basic/06_errorbar.json (2.5 KiB)[0m
[32mSUCC: Saved to: ./examples/demo_plot_all_types_publication_out/publication/01_matplotlib_basic/06_errorbar.pdf (18.0 KiB)[0m
[90mINFO:   • Auto-collected metadata from figure[0m
[90mINFO: 📝 Saving figure with metadata to: /home/ywatanabe/proj/scitex-code/examples/demo_plot_all_types_publication_out/publication/01_matplotlib_basic/06_errorbar.jpg[0m
[90mINFO:   • Auto-added URL: https://scitex.ai[0m
/home/ywatanabe/proj/scitex-code/src/scitex/io/_save_modules/_image.py:103: UserWarning: This figure includes Axes that are not compatible with tight_layout, so results might be incorrect.
  obj.figure.savefig(buf, **save_kwargs)
[90mINFO:   • Embedded metadata: {'metadata_version': '1.1.0', 'scitex': {'version': '2.2.2', 'created_at': '2025-11-20T05:07:01.033820', 'created_with': 'scitex.plt.subplots (mm-control)', 'mode': 'publication', 'axes_size_mm': (40, 28), 'position_in_grid': (0, 0), 'style_mm': {'axis_thickness_mm': 0.2, 'tick_length_mm': 0.8, 'tick_thickness_mm': 0.2, 'trace_thickness_mm': 0.2, 'axis_font_size_pt': 7, 'tick_font_size_pt': 7, 'title_font_size_pt': 8, 'legend_font_size_pt': 6, 'label_pad_pt': 0.5, 'tick_pad_pt': 2.0, 'title_pad_pt': 1.0, 'font_family': 'Arial', 'n_ticks': 4, 'font_family_requested': 'Arial', 'font_family_actual': 'Arial'}}, 'matplotlib': {'version': '3.10.3'}, 'id': '06_errorbar', 'dimensions': {'figure_size_mm': (np.float64(80.0), np.float64(68.0)), 'figure_size_inch': (np.float64(3.1496062992125986), np.float64(2.677165354330709)), 'figure_size_px': (944, 803), 'axes_size_mm': (np.float64(40.0), np.float64(27.999999999999993)), 'axes_size_inch': (np.float64(1.5748031496062993), np.float64(1.1023622047244093)), 'axes_size_px': (472, 330), 'axes_position': (np.float64(0.25), np.float64(0.29411764705882354), np.float64(0.5), np.float64(0.41176470588235287)), 'dpi': 300}, 'margins_mm': {'left': np.float64(20.0), 'bottom': np.float64(20.0), 'right': np.float64(20.0), 'top': np.float64(20.000000000000007)}, 'axes_bbox_px': {'x0': 236, 'y0': 236, 'x1': 708, 'y1': 566, 'width': 472, 'height': 330}, 'axes_bbox_mm': {'x0': np.float64(20.0), 'y0': np.float64(20.0), 'x1': np.float64(60.0), 'y1': np.float64(47.99999999999999), 'width': np.float64(40.0), 'height': np.float64(27.999999999999993)}, 'axes': {'x': {'label': 'Time', 'unit': 'min', 'scale': 'linear', 'n_ticks': 4}, 'y': {'label': 'Concentration', 'unit': 'µM', 'scale': 'linear', 'n_ticks': 4}}, 'plot_type': 'bar', 'url': 'https://scitex.ai'}[0m
[90mINFO:   • Auto-cropped with 1.0mm margin (23px at 600 DPI)[0m
[32mSUCC: Saved to: ./examples/demo_plot_all_types_publication_out/publication/01_matplotlib_basic/06_errorbar.csv (885.0 B)[0m
[32mSUCC: Saved to: ./examples/demo_plot_all_types_publication_out/publication/01_matplotlib_basic/06_errorbar.json (2.5 KiB)[0m
[32mSUCC: Saved to: ./examples/demo_plot_all_types_publication_out/publication/01_matplotlib_basic/06_errorbar.jpg (205.0 KiB)[0m
[90mINFO:   • Auto-collected metadata from figure[0m
[90mINFO: 📝 Saving figure with metadata to: /home/ywatanabe/proj/scitex-code/examples/demo_plot_all_types_publication_out/publication/01_matplotlib_basic/07_barh.png[0m
[90mINFO:   • Auto-added URL: https://scitex.ai[0m
/home/ywatanabe/proj/scitex-code/src/scitex/io/_save_modules/_image.py:57: UserWarning: This figure includes Axes that are not compatible with tight_layout, so results might be incorrect.
  obj.savefig(spath, **kwargs)
[90mINFO:   • Embedded metadata: {'metadata_version': '1.1.0', 'scitex': {'version': '2.2.2', 'created_at': '2025-11-20T05:07:01.727209', 'created_with': 'scitex.plt.subplots (mm-control)', 'mode': 'publication', 'axes_size_mm': (40, 28), 'position_in_grid': (0, 0), 'style_mm': {'axis_thickness_mm': 0.2, 'tick_length_mm': 0.8, 'tick_thickness_mm': 0.2, 'trace_thickness_mm': 0.2, 'axis_font_size_pt': 7, 'tick_font_size_pt': 7, 'title_font_size_pt': 8, 'legend_font_size_pt': 6, 'label_pad_pt': 0.5, 'tick_pad_pt': 2.0, 'title_pad_pt': 1.0, 'font_family': 'Arial', 'n_ticks': 4, 'font_family_requested': 'Arial', 'font_family_actual': 'Arial'}}, 'matplotlib': {'version': '3.10.3'}, 'id': '07_barh', 'dimensions': {'figure_size_mm': (np.float64(80.0), np.float64(68.0)), 'figure_size_inch': (np.float64(3.1496062992125986), np.float64(2.677165354330709)), 'figure_size_px': (944, 803), 'axes_size_mm': (np.float64(40.0), np.float64(27.999999999999993)), 'axes_size_inch': (np.float64(1.5748031496062993), np.float64(1.1023622047244093)), 'axes_size_px': (472, 330), 'axes_position': (np.float64(0.25), np.float64(0.29411764705882354), np.float64(0.5), np.float64(0.41176470588235287)), 'dpi': 300}, 'margins_mm': {'left': np.float64(20.0), 'bottom': np.float64(20.0), 'right': np.float64(20.0), 'top': np.float64(20.000000000000007)}, 'axes_bbox_px': {'x0': 236, 'y0': 236, 'x1': 708, 'y1': 566, 'width': 472, 'height': 330}, 'axes_bbox_mm': {'x0': np.float64(20.0), 'y0': np.float64(20.0), 'x1': np.float64(60.0), 'y1': np.float64(47.99999999999999), 'width': np.float64(40.0), 'height': np.float64(27.999999999999993)}, 'axes': {'x': {'label': 'Score', 'unit': '', 'scale': 'linear', 'n_ticks': 4}, 'y': {'label': 'Method', 'unit': '', 'scale': 'linear', 'n_ticks': 4}}, 'plot_type': 'bar', 'url': 'https://scitex.ai'}[0m
[90mINFO:   • Auto-cropped with 1.0mm margin (11px at 300 DPI)[0m
[32mSUCC: Saved to: ./examples/demo_plot_all_types_publication_out/publication/01_matplotlib_basic/07_barh.csv (84.0 B)[0m
[32mSUCC: Saved to: ./examples/demo_plot_all_types_publication_out/publication/01_matplotlib_basic/07_barh.json (2.4 KiB)[0m
[32mSUCC: Saved to: ./examples/demo_plot_all_types_publication_out/publication/01_matplotlib_basic/07_barh.png (1.2 MiB)[0m
[90mINFO:   • Auto-collected metadata from figure[0m
[90mINFO: 📝 Saving figure with metadata to: /home/ywatanabe/proj/scitex-code/examples/demo_plot_all_types_publication_out/publication/01_matplotlib_basic/07_barh.pdf[0m
[90mINFO:   • Auto-added URL: https://scitex.ai[0m
/home/ywatanabe/proj/scitex-code/src/scitex/io/_save_modules/_image.py:174: UserWarning: This figure includes Axes that are not compatible with tight_layout, so results might be incorrect.
  obj.savefig(spath, **save_kwargs)
[90mINFO:   • Embedded metadata: {'metadata_version': '1.1.0', 'scitex': {'version': '2.2.2', 'created_at': '2025-11-20T05:07:02.945308', 'created_with': 'scitex.plt.subplots (mm-control)', 'mode': 'publication', 'axes_size_mm': (40, 28), 'position_in_grid': (0, 0), 'style_mm': {'axis_thickness_mm': 0.2, 'tick_length_mm': 0.8, 'tick_thickness_mm': 0.2, 'trace_thickness_mm': 0.2, 'axis_font_size_pt': 7, 'tick_font_size_pt': 7, 'title_font_size_pt': 8, 'legend_font_size_pt': 6, 'label_pad_pt': 0.5, 'tick_pad_pt': 2.0, 'title_pad_pt': 1.0, 'font_family': 'Arial', 'n_ticks': 4, 'font_family_requested': 'Arial', 'font_family_actual': 'Arial'}}, 'matplotlib': {'version': '3.10.3'}, 'id': '07_barh', 'dimensions': {'figure_size_mm': (np.float64(80.0), np.float64(68.0)), 'figure_size_inch': (np.float64(3.1496062992125986), np.float64(2.677165354330709)), 'figure_size_px': (944, 803), 'axes_size_mm': (np.float64(40.0), np.float64(27.999999999999993)), 'axes_size_inch': (np.float64(1.5748031496062993), np.float64(1.1023622047244093)), 'axes_size_px': (472, 330), 'axes_position': (np.float64(0.25), np.float64(0.29411764705882354), np.float64(0.5), np.float64(0.41176470588235287)), 'dpi': 300}, 'margins_mm': {'left': np.float64(20.0), 'bottom': np.float64(20.0), 'right': np.float64(20.0), 'top': np.float64(20.000000000000007)}, 'axes_bbox_px': {'x0': 236, 'y0': 236, 'x1': 708, 'y1': 566, 'width': 472, 'height': 330}, 'axes_bbox_mm': {'x0': np.float64(20.0), 'y0': np.float64(20.0), 'x1': np.float64(60.0), 'y1': np.float64(47.99999999999999), 'width': np.float64(40.0), 'height': np.float64(27.999999999999993)}, 'axes': {'x': {'label': 'Score', 'unit': '', 'scale': 'linear', 'n_ticks': 4}, 'y': {'label': 'Method', 'unit': '', 'scale': 'linear', 'n_ticks': 4}}, 'plot_type': 'bar', 'url': 'https://scitex.ai'}[0m
[32mSUCC: Saved to: ./examples/demo_plot_all_types_publication_out/publication/01_matplotlib_basic/07_barh.csv (84.0 B)[0m
[32mSUCC: Saved to: ./examples/demo_plot_all_types_publication_out/publication/01_matplotlib_basic/07_barh.json (2.4 KiB)[0m
[32mSUCC: Saved to: ./examples/demo_plot_all_types_publication_out/publication/01_matplotlib_basic/07_barh.pdf (15.9 KiB)[0m
[90mINFO:   • Auto-collected metadata from figure[0m
[90mINFO: 📝 Saving figure with metadata to: /home/ywatanabe/proj/scitex-code/examples/demo_plot_all_types_publication_out/publication/01_matplotlib_basic/07_barh.jpg[0m
[90mINFO:   • Auto-added URL: https://scitex.ai[0m
/home/ywatanabe/proj/scitex-code/src/scitex/io/_save_modules/_image.py:103: UserWarning: This figure includes Axes that are not compatible with tight_layout, so results might be incorrect.
  obj.figure.savefig(buf, **save_kwargs)
[90mINFO:   • Embedded metadata: {'metadata_version': '1.1.0', 'scitex': {'version': '2.2.2', 'created_at': '2025-11-20T05:07:03.065942', 'created_with': 'scitex.plt.subplots (mm-control)', 'mode': 'publication', 'axes_size_mm': (40, 28), 'position_in_grid': (0, 0), 'style_mm': {'axis_thickness_mm': 0.2, 'tick_length_mm': 0.8, 'tick_thickness_mm': 0.2, 'trace_thickness_mm': 0.2, 'axis_font_size_pt': 7, 'tick_font_size_pt': 7, 'title_font_size_pt': 8, 'legend_font_size_pt': 6, 'label_pad_pt': 0.5, 'tick_pad_pt': 2.0, 'title_pad_pt': 1.0, 'font_family': 'Arial', 'n_ticks': 4, 'font_family_requested': 'Arial', 'font_family_actual': 'Arial'}}, 'matplotlib': {'version': '3.10.3'}, 'id': '07_barh', 'dimensions': {'figure_size_mm': (np.float64(80.0), np.float64(68.0)), 'figure_size_inch': (np.float64(3.1496062992125986), np.float64(2.677165354330709)), 'figure_size_px': (944, 803), 'axes_size_mm': (np.float64(40.0), np.float64(27.999999999999993)), 'axes_size_inch': (np.float64(1.5748031496062993), np.float64(1.1023622047244093)), 'axes_size_px': (472, 330), 'axes_position': (np.float64(0.25), np.float64(0.29411764705882354), np.float64(0.5), np.float64(0.41176470588235287)), 'dpi': 300}, 'margins_mm': {'left': np.float64(20.0), 'bottom': np.float64(20.0), 'right': np.float64(20.0), 'top': np.float64(20.000000000000007)}, 'axes_bbox_px': {'x0': 236, 'y0': 236, 'x1': 708, 'y1': 566, 'width': 472, 'height': 330}, 'axes_bbox_mm': {'x0': np.float64(20.0), 'y0': np.float64(20.0), 'x1': np.float64(60.0), 'y1': np.float64(47.99999999999999), 'width': np.float64(40.0), 'height': np.float64(27.999999999999993)}, 'axes': {'x': {'label': 'Score', 'unit': '', 'scale': 'linear', 'n_ticks': 4}, 'y': {'label': 'Method', 'unit': '', 'scale': 'linear', 'n_ticks': 4}}, 'plot_type': 'bar', 'url': 'https://scitex.ai'}[0m
[90mINFO:   • Auto-cropped with 1.0mm margin (23px at 600 DPI)[0m
[32mSUCC: Saved to: ./examples/demo_plot_all_types_publication_out/publication/01_matplotlib_basic/07_barh.csv (84.0 B)[0m
[32mSUCC: Saved to: ./examples/demo_plot_all_types_publication_out/publication/01_matplotlib_basic/07_barh.json (2.4 KiB)[0m
[32mSUCC: Saved to: ./examples/demo_plot_all_types_publication_out/publication/01_matplotlib_basic/07_barh.jpg (193.5 KiB)[0m
[90mINFO:   • Auto-collected metadata from figure[0m
[90mINFO: 📝 Saving figure with metadata to: /home/ywatanabe/proj/scitex-code/examples/demo_plot_all_types_publication_out/publication/01_matplotlib_basic/08_fill_between.png[0m
[90mINFO:   • Auto-added URL: https://scitex.ai[0m
/home/ywatanabe/proj/scitex-code/src/scitex/io/_save_modules/_image.py:57: UserWarning: This figure includes Axes that are not compatible with tight_layout, so results might be incorrect.
  obj.savefig(spath, **kwargs)
[90mINFO:   • Embedded metadata: {'metadata_version': '1.1.0', 'scitex': {'version': '2.2.2', 'created_at': '2025-11-20T05:07:03.637813', 'created_with': 'scitex.plt.subplots (mm-control)', 'mode': 'publication', 'axes_size_mm': (40, 28), 'position_in_grid': (0, 0), 'style_mm': {'axis_thickness_mm': 0.2, 'tick_length_mm': 0.8, 'tick_thickness_mm': 0.2, 'trace_thickness_mm': 0.2, 'axis_font_size_pt': 7, 'tick_font_size_pt': 7, 'title_font_size_pt': 8, 'legend_font_size_pt': 6, 'label_pad_pt': 0.5, 'tick_pad_pt': 2.0, 'title_pad_pt': 1.0, 'font_family': 'Arial', 'n_ticks': 4, 'font_family_requested': 'Arial', 'font_family_actual': 'Arial'}}, 'matplotlib': {'version': '3.10.3'}, 'id': '08_fill_between', 'dimensions': {'figure_size_mm': (np.float64(80.0), np.float64(68.0)), 'figure_size_inch': (np.float64(3.1496062992125986), np.float64(2.677165354330709)), 'figure_size_px': (944, 803), 'axes_size_mm': (np.float64(40.0), np.float64(27.999999999999993)), 'axes_size_inch': (np.float64(1.5748031496062993), np.float64(1.1023622047244093)), 'axes_size_px': (472, 330), 'axes_position': (np.float64(0.25), np.float64(0.29411764705882354), np.float64(0.5), np.float64(0.41176470588235287)), 'dpi': 300}, 'margins_mm': {'left': np.float64(20.0), 'bottom': np.float64(20.0), 'right': np.float64(20.0), 'top': np.float64(20.000000000000007)}, 'axes_bbox_px': {'x0': 236, 'y0': 236, 'x1': 708, 'y1': 566, 'width': 472, 'height': 330}, 'axes_bbox_mm': {'x0': np.float64(20.0), 'y0': np.float64(20.0), 'x1': np.float64(60.0), 'y1': np.float64(47.99999999999999), 'width': np.float64(40.0), 'height': np.float64(27.999999999999993)}, 'axes': {'x': {'label': 'Time', 'unit': 's', 'scale': 'linear', 'n_ticks': 4}, 'y': {'label': 'Signal', 'unit': 'a.u.', 'scale': 'linear', 'n_ticks': 4}}, 'plot_type': 'line', 'url': 'https://scitex.ai'}[0m
[90mINFO:   • Auto-cropped with 1.0mm margin (11px at 300 DPI)[0m
[32mSUCC: Saved to: ./examples/demo_plot_all_types_publication_out/publication/01_matplotlib_basic/08_fill_between.csv (5.7 KiB)[0m
[32mSUCC: Saved to: ./examples/demo_plot_all_types_publication_out/publication/01_matplotlib_basic/08_fill_between.json (2.4 KiB)[0m
[32mSUCC: Saved to: ./examples/demo_plot_all_types_publication_out/publication/01_matplotlib_basic/08_fill_between.png (1.1 MiB)[0m
[90mINFO:   • Auto-collected metadata from figure[0m
[90mINFO: 📝 Saving figure with metadata to: /home/ywatanabe/proj/scitex-code/examples/demo_plot_all_types_publication_out/publication/01_matplotlib_basic/08_fill_between.pdf[0m
[90mINFO:   • Auto-added URL: https://scitex.ai[0m
/home/ywatanabe/proj/scitex-code/src/scitex/io/_save_modules/_image.py:174: UserWarning: This figure includes Axes that are not compatible with tight_layout, so results might be incorrect.
  obj.savefig(spath, **save_kwargs)
[90mINFO:   • Embedded metadata: {'metadata_version': '1.1.0', 'scitex': {'version': '2.2.2', 'created_at': '2025-11-20T05:07:03.940369', 'created_with': 'scitex.plt.subplots (mm-control)', 'mode': 'publication', 'axes_size_mm': (40, 28), 'position_in_grid': (0, 0), 'style_mm': {'axis_thickness_mm': 0.2, 'tick_length_mm': 0.8, 'tick_thickness_mm': 0.2, 'trace_thickness_mm': 0.2, 'axis_font_size_pt': 7, 'tick_font_size_pt': 7, 'title_font_size_pt': 8, 'legend_font_size_pt': 6, 'label_pad_pt': 0.5, 'tick_pad_pt': 2.0, 'title_pad_pt': 1.0, 'font_family': 'Arial', 'n_ticks': 4, 'font_family_requested': 'Arial', 'font_family_actual': 'Arial'}}, 'matplotlib': {'version': '3.10.3'}, 'id': '08_fill_between', 'dimensions': {'figure_size_mm': (np.float64(80.0), np.float64(68.0)), 'figure_size_inch': (np.float64(3.1496062992125986), np.float64(2.677165354330709)), 'figure_size_px': (944, 803), 'axes_size_mm': (np.float64(40.0), np.float64(27.999999999999993)), 'axes_size_inch': (np.float64(1.5748031496062993), np.float64(1.1023622047244093)), 'axes_size_px': (472, 330), 'axes_position': (np.float64(0.25), np.float64(0.29411764705882354), np.float64(0.5), np.float64(0.41176470588235287)), 'dpi': 300}, 'margins_mm': {'left': np.float64(20.0), 'bottom': np.float64(20.0), 'right': np.float64(20.0), 'top': np.float64(20.000000000000007)}, 'axes_bbox_px': {'x0': 236, 'y0': 236, 'x1': 708, 'y1': 566, 'width': 472, 'height': 330}, 'axes_bbox_mm': {'x0': np.float64(20.0), 'y0': np.float64(20.0), 'x1': np.float64(60.0), 'y1': np.float64(47.99999999999999), 'width': np.float64(40.0), 'height': np.float64(27.999999999999993)}, 'axes': {'x': {'label': 'Time', 'unit': 's', 'scale': 'linear', 'n_ticks': 4}, 'y': {'label': 'Signal', 'unit': 'a.u.', 'scale': 'linear', 'n_ticks': 4}}, 'plot_type': 'line', 'url': 'https://scitex.ai'}[0m
[32mSUCC: Saved to: ./examples/demo_plot_all_types_publication_out/publication/01_matplotlib_basic/08_fill_between.csv (5.7 KiB)[0m
[32mSUCC: Saved to: ./examples/demo_plot_all_types_publication_out/publication/01_matplotlib_basic/08_fill_between.json (2.4 KiB)[0m
[32mSUCC: Saved to: ./examples/demo_plot_all_types_publication_out/publication/01_matplotlib_basic/08_fill_between.pdf (20.1 KiB)[0m
[90mINFO:   • Auto-collected metadata from figure[0m
[90mINFO: 📝 Saving figure with metadata to: /home/ywatanabe/proj/scitex-code/examples/demo_plot_all_types_publication_out/publication/01_matplotlib_basic/08_fill_between.jpg[0m
[90mINFO:   • Auto-added URL: https://scitex.ai[0m
/home/ywatanabe/proj/scitex-code/src/scitex/io/_save_modules/_image.py:103: UserWarning: This figure includes Axes that are not compatible with tight_layout, so results might be incorrect.
  obj.figure.savefig(buf, **save_kwargs)
[90mINFO:   • Embedded metadata: {'metadata_version': '1.1.0', 'scitex': {'version': '2.2.2', 'created_at': '2025-11-20T05:07:04.083933', 'created_with': 'scitex.plt.subplots (mm-control)', 'mode': 'publication', 'axes_size_mm': (40, 28), 'position_in_grid': (0, 0), 'style_mm': {'axis_thickness_mm': 0.2, 'tick_length_mm': 0.8, 'tick_thickness_mm': 0.2, 'trace_thickness_mm': 0.2, 'axis_font_size_pt': 7, 'tick_font_size_pt': 7, 'title_font_size_pt': 8, 'legend_font_size_pt': 6, 'label_pad_pt': 0.5, 'tick_pad_pt': 2.0, 'title_pad_pt': 1.0, 'font_family': 'Arial', 'n_ticks': 4, 'font_family_requested': 'Arial', 'font_family_actual': 'Arial'}}, 'matplotlib': {'version': '3.10.3'}, 'id': '08_fill_between', 'dimensions': {'figure_size_mm': (np.float64(80.0), np.float64(68.0)), 'figure_size_inch': (np.float64(3.1496062992125986), np.float64(2.677165354330709)), 'figure_size_px': (944, 803), 'axes_size_mm': (np.float64(40.0), np.float64(27.999999999999993)), 'axes_size_inch': (np.float64(1.5748031496062993), np.float64(1.1023622047244093)), 'axes_size_px': (472, 330), 'axes_position': (np.float64(0.25), np.float64(0.29411764705882354), np.float64(0.5), np.float64(0.41176470588235287)), 'dpi': 300}, 'margins_mm': {'left': np.float64(20.0), 'bottom': np.float64(20.0), 'right': np.float64(20.0), 'top': np.float64(20.000000000000007)}, 'axes_bbox_px': {'x0': 236, 'y0': 236, 'x1': 708, 'y1': 566, 'width': 472, 'height': 330}, 'axes_bbox_mm': {'x0': np.float64(20.0), 'y0': np.float64(20.0), 'x1': np.float64(60.0), 'y1': np.float64(47.99999999999999), 'width': np.float64(40.0), 'height': np.float64(27.999999999999993)}, 'axes': {'x': {'label': 'Time', 'unit': 's', 'scale': 'linear', 'n_ticks': 4}, 'y': {'label': 'Signal', 'unit': 'a.u.', 'scale': 'linear', 'n_ticks': 4}}, 'plot_type': 'line', 'url': 'https://scitex.ai'}[0m
[90mINFO:   • Auto-cropped with 1.0mm margin (23px at 600 DPI)[0m
[32mSUCC: Saved to: ./examples/demo_plot_all_types_publication_out/publication/01_matplotlib_basic/08_fill_between.csv (5.7 KiB)[0m
[32mSUCC: Saved to: ./examples/demo_plot_all_types_publication_out/publication/01_matplotlib_basic/08_fill_between.json (2.4 KiB)[0m
[32mSUCC: Saved to: ./examples/demo_plot_all_types_publication_out/publication/01_matplotlib_basic/08_fill_between.jpg (263.4 KiB)[0m
[90mINFO:   • Auto-collected metadata from figure[0m
[90mINFO: 📝 Saving figure with metadata to: /home/ywatanabe/proj/scitex-code/examples/demo_plot_all_types_publication_out/publication/01_matplotlib_basic/09_imshow.png[0m
[90mINFO:   • Auto-added URL: https://scitex.ai[0m
/home/ywatanabe/proj/scitex-code/src/scitex/io/_save_modules/_image.py:57: UserWarning: This figure includes Axes that are not compatible with tight_layout, so results might be incorrect.
  obj.savefig(spath, **kwargs)
[90mINFO:   • Embedded metadata: {'metadata_version': '1.1.0', 'scitex': {'version': '2.2.2', 'created_at': '2025-11-20T05:07:04.656875', 'created_with': 'scitex.plt.subplots (mm-control)', 'mode': 'publication', 'axes_size_mm': (40, 30), 'position_in_grid': (0, 0), 'style_mm': {'axis_thickness_mm': 0.2, 'tick_length_mm': 0.8, 'tick_thickness_mm': 0.2, 'trace_thickness_mm': 0.2, 'axis_font_size_pt': 7, 'tick_font_size_pt': 7, 'title_font_size_pt': 8, 'legend_font_size_pt': 6, 'label_pad_pt': 0.5, 'tick_pad_pt': 2.0, 'title_pad_pt': 1.0, 'font_family': 'Arial', 'n_ticks': 4, 'font_family_requested': 'Arial', 'font_family_actual': 'Arial'}}, 'matplotlib': {'version': '3.10.3'}, 'id': '09_imshow', 'dimensions': {'figure_size_mm': (np.float64(80.0), np.float64(70.0)), 'figure_size_inch': (np.float64(3.1496062992125986), np.float64(2.7559055118110236)), 'figure_size_px': (944, 826), 'axes_size_mm': (np.float64(31.999999999999993), np.float64(29.99999999999999)), 'axes_size_inch': (np.float64(1.2598425196850391), np.float64(1.181102362204724)), 'axes_size_px': (377, 354), 'axes_position': (np.float64(0.25), np.float64(0.2857142857142857), np.float64(0.3999999999999999), np.float64(0.4285714285714285)), 'dpi': 300}, 'margins_mm': {'left': np.float64(20.0), 'bottom': np.float64(20.0), 'right': np.float64(28.000000000000007), 'top': np.float64(20.000000000000014)}, 'axes_bbox_px': {'x0': 236, 'y0': 236, 'x1': 613, 'y1': 590, 'width': 377, 'height': 354}, 'axes_bbox_mm': {'x0': np.float64(20.0), 'y0': np.float64(20.000000000000007), 'x1': np.float64(51.99999999999999), 'y1': np.float64(50.0), 'width': np.float64(31.999999999999993), 'height': np.float64(29.99999999999999)}, 'axes': {'x': {'label': 'X', 'unit': '', 'scale': 'linear', 'n_ticks': 4}, 'y': {'label': 'Y', 'unit': '', 'scale': 'linear', 'n_ticks': 4}}, 'plot_type': 'image', 'url': 'https://scitex.ai'}[0m
[90mINFO:   • Auto-cropped with 1.0mm margin (11px at 300 DPI)[0m
/home/ywatanabe/proj/scitex-code/src/scitex/plt/_subplots/_AxisWrapperMixins/_TrackingMixin.py:113: UserWarning: Matplotlib method 'imshow()' does not support full data tracking for CSV export. Consider using 'ax.plot_imshow()' instead for better data export support.
  df = _export_as_csv(self.history)
[32mSUCC: Saved to: ./examples/demo_plot_all_types_publication_out/publication/01_matplotlib_basic/09_imshow.json (2.5 KiB)[0m
[32mSUCC: Saved to: ./examples/demo_plot_all_types_publication_out/publication/01_matplotlib_basic/09_imshow.png (1.2 MiB)[0m
[90mINFO:   • Auto-collected metadata from figure[0m
[90mINFO: 📝 Saving figure with metadata to: /home/ywatanabe/proj/scitex-code/examples/demo_plot_all_types_publication_out/publication/01_matplotlib_basic/09_imshow.pdf[0m
[90mINFO:   • Auto-added URL: https://scitex.ai[0m
/home/ywatanabe/proj/scitex-code/src/scitex/io/_save_modules/_image.py:174: UserWarning: This figure includes Axes that are not compatible with tight_layout, so results might be incorrect.
  obj.savefig(spath, **save_kwargs)
[90mINFO:   • Embedded metadata: {'metadata_version': '1.1.0', 'scitex': {'version': '2.2.2', 'created_at': '2025-11-20T05:07:04.951707', 'created_with': 'scitex.plt.subplots (mm-control)', 'mode': 'publication', 'axes_size_mm': (40, 30), 'position_in_grid': (0, 0), 'style_mm': {'axis_thickness_mm': 0.2, 'tick_length_mm': 0.8, 'tick_thickness_mm': 0.2, 'trace_thickness_mm': 0.2, 'axis_font_size_pt': 7, 'tick_font_size_pt': 7, 'title_font_size_pt': 8, 'legend_font_size_pt': 6, 'label_pad_pt': 0.5, 'tick_pad_pt': 2.0, 'title_pad_pt': 1.0, 'font_family': 'Arial', 'n_ticks': 4, 'font_family_requested': 'Arial', 'font_family_actual': 'Arial'}}, 'matplotlib': {'version': '3.10.3'}, 'id': '09_imshow', 'dimensions': {'figure_size_mm': (np.float64(80.0), np.float64(70.0)), 'figure_size_inch': (np.float64(3.1496062992125986), np.float64(2.7559055118110236)), 'figure_size_px': (944, 826), 'axes_size_mm': (np.float64(31.999999999999993), np.float64(29.99999999999999)), 'axes_size_inch': (np.float64(1.2598425196850391), np.float64(1.181102362204724)), 'axes_size_px': (377, 354), 'axes_position': (np.float64(0.25), np.float64(0.2857142857142857), np.float64(0.3999999999999999), np.float64(0.4285714285714285)), 'dpi': 300}, 'margins_mm': {'left': np.float64(20.0), 'bottom': np.float64(20.0), 'right': np.float64(28.000000000000007), 'top': np.float64(20.000000000000014)}, 'axes_bbox_px': {'x0': 236, 'y0': 236, 'x1': 613, 'y1': 590, 'width': 377, 'height': 354}, 'axes_bbox_mm': {'x0': np.float64(20.0), 'y0': np.float64(20.000000000000007), 'x1': np.float64(51.99999999999999), 'y1': np.float64(50.0), 'width': np.float64(31.999999999999993), 'height': np.float64(29.99999999999999)}, 'axes': {'x': {'label': 'X', 'unit': '', 'scale': 'linear', 'n_ticks': 4}, 'y': {'label': 'Y', 'unit': '', 'scale': 'linear', 'n_ticks': 4}}, 'plot_type': 'image', 'url': 'https://scitex.ai'}[0m
[32mSUCC: Saved to: ./examples/demo_plot_all_types_publication_out/publication/01_matplotlib_basic/09_imshow.json (2.5 KiB)[0m
[32mSUCC: Saved to: ./examples/demo_plot_all_types_publication_out/publication/01_matplotlib_basic/09_imshow.pdf (20.7 KiB)[0m
[90mINFO:   • Auto-collected metadata from figure[0m
[90mINFO: 📝 Saving figure with metadata to: /home/ywatanabe/proj/scitex-code/examples/demo_plot_all_types_publication_out/publication/01_matplotlib_basic/09_imshow.jpg[0m
[90mINFO:   • Auto-added URL: https://scitex.ai[0m
/home/ywatanabe/proj/scitex-code/src/scitex/io/_save_modules/_image.py:103: UserWarning: This figure includes Axes that are not compatible with tight_layout, so results might be incorrect.
  obj.figure.savefig(buf, **save_kwargs)
[90mINFO:   • Embedded metadata: {'metadata_version': '1.1.0', 'scitex': {'version': '2.2.2', 'created_at': '2025-11-20T05:07:05.125715', 'created_with': 'scitex.plt.subplots (mm-control)', 'mode': 'publication', 'axes_size_mm': (40, 30), 'position_in_grid': (0, 0), 'style_mm': {'axis_thickness_mm': 0.2, 'tick_length_mm': 0.8, 'tick_thickness_mm': 0.2, 'trace_thickness_mm': 0.2, 'axis_font_size_pt': 7, 'tick_font_size_pt': 7, 'title_font_size_pt': 8, 'legend_font_size_pt': 6, 'label_pad_pt': 0.5, 'tick_pad_pt': 2.0, 'title_pad_pt': 1.0, 'font_family': 'Arial', 'n_ticks': 4, 'font_family_requested': 'Arial', 'font_family_actual': 'Arial'}}, 'matplotlib': {'version': '3.10.3'}, 'id': '09_imshow', 'dimensions': {'figure_size_mm': (np.float64(80.0), np.float64(70.0)), 'figure_size_inch': (np.float64(3.1496062992125986), np.float64(2.7559055118110236)), 'figure_size_px': (944, 826), 'axes_size_mm': (np.float64(31.999999999999993), np.float64(29.99999999999999)), 'axes_size_inch': (np.float64(1.2598425196850391), np.float64(1.181102362204724)), 'axes_size_px': (377, 354), 'axes_position': (np.float64(0.25), np.float64(0.2857142857142857), np.float64(0.3999999999999999), np.float64(0.4285714285714285)), 'dpi': 300}, 'margins_mm': {'left': np.float64(20.0), 'bottom': np.float64(20.0), 'right': np.float64(28.000000000000007), 'top': np.float64(20.000000000000014)}, 'axes_bbox_px': {'x0': 236, 'y0': 236, 'x1': 613, 'y1': 590, 'width': 377, 'height': 354}, 'axes_bbox_mm': {'x0': np.float64(20.0), 'y0': np.float64(20.000000000000007), 'x1': np.float64(51.99999999999999), 'y1': np.float64(50.0), 'width': np.float64(31.999999999999993), 'height': np.float64(29.99999999999999)}, 'axes': {'x': {'label': 'X', 'unit': '', 'scale': 'linear', 'n_ticks': 4}, 'y': {'label': 'Y', 'unit': '', 'scale': 'linear', 'n_ticks': 4}}, 'plot_type': 'image', 'url': 'https://scitex.ai'}[0m
[90mINFO:   • Auto-cropped with 1.0mm margin (23px at 600 DPI)[0m
[32mSUCC: Saved to: ./examples/demo_plot_all_types_publication_out/publication/01_matplotlib_basic/09_imshow.json (2.5 KiB)[0m
[32mSUCC: Saved to: ./examples/demo_plot_all_types_publication_out/publication/01_matplotlib_basic/09_imshow.jpg (351.3 KiB)[0m
[90mINFO:   • Auto-collected metadata from figure[0m
[90mINFO: 📝 Saving figure with metadata to: /home/ywatanabe/proj/scitex-code/examples/demo_plot_all_types_publication_out/publication/01_matplotlib_basic/10_contour.png[0m
[90mINFO:   • Auto-added URL: https://scitex.ai[0m
/home/ywatanabe/proj/scitex-code/src/scitex/io/_save_modules/_image.py:57: UserWarning: This figure includes Axes that are not compatible with tight_layout, so results might be incorrect.
  obj.savefig(spath, **kwargs)
[90mINFO:   • Embedded metadata: {'metadata_version': '1.1.0', 'scitex': {'version': '2.2.2', 'created_at': '2025-11-20T05:07:05.814161', 'created_with': 'scitex.plt.subplots (mm-control)', 'mode': 'publication', 'axes_size_mm': (40, 28), 'position_in_grid': (0, 0), 'style_mm': {'axis_thickness_mm': 0.2, 'tick_length_mm': 0.8, 'tick_thickness_mm': 0.2, 'trace_thickness_mm': 0.2, 'axis_font_size_pt': 7, 'tick_font_size_pt': 7, 'title_font_size_pt': 8, 'legend_font_size_pt': 6, 'label_pad_pt': 0.5, 'tick_pad_pt': 2.0, 'title_pad_pt': 1.0, 'font_family': 'Arial', 'n_ticks': 4, 'font_family_requested': 'Arial', 'font_family_actual': 'Arial'}}, 'matplotlib': {'version': '3.10.3'}, 'id': '10_contour', 'dimensions': {'figure_size_mm': (np.float64(80.0), np.float64(68.0)), 'figure_size_inch': (np.float64(3.1496062992125986), np.float64(2.677165354330709)), 'figure_size_px': (944, 803), 'axes_size_mm': (np.float64(40.0), np.float64(27.999999999999993)), 'axes_size_inch': (np.float64(1.5748031496062993), np.float64(1.1023622047244093)), 'axes_size_px': (472, 330), 'axes_position': (np.float64(0.25), np.float64(0.29411764705882354), np.float64(0.5), np.float64(0.41176470588235287)), 'dpi': 300}, 'margins_mm': {'left': np.float64(20.0), 'bottom': np.float64(20.0), 'right': np.float64(20.0), 'top': np.float64(20.000000000000007)}, 'axes_bbox_px': {'x0': 236, 'y0': 236, 'x1': 708, 'y1': 566, 'width': 472, 'height': 330}, 'axes_bbox_mm': {'x0': np.float64(20.0), 'y0': np.float64(20.0), 'x1': np.float64(60.0), 'y1': np.float64(47.99999999999999), 'width': np.float64(40.0), 'height': np.float64(27.999999999999993)}, 'axes': {'x': {'label': 'X', 'unit': '', 'scale': 'linear', 'n_ticks': 4}, 'y': {'label': 'Y', 'unit': '', 'scale': 'linear', 'n_ticks': 4}}, 'plot_type': 'contour', 'url': 'https://scitex.ai'}[0m
[90mINFO:   • Auto-cropped with 1.0mm margin (11px at 300 DPI)[0m
[32mSUCC: Saved to: ./examples/demo_plot_all_types_publication_out/publication/01_matplotlib_basic/10_contour.csv (2.7 KiB)[0m
[32mSUCC: Saved to: ./examples/demo_plot_all_types_publication_out/publication/01_matplotlib_basic/10_contour.json (2.4 KiB)[0m
[32mSUCC: Saved to: ./examples/demo_plot_all_types_publication_out/publication/01_matplotlib_basic/10_contour.png (1.0 MiB)[0m
[90mINFO:   • Auto-collected metadata from figure[0m
[90mINFO: 📝 Saving figure with metadata to: /home/ywatanabe/proj/scitex-code/examples/demo_plot_all_types_publication_out/publication/01_matplotlib_basic/10_contour.pdf[0m
[90mINFO:   • Auto-added URL: https://scitex.ai[0m
/home/ywatanabe/proj/scitex-code/src/scitex/io/_save_modules/_image.py:174: UserWarning: This figure includes Axes that are not compatible with tight_layout, so results might be incorrect.
  obj.savefig(spath, **save_kwargs)
[90mINFO:   • Embedded metadata: {'metadata_version': '1.1.0', 'scitex': {'version': '2.2.2', 'created_at': '2025-11-20T05:07:06.086748', 'created_with': 'scitex.plt.subplots (mm-control)', 'mode': 'publication', 'axes_size_mm': (40, 28), 'position_in_grid': (0, 0), 'style_mm': {'axis_thickness_mm': 0.2, 'tick_length_mm': 0.8, 'tick_thickness_mm': 0.2, 'trace_thickness_mm': 0.2, 'axis_font_size_pt': 7, 'tick_font_size_pt': 7, 'title_font_size_pt': 8, 'legend_font_size_pt': 6, 'label_pad_pt': 0.5, 'tick_pad_pt': 2.0, 'title_pad_pt': 1.0, 'font_family': 'Arial', 'n_ticks': 4, 'font_family_requested': 'Arial', 'font_family_actual': 'Arial'}}, 'matplotlib': {'version': '3.10.3'}, 'id': '10_contour', 'dimensions': {'figure_size_mm': (np.float64(80.0), np.float64(68.0)), 'figure_size_inch': (np.float64(3.1496062992125986), np.float64(2.677165354330709)), 'figure_size_px': (944, 803), 'axes_size_mm': (np.float64(40.0), np.float64(27.999999999999993)), 'axes_size_inch': (np.float64(1.5748031496062993), np.float64(1.1023622047244093)), 'axes_size_px': (472, 330), 'axes_position': (np.float64(0.25), np.float64(0.29411764705882354), np.float64(0.5), np.float64(0.41176470588235287)), 'dpi': 300}, 'margins_mm': {'left': np.float64(20.0), 'bottom': np.float64(20.0), 'right': np.float64(20.0), 'top': np.float64(20.000000000000007)}, 'axes_bbox_px': {'x0': 236, 'y0': 236, 'x1': 708, 'y1': 566, 'width': 472, 'height': 330}, 'axes_bbox_mm': {'x0': np.float64(20.0), 'y0': np.float64(20.0), 'x1': np.float64(60.0), 'y1': np.float64(47.99999999999999), 'width': np.float64(40.0), 'height': np.float64(27.999999999999993)}, 'axes': {'x': {'label': 'X', 'unit': '', 'scale': 'linear', 'n_ticks': 4}, 'y': {'label': 'Y', 'unit': '', 'scale': 'linear', 'n_ticks': 4}}, 'plot_type': 'contour', 'url': 'https://scitex.ai'}[0m
[32mSUCC: Saved to: ./examples/demo_plot_all_types_publication_out/publication/01_matplotlib_basic/10_contour.csv (2.7 KiB)[0m
[32mSUCC: Saved to: ./examples/demo_plot_all_types_publication_out/publication/01_matplotlib_basic/10_contour.json (2.4 KiB)[0m
[32mSUCC: Saved to: ./examples/demo_plot_all_types_publication_out/publication/01_matplotlib_basic/10_contour.pdf (14.8 KiB)[0m
[90mINFO:   • Auto-collected metadata from figure[0m
[90mINFO: 📝 Saving figure with metadata to: /home/ywatanabe/proj/scitex-code/examples/demo_plot_all_types_publication_out/publication/01_matplotlib_basic/10_contour.jpg[0m
[90mINFO:   • Auto-added URL: https://scitex.ai[0m
/home/ywatanabe/proj/scitex-code/src/scitex/io/_save_modules/_image.py:103: UserWarning: This figure includes Axes that are not compatible with tight_layout, so results might be incorrect.
  obj.figure.savefig(buf, **save_kwargs)
[90mINFO:   • Embedded metadata: {'metadata_version': '1.1.0', 'scitex': {'version': '2.2.2', 'created_at': '2025-11-20T05:07:06.246774', 'created_with': 'scitex.plt.subplots (mm-control)', 'mode': 'publication', 'axes_size_mm': (40, 28), 'position_in_grid': (0, 0), 'style_mm': {'axis_thickness_mm': 0.2, 'tick_length_mm': 0.8, 'tick_thickness_mm': 0.2, 'trace_thickness_mm': 0.2, 'axis_font_size_pt': 7, 'tick_font_size_pt': 7, 'title_font_size_pt': 8, 'legend_font_size_pt': 6, 'label_pad_pt': 0.5, 'tick_pad_pt': 2.0, 'title_pad_pt': 1.0, 'font_family': 'Arial', 'n_ticks': 4, 'font_family_requested': 'Arial', 'font_family_actual': 'Arial'}}, 'matplotlib': {'version': '3.10.3'}, 'id': '10_contour', 'dimensions': {'figure_size_mm': (np.float64(80.0), np.float64(68.0)), 'figure_size_inch': (np.float64(3.1496062992125986), np.float64(2.677165354330709)), 'figure_size_px': (944, 803), 'axes_size_mm': (np.float64(40.0), np.float64(27.999999999999993)), 'axes_size_inch': (np.float64(1.5748031496062993), np.float64(1.1023622047244093)), 'axes_size_px': (472, 330), 'axes_position': (np.float64(0.25), np.float64(0.29411764705882354), np.float64(0.5), np.float64(0.41176470588235287)), 'dpi': 300}, 'margins_mm': {'left': np.float64(20.0), 'bottom': np.float64(20.0), 'right': np.float64(20.0), 'top': np.float64(20.000000000000007)}, 'axes_bbox_px': {'x0': 236, 'y0': 236, 'x1': 708, 'y1': 566, 'width': 472, 'height': 330}, 'axes_bbox_mm': {'x0': np.float64(20.0), 'y0': np.float64(20.0), 'x1': np.float64(60.0), 'y1': np.float64(47.99999999999999), 'width': np.float64(40.0), 'height': np.float64(27.999999999999993)}, 'axes': {'x': {'label': 'X', 'unit': '', 'scale': 'linear', 'n_ticks': 4}, 'y': {'label': 'Y', 'unit': '', 'scale': 'linear', 'n_ticks': 4}}, 'plot_type': 'contour', 'url': 'https://scitex.ai'}[0m
[90mINFO:   • Auto-cropped with 1.0mm margin (23px at 600 DPI)[0m
[32mSUCC: Saved to: ./examples/demo_plot_all_types_publication_out/publication/01_matplotlib_basic/10_contour.csv (2.7 KiB)[0m
[32mSUCC: Saved to: ./examples/demo_plot_all_types_publication_out/publication/01_matplotlib_basic/10_contour.json (2.4 KiB)[0m
[32mSUCC: Saved to: ./examples/demo_plot_all_types_publication_out/publication/01_matplotlib_basic/10_contour.jpg (462.4 KiB)[0m
[90mINFO:   • Auto-collected metadata from figure[0m
[90mINFO: 📝 Saving figure with metadata to: /home/ywatanabe/proj/scitex-code/examples/demo_plot_all_types_publication_out/publication/01_matplotlib_basic/11_violinplot.png[0m
[90mINFO:   • Auto-added URL: https://scitex.ai[0m
/home/ywatanabe/proj/scitex-code/src/scitex/io/_save_modules/_image.py:57: UserWarning: This figure includes Axes that are not compatible with tight_layout, so results might be incorrect.
  obj.savefig(spath, **kwargs)
[90mINFO:   • Embedded metadata: {'metadata_version': '1.1.0', 'scitex': {'version': '2.2.2', 'created_at': '2025-11-20T05:07:07.251525', 'created_with': 'scitex.plt.subplots (mm-control)', 'mode': 'publication', 'axes_size_mm': (40, 28), 'position_in_grid': (0, 0), 'style_mm': {'axis_thickness_mm': 0.2, 'tick_length_mm': 0.8, 'tick_thickness_mm': 0.2, 'trace_thickness_mm': 0.2, 'axis_font_size_pt': 7, 'tick_font_size_pt': 7, 'title_font_size_pt': 8, 'legend_font_size_pt': 6, 'label_pad_pt': 0.5, 'tick_pad_pt': 2.0, 'title_pad_pt': 1.0, 'font_family': 'Arial', 'n_ticks': 4, 'font_family_requested': 'Arial', 'font_family_actual': 'Arial'}}, 'matplotlib': {'version': '3.10.3'}, 'id': '11_violinplot', 'dimensions': {'figure_size_mm': (np.float64(80.0), np.float64(68.0)), 'figure_size_inch': (np.float64(3.1496062992125986), np.float64(2.677165354330709)), 'figure_size_px': (944, 803), 'axes_size_mm': (np.float64(40.0), np.float64(27.999999999999993)), 'axes_size_inch': (np.float64(1.5748031496062993), np.float64(1.1023622047244093)), 'axes_size_px': (472, 330), 'axes_position': (np.float64(0.25), np.float64(0.29411764705882354), np.float64(0.5), np.float64(0.41176470588235287)), 'dpi': 300}, 'margins_mm': {'left': np.float64(20.0), 'bottom': np.float64(20.0), 'right': np.float64(20.0), 'top': np.float64(20.000000000000007)}, 'axes_bbox_px': {'x0': 236, 'y0': 236, 'x1': 708, 'y1': 566, 'width': 472, 'height': 330}, 'axes_bbox_mm': {'x0': np.float64(20.0), 'y0': np.float64(20.0), 'x1': np.float64(60.0), 'y1': np.float64(47.99999999999999), 'width': np.float64(40.0), 'height': np.float64(27.999999999999993)}, 'axes': {'x': {'label': 'Group', 'unit': '', 'scale': 'linear', 'n_ticks': 4}, 'y': {'label': 'Value', 'unit': 'a.u.', 'scale': 'linear', 'n_ticks': 4}}, 'url': 'https://scitex.ai'}[0m
[90mINFO:   • Auto-cropped with 1.0mm margin (11px at 300 DPI)[0m
[32mSUCC: Saved to: ./examples/demo_plot_all_types_publication_out/publication/01_matplotlib_basic/11_violinplot.csv (8.3 KiB)[0m
[32mSUCC: Saved to: ./examples/demo_plot_all_types_publication_out/publication/01_matplotlib_basic/11_violinplot.json (2.4 KiB)[0m
[32mSUCC: Saved to: ./examples/demo_plot_all_types_publication_out/publication/01_matplotlib_basic/11_violinplot.png (1.1 MiB)[0m
[90mINFO:   • Auto-collected metadata from figure[0m
[90mINFO: 📝 Saving figure with metadata to: /home/ywatanabe/proj/scitex-code/examples/demo_plot_all_types_publication_out/publication/01_matplotlib_basic/11_violinplot.pdf[0m
[90mINFO:   • Auto-added URL: https://scitex.ai[0m
/home/ywatanabe/proj/scitex-code/src/scitex/io/_save_modules/_image.py:174: UserWarning: This figure includes Axes that are not compatible with tight_layout, so results might be incorrect.
  obj.savefig(spath, **save_kwargs)
[90mINFO:   • Embedded metadata: {'metadata_version': '1.1.0', 'scitex': {'version': '2.2.2', 'created_at': '2025-11-20T05:07:07.718892', 'created_with': 'scitex.plt.subplots (mm-control)', 'mode': 'publication', 'axes_size_mm': (40, 28), 'position_in_grid': (0, 0), 'style_mm': {'axis_thickness_mm': 0.2, 'tick_length_mm': 0.8, 'tick_thickness_mm': 0.2, 'trace_thickness_mm': 0.2, 'axis_font_size_pt': 7, 'tick_font_size_pt': 7, 'title_font_size_pt': 8, 'legend_font_size_pt': 6, 'label_pad_pt': 0.5, 'tick_pad_pt': 2.0, 'title_pad_pt': 1.0, 'font_family': 'Arial', 'n_ticks': 4, 'font_family_requested': 'Arial', 'font_family_actual': 'Arial'}}, 'matplotlib': {'version': '3.10.3'}, 'id': '11_violinplot', 'dimensions': {'figure_size_mm': (np.float64(80.0), np.float64(68.0)), 'figure_size_inch': (np.float64(3.1496062992125986), np.float64(2.677165354330709)), 'figure_size_px': (944, 803), 'axes_size_mm': (np.float64(40.0), np.float64(27.999999999999993)), 'axes_size_inch': (np.float64(1.5748031496062993), np.float64(1.1023622047244093)), 'axes_size_px': (472, 330), 'axes_position': (np.float64(0.25), np.float64(0.29411764705882354), np.float64(0.5), np.float64(0.41176470588235287)), 'dpi': 300}, 'margins_mm': {'left': np.float64(20.0), 'bottom': np.float64(20.0), 'right': np.float64(20.0), 'top': np.float64(20.000000000000007)}, 'axes_bbox_px': {'x0': 236, 'y0': 236, 'x1': 708, 'y1': 566, 'width': 472, 'height': 330}, 'axes_bbox_mm': {'x0': np.float64(20.0), 'y0': np.float64(20.0), 'x1': np.float64(60.0), 'y1': np.float64(47.99999999999999), 'width': np.float64(40.0), 'height': np.float64(27.999999999999993)}, 'axes': {'x': {'label': 'Group', 'unit': '', 'scale': 'linear', 'n_ticks': 4}, 'y': {'label': 'Value', 'unit': 'a.u.', 'scale': 'linear', 'n_ticks': 4}}, 'url': 'https://scitex.ai'}[0m
[32mSUCC: Saved to: ./examples/demo_plot_all_types_publication_out/publication/01_matplotlib_basic/11_violinplot.csv (8.3 KiB)[0m
[32mSUCC: Saved to: ./examples/demo_plot_all_types_publication_out/publication/01_matplotlib_basic/11_violinplot.json (2.4 KiB)[0m
[32mSUCC: Saved to: ./examples/demo_plot_all_types_publication_out/publication/01_matplotlib_basic/11_violinplot.pdf (22.0 KiB)[0m
[90mINFO:   • Auto-collected metadata from figure[0m
[90mINFO: 📝 Saving figure with metadata to: /home/ywatanabe/proj/scitex-code/examples/demo_plot_all_types_publication_out/publication/01_matplotlib_basic/11_violinplot.jpg[0m
[90mINFO:   • Auto-added URL: https://scitex.ai[0m
/home/ywatanabe/proj/scitex-code/src/scitex/io/_save_modules/_image.py:103: UserWarning: This figure includes Axes that are not compatible with tight_layout, so results might be incorrect.
  obj.figure.savefig(buf, **save_kwargs)
[90mINFO:   • Embedded metadata: {'metadata_version': '1.1.0', 'scitex': {'version': '2.2.2', 'created_at': '2025-11-20T05:07:08.036131', 'created_with': 'scitex.plt.subplots (mm-control)', 'mode': 'publication', 'axes_size_mm': (40, 28), 'position_in_grid': (0, 0), 'style_mm': {'axis_thickness_mm': 0.2, 'tick_length_mm': 0.8, 'tick_thickness_mm': 0.2, 'trace_thickness_mm': 0.2, 'axis_font_size_pt': 7, 'tick_font_size_pt': 7, 'title_font_size_pt': 8, 'legend_font_size_pt': 6, 'label_pad_pt': 0.5, 'tick_pad_pt': 2.0, 'title_pad_pt': 1.0, 'font_family': 'Arial', 'n_ticks': 4, 'font_family_requested': 'Arial', 'font_family_actual': 'Arial'}}, 'matplotlib': {'version': '3.10.3'}, 'id': '11_violinplot', 'dimensions': {'figure_size_mm': (np.float64(80.0), np.float64(68.0)), 'figure_size_inch': (np.float64(3.1496062992125986), np.float64(2.677165354330709)), 'figure_size_px': (944, 803), 'axes_size_mm': (np.float64(40.0), np.float64(27.999999999999993)), 'axes_size_inch': (np.float64(1.5748031496062993), np.float64(1.1023622047244093)), 'axes_size_px': (472, 330), 'axes_position': (np.float64(0.25), np.float64(0.29411764705882354), np.float64(0.5), np.float64(0.41176470588235287)), 'dpi': 300}, 'margins_mm': {'left': np.float64(20.0), 'bottom': np.float64(20.0), 'right': np.float64(20.0), 'top': np.float64(20.000000000000007)}, 'axes_bbox_px': {'x0': 236, 'y0': 236, 'x1': 708, 'y1': 566, 'width': 472, 'height': 330}, 'axes_bbox_mm': {'x0': np.float64(20.0), 'y0': np.float64(20.0), 'x1': np.float64(60.0), 'y1': np.float64(47.99999999999999), 'width': np.float64(40.0), 'height': np.float64(27.999999999999993)}, 'axes': {'x': {'label': 'Group', 'unit': '', 'scale': 'linear', 'n_ticks': 4}, 'y': {'label': 'Value', 'unit': 'a.u.', 'scale': 'linear', 'n_ticks': 4}}, 'url': 'https://scitex.ai'}[0m
[90mINFO:   • Auto-cropped with 1.0mm margin (23px at 600 DPI)[0m
[32mSUCC: Saved to: ./examples/demo_plot_all_types_publication_out/publication/01_matplotlib_basic/11_violinplot.csv (8.3 KiB)[0m
[32mSUCC: Saved to: ./examples/demo_plot_all_types_publication_out/publication/01_matplotlib_basic/11_violinplot.json (2.4 KiB)[0m
[32mSUCC: Saved to: ./examples/demo_plot_all_types_publication_out/publication/01_matplotlib_basic/11_violinplot.jpg (183.7 KiB)[0m
[90mINFO:   • Auto-collected metadata from figure[0m
[90mINFO: 📝 Saving figure with metadata to: /home/ywatanabe/proj/scitex-code/examples/demo_plot_all_types_publication_out/publication/02_custom_scitex/01_plot_heatmap.png[0m
[90mINFO:   • Auto-added URL: https://scitex.ai[0m
/home/ywatanabe/proj/scitex-code/src/scitex/io/_save_modules/_image.py:57: UserWarning: This figure includes Axes that are not compatible with tight_layout, so results might be incorrect.
  obj.savefig(spath, **kwargs)
[90mINFO:   • Embedded metadata: {'metadata_version': '1.1.0', 'scitex': {'version': '2.2.2', 'created_at': '2025-11-20T05:07:09.358522', 'created_with': 'scitex.plt.subplots (mm-control)', 'mode': 'publication', 'axes_size_mm': (45, 30), 'position_in_grid': (0, 0), 'style_mm': {'axis_thickness_mm': 0.2, 'tick_length_mm': 0.8, 'tick_thickness_mm': 0.2, 'trace_thickness_mm': 0.2, 'axis_font_size_pt': 7, 'tick_font_size_pt': 7, 'title_font_size_pt': 8, 'legend_font_size_pt': 6, 'label_pad_pt': 0.5, 'tick_pad_pt': 2.0, 'title_pad_pt': 1.0, 'font_family': 'Arial', 'n_ticks': 4, 'font_family_requested': 'Arial', 'font_family_actual': 'Arial'}}, 'matplotlib': {'version': '3.10.3'}, 'id': '01_plot_heatmap', 'dimensions': {'figure_size_mm': (np.float64(85.0), np.float64(70.0)), 'figure_size_inch': (np.float64(3.346456692913386), np.float64(2.7559055118110236)), 'figure_size_px': (1003, 826), 'axes_size_mm': (np.float64(36.0), np.float64(24.0)), 'axes_size_inch': (np.float64(1.4173228346456694), np.float64(0.9448818897637795)), 'axes_size_px': (425, 283), 'axes_position': (np.float64(0.23529411764705882), np.float64(0.3285714285714285), np.float64(0.4235294117647059), np.float64(0.34285714285714286)), 'dpi': 300}, 'margins_mm': {'left': np.float64(20.0), 'bottom': np.float64(22.999999999999996), 'right': np.float64(29.0), 'top': np.float64(23.0)}, 'axes_bbox_px': {'x0': 236, 'y0': 271, 'x1': 661, 'y1': 554, 'width': 425, 'height': 283}, 'axes_bbox_mm': {'x0': np.float64(20.0), 'y0': np.float64(23.000000000000004), 'x1': np.float64(56.0), 'y1': np.float64(47.0), 'width': np.float64(36.0), 'height': np.float64(24.0)}, 'axes': {'x': {'label': '', 'unit': '', 'scale': 'linear', 'n_ticks': 4}, 'y': {'label': '', 'unit': '', 'scale': 'linear', 'n_ticks': 4}}, 'plot_type': 'image', 'url': 'https://scitex.ai'}[0m
[90mINFO:   • Auto-cropped with 1.0mm margin (11px at 300 DPI)[0m
[32mSUCC: Saved to: ./examples/demo_plot_all_types_publication_out/publication/02_custom_scitex/01_plot_heatmap.csv (2.3 KiB)[0m
[32mSUCC: Saved to: ./examples/demo_plot_all_types_publication_out/publication/02_custom_scitex/01_plot_heatmap.json (2.4 KiB)[0m
[32mSUCC: Saved to: ./examples/demo_plot_all_types_publication_out/publication/02_custom_scitex/01_plot_heatmap.png (1.0 MiB)[0m
[90mINFO:   • Auto-collected metadata from figure[0m
[90mINFO: 📝 Saving figure with metadata to: /home/ywatanabe/proj/scitex-code/examples/demo_plot_all_types_publication_out/publication/02_custom_scitex/01_plot_heatmap.pdf[0m
[90mINFO:   • Auto-added URL: https://scitex.ai[0m
/home/ywatanabe/proj/scitex-code/src/scitex/io/_save_modules/_image.py:174: UserWarning: This figure includes Axes that are not compatible with tight_layout, so results might be incorrect.
  obj.savefig(spath, **save_kwargs)
[90mINFO:   • Embedded metadata: {'metadata_version': '1.1.0', 'scitex': {'version': '2.2.2', 'created_at': '2025-11-20T05:07:09.906853', 'created_with': 'scitex.plt.subplots (mm-control)', 'mode': 'publication', 'axes_size_mm': (45, 30), 'position_in_grid': (0, 0), 'style_mm': {'axis_thickness_mm': 0.2, 'tick_length_mm': 0.8, 'tick_thickness_mm': 0.2, 'trace_thickness_mm': 0.2, 'axis_font_size_pt': 7, 'tick_font_size_pt': 7, 'title_font_size_pt': 8, 'legend_font_size_pt': 6, 'label_pad_pt': 0.5, 'tick_pad_pt': 2.0, 'title_pad_pt': 1.0, 'font_family': 'Arial', 'n_ticks': 4, 'font_family_requested': 'Arial', 'font_family_actual': 'Arial'}}, 'matplotlib': {'version': '3.10.3'}, 'id': '01_plot_heatmap', 'dimensions': {'figure_size_mm': (np.float64(85.0), np.float64(70.0)), 'figure_size_inch': (np.float64(3.346456692913386), np.float64(2.7559055118110236)), 'figure_size_px': (1003, 826), 'axes_size_mm': (np.float64(36.0), np.float64(24.0)), 'axes_size_inch': (np.float64(1.4173228346456694), np.float64(0.9448818897637795)), 'axes_size_px': (425, 283), 'axes_position': (np.float64(0.23529411764705882), np.float64(0.3285714285714285), np.float64(0.4235294117647059), np.float64(0.34285714285714286)), 'dpi': 300}, 'margins_mm': {'left': np.float64(20.0), 'bottom': np.float64(22.999999999999996), 'right': np.float64(29.0), 'top': np.float64(23.0)}, 'axes_bbox_px': {'x0': 236, 'y0': 271, 'x1': 661, 'y1': 554, 'width': 425, 'height': 283}, 'axes_bbox_mm': {'x0': np.float64(20.0), 'y0': np.float64(23.000000000000004), 'x1': np.float64(56.0), 'y1': np.float64(47.0), 'width': np.float64(36.0), 'height': np.float64(24.0)}, 'axes': {'x': {'label': '', 'unit': '', 'scale': 'linear', 'n_ticks': 4}, 'y': {'label': '', 'unit': '', 'scale': 'linear', 'n_ticks': 4}}, 'plot_type': 'image', 'url': 'https://scitex.ai'}[0m
[32mSUCC: Saved to: ./examples/demo_plot_all_types_publication_out/publication/02_custom_scitex/01_plot_heatmap.csv (2.3 KiB)[0m
[32mSUCC: Saved to: ./examples/demo_plot_all_types_publication_out/publication/02_custom_scitex/01_plot_heatmap.json (2.4 KiB)[0m
[32mSUCC: Saved to: ./examples/demo_plot_all_types_publication_out/publication/02_custom_scitex/01_plot_heatmap.pdf (20.5 KiB)[0m
[90mINFO:   • Auto-collected metadata from figure[0m
[90mINFO: 📝 Saving figure with metadata to: /home/ywatanabe/proj/scitex-code/examples/demo_plot_all_types_publication_out/publication/02_custom_scitex/01_plot_heatmap.jpg[0m
[90mINFO:   • Auto-added URL: https://scitex.ai[0m
/home/ywatanabe/proj/scitex-code/src/scitex/io/_save_modules/_image.py:103: UserWarning: This figure includes Axes that are not compatible with tight_layout, so results might be incorrect.
  obj.figure.savefig(buf, **save_kwargs)
[90mINFO:   • Embedded metadata: {'metadata_version': '1.1.0', 'scitex': {'version': '2.2.2', 'created_at': '2025-11-20T05:07:10.239342', 'created_with': 'scitex.plt.subplots (mm-control)', 'mode': 'publication', 'axes_size_mm': (45, 30), 'position_in_grid': (0, 0), 'style_mm': {'axis_thickness_mm': 0.2, 'tick_length_mm': 0.8, 'tick_thickness_mm': 0.2, 'trace_thickness_mm': 0.2, 'axis_font_size_pt': 7, 'tick_font_size_pt': 7, 'title_font_size_pt': 8, 'legend_font_size_pt': 6, 'label_pad_pt': 0.5, 'tick_pad_pt': 2.0, 'title_pad_pt': 1.0, 'font_family': 'Arial', 'n_ticks': 4, 'font_family_requested': 'Arial', 'font_family_actual': 'Arial'}}, 'matplotlib': {'version': '3.10.3'}, 'id': '01_plot_heatmap', 'dimensions': {'figure_size_mm': (np.float64(85.0), np.float64(70.0)), 'figure_size_inch': (np.float64(3.346456692913386), np.float64(2.7559055118110236)), 'figure_size_px': (1003, 826), 'axes_size_mm': (np.float64(36.0), np.float64(24.0)), 'axes_size_inch': (np.float64(1.4173228346456694), np.float64(0.9448818897637795)), 'axes_size_px': (425, 283), 'axes_position': (np.float64(0.23529411764705882), np.float64(0.3285714285714285), np.float64(0.4235294117647059), np.float64(0.34285714285714286)), 'dpi': 300}, 'margins_mm': {'left': np.float64(20.0), 'bottom': np.float64(22.999999999999996), 'right': np.float64(29.0), 'top': np.float64(23.0)}, 'axes_bbox_px': {'x0': 236, 'y0': 271, 'x1': 661, 'y1': 554, 'width': 425, 'height': 283}, 'axes_bbox_mm': {'x0': np.float64(20.0), 'y0': np.float64(23.000000000000004), 'x1': np.float64(56.0), 'y1': np.float64(47.0), 'width': np.float64(36.0), 'height': np.float64(24.0)}, 'axes': {'x': {'label': '', 'unit': '', 'scale': 'linear', 'n_ticks': 4}, 'y': {'label': '', 'unit': '', 'scale': 'linear', 'n_ticks': 4}}, 'plot_type': 'image', 'url': 'https://scitex.ai'}[0m
[90mINFO:   • Auto-cropped with 1.0mm margin (23px at 600 DPI)[0m
[32mSUCC: Saved to: ./examples/demo_plot_all_types_publication_out/publication/02_custom_scitex/01_plot_heatmap.csv (2.3 KiB)[0m
[32mSUCC: Saved to: ./examples/demo_plot_all_types_publication_out/publication/02_custom_scitex/01_plot_heatmap.json (2.4 KiB)[0m
[32mSUCC: Saved to: ./examples/demo_plot_all_types_publication_out/publication/02_custom_scitex/01_plot_heatmap.jpg (764.1 KiB)[0m
[90mINFO:   • Auto-collected metadata from figure[0m
[90mINFO: 📝 Saving figure with metadata to: /home/ywatanabe/proj/scitex-code/examples/demo_plot_all_types_publication_out/publication/02_custom_scitex/02_plot_line.png[0m
[90mINFO:   • Auto-added URL: https://scitex.ai[0m
/home/ywatanabe/proj/scitex-code/src/scitex/io/_save_modules/_image.py:57: UserWarning: This figure includes Axes that are not compatible with tight_layout, so results might be incorrect.
  obj.savefig(spath, **kwargs)
[90mINFO:   • Embedded metadata: {'metadata_version': '1.1.0', 'scitex': {'version': '2.2.2', 'created_at': '2025-11-20T05:07:11.153354', 'created_with': 'scitex.plt.subplots (mm-control)', 'mode': 'publication', 'axes_size_mm': (40, 28), 'position_in_grid': (0, 0), 'style_mm': {'axis_thickness_mm': 0.2, 'tick_length_mm': 0.8, 'tick_thickness_mm': 0.2, 'trace_thickness_mm': 0.2, 'axis_font_size_pt': 7, 'tick_font_size_pt': 7, 'title_font_size_pt': 8, 'legend_font_size_pt': 6, 'label_pad_pt': 0.5, 'tick_pad_pt': 2.0, 'title_pad_pt': 1.0, 'font_family': 'Arial', 'n_ticks': 4, 'font_family_requested': 'Arial', 'font_family_actual': 'Arial'}}, 'matplotlib': {'version': '3.10.3'}, 'id': '02_plot_line', 'dimensions': {'figure_size_mm': (np.float64(80.0), np.float64(68.0)), 'figure_size_inch': (np.float64(3.1496062992125986), np.float64(2.677165354330709)), 'figure_size_px': (944, 803), 'axes_size_mm': (np.float64(40.0), np.float64(27.999999999999993)), 'axes_size_inch': (np.float64(1.5748031496062993), np.float64(1.1023622047244093)), 'axes_size_px': (472, 330), 'axes_position': (np.float64(0.25), np.float64(0.29411764705882354), np.float64(0.5), np.float64(0.41176470588235287)), 'dpi': 300}, 'margins_mm': {'left': np.float64(20.0), 'bottom': np.float64(20.0), 'right': np.float64(20.0), 'top': np.float64(20.000000000000007)}, 'axes_bbox_px': {'x0': 236, 'y0': 236, 'x1': 708, 'y1': 566, 'width': 472, 'height': 330}, 'axes_bbox_mm': {'x0': np.float64(20.0), 'y0': np.float64(20.0), 'x1': np.float64(60.0), 'y1': np.float64(47.99999999999999), 'width': np.float64(40.0), 'height': np.float64(27.999999999999993)}, 'axes': {'x': {'label': 'Sample', 'unit': '', 'scale': 'linear', 'n_ticks': 4}, 'y': {'label': 'Amplitude', 'unit': 'a.u.', 'scale': 'linear', 'n_ticks': 4}}, 'plot_type': 'line', 'url': 'https://scitex.ai'}[0m
[90mINFO:   • Auto-cropped with 1.0mm margin (11px at 300 DPI)[0m
[32mSUCC: Saved to: ./examples/demo_plot_all_types_publication_out/publication/02_custom_scitex/02_plot_line.csv (2.2 KiB)[0m
[32mSUCC: Saved to: ./examples/demo_plot_all_types_publication_out/publication/02_custom_scitex/02_plot_line.json (2.4 KiB)[0m
[32mSUCC: Saved to: ./examples/demo_plot_all_types_publication_out/publication/02_custom_scitex/02_plot_line.png (1.1 MiB)[0m
[90mINFO:   • Auto-collected metadata from figure[0m
[90mINFO: 📝 Saving figure with metadata to: /home/ywatanabe/proj/scitex-code/examples/demo_plot_all_types_publication_out/publication/02_custom_scitex/02_plot_line.pdf[0m
[90mINFO:   • Auto-added URL: https://scitex.ai[0m
/home/ywatanabe/proj/scitex-code/src/scitex/io/_save_modules/_image.py:174: UserWarning: This figure includes Axes that are not compatible with tight_layout, so results might be incorrect.
  obj.savefig(spath, **save_kwargs)
[90mINFO:   • Embedded metadata: {'metadata_version': '1.1.0', 'scitex': {'version': '2.2.2', 'created_at': '2025-11-20T05:07:11.423955', 'created_with': 'scitex.plt.subplots (mm-control)', 'mode': 'publication', 'axes_size_mm': (40, 28), 'position_in_grid': (0, 0), 'style_mm': {'axis_thickness_mm': 0.2, 'tick_length_mm': 0.8, 'tick_thickness_mm': 0.2, 'trace_thickness_mm': 0.2, 'axis_font_size_pt': 7, 'tick_font_size_pt': 7, 'title_font_size_pt': 8, 'legend_font_size_pt': 6, 'label_pad_pt': 0.5, 'tick_pad_pt': 2.0, 'title_pad_pt': 1.0, 'font_family': 'Arial', 'n_ticks': 4, 'font_family_requested': 'Arial', 'font_family_actual': 'Arial'}}, 'matplotlib': {'version': '3.10.3'}, 'id': '02_plot_line', 'dimensions': {'figure_size_mm': (np.float64(80.0), np.float64(68.0)), 'figure_size_inch': (np.float64(3.1496062992125986), np.float64(2.677165354330709)), 'figure_size_px': (944, 803), 'axes_size_mm': (np.float64(40.0), np.float64(27.999999999999993)), 'axes_size_inch': (np.float64(1.5748031496062993), np.float64(1.1023622047244093)), 'axes_size_px': (472, 330), 'axes_position': (np.float64(0.25), np.float64(0.29411764705882354), np.float64(0.5), np.float64(0.41176470588235287)), 'dpi': 300}, 'margins_mm': {'left': np.float64(20.0), 'bottom': np.float64(20.0), 'right': np.float64(20.0), 'top': np.float64(20.000000000000007)}, 'axes_bbox_px': {'x0': 236, 'y0': 236, 'x1': 708, 'y1': 566, 'width': 472, 'height': 330}, 'axes_bbox_mm': {'x0': np.float64(20.0), 'y0': np.float64(20.0), 'x1': np.float64(60.0), 'y1': np.float64(47.99999999999999), 'width': np.float64(40.0), 'height': np.float64(27.999999999999993)}, 'axes': {'x': {'label': 'Sample', 'unit': '', 'scale': 'linear', 'n_ticks': 4}, 'y': {'label': 'Amplitude', 'unit': 'a.u.', 'scale': 'linear', 'n_ticks': 4}}, 'plot_type': 'line', 'url': 'https://scitex.ai'}[0m
[32mSUCC: Saved to: ./examples/demo_plot_all_types_publication_out/publication/02_custom_scitex/02_plot_line.csv (2.2 KiB)[0m
[32mSUCC: Saved to: ./examples/demo_plot_all_types_publication_out/publication/02_custom_scitex/02_plot_line.json (2.4 KiB)[0m
[32mSUCC: Saved to: ./examples/demo_plot_all_types_publication_out/publication/02_custom_scitex/02_plot_line.pdf (16.5 KiB)[0m
[90mINFO:   • Auto-collected metadata from figure[0m
[90mINFO: 📝 Saving figure with metadata to: /home/ywatanabe/proj/scitex-code/examples/demo_plot_all_types_publication_out/publication/02_custom_scitex/02_plot_line.jpg[0m
[90mINFO:   • Auto-added URL: https://scitex.ai[0m
/home/ywatanabe/proj/scitex-code/src/scitex/io/_save_modules/_image.py:103: UserWarning: This figure includes Axes that are not compatible with tight_layout, so results might be incorrect.
  obj.figure.savefig(buf, **save_kwargs)
[90mINFO:   • Embedded metadata: {'metadata_version': '1.1.0', 'scitex': {'version': '2.2.2', 'created_at': '2025-11-20T05:07:11.539311', 'created_with': 'scitex.plt.subplots (mm-control)', 'mode': 'publication', 'axes_size_mm': (40, 28), 'position_in_grid': (0, 0), 'style_mm': {'axis_thickness_mm': 0.2, 'tick_length_mm': 0.8, 'tick_thickness_mm': 0.2, 'trace_thickness_mm': 0.2, 'axis_font_size_pt': 7, 'tick_font_size_pt': 7, 'title_font_size_pt': 8, 'legend_font_size_pt': 6, 'label_pad_pt': 0.5, 'tick_pad_pt': 2.0, 'title_pad_pt': 1.0, 'font_family': 'Arial', 'n_ticks': 4, 'font_family_requested': 'Arial', 'font_family_actual': 'Arial'}}, 'matplotlib': {'version': '3.10.3'}, 'id': '02_plot_line', 'dimensions': {'figure_size_mm': (np.float64(80.0), np.float64(68.0)), 'figure_size_inch': (np.float64(3.1496062992125986), np.float64(2.677165354330709)), 'figure_size_px': (944, 803), 'axes_size_mm': (np.float64(40.0), np.float64(27.999999999999993)), 'axes_size_inch': (np.float64(1.5748031496062993), np.float64(1.1023622047244093)), 'axes_size_px': (472, 330), 'axes_position': (np.float64(0.25), np.float64(0.29411764705882354), np.float64(0.5), np.float64(0.41176470588235287)), 'dpi': 300}, 'margins_mm': {'left': np.float64(20.0), 'bottom': np.float64(20.0), 'right': np.float64(20.0), 'top': np.float64(20.000000000000007)}, 'axes_bbox_px': {'x0': 236, 'y0': 236, 'x1': 708, 'y1': 566, 'width': 472, 'height': 330}, 'axes_bbox_mm': {'x0': np.float64(20.0), 'y0': np.float64(20.0), 'x1': np.float64(60.0), 'y1': np.float64(47.99999999999999), 'width': np.float64(40.0), 'height': np.float64(27.999999999999993)}, 'axes': {'x': {'label': 'Sample', 'unit': '', 'scale': 'linear', 'n_ticks': 4}, 'y': {'label': 'Amplitude', 'unit': 'a.u.', 'scale': 'linear', 'n_ticks': 4}}, 'plot_type': 'line', 'url': 'https://scitex.ai'}[0m
[90mINFO:   • Auto-cropped with 1.0mm margin (23px at 600 DPI)[0m
[32mSUCC: Saved to: ./examples/demo_plot_all_types_publication_out/publication/02_custom_scitex/02_plot_line.csv (2.2 KiB)[0m
[32mSUCC: Saved to: ./examples/demo_plot_all_types_publication_out/publication/02_custom_scitex/02_plot_line.json (2.4 KiB)[0m
[32mSUCC: Saved to: ./examples/demo_plot_all_types_publication_out/publication/02_custom_scitex/02_plot_line.jpg (244.3 KiB)[0m
[90mINFO:   • Auto-collected metadata from figure[0m
[90mINFO: 📝 Saving figure with metadata to: /home/ywatanabe/proj/scitex-code/examples/demo_plot_all_types_publication_out/publication/02_custom_scitex/03_plot_shaded_line.png[0m
[90mINFO:   • Auto-added URL: https://scitex.ai[0m
/home/ywatanabe/proj/scitex-code/src/scitex/io/_save_modules/_image.py:57: UserWarning: This figure includes Axes that are not compatible with tight_layout, so results might be incorrect.
  obj.savefig(spath, **kwargs)
[90mINFO:   • Embedded metadata: {'metadata_version': '1.1.0', 'scitex': {'version': '2.2.2', 'created_at': '2025-11-20T05:07:10.029353', 'created_with': 'scitex.plt.subplots (mm-control)', 'mode': 'publication', 'axes_size_mm': (40, 28), 'position_in_grid': (0, 0), 'style_mm': {'axis_thickness_mm': 0.2, 'tick_length_mm': 0.8, 'tick_thickness_mm': 0.2, 'trace_thickness_mm': 0.2, 'axis_font_size_pt': 7, 'tick_font_size_pt': 7, 'title_font_size_pt': 8, 'legend_font_size_pt': 6, 'label_pad_pt': 0.5, 'tick_pad_pt': 2.0, 'title_pad_pt': 1.0, 'font_family': 'Arial', 'n_ticks': 4, 'font_family_requested': 'Arial', 'font_family_actual': 'Arial'}}, 'matplotlib': {'version': '3.10.3'}, 'id': '03_plot_shaded_line', 'dimensions': {'figure_size_mm': (np.float64(80.0), np.float64(68.0)), 'figure_size_inch': (np.float64(3.1496062992125986), np.float64(2.677165354330709)), 'figure_size_px': (944, 803), 'axes_size_mm': (np.float64(40.0), np.float64(27.999999999999993)), 'axes_size_inch': (np.float64(1.5748031496062993), np.float64(1.1023622047244093)), 'axes_size_px': (472, 330), 'axes_position': (np.float64(0.25), np.float64(0.29411764705882354), np.float64(0.5), np.float64(0.41176470588235287)), 'dpi': 300}, 'margins_mm': {'left': np.float64(20.0), 'bottom': np.float64(20.0), 'right': np.float64(20.0), 'top': np.float64(20.000000000000007)}, 'axes_bbox_px': {'x0': 236, 'y0': 236, 'x1': 708, 'y1': 566, 'width': 472, 'height': 330}, 'axes_bbox_mm': {'x0': np.float64(20.0), 'y0': np.float64(20.0), 'x1': np.float64(60.0), 'y1': np.float64(47.99999999999999), 'width': np.float64(40.0), 'height': np.float64(27.999999999999993)}, 'axes': {'x': {'label': 'Time', 'unit': 's', 'scale': 'linear', 'n_ticks': 4}, 'y': {'label': 'Signal', 'unit': 'a.u.', 'scale': 'linear', 'n_ticks': 4}}, 'plot_type': 'line', 'url': 'https://scitex.ai'}[0m
[90mINFO:   • Auto-cropped with 1.0mm margin (11px at 300 DPI)[0m
[32mSUCC: Saved to: ./examples/demo_plot_all_types_publication_out/publication/02_custom_scitex/03_plot_shaded_line.csv (3.8 KiB)[0m
[32mSUCC: Saved to: ./examples/demo_plot_all_types_publication_out/publication/02_custom_scitex/03_plot_shaded_line.json (2.4 KiB)[0m
[32mSUCC: Saved to: ./examples/demo_plot_all_types_publication_out/publication/02_custom_scitex/03_plot_shaded_line.png (1.1 MiB)[0m
[90mINFO:   • Auto-collected metadata from figure[0m
[90mINFO: 📝 Saving figure with metadata to: /home/ywatanabe/proj/scitex-code/examples/demo_plot_all_types_publication_out/publication/02_custom_scitex/03_plot_shaded_line.pdf[0m
[90mINFO:   • Auto-added URL: https://scitex.ai[0m
/home/ywatanabe/proj/scitex-code/src/scitex/io/_save_modules/_image.py:174: UserWarning: This figure includes Axes that are not compatible with tight_layout, so results might be incorrect.
  obj.savefig(spath, **save_kwargs)
[90mINFO:   • Embedded metadata: {'metadata_version': '1.1.0', 'scitex': {'version': '2.2.2', 'created_at': '2025-11-20T05:07:10.292194', 'created_with': 'scitex.plt.subplots (mm-control)', 'mode': 'publication', 'axes_size_mm': (40, 28), 'position_in_grid': (0, 0), 'style_mm': {'axis_thickness_mm': 0.2, 'tick_length_mm': 0.8, 'tick_thickness_mm': 0.2, 'trace_thickness_mm': 0.2, 'axis_font_size_pt': 7, 'tick_font_size_pt': 7, 'title_font_size_pt': 8, 'legend_font_size_pt': 6, 'label_pad_pt': 0.5, 'tick_pad_pt': 2.0, 'title_pad_pt': 1.0, 'font_family': 'Arial', 'n_ticks': 4, 'font_family_requested': 'Arial', 'font_family_actual': 'Arial'}}, 'matplotlib': {'version': '3.10.3'}, 'id': '03_plot_shaded_line', 'dimensions': {'figure_size_mm': (np.float64(80.0), np.float64(68.0)), 'figure_size_inch': (np.float64(3.1496062992125986), np.float64(2.677165354330709)), 'figure_size_px': (944, 803), 'axes_size_mm': (np.float64(40.0), np.float64(27.999999999999993)), 'axes_size_inch': (np.float64(1.5748031496062993), np.float64(1.1023622047244093)), 'axes_size_px': (472, 330), 'axes_position': (np.float64(0.25), np.float64(0.29411764705882354), np.float64(0.5), np.float64(0.41176470588235287)), 'dpi': 300}, 'margins_mm': {'left': np.float64(20.0), 'bottom': np.float64(20.0), 'right': np.float64(20.0), 'top': np.float64(20.000000000000007)}, 'axes_bbox_px': {'x0': 236, 'y0': 236, 'x1': 708, 'y1': 566, 'width': 472, 'height': 330}, 'axes_bbox_mm': {'x0': np.float64(20.0), 'y0': np.float64(20.0), 'x1': np.float64(60.0), 'y1': np.float64(47.99999999999999), 'width': np.float64(40.0), 'height': np.float64(27.999999999999993)}, 'axes': {'x': {'label': 'Time', 'unit': 's', 'scale': 'linear', 'n_ticks': 4}, 'y': {'label': 'Signal', 'unit': 'a.u.', 'scale': 'linear', 'n_ticks': 4}}, 'plot_type': 'line', 'url': 'https://scitex.ai'}[0m
[32mSUCC: Saved to: ./examples/demo_plot_all_types_publication_out/publication/02_custom_scitex/03_plot_shaded_line.csv (3.8 KiB)[0m
[32mSUCC: Saved to: ./examples/demo_plot_all_types_publication_out/publication/02_custom_scitex/03_plot_shaded_line.json (2.4 KiB)[0m
[32mSUCC: Saved to: ./examples/demo_plot_all_types_publication_out/publication/02_custom_scitex/03_plot_shaded_line.pdf (18.8 KiB)[0m
[90mINFO:   • Auto-collected metadata from figure[0m
[90mINFO: 📝 Saving figure with metadata to: /home/ywatanabe/proj/scitex-code/examples/demo_plot_all_types_publication_out/publication/02_custom_scitex/03_plot_shaded_line.jpg[0m
[90mINFO:   • Auto-added URL: https://scitex.ai[0m
/home/ywatanabe/proj/scitex-code/src/scitex/io/_save_modules/_image.py:103: UserWarning: This figure includes Axes that are not compatible with tight_layout, so results might be incorrect.
  obj.figure.savefig(buf, **save_kwargs)
[90mINFO:   • Embedded metadata: {'metadata_version': '1.1.0', 'scitex': {'version': '2.2.2', 'created_at': '2025-11-20T05:07:10.410669', 'created_with': 'scitex.plt.subplots (mm-control)', 'mode': 'publication', 'axes_size_mm': (40, 28), 'position_in_grid': (0, 0), 'style_mm': {'axis_thickness_mm': 0.2, 'tick_length_mm': 0.8, 'tick_thickness_mm': 0.2, 'trace_thickness_mm': 0.2, 'axis_font_size_pt': 7, 'tick_font_size_pt': 7, 'title_font_size_pt': 8, 'legend_font_size_pt': 6, 'label_pad_pt': 0.5, 'tick_pad_pt': 2.0, 'title_pad_pt': 1.0, 'font_family': 'Arial', 'n_ticks': 4, 'font_family_requested': 'Arial', 'font_family_actual': 'Arial'}}, 'matplotlib': {'version': '3.10.3'}, 'id': '03_plot_shaded_line', 'dimensions': {'figure_size_mm': (np.float64(80.0), np.float64(68.0)), 'figure_size_inch': (np.float64(3.1496062992125986), np.float64(2.677165354330709)), 'figure_size_px': (944, 803), 'axes_size_mm': (np.float64(40.0), np.float64(27.999999999999993)), 'axes_size_inch': (np.float64(1.5748031496062993), np.float64(1.1023622047244093)), 'axes_size_px': (472, 330), 'axes_position': (np.float64(0.25), np.float64(0.29411764705882354), np.float64(0.5), np.float64(0.41176470588235287)), 'dpi': 300}, 'margins_mm': {'left': np.float64(20.0), 'bottom': np.float64(20.0), 'right': np.float64(20.0), 'top': np.float64(20.000000000000007)}, 'axes_bbox_px': {'x0': 236, 'y0': 236, 'x1': 708, 'y1': 566, 'width': 472, 'height': 330}, 'axes_bbox_mm': {'x0': np.float64(20.0), 'y0': np.float64(20.0), 'x1': np.float64(60.0), 'y1': np.float64(47.99999999999999), 'width': np.float64(40.0), 'height': np.float64(27.999999999999993)}, 'axes': {'x': {'label': 'Time', 'unit': 's', 'scale': 'linear', 'n_ticks': 4}, 'y': {'label': 'Signal', 'unit': 'a.u.', 'scale': 'linear', 'n_ticks': 4}}, 'plot_type': 'line', 'url': 'https://scitex.ai'}[0m
[90mINFO:   • Auto-cropped with 1.0mm margin (23px at 600 DPI)[0m
[32mSUCC: Saved to: ./examples/demo_plot_all_types_publication_out/publication/02_custom_scitex/03_plot_shaded_line.csv (3.8 KiB)[0m
[32mSUCC: Saved to: ./examples/demo_plot_all_types_publication_out/publication/02_custom_scitex/03_plot_shaded_line.json (2.4 KiB)[0m
[32mSUCC: Saved to: ./examples/demo_plot_all_types_publication_out/publication/02_custom_scitex/03_plot_shaded_line.jpg (241.7 KiB)[0m
[90mINFO:   • Auto-collected metadata from figure[0m
[90mINFO: 📝 Saving figure with metadata to: /home/ywatanabe/proj/scitex-code/examples/demo_plot_all_types_publication_out/publication/02_custom_scitex/04_plot_violin.png[0m
[90mINFO:   • Auto-added URL: https://scitex.ai[0m
/home/ywatanabe/proj/scitex-code/src/scitex/io/_save_modules/_image.py:57: UserWarning: This figure includes Axes that are not compatible with tight_layout, so results might be incorrect.
  obj.savefig(spath, **kwargs)
[90mINFO:   • Embedded metadata: {'metadata_version': '1.1.0', 'scitex': {'version': '2.2.2', 'created_at': '2025-11-20T05:07:11.069245', 'created_with': 'scitex.plt.subplots (mm-control)', 'mode': 'publication', 'axes_size_mm': (40, 28), 'position_in_grid': (0, 0), 'style_mm': {'axis_thickness_mm': 0.2, 'tick_length_mm': 0.8, 'tick_thickness_mm': 0.2, 'trace_thickness_mm': 0.2, 'axis_font_size_pt': 7, 'tick_font_size_pt': 7, 'title_font_size_pt': 8, 'legend_font_size_pt': 6, 'label_pad_pt': 0.5, 'tick_pad_pt': 2.0, 'title_pad_pt': 1.0, 'font_family': 'Arial', 'n_ticks': 4, 'font_family_requested': 'Arial', 'font_family_actual': 'Arial'}}, 'matplotlib': {'version': '3.10.3'}, 'id': '04_plot_violin', 'dimensions': {'figure_size_mm': (np.float64(80.0), np.float64(68.0)), 'figure_size_inch': (np.float64(3.1496062992125986), np.float64(2.677165354330709)), 'figure_size_px': (944, 803), 'axes_size_mm': (np.float64(40.0), np.float64(27.999999999999993)), 'axes_size_inch': (np.float64(1.5748031496062993), np.float64(1.1023622047244093)), 'axes_size_px': (472, 330), 'axes_position': (np.float64(0.25), np.float64(0.29411764705882354), np.float64(0.5), np.float64(0.41176470588235287)), 'dpi': 300}, 'margins_mm': {'left': np.float64(20.0), 'bottom': np.float64(20.0), 'right': np.float64(20.0), 'top': np.float64(20.000000000000007)}, 'axes_bbox_px': {'x0': 236, 'y0': 236, 'x1': 708, 'y1': 566, 'width': 472, 'height': 330}, 'axes_bbox_mm': {'x0': np.float64(20.0), 'y0': np.float64(20.0), 'x1': np.float64(60.0), 'y1': np.float64(47.99999999999999), 'width': np.float64(40.0), 'height': np.float64(27.999999999999993)}, 'axes': {'x': {'label': 'Group', 'unit': '', 'scale': 'linear', 'n_ticks': 4}, 'y': {'label': 'Value', 'unit': 'a.u.', 'scale': 'linear', 'n_ticks': 4}}, 'plot_type': 'line', 'url': 'https://scitex.ai'}[0m
[90mINFO:   • Auto-cropped with 1.0mm margin (11px at 300 DPI)[0m
[32mSUCC: Saved to: ./examples/demo_plot_all_types_publication_out/publication/02_custom_scitex/04_plot_violin.csv (7.9 KiB)[0m
[32mSUCC: Saved to: ./examples/demo_plot_all_types_publication_out/publication/02_custom_scitex/04_plot_violin.json (2.4 KiB)[0m
[32mSUCC: Saved to: ./examples/demo_plot_all_types_publication_out/publication/02_custom_scitex/04_plot_violin.png (1.0 MiB)[0m
[90mINFO:   • Auto-collected metadata from figure[0m
[90mINFO: 📝 Saving figure with metadata to: /home/ywatanabe/proj/scitex-code/examples/demo_plot_all_types_publication_out/publication/02_custom_scitex/04_plot_violin.pdf[0m
[90mINFO:   • Auto-added URL: https://scitex.ai[0m
/home/ywatanabe/proj/scitex-code/src/scitex/io/_save_modules/_image.py:174: UserWarning: This figure includes Axes that are not compatible with tight_layout, so results might be incorrect.
  obj.savefig(spath, **save_kwargs)
[90mINFO:   • Embedded metadata: {'metadata_version': '1.1.0', 'scitex': {'version': '2.2.2', 'created_at': '2025-11-20T05:07:11.360206', 'created_with': 'scitex.plt.subplots (mm-control)', 'mode': 'publication', 'axes_size_mm': (40, 28), 'position_in_grid': (0, 0), 'style_mm': {'axis_thickness_mm': 0.2, 'tick_length_mm': 0.8, 'tick_thickness_mm': 0.2, 'trace_thickness_mm': 0.2, 'axis_font_size_pt': 7, 'tick_font_size_pt': 7, 'title_font_size_pt': 8, 'legend_font_size_pt': 6, 'label_pad_pt': 0.5, 'tick_pad_pt': 2.0, 'title_pad_pt': 1.0, 'font_family': 'Arial', 'n_ticks': 4, 'font_family_requested': 'Arial', 'font_family_actual': 'Arial'}}, 'matplotlib': {'version': '3.10.3'}, 'id': '04_plot_violin', 'dimensions': {'figure_size_mm': (np.float64(80.0), np.float64(68.0)), 'figure_size_inch': (np.float64(3.1496062992125986), np.float64(2.677165354330709)), 'figure_size_px': (944, 803), 'axes_size_mm': (np.float64(40.0), np.float64(27.999999999999993)), 'axes_size_inch': (np.float64(1.5748031496062993), np.float64(1.1023622047244093)), 'axes_size_px': (472, 330), 'axes_position': (np.float64(0.25), np.float64(0.29411764705882354), np.float64(0.5), np.float64(0.41176470588235287)), 'dpi': 300}, 'margins_mm': {'left': np.float64(20.0), 'bottom': np.float64(20.0), 'right': np.float64(20.0), 'top': np.float64(20.000000000000007)}, 'axes_bbox_px': {'x0': 236, 'y0': 236, 'x1': 708, 'y1': 566, 'width': 472, 'height': 330}, 'axes_bbox_mm': {'x0': np.float64(20.0), 'y0': np.float64(20.0), 'x1': np.float64(60.0), 'y1': np.float64(47.99999999999999), 'width': np.float64(40.0), 'height': np.float64(27.999999999999993)}, 'axes': {'x': {'label': 'Group', 'unit': '', 'scale': 'linear', 'n_ticks': 4}, 'y': {'label': 'Value', 'unit': 'a.u.', 'scale': 'linear', 'n_ticks': 4}}, 'plot_type': 'line', 'url': 'https://scitex.ai'}[0m
[32mSUCC: Saved to: ./examples/demo_plot_all_types_publication_out/publication/02_custom_scitex/04_plot_violin.csv (7.9 KiB)[0m
[32mSUCC: Saved to: ./examples/demo_plot_all_types_publication_out/publication/02_custom_scitex/04_plot_violin.json (2.4 KiB)[0m
[32mSUCC: Saved to: ./examples/demo_plot_all_types_publication_out/publication/02_custom_scitex/04_plot_violin.pdf (20.5 KiB)[0m
[90mINFO:   • Auto-collected metadata from figure[0m
[90mINFO: 📝 Saving figure with metadata to: /home/ywatanabe/proj/scitex-code/examples/demo_plot_all_types_publication_out/publication/02_custom_scitex/04_plot_violin.jpg[0m
[90mINFO:   • Auto-added URL: https://scitex.ai[0m
/home/ywatanabe/proj/scitex-code/src/scitex/io/_save_modules/_image.py:103: UserWarning: This figure includes Axes that are not compatible with tight_layout, so results might be incorrect.
  obj.figure.savefig(buf, **save_kwargs)
[90mINFO:   • Embedded metadata: {'metadata_version': '1.1.0', 'scitex': {'version': '2.2.2', 'created_at': '2025-11-20T05:07:11.464905', 'created_with': 'scitex.plt.subplots (mm-control)', 'mode': 'publication', 'axes_size_mm': (40, 28), 'position_in_grid': (0, 0), 'style_mm': {'axis_thickness_mm': 0.2, 'tick_length_mm': 0.8, 'tick_thickness_mm': 0.2, 'trace_thickness_mm': 0.2, 'axis_font_size_pt': 7, 'tick_font_size_pt': 7, 'title_font_size_pt': 8, 'legend_font_size_pt': 6, 'label_pad_pt': 0.5, 'tick_pad_pt': 2.0, 'title_pad_pt': 1.0, 'font_family': 'Arial', 'n_ticks': 4, 'font_family_requested': 'Arial', 'font_family_actual': 'Arial'}}, 'matplotlib': {'version': '3.10.3'}, 'id': '04_plot_violin', 'dimensions': {'figure_size_mm': (np.float64(80.0), np.float64(68.0)), 'figure_size_inch': (np.float64(3.1496062992125986), np.float64(2.677165354330709)), 'figure_size_px': (944, 803), 'axes_size_mm': (np.float64(40.0), np.float64(27.999999999999993)), 'axes_size_inch': (np.float64(1.5748031496062993), np.float64(1.1023622047244093)), 'axes_size_px': (472, 330), 'axes_position': (np.float64(0.25), np.float64(0.29411764705882354), np.float64(0.5), np.float64(0.41176470588235287)), 'dpi': 300}, 'margins_mm': {'left': np.float64(20.0), 'bottom': np.float64(20.0), 'right': np.float64(20.0), 'top': np.float64(20.000000000000007)}, 'axes_bbox_px': {'x0': 236, 'y0': 236, 'x1': 708, 'y1': 566, 'width': 472, 'height': 330}, 'axes_bbox_mm': {'x0': np.float64(20.0), 'y0': np.float64(20.0), 'x1': np.float64(60.0), 'y1': np.float64(47.99999999999999), 'width': np.float64(40.0), 'height': np.float64(27.999999999999993)}, 'axes': {'x': {'label': 'Group', 'unit': '', 'scale': 'linear', 'n_ticks': 4}, 'y': {'label': 'Value', 'unit': 'a.u.', 'scale': 'linear', 'n_ticks': 4}}, 'plot_type': 'line', 'url': 'https://scitex.ai'}[0m
[90mINFO:   • Auto-cropped with 1.0mm margin (23px at 600 DPI)[0m
[32mSUCC: Saved to: ./examples/demo_plot_all_types_publication_out/publication/02_custom_scitex/04_plot_violin.csv (7.9 KiB)[0m
[32mSUCC: Saved to: ./examples/demo_plot_all_types_publication_out/publication/02_custom_scitex/04_plot_violin.json (2.4 KiB)[0m
[32mSUCC: Saved to: ./examples/demo_plot_all_types_publication_out/publication/02_custom_scitex/04_plot_violin.jpg (172.7 KiB)[0m
[90mINFO:   • Auto-collected metadata from figure[0m
[90mINFO: 📝 Saving figure with metadata to: /home/ywatanabe/proj/scitex-code/examples/demo_plot_all_types_publication_out/publication/02_custom_scitex/05_plot_ecdf.png[0m
[90mINFO:   • Auto-added URL: https://scitex.ai[0m
/home/ywatanabe/proj/scitex-code/src/scitex/io/_save_modules/_image.py:57: UserWarning: This figure includes Axes that are not compatible with tight_layout, so results might be incorrect.
  obj.savefig(spath, **kwargs)
[90mINFO:   • Embedded metadata: {'metadata_version': '1.1.0', 'scitex': {'version': '2.2.2', 'created_at': '2025-11-20T05:07:12.024828', 'created_with': 'scitex.plt.subplots (mm-control)', 'mode': 'publication', 'axes_size_mm': (40, 28), 'position_in_grid': (0, 0), 'style_mm': {'axis_thickness_mm': 0.2, 'tick_length_mm': 0.8, 'tick_thickness_mm': 0.2, 'trace_thickness_mm': 0.2, 'axis_font_size_pt': 7, 'tick_font_size_pt': 7, 'title_font_size_pt': 8, 'legend_font_size_pt': 6, 'label_pad_pt': 0.5, 'tick_pad_pt': 2.0, 'title_pad_pt': 1.0, 'font_family': 'Arial', 'n_ticks': 4, 'font_family_requested': 'Arial', 'font_family_actual': 'Arial'}}, 'matplotlib': {'version': '3.10.3'}, 'id': '05_plot_ecdf', 'dimensions': {'figure_size_mm': (np.float64(80.0), np.float64(68.0)), 'figure_size_inch': (np.float64(3.1496062992125986), np.float64(2.677165354330709)), 'figure_size_px': (944, 803), 'axes_size_mm': (np.float64(40.0), np.float64(27.999999999999993)), 'axes_size_inch': (np.float64(1.5748031496062993), np.float64(1.1023622047244093)), 'axes_size_px': (472, 330), 'axes_position': (np.float64(0.25), np.float64(0.29411764705882354), np.float64(0.5), np.float64(0.41176470588235287)), 'dpi': 300}, 'margins_mm': {'left': np.float64(20.0), 'bottom': np.float64(20.0), 'right': np.float64(20.0), 'top': np.float64(20.000000000000007)}, 'axes_bbox_px': {'x0': 236, 'y0': 236, 'x1': 708, 'y1': 566, 'width': 472, 'height': 330}, 'axes_bbox_mm': {'x0': np.float64(20.0), 'y0': np.float64(20.0), 'x1': np.float64(60.0), 'y1': np.float64(47.99999999999999), 'width': np.float64(40.0), 'height': np.float64(27.999999999999993)}, 'axes': {'x': {'label': 'Value', 'unit': 'a.u.', 'scale': 'linear', 'n_ticks': 4}, 'y': {'label': 'Cumulative Probability', 'unit': '', 'scale': 'linear', 'n_ticks': 4}}, 'plot_type': 'line', 'url': 'https://scitex.ai'}[0m
[90mINFO:   • Auto-cropped with 1.0mm margin (11px at 300 DPI)[0m
[32mSUCC: Saved to: ./examples/demo_plot_all_types_publication_out/publication/02_custom_scitex/05_plot_ecdf.csv (75.9 KiB)[0m
[32mSUCC: Saved to: ./examples/demo_plot_all_types_publication_out/publication/02_custom_scitex/05_plot_ecdf.json (2.5 KiB)[0m
[32mSUCC: Saved to: ./examples/demo_plot_all_types_publication_out/publication/02_custom_scitex/05_plot_ecdf.png (1.1 MiB)[0m
[90mINFO:   • Auto-collected metadata from figure[0m
[90mINFO: 📝 Saving figure with metadata to: /home/ywatanabe/proj/scitex-code/examples/demo_plot_all_types_publication_out/publication/02_custom_scitex/05_plot_ecdf.pdf[0m
[90mINFO:   • Auto-added URL: https://scitex.ai[0m
/home/ywatanabe/proj/scitex-code/src/scitex/io/_save_modules/_image.py:174: UserWarning: This figure includes Axes that are not compatible with tight_layout, so results might be incorrect.
  obj.savefig(spath, **save_kwargs)
[90mINFO:   • Embedded metadata: {'metadata_version': '1.1.0', 'scitex': {'version': '2.2.2', 'created_at': '2025-11-20T05:07:12.573198', 'created_with': 'scitex.plt.subplots (mm-control)', 'mode': 'publication', 'axes_size_mm': (40, 28), 'position_in_grid': (0, 0), 'style_mm': {'axis_thickness_mm': 0.2, 'tick_length_mm': 0.8, 'tick_thickness_mm': 0.2, 'trace_thickness_mm': 0.2, 'axis_font_size_pt': 7, 'tick_font_size_pt': 7, 'title_font_size_pt': 8, 'legend_font_size_pt': 6, 'label_pad_pt': 0.5, 'tick_pad_pt': 2.0, 'title_pad_pt': 1.0, 'font_family': 'Arial', 'n_ticks': 4, 'font_family_requested': 'Arial', 'font_family_actual': 'Arial'}}, 'matplotlib': {'version': '3.10.3'}, 'id': '05_plot_ecdf', 'dimensions': {'figure_size_mm': (np.float64(80.0), np.float64(68.0)), 'figure_size_inch': (np.float64(3.1496062992125986), np.float64(2.677165354330709)), 'figure_size_px': (944, 803), 'axes_size_mm': (np.float64(40.0), np.float64(27.999999999999993)), 'axes_size_inch': (np.float64(1.5748031496062993), np.float64(1.1023622047244093)), 'axes_size_px': (472, 330), 'axes_position': (np.float64(0.25), np.float64(0.29411764705882354), np.float64(0.5), np.float64(0.41176470588235287)), 'dpi': 300}, 'margins_mm': {'left': np.float64(20.0), 'bottom': np.float64(20.0), 'right': np.float64(20.0), 'top': np.float64(20.000000000000007)}, 'axes_bbox_px': {'x0': 236, 'y0': 236, 'x1': 708, 'y1': 566, 'width': 472, 'height': 330}, 'axes_bbox_mm': {'x0': np.float64(20.0), 'y0': np.float64(20.0), 'x1': np.float64(60.0), 'y1': np.float64(47.99999999999999), 'width': np.float64(40.0), 'height': np.float64(27.999999999999993)}, 'axes': {'x': {'label': 'Value', 'unit': 'a.u.', 'scale': 'linear', 'n_ticks': 4}, 'y': {'label': 'Cumulative Probability', 'unit': '', 'scale': 'linear', 'n_ticks': 4}}, 'plot_type': 'line', 'url': 'https://scitex.ai'}[0m
[32mSUCC: Saved to: ./examples/demo_plot_all_types_publication_out/publication/02_custom_scitex/05_plot_ecdf.csv (75.9 KiB)[0m
[32mSUCC: Saved to: ./examples/demo_plot_all_types_publication_out/publication/02_custom_scitex/05_plot_ecdf.json (2.5 KiB)[0m
[32mSUCC: Saved to: ./examples/demo_plot_all_types_publication_out/publication/02_custom_scitex/05_plot_ecdf.pdf (24.0 KiB)[0m
[90mINFO:   • Auto-collected metadata from figure[0m
[90mINFO: 📝 Saving figure with metadata to: /home/ywatanabe/proj/scitex-code/examples/demo_plot_all_types_publication_out/publication/02_custom_scitex/05_plot_ecdf.jpg[0m
[90mINFO:   • Auto-added URL: https://scitex.ai[0m
/home/ywatanabe/proj/scitex-code/src/scitex/io/_save_modules/_image.py:103: UserWarning: This figure includes Axes that are not compatible with tight_layout, so results might be incorrect.
  obj.figure.savefig(buf, **save_kwargs)
[90mINFO:   • Embedded metadata: {'metadata_version': '1.1.0', 'scitex': {'version': '2.2.2', 'created_at': '2025-11-20T05:07:12.956746', 'created_with': 'scitex.plt.subplots (mm-control)', 'mode': 'publication', 'axes_size_mm': (40, 28), 'position_in_grid': (0, 0), 'style_mm': {'axis_thickness_mm': 0.2, 'tick_length_mm': 0.8, 'tick_thickness_mm': 0.2, 'trace_thickness_mm': 0.2, 'axis_font_size_pt': 7, 'tick_font_size_pt': 7, 'title_font_size_pt': 8, 'legend_font_size_pt': 6, 'label_pad_pt': 0.5, 'tick_pad_pt': 2.0, 'title_pad_pt': 1.0, 'font_family': 'Arial', 'n_ticks': 4, 'font_family_requested': 'Arial', 'font_family_actual': 'Arial'}}, 'matplotlib': {'version': '3.10.3'}, 'id': '05_plot_ecdf', 'dimensions': {'figure_size_mm': (np.float64(80.0), np.float64(68.0)), 'figure_size_inch': (np.float64(3.1496062992125986), np.float64(2.677165354330709)), 'figure_size_px': (944, 803), 'axes_size_mm': (np.float64(40.0), np.float64(27.999999999999993)), 'axes_size_inch': (np.float64(1.5748031496062993), np.float64(1.1023622047244093)), 'axes_size_px': (472, 330), 'axes_position': (np.float64(0.25), np.float64(0.29411764705882354), np.float64(0.5), np.float64(0.41176470588235287)), 'dpi': 300}, 'margins_mm': {'left': np.float64(20.0), 'bottom': np.float64(20.0), 'right': np.float64(20.0), 'top': np.float64(20.000000000000007)}, 'axes_bbox_px': {'x0': 236, 'y0': 236, 'x1': 708, 'y1': 566, 'width': 472, 'height': 330}, 'axes_bbox_mm': {'x0': np.float64(20.0), 'y0': np.float64(20.0), 'x1': np.float64(60.0), 'y1': np.float64(47.99999999999999), 'width': np.float64(40.0), 'height': np.float64(27.999999999999993)}, 'axes': {'x': {'label': 'Value', 'unit': 'a.u.', 'scale': 'linear', 'n_ticks': 4}, 'y': {'label': 'Cumulative Probability', 'unit': '', 'scale': 'linear', 'n_ticks': 4}}, 'plot_type': 'line', 'url': 'https://scitex.ai'}[0m
[90mINFO:   • Auto-cropped with 1.0mm margin (23px at 600 DPI)[0m
[32mSUCC: Saved to: ./examples/demo_plot_all_types_publication_out/publication/02_custom_scitex/05_plot_ecdf.csv (75.9 KiB)[0m
[32mSUCC: Saved to: ./examples/demo_plot_all_types_publication_out/publication/02_custom_scitex/05_plot_ecdf.json (2.5 KiB)[0m
[32mSUCC: Saved to: ./examples/demo_plot_all_types_publication_out/publication/02_custom_scitex/05_plot_ecdf.jpg (202.6 KiB)[0m
[90mINFO:   • Auto-collected metadata from figure[0m
[90mINFO: 📝 Saving figure with metadata to: /home/ywatanabe/proj/scitex-code/examples/demo_plot_all_types_publication_out/publication/02_custom_scitex/06_plot_box.png[0m
[90mINFO:   • Auto-added URL: https://scitex.ai[0m
/home/ywatanabe/proj/scitex-code/src/scitex/io/_save_modules/_image.py:57: UserWarning: This figure includes Axes that are not compatible with tight_layout, so results might be incorrect.
  obj.savefig(spath, **kwargs)
[90mINFO:   • Embedded metadata: {'metadata_version': '1.1.0', 'scitex': {'version': '2.2.2', 'created_at': '2025-11-20T05:07:13.776586', 'created_with': 'scitex.plt.subplots (mm-control)', 'mode': 'publication', 'axes_size_mm': (40, 28), 'position_in_grid': (0, 0), 'style_mm': {'axis_thickness_mm': 0.2, 'tick_length_mm': 0.8, 'tick_thickness_mm': 0.2, 'trace_thickness_mm': 0.2, 'axis_font_size_pt': 7, 'tick_font_size_pt': 7, 'title_font_size_pt': 8, 'legend_font_size_pt': 6, 'label_pad_pt': 0.5, 'tick_pad_pt': 2.0, 'title_pad_pt': 1.0, 'font_family': 'Arial', 'n_ticks': 4, 'font_family_requested': 'Arial', 'font_family_actual': 'Arial'}}, 'matplotlib': {'version': '3.10.3'}, 'id': '06_plot_box', 'dimensions': {'figure_size_mm': (np.float64(80.0), np.float64(68.0)), 'figure_size_inch': (np.float64(3.1496062992125986), np.float64(2.677165354330709)), 'figure_size_px': (944, 803), 'axes_size_mm': (np.float64(40.0), np.float64(27.999999999999993)), 'axes_size_inch': (np.float64(1.5748031496062993), np.float64(1.1023622047244093)), 'axes_size_px': (472, 330), 'axes_position': (np.float64(0.25), np.float64(0.29411764705882354), np.float64(0.5), np.float64(0.41176470588235287)), 'dpi': 300}, 'margins_mm': {'left': np.float64(20.0), 'bottom': np.float64(20.0), 'right': np.float64(20.0), 'top': np.float64(20.000000000000007)}, 'axes_bbox_px': {'x0': 236, 'y0': 236, 'x1': 708, 'y1': 566, 'width': 472, 'height': 330}, 'axes_bbox_mm': {'x0': np.float64(20.0), 'y0': np.float64(20.0), 'x1': np.float64(60.0), 'y1': np.float64(47.99999999999999), 'width': np.float64(40.0), 'height': np.float64(27.999999999999993)}, 'axes': {'x': {'label': '', 'unit': '', 'scale': 'linear', 'n_ticks': 4}, 'y': {'label': 'Value', 'unit': 'a.u.', 'scale': 'linear', 'n_ticks': 4}}, 'plot_type': 'line', 'url': 'https://scitex.ai'}[0m
[90mINFO:   • Auto-cropped with 1.0mm margin (11px at 300 DPI)[0m
[32mSUCC: Saved to: ./examples/demo_plot_all_types_publication_out/publication/02_custom_scitex/06_plot_box.csv (2.0 KiB)[0m
[32mSUCC: Saved to: ./examples/demo_plot_all_types_publication_out/publication/02_custom_scitex/06_plot_box.json (2.4 KiB)[0m
[32mSUCC: Saved to: ./examples/demo_plot_all_types_publication_out/publication/02_custom_scitex/06_plot_box.png (1.0 MiB)[0m
[90mINFO:   • Auto-collected metadata from figure[0m
[90mINFO: 📝 Saving figure with metadata to: /home/ywatanabe/proj/scitex-code/examples/demo_plot_all_types_publication_out/publication/02_custom_scitex/06_plot_box.pdf[0m
[90mINFO:   • Auto-added URL: https://scitex.ai[0m
/home/ywatanabe/proj/scitex-code/src/scitex/io/_save_modules/_image.py:174: UserWarning: This figure includes Axes that are not compatible with tight_layout, so results might be incorrect.
  obj.savefig(spath, **save_kwargs)
[90mINFO:   • Embedded metadata: {'metadata_version': '1.1.0', 'scitex': {'version': '2.2.2', 'created_at': '2025-11-20T05:07:13.987354', 'created_with': 'scitex.plt.subplots (mm-control)', 'mode': 'publication', 'axes_size_mm': (40, 28), 'position_in_grid': (0, 0), 'style_mm': {'axis_thickness_mm': 0.2, 'tick_length_mm': 0.8, 'tick_thickness_mm': 0.2, 'trace_thickness_mm': 0.2, 'axis_font_size_pt': 7, 'tick_font_size_pt': 7, 'title_font_size_pt': 8, 'legend_font_size_pt': 6, 'label_pad_pt': 0.5, 'tick_pad_pt': 2.0, 'title_pad_pt': 1.0, 'font_family': 'Arial', 'n_ticks': 4, 'font_family_requested': 'Arial', 'font_family_actual': 'Arial'}}, 'matplotlib': {'version': '3.10.3'}, 'id': '06_plot_box', 'dimensions': {'figure_size_mm': (np.float64(80.0), np.float64(68.0)), 'figure_size_inch': (np.float64(3.1496062992125986), np.float64(2.677165354330709)), 'figure_size_px': (944, 803), 'axes_size_mm': (np.float64(40.0), np.float64(27.999999999999993)), 'axes_size_inch': (np.float64(1.5748031496062993), np.float64(1.1023622047244093)), 'axes_size_px': (472, 330), 'axes_position': (np.float64(0.25), np.float64(0.29411764705882354), np.float64(0.5), np.float64(0.41176470588235287)), 'dpi': 300}, 'margins_mm': {'left': np.float64(20.0), 'bottom': np.float64(20.0), 'right': np.float64(20.0), 'top': np.float64(20.000000000000007)}, 'axes_bbox_px': {'x0': 236, 'y0': 236, 'x1': 708, 'y1': 566, 'width': 472, 'height': 330}, 'axes_bbox_mm': {'x0': np.float64(20.0), 'y0': np.float64(20.0), 'x1': np.float64(60.0), 'y1': np.float64(47.99999999999999), 'width': np.float64(40.0), 'height': np.float64(27.999999999999993)}, 'axes': {'x': {'label': '', 'unit': '', 'scale': 'linear', 'n_ticks': 4}, 'y': {'label': 'Value', 'unit': 'a.u.', 'scale': 'linear', 'n_ticks': 4}}, 'plot_type': 'line', 'url': 'https://scitex.ai'}[0m
[32mSUCC: Saved to: ./examples/demo_plot_all_types_publication_out/publication/02_custom_scitex/06_plot_box.csv (2.0 KiB)[0m
[32mSUCC: Saved to: ./examples/demo_plot_all_types_publication_out/publication/02_custom_scitex/06_plot_box.json (2.4 KiB)[0m
[32mSUCC: Saved to: ./examples/demo_plot_all_types_publication_out/publication/02_custom_scitex/06_plot_box.pdf (12.5 KiB)[0m
[90mINFO:   • Auto-collected metadata from figure[0m
[90mINFO: 📝 Saving figure with metadata to: /home/ywatanabe/proj/scitex-code/examples/demo_plot_all_types_publication_out/publication/02_custom_scitex/06_plot_box.jpg[0m
[90mINFO:   • Auto-added URL: https://scitex.ai[0m
/home/ywatanabe/proj/scitex-code/src/scitex/io/_save_modules/_image.py:103: UserWarning: This figure includes Axes that are not compatible with tight_layout, so results might be incorrect.
  obj.figure.savefig(buf, **save_kwargs)
[90mINFO:   • Embedded metadata: {'metadata_version': '1.1.0', 'scitex': {'version': '2.2.2', 'created_at': '2025-11-20T05:07:14.071755', 'created_with': 'scitex.plt.subplots (mm-control)', 'mode': 'publication', 'axes_size_mm': (40, 28), 'position_in_grid': (0, 0), 'style_mm': {'axis_thickness_mm': 0.2, 'tick_length_mm': 0.8, 'tick_thickness_mm': 0.2, 'trace_thickness_mm': 0.2, 'axis_font_size_pt': 7, 'tick_font_size_pt': 7, 'title_font_size_pt': 8, 'legend_font_size_pt': 6, 'label_pad_pt': 0.5, 'tick_pad_pt': 2.0, 'title_pad_pt': 1.0, 'font_family': 'Arial', 'n_ticks': 4, 'font_family_requested': 'Arial', 'font_family_actual': 'Arial'}}, 'matplotlib': {'version': '3.10.3'}, 'id': '06_plot_box', 'dimensions': {'figure_size_mm': (np.float64(80.0), np.float64(68.0)), 'figure_size_inch': (np.float64(3.1496062992125986), np.float64(2.677165354330709)), 'figure_size_px': (944, 803), 'axes_size_mm': (np.float64(40.0), np.float64(27.999999999999993)), 'axes_size_inch': (np.float64(1.5748031496062993), np.float64(1.1023622047244093)), 'axes_size_px': (472, 330), 'axes_position': (np.float64(0.25), np.float64(0.29411764705882354), np.float64(0.5), np.float64(0.41176470588235287)), 'dpi': 300}, 'margins_mm': {'left': np.float64(20.0), 'bottom': np.float64(20.0), 'right': np.float64(20.0), 'top': np.float64(20.000000000000007)}, 'axes_bbox_px': {'x0': 236, 'y0': 236, 'x1': 708, 'y1': 566, 'width': 472, 'height': 330}, 'axes_bbox_mm': {'x0': np.float64(20.0), 'y0': np.float64(20.0), 'x1': np.float64(60.0), 'y1': np.float64(47.99999999999999), 'width': np.float64(40.0), 'height': np.float64(27.999999999999993)}, 'axes': {'x': {'label': '', 'unit': '', 'scale': 'linear', 'n_ticks': 4}, 'y': {'label': 'Value', 'unit': 'a.u.', 'scale': 'linear', 'n_ticks': 4}}, 'plot_type': 'line', 'url': 'https://scitex.ai'}[0m
[90mINFO:   • Auto-cropped with 1.0mm margin (23px at 600 DPI)[0m
[32mSUCC: Saved to: ./examples/demo_plot_all_types_publication_out/publication/02_custom_scitex/06_plot_box.csv (2.0 KiB)[0m
[32mSUCC: Saved to: ./examples/demo_plot_all_types_publication_out/publication/02_custom_scitex/06_plot_box.json (2.4 KiB)[0m
[32mSUCC: Saved to: ./examples/demo_plot_all_types_publication_out/publication/02_custom_scitex/06_plot_box.jpg (85.8 KiB)[0m
[90mINFO:   • Auto-collected metadata from figure[0m
[90mINFO: 📝 Saving figure with metadata to: /home/ywatanabe/proj/scitex-code/examples/demo_plot_all_types_publication_out/publication/02_custom_scitex/07_plot_mean_std.png[0m
[90mINFO:   • Auto-added URL: https://scitex.ai[0m
/home/ywatanabe/proj/scitex-code/src/scitex/io/_save_modules/_image.py:57: UserWarning: This figure includes Axes that are not compatible with tight_layout, so results might be incorrect.
  obj.savefig(spath, **kwargs)
[90mINFO:   • Embedded metadata: {'metadata_version': '1.1.0', 'scitex': {'version': '2.2.2', 'created_at': '2025-11-20T05:07:14.602508', 'created_with': 'scitex.plt.subplots (mm-control)', 'mode': 'publication', 'axes_size_mm': (40, 28), 'position_in_grid': (0, 0), 'style_mm': {'axis_thickness_mm': 0.2, 'tick_length_mm': 0.8, 'tick_thickness_mm': 0.2, 'trace_thickness_mm': 0.2, 'axis_font_size_pt': 7, 'tick_font_size_pt': 7, 'title_font_size_pt': 8, 'legend_font_size_pt': 6, 'label_pad_pt': 0.5, 'tick_pad_pt': 2.0, 'title_pad_pt': 1.0, 'font_family': 'Arial', 'n_ticks': 4, 'font_family_requested': 'Arial', 'font_family_actual': 'Arial'}}, 'matplotlib': {'version': '3.10.3'}, 'id': '07_plot_mean_std', 'dimensions': {'figure_size_mm': (np.float64(80.0), np.float64(68.0)), 'figure_size_inch': (np.float64(3.1496062992125986), np.float64(2.677165354330709)), 'figure_size_px': (944, 803), 'axes_size_mm': (np.float64(40.0), np.float64(27.999999999999993)), 'axes_size_inch': (np.float64(1.5748031496062993), np.float64(1.1023622047244093)), 'axes_size_px': (472, 330), 'axes_position': (np.float64(0.25), np.float64(0.29411764705882354), np.float64(0.5), np.float64(0.41176470588235287)), 'dpi': 300}, 'margins_mm': {'left': np.float64(20.0), 'bottom': np.float64(20.0), 'right': np.float64(20.0), 'top': np.float64(20.000000000000007)}, 'axes_bbox_px': {'x0': 236, 'y0': 236, 'x1': 708, 'y1': 566, 'width': 472, 'height': 330}, 'axes_bbox_mm': {'x0': np.float64(20.0), 'y0': np.float64(20.0), 'x1': np.float64(60.0), 'y1': np.float64(47.99999999999999), 'width': np.float64(40.0), 'height': np.float64(27.999999999999993)}, 'axes': {'x': {'label': 'Time', 'unit': 's', 'scale': 'linear', 'n_ticks': 4}, 'y': {'label': 'Signal', 'unit': 'a.u.', 'scale': 'linear', 'n_ticks': 4}}, 'plot_type': 'line', 'url': 'https://scitex.ai'}[0m
[90mINFO:   • Auto-cropped with 1.0mm margin (11px at 300 DPI)[0m
[32mSUCC: Saved to: ./examples/demo_plot_all_types_publication_out/publication/02_custom_scitex/07_plot_mean_std.csv (1.6 KiB)[0m
[32mSUCC: Saved to: ./examples/demo_plot_all_types_publication_out/publication/02_custom_scitex/07_plot_mean_std.json (2.4 KiB)[0m
[32mSUCC: Saved to: ./examples/demo_plot_all_types_publication_out/publication/02_custom_scitex/07_plot_mean_std.png (1.1 MiB)[0m
[90mINFO:   • Auto-collected metadata from figure[0m
[90mINFO: 📝 Saving figure with metadata to: /home/ywatanabe/proj/scitex-code/examples/demo_plot_all_types_publication_out/publication/02_custom_scitex/07_plot_mean_std.pdf[0m
[90mINFO:   • Auto-added URL: https://scitex.ai[0m
/home/ywatanabe/proj/scitex-code/src/scitex/io/_save_modules/_image.py:174: UserWarning: This figure includes Axes that are not compatible with tight_layout, so results might be incorrect.
  obj.savefig(spath, **save_kwargs)
[90mINFO:   • Embedded metadata: {'metadata_version': '1.1.0', 'scitex': {'version': '2.2.2', 'created_at': '2025-11-20T05:07:14.849577', 'created_with': 'scitex.plt.subplots (mm-control)', 'mode': 'publication', 'axes_size_mm': (40, 28), 'position_in_grid': (0, 0), 'style_mm': {'axis_thickness_mm': 0.2, 'tick_length_mm': 0.8, 'tick_thickness_mm': 0.2, 'trace_thickness_mm': 0.2, 'axis_font_size_pt': 7, 'tick_font_size_pt': 7, 'title_font_size_pt': 8, 'legend_font_size_pt': 6, 'label_pad_pt': 0.5, 'tick_pad_pt': 2.0, 'title_pad_pt': 1.0, 'font_family': 'Arial', 'n_ticks': 4, 'font_family_requested': 'Arial', 'font_family_actual': 'Arial'}}, 'matplotlib': {'version': '3.10.3'}, 'id': '07_plot_mean_std', 'dimensions': {'figure_size_mm': (np.float64(80.0), np.float64(68.0)), 'figure_size_inch': (np.float64(3.1496062992125986), np.float64(2.677165354330709)), 'figure_size_px': (944, 803), 'axes_size_mm': (np.float64(40.0), np.float64(27.999999999999993)), 'axes_size_inch': (np.float64(1.5748031496062993), np.float64(1.1023622047244093)), 'axes_size_px': (472, 330), 'axes_position': (np.float64(0.25), np.float64(0.29411764705882354), np.float64(0.5), np.float64(0.41176470588235287)), 'dpi': 300}, 'margins_mm': {'left': np.float64(20.0), 'bottom': np.float64(20.0), 'right': np.float64(20.0), 'top': np.float64(20.000000000000007)}, 'axes_bbox_px': {'x0': 236, 'y0': 236, 'x1': 708, 'y1': 566, 'width': 472, 'height': 330}, 'axes_bbox_mm': {'x0': np.float64(20.0), 'y0': np.float64(20.0), 'x1': np.float64(60.0), 'y1': np.float64(47.99999999999999), 'width': np.float64(40.0), 'height': np.float64(27.999999999999993)}, 'axes': {'x': {'label': 'Time', 'unit': 's', 'scale': 'linear', 'n_ticks': 4}, 'y': {'label': 'Signal', 'unit': 'a.u.', 'scale': 'linear', 'n_ticks': 4}}, 'plot_type': 'line', 'url': 'https://scitex.ai'}[0m
[32mSUCC: Saved to: ./examples/demo_plot_all_types_publication_out/publication/02_custom_scitex/07_plot_mean_std.csv (1.6 KiB)[0m
[32mSUCC: Saved to: ./examples/demo_plot_all_types_publication_out/publication/02_custom_scitex/07_plot_mean_std.json (2.4 KiB)[0m
[32mSUCC: Saved to: ./examples/demo_plot_all_types_publication_out/publication/02_custom_scitex/07_plot_mean_std.pdf (18.2 KiB)[0m
[90mINFO:   • Auto-collected metadata from figure[0m
[90mINFO: 📝 Saving figure with metadata to: /home/ywatanabe/proj/scitex-code/examples/demo_plot_all_types_publication_out/publication/02_custom_scitex/07_plot_mean_std.jpg[0m
[90mINFO:   • Auto-added URL: https://scitex.ai[0m
/home/ywatanabe/proj/scitex-code/src/scitex/io/_save_modules/_image.py:103: UserWarning: This figure includes Axes that are not compatible with tight_layout, so results might be incorrect.
  obj.figure.savefig(buf, **save_kwargs)
[90mINFO:   • Embedded metadata: {'metadata_version': '1.1.0', 'scitex': {'version': '2.2.2', 'created_at': '2025-11-20T05:07:14.969666', 'created_with': 'scitex.plt.subplots (mm-control)', 'mode': 'publication', 'axes_size_mm': (40, 28), 'position_in_grid': (0, 0), 'style_mm': {'axis_thickness_mm': 0.2, 'tick_length_mm': 0.8, 'tick_thickness_mm': 0.2, 'trace_thickness_mm': 0.2, 'axis_font_size_pt': 7, 'tick_font_size_pt': 7, 'title_font_size_pt': 8, 'legend_font_size_pt': 6, 'label_pad_pt': 0.5, 'tick_pad_pt': 2.0, 'title_pad_pt': 1.0, 'font_family': 'Arial', 'n_ticks': 4, 'font_family_requested': 'Arial', 'font_family_actual': 'Arial'}}, 'matplotlib': {'version': '3.10.3'}, 'id': '07_plot_mean_std', 'dimensions': {'figure_size_mm': (np.float64(80.0), np.float64(68.0)), 'figure_size_inch': (np.float64(3.1496062992125986), np.float64(2.677165354330709)), 'figure_size_px': (944, 803), 'axes_size_mm': (np.float64(40.0), np.float64(27.999999999999993)), 'axes_size_inch': (np.float64(1.5748031496062993), np.float64(1.1023622047244093)), 'axes_size_px': (472, 330), 'axes_position': (np.float64(0.25), np.float64(0.29411764705882354), np.float64(0.5), np.float64(0.41176470588235287)), 'dpi': 300}, 'margins_mm': {'left': np.float64(20.0), 'bottom': np.float64(20.0), 'right': np.float64(20.0), 'top': np.float64(20.000000000000007)}, 'axes_bbox_px': {'x0': 236, 'y0': 236, 'x1': 708, 'y1': 566, 'width': 472, 'height': 330}, 'axes_bbox_mm': {'x0': np.float64(20.0), 'y0': np.float64(20.0), 'x1': np.float64(60.0), 'y1': np.float64(47.99999999999999), 'width': np.float64(40.0), 'height': np.float64(27.999999999999993)}, 'axes': {'x': {'label': 'Time', 'unit': 's', 'scale': 'linear', 'n_ticks': 4}, 'y': {'label': 'Signal', 'unit': 'a.u.', 'scale': 'linear', 'n_ticks': 4}}, 'plot_type': 'line', 'url': 'https://scitex.ai'}[0m
[90mINFO:   • Auto-cropped with 1.0mm margin (23px at 600 DPI)[0m
[32mSUCC: Saved to: ./examples/demo_plot_all_types_publication_out/publication/02_custom_scitex/07_plot_mean_std.csv (1.6 KiB)[0m
[32mSUCC: Saved to: ./examples/demo_plot_all_types_publication_out/publication/02_custom_scitex/07_plot_mean_std.json (2.4 KiB)[0m
[32mSUCC: Saved to: ./examples/demo_plot_all_types_publication_out/publication/02_custom_scitex/07_plot_mean_std.jpg (256.2 KiB)[0m
[90mINFO:   • Auto-collected metadata from figure[0m
[90mINFO: 📝 Saving figure with metadata to: /home/ywatanabe/proj/scitex-code/examples/demo_plot_all_types_publication_out/publication/03_functional/01_plot_kde.png[0m
[90mINFO:   • Auto-added URL: https://scitex.ai[0m
/home/ywatanabe/proj/scitex-code/src/scitex/io/_save_modules/_image.py:57: UserWarning: This figure includes Axes that are not compatible with tight_layout, so results might be incorrect.
  obj.savefig(spath, **kwargs)
[90mINFO:   • Embedded metadata: {'metadata_version': '1.1.0', 'scitex': {'version': '2.2.2', 'created_at': '2025-11-20T05:07:15.570392', 'created_with': 'scitex.plt.subplots (mm-control)', 'mode': 'publication', 'axes_size_mm': (40, 28), 'position_in_grid': (0, 0), 'style_mm': {'axis_thickness_mm': 0.2, 'tick_length_mm': 0.8, 'tick_thickness_mm': 0.2, 'trace_thickness_mm': 0.2, 'axis_font_size_pt': 7, 'tick_font_size_pt': 7, 'title_font_size_pt': 8, 'legend_font_size_pt': 6, 'label_pad_pt': 0.5, 'tick_pad_pt': 2.0, 'title_pad_pt': 1.0, 'font_family': 'Arial', 'n_ticks': 4, 'font_family_requested': 'Arial', 'font_family_actual': 'Arial'}}, 'matplotlib': {'version': '3.10.3'}, 'id': '01_plot_kde', 'dimensions': {'figure_size_mm': (np.float64(80.0), np.float64(68.0)), 'figure_size_inch': (np.float64(3.1496062992125986), np.float64(2.677165354330709)), 'figure_size_px': (944, 803), 'axes_size_mm': (np.float64(40.0), np.float64(27.999999999999993)), 'axes_size_inch': (np.float64(1.5748031496062993), np.float64(1.1023622047244093)), 'axes_size_px': (472, 330), 'axes_position': (np.float64(0.25), np.float64(0.29411764705882354), np.float64(0.5), np.float64(0.41176470588235287)), 'dpi': 300}, 'margins_mm': {'left': np.float64(20.0), 'bottom': np.float64(20.0), 'right': np.float64(20.0), 'top': np.float64(20.000000000000007)}, 'axes_bbox_px': {'x0': 236, 'y0': 236, 'x1': 708, 'y1': 566, 'width': 472, 'height': 330}, 'axes_bbox_mm': {'x0': np.float64(20.0), 'y0': np.float64(20.0), 'x1': np.float64(60.0), 'y1': np.float64(47.99999999999999), 'width': np.float64(40.0), 'height': np.float64(27.999999999999993)}, 'axes': {'x': {'label': 'Value', 'unit': 'a.u.', 'scale': 'linear', 'n_ticks': 4}, 'y': {'label': 'Density', 'unit': '×10$^{-3}$', 'scale': 'linear', 'n_ticks': 4}}, 'plot_type': 'line', 'url': 'https://scitex.ai'}[0m
[90mINFO:   • Auto-cropped with 1.0mm margin (11px at 300 DPI)[0m
[32mSUCC: Saved to: ./examples/demo_plot_all_types_publication_out/publication/03_functional/01_plot_kde.csv (43.8 KiB)[0m
[32mSUCC: Saved to: ./examples/demo_plot_all_types_publication_out/publication/03_functional/01_plot_kde.json (2.5 KiB)[0m
[32mSUCC: Saved to: ./examples/demo_plot_all_types_publication_out/publication/03_functional/01_plot_kde.png (1.1 MiB)[0m
[90mINFO:   • Auto-collected metadata from figure[0m
[90mINFO: 📝 Saving figure with metadata to: /home/ywatanabe/proj/scitex-code/examples/demo_plot_all_types_publication_out/publication/03_functional/01_plot_kde.pdf[0m
[90mINFO:   • Auto-added URL: https://scitex.ai[0m
/home/ywatanabe/proj/scitex-code/src/scitex/io/_save_modules/_image.py:174: UserWarning: This figure includes Axes that are not compatible with tight_layout, so results might be incorrect.
  obj.savefig(spath, **save_kwargs)
[90mINFO:   • Embedded metadata: {'metadata_version': '1.1.0', 'scitex': {'version': '2.2.2', 'created_at': '2025-11-20T05:07:16.049184', 'created_with': 'scitex.plt.subplots (mm-control)', 'mode': 'publication', 'axes_size_mm': (40, 28), 'position_in_grid': (0, 0), 'style_mm': {'axis_thickness_mm': 0.2, 'tick_length_mm': 0.8, 'tick_thickness_mm': 0.2, 'trace_thickness_mm': 0.2, 'axis_font_size_pt': 7, 'tick_font_size_pt': 7, 'title_font_size_pt': 8, 'legend_font_size_pt': 6, 'label_pad_pt': 0.5, 'tick_pad_pt': 2.0, 'title_pad_pt': 1.0, 'font_family': 'Arial', 'n_ticks': 4, 'font_family_requested': 'Arial', 'font_family_actual': 'Arial'}}, 'matplotlib': {'version': '3.10.3'}, 'id': '01_plot_kde', 'dimensions': {'figure_size_mm': (np.float64(80.0), np.float64(68.0)), 'figure_size_inch': (np.float64(3.1496062992125986), np.float64(2.677165354330709)), 'figure_size_px': (944, 803), 'axes_size_mm': (np.float64(40.0), np.float64(27.999999999999993)), 'axes_size_inch': (np.float64(1.5748031496062993), np.float64(1.1023622047244093)), 'axes_size_px': (472, 330), 'axes_position': (np.float64(0.25), np.float64(0.29411764705882354), np.float64(0.5), np.float64(0.41176470588235287)), 'dpi': 300}, 'margins_mm': {'left': np.float64(20.0), 'bottom': np.float64(20.0), 'right': np.float64(20.0), 'top': np.float64(20.000000000000007)}, 'axes_bbox_px': {'x0': 236, 'y0': 236, 'x1': 708, 'y1': 566, 'width': 472, 'height': 330}, 'axes_bbox_mm': {'x0': np.float64(20.0), 'y0': np.float64(20.0), 'x1': np.float64(60.0), 'y1': np.float64(47.99999999999999), 'width': np.float64(40.0), 'height': np.float64(27.999999999999993)}, 'axes': {'x': {'label': 'Value', 'unit': 'a.u.', 'scale': 'linear', 'n_ticks': 4}, 'y': {'label': 'Density', 'unit': '×10$^{-3}$', 'scale': 'linear', 'n_ticks': 4}}, 'plot_type': 'line', 'url': 'https://scitex.ai'}[0m
[32mSUCC: Saved to: ./examples/demo_plot_all_types_publication_out/publication/03_functional/01_plot_kde.csv (43.8 KiB)[0m
[32mSUCC: Saved to: ./examples/demo_plot_all_types_publication_out/publication/03_functional/01_plot_kde.json (2.5 KiB)[0m
[32mSUCC: Saved to: ./examples/demo_plot_all_types_publication_out/publication/03_functional/01_plot_kde.pdf (17.5 KiB)[0m
[90mINFO:   • Auto-collected metadata from figure[0m
[90mINFO: 📝 Saving figure with metadata to: /home/ywatanabe/proj/scitex-code/examples/demo_plot_all_types_publication_out/publication/03_functional/01_plot_kde.jpg[0m
[90mINFO:   • Auto-added URL: https://scitex.ai[0m
/home/ywatanabe/proj/scitex-code/src/scitex/io/_save_modules/_image.py:103: UserWarning: This figure includes Axes that are not compatible with tight_layout, so results might be incorrect.
  obj.figure.savefig(buf, **save_kwargs)
[90mINFO:   • Embedded metadata: {'metadata_version': '1.1.0', 'scitex': {'version': '2.2.2', 'created_at': '2025-11-20T05:07:16.203146', 'created_with': 'scitex.plt.subplots (mm-control)', 'mode': 'publication', 'axes_size_mm': (40, 28), 'position_in_grid': (0, 0), 'style_mm': {'axis_thickness_mm': 0.2, 'tick_length_mm': 0.8, 'tick_thickness_mm': 0.2, 'trace_thickness_mm': 0.2, 'axis_font_size_pt': 7, 'tick_font_size_pt': 7, 'title_font_size_pt': 8, 'legend_font_size_pt': 6, 'label_pad_pt': 0.5, 'tick_pad_pt': 2.0, 'title_pad_pt': 1.0, 'font_family': 'Arial', 'n_ticks': 4, 'font_family_requested': 'Arial', 'font_family_actual': 'Arial'}}, 'matplotlib': {'version': '3.10.3'}, 'id': '01_plot_kde', 'dimensions': {'figure_size_mm': (np.float64(80.0), np.float64(68.0)), 'figure_size_inch': (np.float64(3.1496062992125986), np.float64(2.677165354330709)), 'figure_size_px': (944, 803), 'axes_size_mm': (np.float64(40.0), np.float64(27.999999999999993)), 'axes_size_inch': (np.float64(1.5748031496062993), np.float64(1.1023622047244093)), 'axes_size_px': (472, 330), 'axes_position': (np.float64(0.25), np.float64(0.29411764705882354), np.float64(0.5), np.float64(0.41176470588235287)), 'dpi': 300}, 'margins_mm': {'left': np.float64(20.0), 'bottom': np.float64(20.0), 'right': np.float64(20.0), 'top': np.float64(20.000000000000007)}, 'axes_bbox_px': {'x0': 236, 'y0': 236, 'x1': 708, 'y1': 566, 'width': 472, 'height': 330}, 'axes_bbox_mm': {'x0': np.float64(20.0), 'y0': np.float64(20.0), 'x1': np.float64(60.0), 'y1': np.float64(47.99999999999999), 'width': np.float64(40.0), 'height': np.float64(27.999999999999993)}, 'axes': {'x': {'label': 'Value', 'unit': 'a.u.', 'scale': 'linear', 'n_ticks': 4}, 'y': {'label': 'Density', 'unit': '×10$^{-3}$', 'scale': 'linear', 'n_ticks': 4}}, 'plot_type': 'line', 'url': 'https://scitex.ai'}[0m
[90mINFO:   • Auto-cropped with 1.0mm margin (23px at 600 DPI)[0m
[32mSUCC: Saved to: ./examples/demo_plot_all_types_publication_out/publication/03_functional/01_plot_kde.csv (43.8 KiB)[0m
[32mSUCC: Saved to: ./examples/demo_plot_all_types_publication_out/publication/03_functional/01_plot_kde.json (2.5 KiB)[0m
[32mSUCC: Saved to: ./examples/demo_plot_all_types_publication_out/publication/03_functional/01_plot_kde.jpg (181.8 KiB)[0m
[90mINFO:   • Auto-collected metadata from figure[0m
[90mINFO: 📝 Saving figure with metadata to: /home/ywatanabe/proj/scitex-code/examples/demo_plot_all_types_publication_out/publication/04_seaborn/01_sns_boxplot.png[0m
[90mINFO:   • Auto-added URL: https://scitex.ai[0m
/home/ywatanabe/proj/scitex-code/src/scitex/io/_save_modules/_image.py:57: UserWarning: This figure includes Axes that are not compatible with tight_layout, so results might be incorrect.
  obj.savefig(spath, **kwargs)
[90mINFO:   • Embedded metadata: {'metadata_version': '1.1.0', 'scitex': {'version': '2.2.2', 'created_at': '2025-11-20T05:07:16.778377', 'created_with': 'scitex.plt.subplots (mm-control)', 'mode': 'publication', 'axes_size_mm': (40, 28), 'position_in_grid': (0, 0), 'style_mm': {'axis_thickness_mm': 0.2, 'tick_length_mm': 0.8, 'tick_thickness_mm': 0.2, 'trace_thickness_mm': 0.2, 'axis_font_size_pt': 7, 'tick_font_size_pt': 7, 'title_font_size_pt': 8, 'legend_font_size_pt': 6, 'label_pad_pt': 0.5, 'tick_pad_pt': 2.0, 'title_pad_pt': 1.0, 'font_family': 'Arial', 'n_ticks': 4, 'font_family_requested': 'Arial', 'font_family_actual': 'Arial'}}, 'matplotlib': {'version': '3.10.3'}, 'id': '01_sns_boxplot', 'dimensions': {'figure_size_mm': (np.float64(80.0), np.float64(68.0)), 'figure_size_inch': (np.float64(3.1496062992125986), np.float64(2.677165354330709)), 'figure_size_px': (944, 803), 'axes_size_mm': (np.float64(40.0), np.float64(27.999999999999993)), 'axes_size_inch': (np.float64(1.5748031496062993), np.float64(1.1023622047244093)), 'axes_size_px': (472, 330), 'axes_position': (np.float64(0.25), np.float64(0.29411764705882354), np.float64(0.5), np.float64(0.41176470588235287)), 'dpi': 300}, 'margins_mm': {'left': np.float64(20.0), 'bottom': np.float64(20.0), 'right': np.float64(20.0), 'top': np.float64(20.000000000000007)}, 'axes_bbox_px': {'x0': 236, 'y0': 236, 'x1': 708, 'y1': 566, 'width': 472, 'height': 330}, 'axes_bbox_mm': {'x0': np.float64(20.0), 'y0': np.float64(20.0), 'x1': np.float64(60.0), 'y1': np.float64(47.99999999999999), 'width': np.float64(40.0), 'height': np.float64(27.999999999999993)}, 'axes': {'x': {'label': 'Category', 'unit': '', 'scale': 'linear', 'n_ticks': 4}, 'y': {'label': 'Value', 'unit': 'a.u.', 'scale': 'linear', 'n_ticks': 4}}, 'plot_type': 'boxplot', 'url': 'https://scitex.ai'}[0m
[90mINFO:   • Auto-cropped with 1.0mm margin (11px at 300 DPI)[0m
[32mSUCC: Saved to: ./examples/demo_plot_all_types_publication_out/publication/04_seaborn/01_sns_boxplot.csv (3.1 KiB)[0m
[32mSUCC: Saved to: ./examples/demo_plot_all_types_publication_out/publication/04_seaborn/01_sns_boxplot.json (2.4 KiB)[0m
[32mSUCC: Saved to: ./examples/demo_plot_all_types_publication_out/publication/04_seaborn/01_sns_boxplot.png (1.0 MiB)[0m
[90mINFO:   • Auto-collected metadata from figure[0m
[90mINFO: 📝 Saving figure with metadata to: /home/ywatanabe/proj/scitex-code/examples/demo_plot_all_types_publication_out/publication/04_seaborn/01_sns_boxplot.pdf[0m
[90mINFO:   • Auto-added URL: https://scitex.ai[0m
/home/ywatanabe/proj/scitex-code/src/scitex/io/_save_modules/_image.py:174: UserWarning: This figure includes Axes that are not compatible with tight_layout, so results might be incorrect.
  obj.savefig(spath, **save_kwargs)
[90mINFO:   • Embedded metadata: {'metadata_version': '1.1.0', 'scitex': {'version': '2.2.2', 'created_at': '2025-11-20T05:07:17.026846', 'created_with': 'scitex.plt.subplots (mm-control)', 'mode': 'publication', 'axes_size_mm': (40, 28), 'position_in_grid': (0, 0), 'style_mm': {'axis_thickness_mm': 0.2, 'tick_length_mm': 0.8, 'tick_thickness_mm': 0.2, 'trace_thickness_mm': 0.2, 'axis_font_size_pt': 7, 'tick_font_size_pt': 7, 'title_font_size_pt': 8, 'legend_font_size_pt': 6, 'label_pad_pt': 0.5, 'tick_pad_pt': 2.0, 'title_pad_pt': 1.0, 'font_family': 'Arial', 'n_ticks': 4, 'font_family_requested': 'Arial', 'font_family_actual': 'Arial'}}, 'matplotlib': {'version': '3.10.3'}, 'id': '01_sns_boxplot', 'dimensions': {'figure_size_mm': (np.float64(80.0), np.float64(68.0)), 'figure_size_inch': (np.float64(3.1496062992125986), np.float64(2.677165354330709)), 'figure_size_px': (944, 803), 'axes_size_mm': (np.float64(40.0), np.float64(27.999999999999993)), 'axes_size_inch': (np.float64(1.5748031496062993), np.float64(1.1023622047244093)), 'axes_size_px': (472, 330), 'axes_position': (np.float64(0.25), np.float64(0.29411764705882354), np.float64(0.5), np.float64(0.41176470588235287)), 'dpi': 300}, 'margins_mm': {'left': np.float64(20.0), 'bottom': np.float64(20.0), 'right': np.float64(20.0), 'top': np.float64(20.000000000000007)}, 'axes_bbox_px': {'x0': 236, 'y0': 236, 'x1': 708, 'y1': 566, 'width': 472, 'height': 330}, 'axes_bbox_mm': {'x0': np.float64(20.0), 'y0': np.float64(20.0), 'x1': np.float64(60.0), 'y1': np.float64(47.99999999999999), 'width': np.float64(40.0), 'height': np.float64(27.999999999999993)}, 'axes': {'x': {'label': 'Category', 'unit': '', 'scale': 'linear', 'n_ticks': 4}, 'y': {'label': 'Value', 'unit': 'a.u.', 'scale': 'linear', 'n_ticks': 4}}, 'plot_type': 'boxplot', 'url': 'https://scitex.ai'}[0m
[32mSUCC: Saved to: ./examples/demo_plot_all_types_publication_out/publication/04_seaborn/01_sns_boxplot.csv (3.1 KiB)[0m
[32mSUCC: Saved to: ./examples/demo_plot_all_types_publication_out/publication/04_seaborn/01_sns_boxplot.json (2.4 KiB)[0m
[32mSUCC: Saved to: ./examples/demo_plot_all_types_publication_out/publication/04_seaborn/01_sns_boxplot.pdf (16.2 KiB)[0m
[90mINFO:   • Auto-collected metadata from figure[0m
[90mINFO: 📝 Saving figure with metadata to: /home/ywatanabe/proj/scitex-code/examples/demo_plot_all_types_publication_out/publication/04_seaborn/01_sns_boxplot.jpg[0m
[90mINFO:   • Auto-added URL: https://scitex.ai[0m
/home/ywatanabe/proj/scitex-code/src/scitex/io/_save_modules/_image.py:103: UserWarning: This figure includes Axes that are not compatible with tight_layout, so results might be incorrect.
  obj.figure.savefig(buf, **save_kwargs)
[90mINFO:   • Embedded metadata: {'metadata_version': '1.1.0', 'scitex': {'version': '2.2.2', 'created_at': '2025-11-20T05:07:17.130717', 'created_with': 'scitex.plt.subplots (mm-control)', 'mode': 'publication', 'axes_size_mm': (40, 28), 'position_in_grid': (0, 0), 'style_mm': {'axis_thickness_mm': 0.2, 'tick_length_mm': 0.8, 'tick_thickness_mm': 0.2, 'trace_thickness_mm': 0.2, 'axis_font_size_pt': 7, 'tick_font_size_pt': 7, 'title_font_size_pt': 8, 'legend_font_size_pt': 6, 'label_pad_pt': 0.5, 'tick_pad_pt': 2.0, 'title_pad_pt': 1.0, 'font_family': 'Arial', 'n_ticks': 4, 'font_family_requested': 'Arial', 'font_family_actual': 'Arial'}}, 'matplotlib': {'version': '3.10.3'}, 'id': '01_sns_boxplot', 'dimensions': {'figure_size_mm': (np.float64(80.0), np.float64(68.0)), 'figure_size_inch': (np.float64(3.1496062992125986), np.float64(2.677165354330709)), 'figure_size_px': (944, 803), 'axes_size_mm': (np.float64(40.0), np.float64(27.999999999999993)), 'axes_size_inch': (np.float64(1.5748031496062993), np.float64(1.1023622047244093)), 'axes_size_px': (472, 330), 'axes_position': (np.float64(0.25), np.float64(0.29411764705882354), np.float64(0.5), np.float64(0.41176470588235287)), 'dpi': 300}, 'margins_mm': {'left': np.float64(20.0), 'bottom': np.float64(20.0), 'right': np.float64(20.0), 'top': np.float64(20.000000000000007)}, 'axes_bbox_px': {'x0': 236, 'y0': 236, 'x1': 708, 'y1': 566, 'width': 472, 'height': 330}, 'axes_bbox_mm': {'x0': np.float64(20.0), 'y0': np.float64(20.0), 'x1': np.float64(60.0), 'y1': np.float64(47.99999999999999), 'width': np.float64(40.0), 'height': np.float64(27.999999999999993)}, 'axes': {'x': {'label': 'Category', 'unit': '', 'scale': 'linear', 'n_ticks': 4}, 'y': {'label': 'Value', 'unit': 'a.u.', 'scale': 'linear', 'n_ticks': 4}}, 'plot_type': 'boxplot', 'url': 'https://scitex.ai'}[0m
[90mINFO:   • Auto-cropped with 1.0mm margin (23px at 600 DPI)[0m
[32mSUCC: Saved to: ./examples/demo_plot_all_types_publication_out/publication/04_seaborn/01_sns_boxplot.csv (3.1 KiB)[0m
[32mSUCC: Saved to: ./examples/demo_plot_all_types_publication_out/publication/04_seaborn/01_sns_boxplot.json (2.4 KiB)[0m
[32mSUCC: Saved to: ./examples/demo_plot_all_types_publication_out/publication/04_seaborn/01_sns_boxplot.jpg (122.7 KiB)[0m
[90mINFO:   • Auto-collected metadata from figure[0m
[90mINFO: 📝 Saving figure with metadata to: /home/ywatanabe/proj/scitex-code/examples/demo_plot_all_types_publication_out/publication/04_seaborn/02_sns_violinplot.png[0m
[90mINFO:   • Auto-added URL: https://scitex.ai[0m
/home/ywatanabe/proj/scitex-code/src/scitex/io/_save_modules/_image.py:57: UserWarning: This figure includes Axes that are not compatible with tight_layout, so results might be incorrect.
  obj.savefig(spath, **kwargs)
[90mINFO:   • Embedded metadata: {'metadata_version': '1.1.0', 'scitex': {'version': '2.2.2', 'created_at': '2025-11-20T05:07:17.744702', 'created_with': 'scitex.plt.subplots (mm-control)', 'mode': 'publication', 'axes_size_mm': (40, 28), 'position_in_grid': (0, 0), 'style_mm': {'axis_thickness_mm': 0.2, 'tick_length_mm': 0.8, 'tick_thickness_mm': 0.2, 'trace_thickness_mm': 0.2, 'axis_font_size_pt': 7, 'tick_font_size_pt': 7, 'title_font_size_pt': 8, 'legend_font_size_pt': 6, 'label_pad_pt': 0.5, 'tick_pad_pt': 2.0, 'title_pad_pt': 1.0, 'font_family': 'Arial', 'n_ticks': 4, 'font_family_requested': 'Arial', 'font_family_actual': 'Arial'}}, 'matplotlib': {'version': '3.10.3'}, 'id': '02_sns_violinplot', 'dimensions': {'figure_size_mm': (np.float64(80.0), np.float64(68.0)), 'figure_size_inch': (np.float64(3.1496062992125986), np.float64(2.677165354330709)), 'figure_size_px': (944, 803), 'axes_size_mm': (np.float64(40.0), np.float64(27.999999999999993)), 'axes_size_inch': (np.float64(1.5748031496062993), np.float64(1.1023622047244093)), 'axes_size_px': (472, 330), 'axes_position': (np.float64(0.25), np.float64(0.29411764705882354), np.float64(0.5), np.float64(0.41176470588235287)), 'dpi': 300}, 'margins_mm': {'left': np.float64(20.0), 'bottom': np.float64(20.0), 'right': np.float64(20.0), 'top': np.float64(20.000000000000007)}, 'axes_bbox_px': {'x0': 236, 'y0': 236, 'x1': 708, 'y1': 566, 'width': 472, 'height': 330}, 'axes_bbox_mm': {'x0': np.float64(20.0), 'y0': np.float64(20.0), 'x1': np.float64(60.0), 'y1': np.float64(47.99999999999999), 'width': np.float64(40.0), 'height': np.float64(27.999999999999993)}, 'axes': {'x': {'label': 'Category', 'unit': '', 'scale': 'linear', 'n_ticks': 4}, 'y': {'label': 'Value', 'unit': 'a.u.', 'scale': 'linear', 'n_ticks': 4}}, 'plot_type': 'line', 'url': 'https://scitex.ai'}[0m
[90mINFO:   • Auto-cropped with 1.0mm margin (11px at 300 DPI)[0m
/home/ywatanabe/proj/scitex-code/src/scitex/plt/_subplots/_AxisWrapperMixins/_TrackingMixin.py:113: UserWarning: Method 'sns_violinplot()' does not support data tracking for CSV export. Consider using scitex plot methods (e.g., plot_image, plot_imshow) for data export support.
  df = _export_as_csv(self.history)
[32mSUCC: Saved to: ./examples/demo_plot_all_types_publication_out/publication/04_seaborn/02_sns_violinplot.json (2.4 KiB)[0m
[32mSUCC: Saved to: ./examples/demo_plot_all_types_publication_out/publication/04_seaborn/02_sns_violinplot.png (1.0 MiB)[0m
[90mINFO:   • Auto-collected metadata from figure[0m
[90mINFO: 📝 Saving figure with metadata to: /home/ywatanabe/proj/scitex-code/examples/demo_plot_all_types_publication_out/publication/04_seaborn/02_sns_violinplot.pdf[0m
[90mINFO:   • Auto-added URL: https://scitex.ai[0m
/home/ywatanabe/proj/scitex-code/src/scitex/io/_save_modules/_image.py:174: UserWarning: This figure includes Axes that are not compatible with tight_layout, so results might be incorrect.
  obj.savefig(spath, **save_kwargs)
[90mINFO:   • Embedded metadata: {'metadata_version': '1.1.0', 'scitex': {'version': '2.2.2', 'created_at': '2025-11-20T05:07:18.026374', 'created_with': 'scitex.plt.subplots (mm-control)', 'mode': 'publication', 'axes_size_mm': (40, 28), 'position_in_grid': (0, 0), 'style_mm': {'axis_thickness_mm': 0.2, 'tick_length_mm': 0.8, 'tick_thickness_mm': 0.2, 'trace_thickness_mm': 0.2, 'axis_font_size_pt': 7, 'tick_font_size_pt': 7, 'title_font_size_pt': 8, 'legend_font_size_pt': 6, 'label_pad_pt': 0.5, 'tick_pad_pt': 2.0, 'title_pad_pt': 1.0, 'font_family': 'Arial', 'n_ticks': 4, 'font_family_requested': 'Arial', 'font_family_actual': 'Arial'}}, 'matplotlib': {'version': '3.10.3'}, 'id': '02_sns_violinplot', 'dimensions': {'figure_size_mm': (np.float64(80.0), np.float64(68.0)), 'figure_size_inch': (np.float64(3.1496062992125986), np.float64(2.677165354330709)), 'figure_size_px': (944, 803), 'axes_size_mm': (np.float64(40.0), np.float64(27.999999999999993)), 'axes_size_inch': (np.float64(1.5748031496062993), np.float64(1.1023622047244093)), 'axes_size_px': (472, 330), 'axes_position': (np.float64(0.25), np.float64(0.29411764705882354), np.float64(0.5), np.float64(0.41176470588235287)), 'dpi': 300}, 'margins_mm': {'left': np.float64(20.0), 'bottom': np.float64(20.0), 'right': np.float64(20.0), 'top': np.float64(20.000000000000007)}, 'axes_bbox_px': {'x0': 236, 'y0': 236, 'x1': 708, 'y1': 566, 'width': 472, 'height': 330}, 'axes_bbox_mm': {'x0': np.float64(20.0), 'y0': np.float64(20.0), 'x1': np.float64(60.0), 'y1': np.float64(47.99999999999999), 'width': np.float64(40.0), 'height': np.float64(27.999999999999993)}, 'axes': {'x': {'label': 'Category', 'unit': '', 'scale': 'linear', 'n_ticks': 4}, 'y': {'label': 'Value', 'unit': 'a.u.', 'scale': 'linear', 'n_ticks': 4}}, 'plot_type': 'line', 'url': 'https://scitex.ai'}[0m
[32mSUCC: Saved to: ./examples/demo_plot_all_types_publication_out/publication/04_seaborn/02_sns_violinplot.json (2.4 KiB)[0m
[32mSUCC: Saved to: ./examples/demo_plot_all_types_publication_out/publication/04_seaborn/02_sns_violinplot.pdf (21.2 KiB)[0m
[90mINFO:   • Auto-collected metadata from figure[0m
[90mINFO: 📝 Saving figure with metadata to: /home/ywatanabe/proj/scitex-code/examples/demo_plot_all_types_publication_out/publication/04_seaborn/02_sns_violinplot.jpg[0m
[90mINFO:   • Auto-added URL: https://scitex.ai[0m
/home/ywatanabe/proj/scitex-code/src/scitex/io/_save_modules/_image.py:103: UserWarning: This figure includes Axes that are not compatible with tight_layout, so results might be incorrect.
  obj.figure.savefig(buf, **save_kwargs)
[90mINFO:   • Embedded metadata: {'metadata_version': '1.1.0', 'scitex': {'version': '2.2.2', 'created_at': '2025-11-20T05:07:18.115228', 'created_with': 'scitex.plt.subplots (mm-control)', 'mode': 'publication', 'axes_size_mm': (40, 28), 'position_in_grid': (0, 0), 'style_mm': {'axis_thickness_mm': 0.2, 'tick_length_mm': 0.8, 'tick_thickness_mm': 0.2, 'trace_thickness_mm': 0.2, 'axis_font_size_pt': 7, 'tick_font_size_pt': 7, 'title_font_size_pt': 8, 'legend_font_size_pt': 6, 'label_pad_pt': 0.5, 'tick_pad_pt': 2.0, 'title_pad_pt': 1.0, 'font_family': 'Arial', 'n_ticks': 4, 'font_family_requested': 'Arial', 'font_family_actual': 'Arial'}}, 'matplotlib': {'version': '3.10.3'}, 'id': '02_sns_violinplot', 'dimensions': {'figure_size_mm': (np.float64(80.0), np.float64(68.0)), 'figure_size_inch': (np.float64(3.1496062992125986), np.float64(2.677165354330709)), 'figure_size_px': (944, 803), 'axes_size_mm': (np.float64(40.0), np.float64(27.999999999999993)), 'axes_size_inch': (np.float64(1.5748031496062993), np.float64(1.1023622047244093)), 'axes_size_px': (472, 330), 'axes_position': (np.float64(0.25), np.float64(0.29411764705882354), np.float64(0.5), np.float64(0.41176470588235287)), 'dpi': 300}, 'margins_mm': {'left': np.float64(20.0), 'bottom': np.float64(20.0), 'right': np.float64(20.0), 'top': np.float64(20.000000000000007)}, 'axes_bbox_px': {'x0': 236, 'y0': 236, 'x1': 708, 'y1': 566, 'width': 472, 'height': 330}, 'axes_bbox_mm': {'x0': np.float64(20.0), 'y0': np.float64(20.0), 'x1': np.float64(60.0), 'y1': np.float64(47.99999999999999), 'width': np.float64(40.0), 'height': np.float64(27.999999999999993)}, 'axes': {'x': {'label': 'Category', 'unit': '', 'scale': 'linear', 'n_ticks': 4}, 'y': {'label': 'Value', 'unit': 'a.u.', 'scale': 'linear', 'n_ticks': 4}}, 'plot_type': 'line', 'url': 'https://scitex.ai'}[0m
[90mINFO:   • Auto-cropped with 1.0mm margin (23px at 600 DPI)[0m
[32mSUCC: Saved to: ./examples/demo_plot_all_types_publication_out/publication/04_seaborn/02_sns_violinplot.json (2.4 KiB)[0m
[32mSUCC: Saved to: ./examples/demo_plot_all_types_publication_out/publication/04_seaborn/02_sns_violinplot.jpg (165.8 KiB)[0m
[90mINFO:   • Auto-collected metadata from figure[0m
[90mINFO: 📝 Saving figure with metadata to: /home/ywatanabe/proj/scitex-code/examples/demo_plot_all_types_publication_out/publication/04_seaborn/03_sns_scatterplot.png[0m
[90mINFO:   • Auto-added URL: https://scitex.ai[0m
/home/ywatanabe/proj/scitex-code/src/scitex/io/_save_modules/_image.py:57: UserWarning: This figure includes Axes that are not compatible with tight_layout, so results might be incorrect.
  obj.savefig(spath, **kwargs)
[90mINFO:   • Embedded metadata: {'metadata_version': '1.1.0', 'scitex': {'version': '2.2.2', 'created_at': '2025-11-20T05:07:18.754992', 'created_with': 'scitex.plt.subplots (mm-control)', 'mode': 'publication', 'axes_size_mm': (40, 28), 'position_in_grid': (0, 0), 'style_mm': {'axis_thickness_mm': 0.2, 'tick_length_mm': 0.8, 'tick_thickness_mm': 0.2, 'trace_thickness_mm': 0.2, 'axis_font_size_pt': 7, 'tick_font_size_pt': 7, 'title_font_size_pt': 8, 'legend_font_size_pt': 6, 'label_pad_pt': 0.5, 'tick_pad_pt': 2.0, 'title_pad_pt': 1.0, 'font_family': 'Arial', 'n_ticks': 4, 'font_family_requested': 'Arial', 'font_family_actual': 'Arial'}}, 'matplotlib': {'version': '3.10.3'}, 'id': '03_sns_scatterplot', 'dimensions': {'figure_size_mm': (np.float64(80.0), np.float64(68.0)), 'figure_size_inch': (np.float64(3.1496062992125986), np.float64(2.677165354330709)), 'figure_size_px': (944, 803), 'axes_size_mm': (np.float64(40.0), np.float64(27.999999999999993)), 'axes_size_inch': (np.float64(1.5748031496062993), np.float64(1.1023622047244093)), 'axes_size_px': (472, 330), 'axes_position': (np.float64(0.25), np.float64(0.29411764705882354), np.float64(0.5), np.float64(0.41176470588235287)), 'dpi': 300}, 'margins_mm': {'left': np.float64(20.0), 'bottom': np.float64(20.0), 'right': np.float64(20.0), 'top': np.float64(20.000000000000007)}, 'axes_bbox_px': {'x0': 236, 'y0': 236, 'x1': 708, 'y1': 566, 'width': 472, 'height': 330}, 'axes_bbox_mm': {'x0': np.float64(20.0), 'y0': np.float64(20.0), 'x1': np.float64(60.0), 'y1': np.float64(47.99999999999999), 'width': np.float64(40.0), 'height': np.float64(27.999999999999993)}, 'axes': {'x': {'label': 'Predictor', 'unit': 'a.u.', 'scale': 'linear', 'n_ticks': 4}, 'y': {'label': 'Response', 'unit': 'a.u.', 'scale': 'linear', 'n_ticks': 4}}, 'plot_type': 'scatter', 'url': 'https://scitex.ai'}[0m
[90mINFO:   • Auto-cropped with 1.0mm margin (11px at 300 DPI)[0m
[32mSUCC: Saved to: ./examples/demo_plot_all_types_publication_out/publication/04_seaborn/03_sns_scatterplot.csv (4.1 KiB)[0m
[32mSUCC: Saved to: ./examples/demo_plot_all_types_publication_out/publication/04_seaborn/03_sns_scatterplot.json (2.5 KiB)[0m
[32mSUCC: Saved to: ./examples/demo_plot_all_types_publication_out/publication/04_seaborn/03_sns_scatterplot.png (1.1 MiB)[0m
[90mINFO:   • Auto-collected metadata from figure[0m
[90mINFO: 📝 Saving figure with metadata to: /home/ywatanabe/proj/scitex-code/examples/demo_plot_all_types_publication_out/publication/04_seaborn/03_sns_scatterplot.pdf[0m
[90mINFO:   • Auto-added URL: https://scitex.ai[0m
/home/ywatanabe/proj/scitex-code/src/scitex/io/_save_modules/_image.py:174: UserWarning: This figure includes Axes that are not compatible with tight_layout, so results might be incorrect.
  obj.savefig(spath, **save_kwargs)
[90mINFO:   • Embedded metadata: {'metadata_version': '1.1.0', 'scitex': {'version': '2.2.2', 'created_at': '2025-11-20T05:07:19.061774', 'created_with': 'scitex.plt.subplots (mm-control)', 'mode': 'publication', 'axes_size_mm': (40, 28), 'position_in_grid': (0, 0), 'style_mm': {'axis_thickness_mm': 0.2, 'tick_length_mm': 0.8, 'tick_thickness_mm': 0.2, 'trace_thickness_mm': 0.2, 'axis_font_size_pt': 7, 'tick_font_size_pt': 7, 'title_font_size_pt': 8, 'legend_font_size_pt': 6, 'label_pad_pt': 0.5, 'tick_pad_pt': 2.0, 'title_pad_pt': 1.0, 'font_family': 'Arial', 'n_ticks': 4, 'font_family_requested': 'Arial', 'font_family_actual': 'Arial'}}, 'matplotlib': {'version': '3.10.3'}, 'id': '03_sns_scatterplot', 'dimensions': {'figure_size_mm': (np.float64(80.0), np.float64(68.0)), 'figure_size_inch': (np.float64(3.1496062992125986), np.float64(2.677165354330709)), 'figure_size_px': (944, 803), 'axes_size_mm': (np.float64(40.0), np.float64(27.999999999999993)), 'axes_size_inch': (np.float64(1.5748031496062993), np.float64(1.1023622047244093)), 'axes_size_px': (472, 330), 'axes_position': (np.float64(0.25), np.float64(0.29411764705882354), np.float64(0.5), np.float64(0.41176470588235287)), 'dpi': 300}, 'margins_mm': {'left': np.float64(20.0), 'bottom': np.float64(20.0), 'right': np.float64(20.0), 'top': np.float64(20.000000000000007)}, 'axes_bbox_px': {'x0': 236, 'y0': 236, 'x1': 708, 'y1': 566, 'width': 472, 'height': 330}, 'axes_bbox_mm': {'x0': np.float64(20.0), 'y0': np.float64(20.0), 'x1': np.float64(60.0), 'y1': np.float64(47.99999999999999), 'width': np.float64(40.0), 'height': np.float64(27.999999999999993)}, 'axes': {'x': {'label': 'Predictor', 'unit': 'a.u.', 'scale': 'linear', 'n_ticks': 4}, 'y': {'label': 'Response', 'unit': 'a.u.', 'scale': 'linear', 'n_ticks': 4}}, 'plot_type': 'scatter', 'url': 'https://scitex.ai'}[0m
[32mSUCC: Saved to: ./examples/demo_plot_all_types_publication_out/publication/04_seaborn/03_sns_scatterplot.csv (4.1 KiB)[0m
[32mSUCC: Saved to: ./examples/demo_plot_all_types_publication_out/publication/04_seaborn/03_sns_scatterplot.json (2.5 KiB)[0m
[32mSUCC: Saved to: ./examples/demo_plot_all_types_publication_out/publication/04_seaborn/03_sns_scatterplot.pdf (19.4 KiB)[0m
[90mINFO:   • Auto-collected metadata from figure[0m
[90mINFO: 📝 Saving figure with metadata to: /home/ywatanabe/proj/scitex-code/examples/demo_plot_all_types_publication_out/publication/04_seaborn/03_sns_scatterplot.jpg[0m
[90mINFO:   • Auto-added URL: https://scitex.ai[0m
/home/ywatanabe/proj/scitex-code/src/scitex/io/_save_modules/_image.py:103: UserWarning: This figure includes Axes that are not compatible with tight_layout, so results might be incorrect.
  obj.figure.savefig(buf, **save_kwargs)
[90mINFO:   • Embedded metadata: {'metadata_version': '1.1.0', 'scitex': {'version': '2.2.2', 'created_at': '2025-11-20T05:07:19.216501', 'created_with': 'scitex.plt.subplots (mm-control)', 'mode': 'publication', 'axes_size_mm': (40, 28), 'position_in_grid': (0, 0), 'style_mm': {'axis_thickness_mm': 0.2, 'tick_length_mm': 0.8, 'tick_thickness_mm': 0.2, 'trace_thickness_mm': 0.2, 'axis_font_size_pt': 7, 'tick_font_size_pt': 7, 'title_font_size_pt': 8, 'legend_font_size_pt': 6, 'label_pad_pt': 0.5, 'tick_pad_pt': 2.0, 'title_pad_pt': 1.0, 'font_family': 'Arial', 'n_ticks': 4, 'font_family_requested': 'Arial', 'font_family_actual': 'Arial'}}, 'matplotlib': {'version': '3.10.3'}, 'id': '03_sns_scatterplot', 'dimensions': {'figure_size_mm': (np.float64(80.0), np.float64(68.0)), 'figure_size_inch': (np.float64(3.1496062992125986), np.float64(2.677165354330709)), 'figure_size_px': (944, 803), 'axes_size_mm': (np.float64(40.0), np.float64(27.999999999999993)), 'axes_size_inch': (np.float64(1.5748031496062993), np.float64(1.1023622047244093)), 'axes_size_px': (472, 330), 'axes_position': (np.float64(0.25), np.float64(0.29411764705882354), np.float64(0.5), np.float64(0.41176470588235287)), 'dpi': 300}, 'margins_mm': {'left': np.float64(20.0), 'bottom': np.float64(20.0), 'right': np.float64(20.0), 'top': np.float64(20.000000000000007)}, 'axes_bbox_px': {'x0': 236, 'y0': 236, 'x1': 708, 'y1': 566, 'width': 472, 'height': 330}, 'axes_bbox_mm': {'x0': np.float64(20.0), 'y0': np.float64(20.0), 'x1': np.float64(60.0), 'y1': np.float64(47.99999999999999), 'width': np.float64(40.0), 'height': np.float64(27.999999999999993)}, 'axes': {'x': {'label': 'Predictor', 'unit': 'a.u.', 'scale': 'linear', 'n_ticks': 4}, 'y': {'label': 'Response', 'unit': 'a.u.', 'scale': 'linear', 'n_ticks': 4}}, 'plot_type': 'scatter', 'url': 'https://scitex.ai'}[0m
[90mINFO:   • Auto-cropped with 1.0mm margin (23px at 600 DPI)[0m
[32mSUCC: Saved to: ./examples/demo_plot_all_types_publication_out/publication/04_seaborn/03_sns_scatterplot.csv (4.1 KiB)[0m
[32mSUCC: Saved to: ./examples/demo_plot_all_types_publication_out/publication/04_seaborn/03_sns_scatterplot.json (2.5 KiB)[0m
[32mSUCC: Saved to: ./examples/demo_plot_all_types_publication_out/publication/04_seaborn/03_sns_scatterplot.jpg (312.0 KiB)[0m
[90mINFO:   • Auto-collected metadata from figure[0m
[90mINFO: 📝 Saving figure with metadata to: /home/ywatanabe/proj/scitex-code/examples/demo_plot_all_types_publication_out/publication/04_seaborn/04_sns_lineplot.png[0m
[90mINFO:   • Auto-added URL: https://scitex.ai[0m
/home/ywatanabe/proj/scitex-code/src/scitex/io/_save_modules/_image.py:57: UserWarning: This figure includes Axes that are not compatible with tight_layout, so results might be incorrect.
  obj.savefig(spath, **kwargs)
[90mINFO:   • Embedded metadata: {'metadata_version': '1.1.0', 'scitex': {'version': '2.2.2', 'created_at': '2025-11-20T05:07:19.906067', 'created_with': 'scitex.plt.subplots (mm-control)', 'mode': 'publication', 'axes_size_mm': (40, 28), 'position_in_grid': (0, 0), 'style_mm': {'axis_thickness_mm': 0.2, 'tick_length_mm': 0.8, 'tick_thickness_mm': 0.2, 'trace_thickness_mm': 0.2, 'axis_font_size_pt': 7, 'tick_font_size_pt': 7, 'title_font_size_pt': 8, 'legend_font_size_pt': 6, 'label_pad_pt': 0.5, 'tick_pad_pt': 2.0, 'title_pad_pt': 1.0, 'font_family': 'Arial', 'n_ticks': 4, 'font_family_requested': 'Arial', 'font_family_actual': 'Arial'}}, 'matplotlib': {'version': '3.10.3'}, 'id': '04_sns_lineplot', 'dimensions': {'figure_size_mm': (np.float64(80.0), np.float64(68.0)), 'figure_size_inch': (np.float64(3.1496062992125986), np.float64(2.677165354330709)), 'figure_size_px': (944, 803), 'axes_size_mm': (np.float64(40.0), np.float64(27.999999999999993)), 'axes_size_inch': (np.float64(1.5748031496062993), np.float64(1.1023622047244093)), 'axes_size_px': (472, 330), 'axes_position': (np.float64(0.25), np.float64(0.29411764705882354), np.float64(0.5), np.float64(0.41176470588235287)), 'dpi': 300}, 'margins_mm': {'left': np.float64(20.0), 'bottom': np.float64(20.0), 'right': np.float64(20.0), 'top': np.float64(20.000000000000007)}, 'axes_bbox_px': {'x0': 236, 'y0': 236, 'x1': 708, 'y1': 566, 'width': 472, 'height': 330}, 'axes_bbox_mm': {'x0': np.float64(20.0), 'y0': np.float64(20.0), 'x1': np.float64(60.0), 'y1': np.float64(47.99999999999999), 'width': np.float64(40.0), 'height': np.float64(27.999999999999993)}, 'axes': {'x': {'label': 'Time', 'unit': 's', 'scale': 'linear', 'n_ticks': 4}, 'y': {'label': 'Signal', 'unit': 'a.u.', 'scale': 'linear', 'n_ticks': 4}}, 'plot_type': 'line', 'url': 'https://scitex.ai'}[0m
[90mINFO:   • Auto-cropped with 1.0mm margin (11px at 300 DPI)[0m
/home/ywatanabe/proj/scitex-code/src/scitex/plt/_subplots/_AxisWrapperMixins/_TrackingMixin.py:113: UserWarning: Method 'sns_lineplot()' does not support data tracking for CSV export. Consider using scitex plot methods (e.g., plot_image, plot_imshow) for data export support.
  df = _export_as_csv(self.history)
[32mSUCC: Saved to: ./examples/demo_plot_all_types_publication_out/publication/04_seaborn/04_sns_lineplot.json (2.4 KiB)[0m
[32mSUCC: Saved to: ./examples/demo_plot_all_types_publication_out/publication/04_seaborn/04_sns_lineplot.png (1.1 MiB)[0m
[90mINFO:   • Auto-collected metadata from figure[0m
[90mINFO: 📝 Saving figure with metadata to: /home/ywatanabe/proj/scitex-code/examples/demo_plot_all_types_publication_out/publication/04_seaborn/04_sns_lineplot.pdf[0m
[90mINFO:   • Auto-added URL: https://scitex.ai[0m
/home/ywatanabe/proj/scitex-code/src/scitex/io/_save_modules/_image.py:174: UserWarning: This figure includes Axes that are not compatible with tight_layout, so results might be incorrect.
  obj.savefig(spath, **save_kwargs)
[90mINFO:   • Embedded metadata: {'metadata_version': '1.1.0', 'scitex': {'version': '2.2.2', 'created_at': '2025-11-20T05:07:20.177901', 'created_with': 'scitex.plt.subplots (mm-control)', 'mode': 'publication', 'axes_size_mm': (40, 28), 'position_in_grid': (0, 0), 'style_mm': {'axis_thickness_mm': 0.2, 'tick_length_mm': 0.8, 'tick_thickness_mm': 0.2, 'trace_thickness_mm': 0.2, 'axis_font_size_pt': 7, 'tick_font_size_pt': 7, 'title_font_size_pt': 8, 'legend_font_size_pt': 6, 'label_pad_pt': 0.5, 'tick_pad_pt': 2.0, 'title_pad_pt': 1.0, 'font_family': 'Arial', 'n_ticks': 4, 'font_family_requested': 'Arial', 'font_family_actual': 'Arial'}}, 'matplotlib': {'version': '3.10.3'}, 'id': '04_sns_lineplot', 'dimensions': {'figure_size_mm': (np.float64(80.0), np.float64(68.0)), 'figure_size_inch': (np.float64(3.1496062992125986), np.float64(2.677165354330709)), 'figure_size_px': (944, 803), 'axes_size_mm': (np.float64(40.0), np.float64(27.999999999999993)), 'axes_size_inch': (np.float64(1.5748031496062993), np.float64(1.1023622047244093)), 'axes_size_px': (472, 330), 'axes_position': (np.float64(0.25), np.float64(0.29411764705882354), np.float64(0.5), np.float64(0.41176470588235287)), 'dpi': 300}, 'margins_mm': {'left': np.float64(20.0), 'bottom': np.float64(20.0), 'right': np.float64(20.0), 'top': np.float64(20.000000000000007)}, 'axes_bbox_px': {'x0': 236, 'y0': 236, 'x1': 708, 'y1': 566, 'width': 472, 'height': 330}, 'axes_bbox_mm': {'x0': np.float64(20.0), 'y0': np.float64(20.0), 'x1': np.float64(60.0), 'y1': np.float64(47.99999999999999), 'width': np.float64(40.0), 'height': np.float64(27.999999999999993)}, 'axes': {'x': {'label': 'Time', 'unit': 's', 'scale': 'linear', 'n_ticks': 4}, 'y': {'label': 'Signal', 'unit': 'a.u.', 'scale': 'linear', 'n_ticks': 4}}, 'plot_type': 'line', 'url': 'https://scitex.ai'}[0m
[32mSUCC: Saved to: ./examples/demo_plot_all_types_publication_out/publication/04_seaborn/04_sns_lineplot.json (2.4 KiB)[0m
[32mSUCC: Saved to: ./examples/demo_plot_all_types_publication_out/publication/04_seaborn/04_sns_lineplot.pdf (18.0 KiB)[0m
[90mINFO:   • Auto-collected metadata from figure[0m
[90mINFO: 📝 Saving figure with metadata to: /home/ywatanabe/proj/scitex-code/examples/demo_plot_all_types_publication_out/publication/04_seaborn/04_sns_lineplot.jpg[0m
[90mINFO:   • Auto-added URL: https://scitex.ai[0m
/home/ywatanabe/proj/scitex-code/src/scitex/io/_save_modules/_image.py:103: UserWarning: This figure includes Axes that are not compatible with tight_layout, so results might be incorrect.
  obj.figure.savefig(buf, **save_kwargs)
[90mINFO:   • Embedded metadata: {'metadata_version': '1.1.0', 'scitex': {'version': '2.2.2', 'created_at': '2025-11-20T05:07:20.316590', 'created_with': 'scitex.plt.subplots (mm-control)', 'mode': 'publication', 'axes_size_mm': (40, 28), 'position_in_grid': (0, 0), 'style_mm': {'axis_thickness_mm': 0.2, 'tick_length_mm': 0.8, 'tick_thickness_mm': 0.2, 'trace_thickness_mm': 0.2, 'axis_font_size_pt': 7, 'tick_font_size_pt': 7, 'title_font_size_pt': 8, 'legend_font_size_pt': 6, 'label_pad_pt': 0.5, 'tick_pad_pt': 2.0, 'title_pad_pt': 1.0, 'font_family': 'Arial', 'n_ticks': 4, 'font_family_requested': 'Arial', 'font_family_actual': 'Arial'}}, 'matplotlib': {'version': '3.10.3'}, 'id': '04_sns_lineplot', 'dimensions': {'figure_size_mm': (np.float64(80.0), np.float64(68.0)), 'figure_size_inch': (np.float64(3.1496062992125986), np.float64(2.677165354330709)), 'figure_size_px': (944, 803), 'axes_size_mm': (np.float64(40.0), np.float64(27.999999999999993)), 'axes_size_inch': (np.float64(1.5748031496062993), np.float64(1.1023622047244093)), 'axes_size_px': (472, 330), 'axes_position': (np.float64(0.25), np.float64(0.29411764705882354), np.float64(0.5), np.float64(0.41176470588235287)), 'dpi': 300}, 'margins_mm': {'left': np.float64(20.0), 'bottom': np.float64(20.0), 'right': np.float64(20.0), 'top': np.float64(20.000000000000007)}, 'axes_bbox_px': {'x0': 236, 'y0': 236, 'x1': 708, 'y1': 566, 'width': 472, 'height': 330}, 'axes_bbox_mm': {'x0': np.float64(20.0), 'y0': np.float64(20.0), 'x1': np.float64(60.0), 'y1': np.float64(47.99999999999999), 'width': np.float64(40.0), 'height': np.float64(27.999999999999993)}, 'axes': {'x': {'label': 'Time', 'unit': 's', 'scale': 'linear', 'n_ticks': 4}, 'y': {'label': 'Signal', 'unit': 'a.u.', 'scale': 'linear', 'n_ticks': 4}}, 'plot_type': 'line', 'url': 'https://scitex.ai'}[0m
[90mINFO:   • Auto-cropped with 1.0mm margin (23px at 600 DPI)[0m
[32mSUCC: Saved to: ./examples/demo_plot_all_types_publication_out/publication/04_seaborn/04_sns_lineplot.json (2.4 KiB)[0m
[32mSUCC: Saved to: ./examples/demo_plot_all_types_publication_out/publication/04_seaborn/04_sns_lineplot.jpg (451.2 KiB)[0m
/home/ywatanabe/proj/scitex-code/src/scitex/plt/_subplots/_AxisWrapperMixins/_AdjustmentMixin.py:215: UserWarning: No artists with labels found to put in legend.  Note that artists whose label start with an underscore are ignored when legend() is called with no argument.
  legend_obj = self._axis_mpl.legend(*args, loc=loc, **kwargs)
[90mINFO:   • Auto-collected metadata from figure[0m
[90mINFO: 📝 Saving figure with metadata to: /home/ywatanabe/proj/scitex-code/examples/demo_plot_all_types_publication_out/publication/04_seaborn/05_sns_histplot.png[0m
[90mINFO:   • Auto-added URL: https://scitex.ai[0m
/home/ywatanabe/proj/scitex-code/src/scitex/io/_save_modules/_image.py:57: UserWarning: This figure includes Axes that are not compatible with tight_layout, so results might be incorrect.
  obj.savefig(spath, **kwargs)
[90mINFO:   • Embedded metadata: {'metadata_version': '1.1.0', 'scitex': {'version': '2.2.2', 'created_at': '2025-11-20T05:07:21.187577', 'created_with': 'scitex.plt.subplots (mm-control)', 'mode': 'publication', 'axes_size_mm': (40, 28), 'position_in_grid': (0, 0), 'style_mm': {'axis_thickness_mm': 0.2, 'tick_length_mm': 0.8, 'tick_thickness_mm': 0.2, 'trace_thickness_mm': 0.2, 'axis_font_size_pt': 7, 'tick_font_size_pt': 7, 'title_font_size_pt': 8, 'legend_font_size_pt': 6, 'label_pad_pt': 0.5, 'tick_pad_pt': 2.0, 'title_pad_pt': 1.0, 'font_family': 'Arial', 'n_ticks': 4, 'font_family_requested': 'Arial', 'font_family_actual': 'Arial'}}, 'matplotlib': {'version': '3.10.3'}, 'id': '05_sns_histplot', 'dimensions': {'figure_size_mm': (np.float64(80.0), np.float64(68.0)), 'figure_size_inch': (np.float64(3.1496062992125986), np.float64(2.677165354330709)), 'figure_size_px': (944, 803), 'axes_size_mm': (np.float64(40.0), np.float64(27.999999999999993)), 'axes_size_inch': (np.float64(1.5748031496062993), np.float64(1.1023622047244093)), 'axes_size_px': (472, 330), 'axes_position': (np.float64(0.25), np.float64(0.29411764705882354), np.float64(0.5), np.float64(0.41176470588235287)), 'dpi': 300}, 'margins_mm': {'left': np.float64(20.0), 'bottom': np.float64(20.0), 'right': np.float64(20.0), 'top': np.float64(20.000000000000007)}, 'axes_bbox_px': {'x0': 236, 'y0': 236, 'x1': 708, 'y1': 566, 'width': 472, 'height': 330}, 'axes_bbox_mm': {'x0': np.float64(20.0), 'y0': np.float64(20.0), 'x1': np.float64(60.0), 'y1': np.float64(47.99999999999999), 'width': np.float64(40.0), 'height': np.float64(27.999999999999993)}, 'axes': {'x': {'label': 'Value', 'unit': 'a.u.', 'scale': 'linear', 'n_ticks': 4}, 'y': {'label': 'Count', 'unit': '', 'scale': 'linear', 'n_ticks': 4}}, 'plot_type': 'bar', 'url': 'https://scitex.ai'}[0m
[90mINFO:   • Auto-cropped with 1.0mm margin (11px at 300 DPI)[0m
[32mSUCC: Saved to: ./examples/demo_plot_all_types_publication_out/publication/04_seaborn/05_sns_histplot.csv (1.7 KiB)[0m
[32mSUCC: Saved to: ./examples/demo_plot_all_types_publication_out/publication/04_seaborn/05_sns_histplot.json (2.4 KiB)[0m
[32mSUCC: Saved to: ./examples/demo_plot_all_types_publication_out/publication/04_seaborn/05_sns_histplot.png (1.1 MiB)[0m
[90mINFO:   • Auto-collected metadata from figure[0m
[90mINFO: 📝 Saving figure with metadata to: /home/ywatanabe/proj/scitex-code/examples/demo_plot_all_types_publication_out/publication/04_seaborn/05_sns_histplot.pdf[0m
[90mINFO:   • Auto-added URL: https://scitex.ai[0m
/home/ywatanabe/proj/scitex-code/src/scitex/io/_save_modules/_image.py:174: UserWarning: This figure includes Axes that are not compatible with tight_layout, so results might be incorrect.
  obj.savefig(spath, **save_kwargs)
[90mINFO:   • Embedded metadata: {'metadata_version': '1.1.0', 'scitex': {'version': '2.2.2', 'created_at': '2025-11-20T05:07:21.563055', 'created_with': 'scitex.plt.subplots (mm-control)', 'mode': 'publication', 'axes_size_mm': (40, 28), 'position_in_grid': (0, 0), 'style_mm': {'axis_thickness_mm': 0.2, 'tick_length_mm': 0.8, 'tick_thickness_mm': 0.2, 'trace_thickness_mm': 0.2, 'axis_font_size_pt': 7, 'tick_font_size_pt': 7, 'title_font_size_pt': 8, 'legend_font_size_pt': 6, 'label_pad_pt': 0.5, 'tick_pad_pt': 2.0, 'title_pad_pt': 1.0, 'font_family': 'Arial', 'n_ticks': 4, 'font_family_requested': 'Arial', 'font_family_actual': 'Arial'}}, 'matplotlib': {'version': '3.10.3'}, 'id': '05_sns_histplot', 'dimensions': {'figure_size_mm': (np.float64(80.0), np.float64(68.0)), 'figure_size_inch': (np.float64(3.1496062992125986), np.float64(2.677165354330709)), 'figure_size_px': (944, 803), 'axes_size_mm': (np.float64(40.0), np.float64(27.999999999999993)), 'axes_size_inch': (np.float64(1.5748031496062993), np.float64(1.1023622047244093)), 'axes_size_px': (472, 330), 'axes_position': (np.float64(0.25), np.float64(0.29411764705882354), np.float64(0.5), np.float64(0.41176470588235287)), 'dpi': 300}, 'margins_mm': {'left': np.float64(20.0), 'bottom': np.float64(20.0), 'right': np.float64(20.0), 'top': np.float64(20.000000000000007)}, 'axes_bbox_px': {'x0': 236, 'y0': 236, 'x1': 708, 'y1': 566, 'width': 472, 'height': 330}, 'axes_bbox_mm': {'x0': np.float64(20.0), 'y0': np.float64(20.0), 'x1': np.float64(60.0), 'y1': np.float64(47.99999999999999), 'width': np.float64(40.0), 'height': np.float64(27.999999999999993)}, 'axes': {'x': {'label': 'Value', 'unit': 'a.u.', 'scale': 'linear', 'n_ticks': 4}, 'y': {'label': 'Count', 'unit': '', 'scale': 'linear', 'n_ticks': 4}}, 'plot_type': 'bar', 'url': 'https://scitex.ai'}[0m
[32mSUCC: Saved to: ./examples/demo_plot_all_types_publication_out/publication/04_seaborn/05_sns_histplot.csv (1.7 KiB)[0m
[32mSUCC: Saved to: ./examples/demo_plot_all_types_publication_out/publication/04_seaborn/05_sns_histplot.json (2.4 KiB)[0m
[32mSUCC: Saved to: ./examples/demo_plot_all_types_publication_out/publication/04_seaborn/05_sns_histplot.pdf (17.5 KiB)[0m
[90mINFO:   • Auto-collected metadata from figure[0m
[90mINFO: 📝 Saving figure with metadata to: /home/ywatanabe/proj/scitex-code/examples/demo_plot_all_types_publication_out/publication/04_seaborn/05_sns_histplot.jpg[0m
[90mINFO:   • Auto-added URL: https://scitex.ai[0m
/home/ywatanabe/proj/scitex-code/src/scitex/io/_save_modules/_image.py:103: UserWarning: This figure includes Axes that are not compatible with tight_layout, so results might be incorrect.
  obj.figure.savefig(buf, **save_kwargs)
[90mINFO:   • Embedded metadata: {'metadata_version': '1.1.0', 'scitex': {'version': '2.2.2', 'created_at': '2025-11-20T05:07:21.720323', 'created_with': 'scitex.plt.subplots (mm-control)', 'mode': 'publication', 'axes_size_mm': (40, 28), 'position_in_grid': (0, 0), 'style_mm': {'axis_thickness_mm': 0.2, 'tick_length_mm': 0.8, 'tick_thickness_mm': 0.2, 'trace_thickness_mm': 0.2, 'axis_font_size_pt': 7, 'tick_font_size_pt': 7, 'title_font_size_pt': 8, 'legend_font_size_pt': 6, 'label_pad_pt': 0.5, 'tick_pad_pt': 2.0, 'title_pad_pt': 1.0, 'font_family': 'Arial', 'n_ticks': 4, 'font_family_requested': 'Arial', 'font_family_actual': 'Arial'}}, 'matplotlib': {'version': '3.10.3'}, 'id': '05_sns_histplot', 'dimensions': {'figure_size_mm': (np.float64(80.0), np.float64(68.0)), 'figure_size_inch': (np.float64(3.1496062992125986), np.float64(2.677165354330709)), 'figure_size_px': (944, 803), 'axes_size_mm': (np.float64(40.0), np.float64(27.999999999999993)), 'axes_size_inch': (np.float64(1.5748031496062993), np.float64(1.1023622047244093)), 'axes_size_px': (472, 330), 'axes_position': (np.float64(0.25), np.float64(0.29411764705882354), np.float64(0.5), np.float64(0.41176470588235287)), 'dpi': 300}, 'margins_mm': {'left': np.float64(20.0), 'bottom': np.float64(20.0), 'right': np.float64(20.0), 'top': np.float64(20.000000000000007)}, 'axes_bbox_px': {'x0': 236, 'y0': 236, 'x1': 708, 'y1': 566, 'width': 472, 'height': 330}, 'axes_bbox_mm': {'x0': np.float64(20.0), 'y0': np.float64(20.0), 'x1': np.float64(60.0), 'y1': np.float64(47.99999999999999), 'width': np.float64(40.0), 'height': np.float64(27.999999999999993)}, 'axes': {'x': {'label': 'Value', 'unit': 'a.u.', 'scale': 'linear', 'n_ticks': 4}, 'y': {'label': 'Count', 'unit': '', 'scale': 'linear', 'n_ticks': 4}}, 'plot_type': 'bar', 'url': 'https://scitex.ai'}[0m
[90mINFO:   • Auto-cropped with 1.0mm margin (23px at 600 DPI)[0m
[32mSUCC: Saved to: ./examples/demo_plot_all_types_publication_out/publication/04_seaborn/05_sns_histplot.csv (1.7 KiB)[0m
[32mSUCC: Saved to: ./examples/demo_plot_all_types_publication_out/publication/04_seaborn/05_sns_histplot.json (2.4 KiB)[0m
[32mSUCC: Saved to: ./examples/demo_plot_all_types_publication_out/publication/04_seaborn/05_sns_histplot.jpg (236.7 KiB)[0m
[90mINFO:   • Auto-collected metadata from figure[0m
[90mINFO: 📝 Saving figure with metadata to: /home/ywatanabe/proj/scitex-code/examples/demo_plot_all_types_publication_out/publication/04_seaborn/06_sns_barplot.png[0m
[90mINFO:   • Auto-added URL: https://scitex.ai[0m
/home/ywatanabe/proj/scitex-code/src/scitex/io/_save_modules/_image.py:57: UserWarning: This figure includes Axes that are not compatible with tight_layout, so results might be incorrect.
  obj.savefig(spath, **kwargs)
[90mINFO:   • Embedded metadata: {'metadata_version': '1.1.0', 'scitex': {'version': '2.2.2', 'created_at': '2025-11-20T05:07:22.690547', 'created_with': 'scitex.plt.subplots (mm-control)', 'mode': 'publication', 'axes_size_mm': (40, 28), 'position_in_grid': (0, 0), 'style_mm': {'axis_thickness_mm': 0.2, 'tick_length_mm': 0.8, 'tick_thickness_mm': 0.2, 'trace_thickness_mm': 0.2, 'axis_font_size_pt': 7, 'tick_font_size_pt': 7, 'title_font_size_pt': 8, 'legend_font_size_pt': 6, 'label_pad_pt': 0.5, 'tick_pad_pt': 2.0, 'title_pad_pt': 1.0, 'font_family': 'Arial', 'n_ticks': 4, 'font_family_requested': 'Arial', 'font_family_actual': 'Arial'}}, 'matplotlib': {'version': '3.10.3'}, 'id': '06_sns_barplot', 'dimensions': {'figure_size_mm': (np.float64(80.0), np.float64(68.0)), 'figure_size_inch': (np.float64(3.1496062992125986), np.float64(2.677165354330709)), 'figure_size_px': (944, 803), 'axes_size_mm': (np.float64(40.0), np.float64(27.999999999999993)), 'axes_size_inch': (np.float64(1.5748031496062993), np.float64(1.1023622047244093)), 'axes_size_px': (472, 330), 'axes_position': (np.float64(0.25), np.float64(0.29411764705882354), np.float64(0.5), np.float64(0.41176470588235287)), 'dpi': 300}, 'margins_mm': {'left': np.float64(20.0), 'bottom': np.float64(20.0), 'right': np.float64(20.0), 'top': np.float64(20.000000000000007)}, 'axes_bbox_px': {'x0': 236, 'y0': 236, 'x1': 708, 'y1': 566, 'width': 472, 'height': 330}, 'axes_bbox_mm': {'x0': np.float64(20.0), 'y0': np.float64(20.0), 'x1': np.float64(60.0), 'y1': np.float64(47.99999999999999), 'width': np.float64(40.0), 'height': np.float64(27.999999999999993)}, 'axes': {'x': {'label': 'Category', 'unit': '', 'scale': 'linear', 'n_ticks': 4}, 'y': {'label': 'Value', 'unit': 'a.u.', 'scale': 'linear', 'n_ticks': 4}}, 'plot_type': 'bar', 'url': 'https://scitex.ai'}[0m
[90mINFO:   • Auto-cropped with 1.0mm margin (11px at 300 DPI)[0m
[32mSUCC: Saved to: ./examples/demo_plot_all_types_publication_out/publication/04_seaborn/06_sns_barplot.csv (3.1 KiB)[0m
[32mSUCC: Saved to: ./examples/demo_plot_all_types_publication_out/publication/04_seaborn/06_sns_barplot.json (2.4 KiB)[0m
[32mSUCC: Saved to: ./examples/demo_plot_all_types_publication_out/publication/04_seaborn/06_sns_barplot.png (1.1 MiB)[0m
[90mINFO:   • Auto-collected metadata from figure[0m
[90mINFO: 📝 Saving figure with metadata to: /home/ywatanabe/proj/scitex-code/examples/demo_plot_all_types_publication_out/publication/04_seaborn/06_sns_barplot.pdf[0m
[90mINFO:   • Auto-added URL: https://scitex.ai[0m
/home/ywatanabe/proj/scitex-code/src/scitex/io/_save_modules/_image.py:174: UserWarning: This figure includes Axes that are not compatible with tight_layout, so results might be incorrect.
  obj.savefig(spath, **save_kwargs)
[90mINFO:   • Embedded metadata: {'metadata_version': '1.1.0', 'scitex': {'version': '2.2.2', 'created_at': '2025-11-20T05:07:23.089483', 'created_with': 'scitex.plt.subplots (mm-control)', 'mode': 'publication', 'axes_size_mm': (40, 28), 'position_in_grid': (0, 0), 'style_mm': {'axis_thickness_mm': 0.2, 'tick_length_mm': 0.8, 'tick_thickness_mm': 0.2, 'trace_thickness_mm': 0.2, 'axis_font_size_pt': 7, 'tick_font_size_pt': 7, 'title_font_size_pt': 8, 'legend_font_size_pt': 6, 'label_pad_pt': 0.5, 'tick_pad_pt': 2.0, 'title_pad_pt': 1.0, 'font_family': 'Arial', 'n_ticks': 4, 'font_family_requested': 'Arial', 'font_family_actual': 'Arial'}}, 'matplotlib': {'version': '3.10.3'}, 'id': '06_sns_barplot', 'dimensions': {'figure_size_mm': (np.float64(80.0), np.float64(68.0)), 'figure_size_inch': (np.float64(3.1496062992125986), np.float64(2.677165354330709)), 'figure_size_px': (944, 803), 'axes_size_mm': (np.float64(40.0), np.float64(27.999999999999993)), 'axes_size_inch': (np.float64(1.5748031496062993), np.float64(1.1023622047244093)), 'axes_size_px': (472, 330), 'axes_position': (np.float64(0.25), np.float64(0.29411764705882354), np.float64(0.5), np.float64(0.41176470588235287)), 'dpi': 300}, 'margins_mm': {'left': np.float64(20.0), 'bottom': np.float64(20.0), 'right': np.float64(20.0), 'top': np.float64(20.000000000000007)}, 'axes_bbox_px': {'x0': 236, 'y0': 236, 'x1': 708, 'y1': 566, 'width': 472, 'height': 330}, 'axes_bbox_mm': {'x0': np.float64(20.0), 'y0': np.float64(20.0), 'x1': np.float64(60.0), 'y1': np.float64(47.99999999999999), 'width': np.float64(40.0), 'height': np.float64(27.999999999999993)}, 'axes': {'x': {'label': 'Category', 'unit': '', 'scale': 'linear', 'n_ticks': 4}, 'y': {'label': 'Value', 'unit': 'a.u.', 'scale': 'linear', 'n_ticks': 4}}, 'plot_type': 'bar', 'url': 'https://scitex.ai'}[0m
[32mSUCC: Saved to: ./examples/demo_plot_all_types_publication_out/publication/04_seaborn/06_sns_barplot.csv (3.1 KiB)[0m
[32mSUCC: Saved to: ./examples/demo_plot_all_types_publication_out/publication/04_seaborn/06_sns_barplot.json (2.4 KiB)[0m
[32mSUCC: Saved to: ./examples/demo_plot_all_types_publication_out/publication/04_seaborn/06_sns_barplot.pdf (14.8 KiB)[0m
[90mINFO:   • Auto-collected metadata from figure[0m
[90mINFO: 📝 Saving figure with metadata to: /home/ywatanabe/proj/scitex-code/examples/demo_plot_all_types_publication_out/publication/04_seaborn/06_sns_barplot.jpg[0m
[90mINFO:   • Auto-added URL: https://scitex.ai[0m
/home/ywatanabe/proj/scitex-code/src/scitex/io/_save_modules/_image.py:103: UserWarning: This figure includes Axes that are not compatible with tight_layout, so results might be incorrect.
  obj.figure.savefig(buf, **save_kwargs)
[90mINFO:   • Embedded metadata: {'metadata_version': '1.1.0', 'scitex': {'version': '2.2.2', 'created_at': '2025-11-20T05:07:23.297307', 'created_with': 'scitex.plt.subplots (mm-control)', 'mode': 'publication', 'axes_size_mm': (40, 28), 'position_in_grid': (0, 0), 'style_mm': {'axis_thickness_mm': 0.2, 'tick_length_mm': 0.8, 'tick_thickness_mm': 0.2, 'trace_thickness_mm': 0.2, 'axis_font_size_pt': 7, 'tick_font_size_pt': 7, 'title_font_size_pt': 8, 'legend_font_size_pt': 6, 'label_pad_pt': 0.5, 'tick_pad_pt': 2.0, 'title_pad_pt': 1.0, 'font_family': 'Arial', 'n_ticks': 4, 'font_family_requested': 'Arial', 'font_family_actual': 'Arial'}}, 'matplotlib': {'version': '3.10.3'}, 'id': '06_sns_barplot', 'dimensions': {'figure_size_mm': (np.float64(80.0), np.float64(68.0)), 'figure_size_inch': (np.float64(3.1496062992125986), np.float64(2.677165354330709)), 'figure_size_px': (944, 803), 'axes_size_mm': (np.float64(40.0), np.float64(27.999999999999993)), 'axes_size_inch': (np.float64(1.5748031496062993), np.float64(1.1023622047244093)), 'axes_size_px': (472, 330), 'axes_position': (np.float64(0.25), np.float64(0.29411764705882354), np.float64(0.5), np.float64(0.41176470588235287)), 'dpi': 300}, 'margins_mm': {'left': np.float64(20.0), 'bottom': np.float64(20.0), 'right': np.float64(20.0), 'top': np.float64(20.000000000000007)}, 'axes_bbox_px': {'x0': 236, 'y0': 236, 'x1': 708, 'y1': 566, 'width': 472, 'height': 330}, 'axes_bbox_mm': {'x0': np.float64(20.0), 'y0': np.float64(20.0), 'x1': np.float64(60.0), 'y1': np.float64(47.99999999999999), 'width': np.float64(40.0), 'height': np.float64(27.999999999999993)}, 'axes': {'x': {'label': 'Category', 'unit': '', 'scale': 'linear', 'n_ticks': 4}, 'y': {'label': 'Value', 'unit': 'a.u.', 'scale': 'linear', 'n_ticks': 4}}, 'plot_type': 'bar', 'url': 'https://scitex.ai'}[0m
[90mINFO:   • Auto-cropped with 1.0mm margin (23px at 600 DPI)[0m
[32mSUCC: Saved to: ./examples/demo_plot_all_types_publication_out/publication/04_seaborn/06_sns_barplot.csv (3.1 KiB)[0m
[32mSUCC: Saved to: ./examples/demo_plot_all_types_publication_out/publication/04_seaborn/06_sns_barplot.json (2.4 KiB)[0m
[32mSUCC: Saved to: ./examples/demo_plot_all_types_publication_out/publication/04_seaborn/06_sns_barplot.jpg (138.7 KiB)[0m
[90mINFO:   • Auto-collected metadata from figure[0m
[90mINFO: 📝 Saving figure with metadata to: /home/ywatanabe/proj/scitex-code/examples/demo_plot_all_types_publication_out/publication/04_seaborn/07_sns_stripplot.png[0m
[90mINFO:   • Auto-added URL: https://scitex.ai[0m
/home/ywatanabe/proj/scitex-code/src/scitex/io/_save_modules/_image.py:57: UserWarning: This figure includes Axes that are not compatible with tight_layout, so results might be incorrect.
  obj.savefig(spath, **kwargs)
[90mINFO:   • Embedded metadata: {'metadata_version': '1.1.0', 'scitex': {'version': '2.2.2', 'created_at': '2025-11-20T05:07:24.075374', 'created_with': 'scitex.plt.subplots (mm-control)', 'mode': 'publication', 'axes_size_mm': (40, 28), 'position_in_grid': (0, 0), 'style_mm': {'axis_thickness_mm': 0.2, 'tick_length_mm': 0.8, 'tick_thickness_mm': 0.2, 'trace_thickness_mm': 0.2, 'axis_font_size_pt': 7, 'tick_font_size_pt': 7, 'title_font_size_pt': 8, 'legend_font_size_pt': 6, 'label_pad_pt': 0.5, 'tick_pad_pt': 2.0, 'title_pad_pt': 1.0, 'font_family': 'Arial', 'n_ticks': 4, 'font_family_requested': 'Arial', 'font_family_actual': 'Arial'}}, 'matplotlib': {'version': '3.10.3'}, 'id': '07_sns_stripplot', 'dimensions': {'figure_size_mm': (np.float64(80.0), np.float64(68.0)), 'figure_size_inch': (np.float64(3.1496062992125986), np.float64(2.677165354330709)), 'figure_size_px': (944, 803), 'axes_size_mm': (np.float64(40.0), np.float64(27.999999999999993)), 'axes_size_inch': (np.float64(1.5748031496062993), np.float64(1.1023622047244093)), 'axes_size_px': (472, 330), 'axes_position': (np.float64(0.25), np.float64(0.29411764705882354), np.float64(0.5), np.float64(0.41176470588235287)), 'dpi': 300}, 'margins_mm': {'left': np.float64(20.0), 'bottom': np.float64(20.0), 'right': np.float64(20.0), 'top': np.float64(20.000000000000007)}, 'axes_bbox_px': {'x0': 236, 'y0': 236, 'x1': 708, 'y1': 566, 'width': 472, 'height': 330}, 'axes_bbox_mm': {'x0': np.float64(20.0), 'y0': np.float64(20.0), 'x1': np.float64(60.0), 'y1': np.float64(47.99999999999999), 'width': np.float64(40.0), 'height': np.float64(27.999999999999993)}, 'axes': {'x': {'label': 'Category', 'unit': '', 'scale': 'linear', 'n_ticks': 4}, 'y': {'label': 'Value', 'unit': 'a.u.', 'scale': 'linear', 'n_ticks': 4}}, 'plot_type': 'scatter', 'url': 'https://scitex.ai'}[0m
[90mINFO:   • Auto-cropped with 1.0mm margin (11px at 300 DPI)[0m
[32mSUCC: Saved to: ./examples/demo_plot_all_types_publication_out/publication/04_seaborn/07_sns_stripplot.csv (1.9 KiB)[0m
[32mSUCC: Saved to: ./examples/demo_plot_all_types_publication_out/publication/04_seaborn/07_sns_stripplot.json (2.4 KiB)[0m
[32mSUCC: Saved to: ./examples/demo_plot_all_types_publication_out/publication/04_seaborn/07_sns_stripplot.png (1.1 MiB)[0m
[90mINFO:   • Auto-collected metadata from figure[0m
[90mINFO: 📝 Saving figure with metadata to: /home/ywatanabe/proj/scitex-code/examples/demo_plot_all_types_publication_out/publication/04_seaborn/07_sns_stripplot.pdf[0m
[90mINFO:   • Auto-added URL: https://scitex.ai[0m
/home/ywatanabe/proj/scitex-code/src/scitex/io/_save_modules/_image.py:174: UserWarning: This figure includes Axes that are not compatible with tight_layout, so results might be incorrect.
  obj.savefig(spath, **save_kwargs)
[90mINFO:   • Embedded metadata: {'metadata_version': '1.1.0', 'scitex': {'version': '2.2.2', 'created_at': '2025-11-20T05:07:24.417224', 'created_with': 'scitex.plt.subplots (mm-control)', 'mode': 'publication', 'axes_size_mm': (40, 28), 'position_in_grid': (0, 0), 'style_mm': {'axis_thickness_mm': 0.2, 'tick_length_mm': 0.8, 'tick_thickness_mm': 0.2, 'trace_thickness_mm': 0.2, 'axis_font_size_pt': 7, 'tick_font_size_pt': 7, 'title_font_size_pt': 8, 'legend_font_size_pt': 6, 'label_pad_pt': 0.5, 'tick_pad_pt': 2.0, 'title_pad_pt': 1.0, 'font_family': 'Arial', 'n_ticks': 4, 'font_family_requested': 'Arial', 'font_family_actual': 'Arial'}}, 'matplotlib': {'version': '3.10.3'}, 'id': '07_sns_stripplot', 'dimensions': {'figure_size_mm': (np.float64(80.0), np.float64(68.0)), 'figure_size_inch': (np.float64(3.1496062992125986), np.float64(2.677165354330709)), 'figure_size_px': (944, 803), 'axes_size_mm': (np.float64(40.0), np.float64(27.999999999999993)), 'axes_size_inch': (np.float64(1.5748031496062993), np.float64(1.1023622047244093)), 'axes_size_px': (472, 330), 'axes_position': (np.float64(0.25), np.float64(0.29411764705882354), np.float64(0.5), np.float64(0.41176470588235287)), 'dpi': 300}, 'margins_mm': {'left': np.float64(20.0), 'bottom': np.float64(20.0), 'right': np.float64(20.0), 'top': np.float64(20.000000000000007)}, 'axes_bbox_px': {'x0': 236, 'y0': 236, 'x1': 708, 'y1': 566, 'width': 472, 'height': 330}, 'axes_bbox_mm': {'x0': np.float64(20.0), 'y0': np.float64(20.0), 'x1': np.float64(60.0), 'y1': np.float64(47.99999999999999), 'width': np.float64(40.0), 'height': np.float64(27.999999999999993)}, 'axes': {'x': {'label': 'Category', 'unit': '', 'scale': 'linear', 'n_ticks': 4}, 'y': {'label': 'Value', 'unit': 'a.u.', 'scale': 'linear', 'n_ticks': 4}}, 'plot_type': 'scatter', 'url': 'https://scitex.ai'}[0m
[32mSUCC: Saved to: ./examples/demo_plot_all_types_publication_out/publication/04_seaborn/07_sns_stripplot.csv (1.9 KiB)[0m
[32mSUCC: Saved to: ./examples/demo_plot_all_types_publication_out/publication/04_seaborn/07_sns_stripplot.json (2.4 KiB)[0m
[32mSUCC: Saved to: ./examples/demo_plot_all_types_publication_out/publication/04_seaborn/07_sns_stripplot.pdf (16.7 KiB)[0m
[90mINFO:   • Auto-collected metadata from figure[0m
[90mINFO: 📝 Saving figure with metadata to: /home/ywatanabe/proj/scitex-code/examples/demo_plot_all_types_publication_out/publication/04_seaborn/07_sns_stripplot.jpg[0m
[90mINFO:   • Auto-added URL: https://scitex.ai[0m
/home/ywatanabe/proj/scitex-code/src/scitex/io/_save_modules/_image.py:103: UserWarning: This figure includes Axes that are not compatible with tight_layout, so results might be incorrect.
  obj.figure.savefig(buf, **save_kwargs)
[90mINFO:   • Embedded metadata: {'metadata_version': '1.1.0', 'scitex': {'version': '2.2.2', 'created_at': '2025-11-20T05:07:24.595358', 'created_with': 'scitex.plt.subplots (mm-control)', 'mode': 'publication', 'axes_size_mm': (40, 28), 'position_in_grid': (0, 0), 'style_mm': {'axis_thickness_mm': 0.2, 'tick_length_mm': 0.8, 'tick_thickness_mm': 0.2, 'trace_thickness_mm': 0.2, 'axis_font_size_pt': 7, 'tick_font_size_pt': 7, 'title_font_size_pt': 8, 'legend_font_size_pt': 6, 'label_pad_pt': 0.5, 'tick_pad_pt': 2.0, 'title_pad_pt': 1.0, 'font_family': 'Arial', 'n_ticks': 4, 'font_family_requested': 'Arial', 'font_family_actual': 'Arial'}}, 'matplotlib': {'version': '3.10.3'}, 'id': '07_sns_stripplot', 'dimensions': {'figure_size_mm': (np.float64(80.0), np.float64(68.0)), 'figure_size_inch': (np.float64(3.1496062992125986), np.float64(2.677165354330709)), 'figure_size_px': (944, 803), 'axes_size_mm': (np.float64(40.0), np.float64(27.999999999999993)), 'axes_size_inch': (np.float64(1.5748031496062993), np.float64(1.1023622047244093)), 'axes_size_px': (472, 330), 'axes_position': (np.float64(0.25), np.float64(0.29411764705882354), np.float64(0.5), np.float64(0.41176470588235287)), 'dpi': 300}, 'margins_mm': {'left': np.float64(20.0), 'bottom': np.float64(20.0), 'right': np.float64(20.0), 'top': np.float64(20.000000000000007)}, 'axes_bbox_px': {'x0': 236, 'y0': 236, 'x1': 708, 'y1': 566, 'width': 472, 'height': 330}, 'axes_bbox_mm': {'x0': np.float64(20.0), 'y0': np.float64(20.0), 'x1': np.float64(60.0), 'y1': np.float64(47.99999999999999), 'width': np.float64(40.0), 'height': np.float64(27.999999999999993)}, 'axes': {'x': {'label': 'Category', 'unit': '', 'scale': 'linear', 'n_ticks': 4}, 'y': {'label': 'Value', 'unit': 'a.u.', 'scale': 'linear', 'n_ticks': 4}}, 'plot_type': 'scatter', 'url': 'https://scitex.ai'}[0m
[90mINFO:   • Auto-cropped with 1.0mm margin (23px at 600 DPI)[0m
[32mSUCC: Saved to: ./examples/demo_plot_all_types_publication_out/publication/04_seaborn/07_sns_stripplot.csv (1.9 KiB)[0m
[32mSUCC: Saved to: ./examples/demo_plot_all_types_publication_out/publication/04_seaborn/07_sns_stripplot.json (2.4 KiB)[0m
[32mSUCC: Saved to: ./examples/demo_plot_all_types_publication_out/publication/04_seaborn/07_sns_stripplot.jpg (170.4 KiB)[0m
Traceback (most recent call last):
  File "/home/ywatanabe/proj/scitex-code/examples/demo_plot_all_types_publication.py", line 1460, in main
    demo()
  File "/home/ywatanabe/proj/scitex-code/examples/demo_plot_all_types_publication.py", line 1190, in demo_publication_sns_kdeplot
    ax.sns_kdeplot(
  File "/home/ywatanabe/proj/scitex-code/src/scitex/plt/_subplots/_AxisWrapperMixins/_SeabornMixin.py", line 25, in wrapper
    return func(self, *args, **kwargs)
           ^^^^^^^^^^^^^^^^^^^^^^^^^^^
  File "/home/ywatanabe/proj/scitex-code/src/scitex/plt/_subplots/_AxisWrapperMixins/_SeabornMixin.py", line 290, in sns_kdeplot
    self.plot_kde(_data, xlim=lim, label=hue, id=hue, **kwargs)
  File "/home/ywatanabe/proj/scitex-code/src/scitex/plt/_subplots/_AxisWrapperMixins/_MatplotlibPlotMixin.py", line 113, in plot_kde
    self._axis_mpl.plot(xx, density, **kwargs)
  File "/home/ywatanabe/.env-3.11/lib/python3.11/site-packages/matplotlib/axes/_axes.py", line 1779, in plot
    lines = [*self._get_lines(self, *args, data=data, **kwargs)]
            ^^^^^^^^^^^^^^^^^^^^^^^^^^^^^^^^^^^^^^^^^^^^^^^^^^^^
  File "/home/ywatanabe/.env-3.11/lib/python3.11/site-packages/matplotlib/axes/_base.py", line 296, in __call__
    yield from self._plot_args(
               ^^^^^^^^^^^^^^^^
  File "/home/ywatanabe/.env-3.11/lib/python3.11/site-packages/matplotlib/axes/_base.py", line 545, in _plot_args
    return [l[0] for l in result]
           ^^^^^^^^^^^^^^^^^^^^^^
  File "/home/ywatanabe/.env-3.11/lib/python3.11/site-packages/matplotlib/axes/_base.py", line 545, in <listcomp>
    return [l[0] for l in result]
           ^^^^^^^^^^^^^^^^^^^^^^
  File "/home/ywatanabe/.env-3.11/lib/python3.11/site-packages/matplotlib/axes/_base.py", line 538, in <genexpr>
    result = (make_artist(axes, x[:, j % ncx], y[:, j % ncy], kw,
              ^^^^^^^^^^^^^^^^^^^^^^^^^^^^^^^^^^^^^^^^^^^^^^^^^^^
  File "/home/ywatanabe/.env-3.11/lib/python3.11/site-packages/matplotlib/axes/_base.py", line 337, in _make_line
    seg = mlines.Line2D(x, y, **kw)
          ^^^^^^^^^^^^^^^^^^^^^^^^^
  File "/home/ywatanabe/.env-3.11/lib/python3.11/site-packages/matplotlib/lines.py", line 428, in __init__
    self._internal_update(kwargs)
  File "/home/ywatanabe/.env-3.11/lib/python3.11/site-packages/matplotlib/artist.py", line 1241, in _internal_update
    return self._update_props(
           ^^^^^^^^^^^^^^^^^^^
  File "/home/ywatanabe/.env-3.11/lib/python3.11/site-packages/matplotlib/artist.py", line 1214, in _update_props
    raise AttributeError(
AttributeError: Line2D.set() got an unexpected keyword argument 'xlim'
[90mINFO:   • Auto-collected metadata from figure[0m
[90mINFO: 📝 Saving figure with metadata to: /home/ywatanabe/proj/scitex-code/examples/demo_plot_all_types_publication_out/publication/05_multi_panel/01_2x2_scitex.png[0m
[90mINFO:   • Auto-added URL: https://scitex.ai[0m
/home/ywatanabe/proj/scitex-code/src/scitex/plt/utils/_collect_figure_metadata.py:163: UserWarning: Could not extract dimension info for metadata: 'function' object has no attribute 'get_position'
  warnings.warn(
/home/ywatanabe/proj/scitex-code/src/scitex/plt/utils/_collect_figure_metadata.py:265: UserWarning: Could not extract Phase 1 metadata: 'function' object has no attribute 'get_xlabel'
  warnings.warn(f"Could not extract Phase 1 metadata: {e}")
/home/ywatanabe/proj/scitex-code/src/scitex/io/_save_modules/_image.py:57: UserWarning: This figure includes Axes that are not compatible with tight_layout, so results might be incorrect.
  obj.savefig(spath, **kwargs)
[90mINFO:   • Embedded metadata: {'metadata_version': '1.1.0', 'scitex': {'version': '2.2.2', 'created_at': '2025-11-20T05:07:25.847913', 'created_with': 'scitex.plt.subplots (mm-control)', 'mode': 'publication', 'axes_size_mm': (40, 28), 'position_in_grid': (0, 0), 'style_mm': {'axis_thickness_mm': 0.2, 'tick_length_mm': 0.8, 'tick_thickness_mm': 0.2, 'trace_thickness_mm': 0.2, 'axis_font_size_pt': 7, 'tick_font_size_pt': 7, 'title_font_size_pt': 8, 'legend_font_size_pt': 6, 'label_pad_pt': 0.5, 'tick_pad_pt': 2.0, 'title_pad_pt': 1.0, 'font_family': 'Arial', 'n_ticks': 4, 'font_family_requested': 'Arial', 'font_family_actual': 'Arial'}}, 'matplotlib': {'version': '3.10.3'}, 'id': '01_2x2_scitex', 'dimensions': {'figure_size_mm': (np.float64(127.99999999999999), np.float64(106.00000000000001)), 'figure_size_inch': (np.float64(5.039370078740157), np.float64(4.1732283464566935)), 'figure_size_px': (1511, 1251), 'axes_size_mm': (np.float64(39.99999999999999), np.float64(28.000000000000004)), 'axes_size_inch': (np.float64(1.574803149606299), np.float64(1.1023622047244097)), 'axes_size_px': (472, 330), 'axes_position': (np.float64(0.15625), np.float64(0.5471698113207547), np.float64(0.3125), np.float64(0.26415094339622647)), 'dpi': 300}, 'margins_mm': {'left': np.float64(19.999999999999996), 'bottom': np.float64(58.00000000000001), 'right': np.float64(68.0), 'top': np.float64(20.0)}, 'axes_bbox_px': {'x0': 236, 'y0': 236, 'x1': 708, 'y1': 566, 'width': 472, 'height': 330}, 'axes_bbox_mm': {'x0': np.float64(19.999999999999996), 'y0': np.float64(20.0), 'x1': np.float64(59.999999999999986), 'y1': np.float64(48.0), 'width': np.float64(39.99999999999999), 'height': np.float64(28.000000000000004)}, 'axes': {'x': {'label': 'x', 'unit': 'rad', 'scale': 'linear', 'n_ticks': 4}, 'y': {'label': 'sin', 'unit': 'x', 'scale': 'linear', 'n_ticks': 4}}, 'plot_type': 'line', 'url': 'https://scitex.ai'}[0m
[90mINFO:   • Auto-cropped with 1.0mm margin (11px at 300 DPI)[0m
[32mSUCC: Saved to: ./examples/demo_plot_all_types_publication_out/publication/05_multi_panel/01_2x2_scitex.csv (17.5 KiB)[0m
[32mSUCC: Saved to: ./examples/demo_plot_all_types_publication_out/publication/05_multi_panel/01_2x2_scitex.json (2.5 KiB)[0m
[32mSUCC: Saved to: ./examples/demo_plot_all_types_publication_out/publication/05_multi_panel/01_2x2_scitex.png (4.1 MiB)[0m
[90mINFO:   • Auto-collected metadata from figure[0m
[90mINFO: 📝 Saving figure with metadata to: /home/ywatanabe/proj/scitex-code/examples/demo_plot_all_types_publication_out/publication/05_multi_panel/01_2x2_scitex.pdf[0m
[90mINFO:   • Auto-added URL: https://scitex.ai[0m
/home/ywatanabe/proj/scitex-code/src/scitex/plt/utils/_collect_figure_metadata.py:163: UserWarning: Could not extract dimension info for metadata: 'function' object has no attribute 'get_position'
  warnings.warn(
/home/ywatanabe/proj/scitex-code/src/scitex/plt/utils/_collect_figure_metadata.py:265: UserWarning: Could not extract Phase 1 metadata: 'function' object has no attribute 'get_xlabel'
  warnings.warn(f"Could not extract Phase 1 metadata: {e}")
/home/ywatanabe/proj/scitex-code/src/scitex/io/_save_modules/_image.py:174: UserWarning: This figure includes Axes that are not compatible with tight_layout, so results might be incorrect.
  obj.savefig(spath, **save_kwargs)
[90mINFO:   • Embedded metadata: {'metadata_version': '1.1.0', 'scitex': {'version': '2.2.2', 'created_at': '2025-11-20T05:07:26.624645', 'created_with': 'scitex.plt.subplots (mm-control)', 'mode': 'publication', 'axes_size_mm': (40, 28), 'position_in_grid': (0, 0), 'style_mm': {'axis_thickness_mm': 0.2, 'tick_length_mm': 0.8, 'tick_thickness_mm': 0.2, 'trace_thickness_mm': 0.2, 'axis_font_size_pt': 7, 'tick_font_size_pt': 7, 'title_font_size_pt': 8, 'legend_font_size_pt': 6, 'label_pad_pt': 0.5, 'tick_pad_pt': 2.0, 'title_pad_pt': 1.0, 'font_family': 'Arial', 'n_ticks': 4, 'font_family_requested': 'Arial', 'font_family_actual': 'Arial'}}, 'matplotlib': {'version': '3.10.3'}, 'id': '01_2x2_scitex', 'dimensions': {'figure_size_mm': (np.float64(127.99999999999999), np.float64(106.00000000000001)), 'figure_size_inch': (np.float64(5.039370078740157), np.float64(4.1732283464566935)), 'figure_size_px': (1511, 1251), 'axes_size_mm': (np.float64(39.99999999999999), np.float64(28.000000000000004)), 'axes_size_inch': (np.float64(1.574803149606299), np.float64(1.1023622047244097)), 'axes_size_px': (472, 330), 'axes_position': (np.float64(0.15625), np.float64(0.5471698113207547), np.float64(0.3125), np.float64(0.26415094339622647)), 'dpi': 300}, 'margins_mm': {'left': np.float64(19.999999999999996), 'bottom': np.float64(58.00000000000001), 'right': np.float64(68.0), 'top': np.float64(20.0)}, 'axes_bbox_px': {'x0': 236, 'y0': 236, 'x1': 708, 'y1': 566, 'width': 472, 'height': 330}, 'axes_bbox_mm': {'x0': np.float64(19.999999999999996), 'y0': np.float64(20.0), 'x1': np.float64(59.999999999999986), 'y1': np.float64(48.0), 'width': np.float64(39.99999999999999), 'height': np.float64(28.000000000000004)}, 'axes': {'x': {'label': 'x', 'unit': 'rad', 'scale': 'linear', 'n_ticks': 4}, 'y': {'label': 'sin', 'unit': 'x', 'scale': 'linear', 'n_ticks': 4}}, 'plot_type': 'line', 'url': 'https://scitex.ai'}[0m
[32mSUCC: Saved to: ./examples/demo_plot_all_types_publication_out/publication/05_multi_panel/01_2x2_scitex.csv (17.5 KiB)[0m
[32mSUCC: Saved to: ./examples/demo_plot_all_types_publication_out/publication/05_multi_panel/01_2x2_scitex.json (2.5 KiB)[0m
[32mSUCC: Saved to: ./examples/demo_plot_all_types_publication_out/publication/05_multi_panel/01_2x2_scitex.pdf (30.3 KiB)[0m
[90mINFO:   • Auto-collected metadata from figure[0m
[90mINFO: 📝 Saving figure with metadata to: /home/ywatanabe/proj/scitex-code/examples/demo_plot_all_types_publication_out/publication/05_multi_panel/01_2x2_scitex.jpg[0m
[90mINFO:   • Auto-added URL: https://scitex.ai[0m
/home/ywatanabe/proj/scitex-code/src/scitex/io/_save_modules/_image.py:103: UserWarning: This figure includes Axes that are not compatible with tight_layout, so results might be incorrect.
  obj.figure.savefig(buf, **save_kwargs)
[90mINFO:   • Embedded metadata: {'metadata_version': '1.1.0', 'scitex': {'version': '2.2.2', 'created_at': '2025-11-20T05:07:27.032002', 'created_with': 'scitex.plt.subplots (mm-control)', 'mode': 'publication', 'axes_size_mm': (40, 28), 'position_in_grid': (0, 0), 'style_mm': {'axis_thickness_mm': 0.2, 'tick_length_mm': 0.8, 'tick_thickness_mm': 0.2, 'trace_thickness_mm': 0.2, 'axis_font_size_pt': 7, 'tick_font_size_pt': 7, 'title_font_size_pt': 8, 'legend_font_size_pt': 6, 'label_pad_pt': 0.5, 'tick_pad_pt': 2.0, 'title_pad_pt': 1.0, 'font_family': 'Arial', 'n_ticks': 4, 'font_family_requested': 'Arial', 'font_family_actual': 'Arial'}}, 'matplotlib': {'version': '3.10.3'}, 'id': '01_2x2_scitex', 'dimensions': {'figure_size_mm': (np.float64(127.99999999999999), np.float64(106.00000000000001)), 'figure_size_inch': (np.float64(5.039370078740157), np.float64(4.1732283464566935)), 'figure_size_px': (1511, 1251), 'axes_size_mm': (np.float64(39.99999999999999), np.float64(28.000000000000004)), 'axes_size_inch': (np.float64(1.574803149606299), np.float64(1.1023622047244097)), 'axes_size_px': (472, 330), 'axes_position': (np.float64(0.15625), np.float64(0.5471698113207547), np.float64(0.3125), np.float64(0.26415094339622647)), 'dpi': 300}, 'margins_mm': {'left': np.float64(19.999999999999996), 'bottom': np.float64(58.00000000000001), 'right': np.float64(68.0), 'top': np.float64(20.0)}, 'axes_bbox_px': {'x0': 236, 'y0': 236, 'x1': 708, 'y1': 566, 'width': 472, 'height': 330}, 'axes_bbox_mm': {'x0': np.float64(19.999999999999996), 'y0': np.float64(20.0), 'x1': np.float64(59.999999999999986), 'y1': np.float64(48.0), 'width': np.float64(39.99999999999999), 'height': np.float64(28.000000000000004)}, 'axes': {'x': {'label': 'x', 'unit': 'rad', 'scale': 'linear', 'n_ticks': 4}, 'y': {'label': 'sin', 'unit': 'x', 'scale': 'linear', 'n_ticks': 4}}, 'plot_type': 'line', 'url': 'https://scitex.ai'}[0m
[90mINFO:   • Auto-cropped with 1.0mm margin (23px at 600 DPI)[0m
[32mSUCC: Saved to: ./examples/demo_plot_all_types_publication_out/publication/05_multi_panel/01_2x2_scitex.csv (17.5 KiB)[0m
[32mSUCC: Saved to: ./examples/demo_plot_all_types_publication_out/publication/05_multi_panel/01_2x2_scitex.json (2.5 KiB)[0m
[32mSUCC: Saved to: ./examples/demo_plot_all_types_publication_out/publication/05_multi_panel/01_2x2_scitex.jpg (616.5 KiB)[0m
[90mINFO:   • Auto-collected metadata from figure[0m
[90mINFO: 📝 Saving figure with metadata to: /home/ywatanabe/proj/scitex-code/examples/demo_plot_all_types_publication_out/publication/05_multi_panel/02_1x3_varied_widths.png[0m
[90mINFO:   • Auto-added URL: https://scitex.ai[0m
/home/ywatanabe/proj/scitex-code/src/scitex/plt/utils/_collect_figure_metadata.py:163: UserWarning: Could not extract dimension info for metadata: 'function' object has no attribute 'get_position'
  warnings.warn(
/home/ywatanabe/proj/scitex-code/src/scitex/plt/utils/_collect_figure_metadata.py:265: UserWarning: Could not extract Phase 1 metadata: 'function' object has no attribute 'get_xlabel'
  warnings.warn(f"Could not extract Phase 1 metadata: {e}")
/home/ywatanabe/proj/scitex-code/src/scitex/io/_save_modules/_image.py:57: UserWarning: This figure includes Axes that are not compatible with tight_layout, so results might be incorrect.
  obj.savefig(spath, **kwargs)
[90mINFO:   • Embedded metadata: {'metadata_version': '1.1.0', 'scitex': {'version': '2.2.2', 'created_at': '2025-11-20T05:07:28.330085', 'created_with': 'scitex.plt.subplots (mm-control)', 'mode': 'publication', 'axes_size_mm': (25, 21), 'position_in_grid': (0, 0), 'style_mm': {'axis_thickness_mm': 0.2, 'tick_length_mm': 0.8, 'font_family_requested': 'Arial', 'font_family_actual': 'Arial'}}, 'matplotlib': {'version': '3.10.3'}, 'id': '02_1x3_varied_widths', 'dimensions': {'figure_size_mm': (np.float64(98.0), np.float64(28.0)), 'figure_size_inch': (np.float64(3.8582677165354333), np.float64(1.1023622047244095)), 'figure_size_px': (1157, 330), 'axes_size_mm': (np.float64(25.000000000000004), np.float64(21.0)), 'axes_size_inch': (np.float64(0.9842519685039371), np.float64(0.8267716535433072)), 'axes_size_px': (295, 248), 'axes_position': (np.float64(0.05102040816326531), np.float64(0.17857142857142858), np.float64(0.25510204081632654), np.float64(0.75)), 'dpi': 300}, 'margins_mm': {'left': np.float64(5.0), 'bottom': np.float64(5.0), 'right': np.float64(68.0), 'top': np.float64(2.0)}, 'axes_bbox_px': {'x0': 59, 'y0': 23, 'x1': 354, 'y1': 271, 'width': 295, 'height': 248}, 'axes_bbox_mm': {'x0': np.float64(5.0), 'y0': np.float64(1.9999999999999991), 'x1': np.float64(30.000000000000004), 'y1': np.float64(23.0), 'width': np.float64(25.000000000000004), 'height': np.float64(21.0)}, 'axes': {'x': {'label': 'Time', 'unit': 's', 'scale': 'linear'}, 'y': {'label': 'Signal', 'unit': 'a.u.', 'scale': 'linear'}}, 'plot_type': 'line', 'url': 'https://scitex.ai'}[0m
[90mINFO:   • Auto-cropped with 1.0mm margin (11px at 300 DPI)[0m
[32mSUCC: Saved to: ./examples/demo_plot_all_types_publication_out/publication/05_multi_panel/02_1x3_varied_widths.csv (7.7 KiB)[0m
[32mSUCC: Saved to: ./examples/demo_plot_all_types_publication_out/publication/05_multi_panel/02_1x3_varied_widths.json (2.0 KiB)[0m
[32mSUCC: Saved to: ./examples/demo_plot_all_types_publication_out/publication/05_multi_panel/02_1x3_varied_widths.png (1.5 MiB)[0m
[90mINFO:   • Auto-collected metadata from figure[0m
[90mINFO: 📝 Saving figure with metadata to: /home/ywatanabe/proj/scitex-code/examples/demo_plot_all_types_publication_out/publication/05_multi_panel/02_1x3_varied_widths.pdf[0m
[90mINFO:   • Auto-added URL: https://scitex.ai[0m
/home/ywatanabe/proj/scitex-code/src/scitex/plt/utils/_collect_figure_metadata.py:163: UserWarning: Could not extract dimension info for metadata: 'function' object has no attribute 'get_position'
  warnings.warn(
/home/ywatanabe/proj/scitex-code/src/scitex/plt/utils/_collect_figure_metadata.py:265: UserWarning: Could not extract Phase 1 metadata: 'function' object has no attribute 'get_xlabel'
  warnings.warn(f"Could not extract Phase 1 metadata: {e}")
/home/ywatanabe/proj/scitex-code/src/scitex/io/_save_modules/_image.py:174: UserWarning: This figure includes Axes that are not compatible with tight_layout, so results might be incorrect.
  obj.savefig(spath, **save_kwargs)
[90mINFO:   • Embedded metadata: {'metadata_version': '1.1.0', 'scitex': {'version': '2.2.2', 'created_at': '2025-11-20T05:07:28.633673', 'created_with': 'scitex.plt.subplots (mm-control)', 'mode': 'publication', 'axes_size_mm': (25, 21), 'position_in_grid': (0, 0), 'style_mm': {'axis_thickness_mm': 0.2, 'tick_length_mm': 0.8, 'font_family_requested': 'Arial', 'font_family_actual': 'Arial'}}, 'matplotlib': {'version': '3.10.3'}, 'id': '02_1x3_varied_widths', 'dimensions': {'figure_size_mm': (np.float64(98.0), np.float64(28.0)), 'figure_size_inch': (np.float64(3.8582677165354333), np.float64(1.1023622047244095)), 'figure_size_px': (1157, 330), 'axes_size_mm': (np.float64(25.000000000000004), np.float64(21.0)), 'axes_size_inch': (np.float64(0.9842519685039371), np.float64(0.8267716535433072)), 'axes_size_px': (295, 248), 'axes_position': (np.float64(0.05102040816326531), np.float64(0.17857142857142858), np.float64(0.25510204081632654), np.float64(0.75)), 'dpi': 300}, 'margins_mm': {'left': np.float64(5.0), 'bottom': np.float64(5.0), 'right': np.float64(68.0), 'top': np.float64(2.0)}, 'axes_bbox_px': {'x0': 59, 'y0': 23, 'x1': 354, 'y1': 271, 'width': 295, 'height': 248}, 'axes_bbox_mm': {'x0': np.float64(5.0), 'y0': np.float64(1.9999999999999991), 'x1': np.float64(30.000000000000004), 'y1': np.float64(23.0), 'width': np.float64(25.000000000000004), 'height': np.float64(21.0)}, 'axes': {'x': {'label': 'Time', 'unit': 's', 'scale': 'linear'}, 'y': {'label': 'Signal', 'unit': 'a.u.', 'scale': 'linear'}}, 'plot_type': 'line', 'url': 'https://scitex.ai'}[0m
[32mSUCC: Saved to: ./examples/demo_plot_all_types_publication_out/publication/05_multi_panel/02_1x3_varied_widths.csv (7.7 KiB)[0m
[32mSUCC: Saved to: ./examples/demo_plot_all_types_publication_out/publication/05_multi_panel/02_1x3_varied_widths.json (2.0 KiB)[0m
[32mSUCC: Saved to: ./examples/demo_plot_all_types_publication_out/publication/05_multi_panel/02_1x3_varied_widths.pdf (24.7 KiB)[0m
[90mINFO:   • Auto-collected metadata from figure[0m
[90mINFO: 📝 Saving figure with metadata to: /home/ywatanabe/proj/scitex-code/examples/demo_plot_all_types_publication_out/publication/05_multi_panel/02_1x3_varied_widths.jpg[0m
[90mINFO:   • Auto-added URL: https://scitex.ai[0m
/home/ywatanabe/proj/scitex-code/src/scitex/io/_save_modules/_image.py:103: UserWarning: This figure includes Axes that are not compatible with tight_layout, so results might be incorrect.
  obj.figure.savefig(buf, **save_kwargs)
[90mINFO:   • Embedded metadata: {'metadata_version': '1.1.0', 'scitex': {'version': '2.2.2', 'created_at': '2025-11-20T05:07:28.875917', 'created_with': 'scitex.plt.subplots (mm-control)', 'mode': 'publication', 'axes_size_mm': (25, 21), 'position_in_grid': (0, 0), 'style_mm': {'axis_thickness_mm': 0.2, 'tick_length_mm': 0.8, 'font_family_requested': 'Arial', 'font_family_actual': 'Arial'}}, 'matplotlib': {'version': '3.10.3'}, 'id': '02_1x3_varied_widths', 'dimensions': {'figure_size_mm': (np.float64(98.0), np.float64(28.0)), 'figure_size_inch': (np.float64(3.8582677165354333), np.float64(1.1023622047244095)), 'figure_size_px': (1157, 330), 'axes_size_mm': (np.float64(25.000000000000004), np.float64(21.0)), 'axes_size_inch': (np.float64(0.9842519685039371), np.float64(0.8267716535433072)), 'axes_size_px': (295, 248), 'axes_position': (np.float64(0.05102040816326531), np.float64(0.17857142857142858), np.float64(0.25510204081632654), np.float64(0.75)), 'dpi': 300}, 'margins_mm': {'left': np.float64(5.0), 'bottom': np.float64(5.0), 'right': np.float64(68.0), 'top': np.float64(2.0)}, 'axes_bbox_px': {'x0': 59, 'y0': 23, 'x1': 354, 'y1': 271, 'width': 295, 'height': 248}, 'axes_bbox_mm': {'x0': np.float64(5.0), 'y0': np.float64(1.9999999999999991), 'x1': np.float64(30.000000000000004), 'y1': np.float64(23.0), 'width': np.float64(25.000000000000004), 'height': np.float64(21.0)}, 'axes': {'x': {'label': 'Time', 'unit': 's', 'scale': 'linear'}, 'y': {'label': 'Signal', 'unit': 'a.u.', 'scale': 'linear'}}, 'plot_type': 'line', 'url': 'https://scitex.ai'}[0m
[90mINFO:   • Auto-cropped with 1.0mm margin (23px at 600 DPI)[0m
[32mSUCC: Saved to: ./examples/demo_plot_all_types_publication_out/publication/05_multi_panel/02_1x3_varied_widths.csv (7.7 KiB)[0m
[32mSUCC: Saved to: ./examples/demo_plot_all_types_publication_out/publication/05_multi_panel/02_1x3_varied_widths.json (2.0 KiB)[0m
[32mSUCC: Saved to: ./examples/demo_plot_all_types_publication_out/publication/05_multi_panel/02_1x3_varied_widths.jpg (334.9 KiB)[0m
[90mINFO:   • Auto-collected metadata from figure[0m
[90mINFO: 📝 Saving figure with metadata to: /home/ywatanabe/proj/scitex-code/examples/demo_plot_all_types_publication_out/publication/style_override.png[0m
[90mINFO:   • Auto-added URL: https://scitex.ai[0m
/home/ywatanabe/proj/scitex-code/src/scitex/io/_save_modules/_image.py:57: UserWarning: This figure includes Axes that are not compatible with tight_layout, so results might be incorrect.
  obj.savefig(spath, **kwargs)
[90mINFO:   • Embedded metadata: {'metadata_version': '1.1.0', 'scitex': {'version': '2.2.2', 'created_at': '2025-11-20T05:07:29.347385', 'created_with': 'scitex.plt.subplots (mm-control)', 'mode': 'publication', 'axes_size_mm': (40, 28), 'position_in_grid': (0, 0), 'style_mm': {'axis_thickness_mm': 0.3, 'tick_length_mm': 1.0, 'tick_thickness_mm': 0.2, 'trace_thickness_mm': 0.2, 'axis_font_size_pt': 7, 'tick_font_size_pt': 7, 'title_font_size_pt': 8, 'legend_font_size_pt': 6, 'label_pad_pt': 0.5, 'tick_pad_pt': 2.0, 'title_pad_pt': 1.0, 'font_family': 'Arial', 'n_ticks': 4, 'font_family_requested': 'Arial', 'font_family_actual': 'Arial'}}, 'matplotlib': {'version': '3.10.3'}, 'id': 'style_override', 'dimensions': {'figure_size_mm': (np.float64(80.0), np.float64(68.0)), 'figure_size_inch': (np.float64(3.1496062992125986), np.float64(2.677165354330709)), 'figure_size_px': (944, 803), 'axes_size_mm': (np.float64(40.0), np.float64(27.999999999999993)), 'axes_size_inch': (np.float64(1.5748031496062993), np.float64(1.1023622047244093)), 'axes_size_px': (472, 330), 'axes_position': (np.float64(0.25), np.float64(0.29411764705882354), np.float64(0.5), np.float64(0.41176470588235287)), 'dpi': 300}, 'margins_mm': {'left': np.float64(20.0), 'bottom': np.float64(20.0), 'right': np.float64(20.0), 'top': np.float64(20.000000000000007)}, 'axes_bbox_px': {'x0': 236, 'y0': 236, 'x1': 708, 'y1': 566, 'width': 472, 'height': 330}, 'axes_bbox_mm': {'x0': np.float64(20.0), 'y0': np.float64(20.0), 'x1': np.float64(60.0), 'y1': np.float64(47.99999999999999), 'width': np.float64(40.0), 'height': np.float64(27.999999999999993)}, 'axes': {'x': {'label': 'Time', 'unit': 's', 'scale': 'linear', 'n_ticks': 4}, 'y': {'label': 'Amplitude', 'unit': 'a.u.', 'scale': 'linear', 'n_ticks': 4}}, 'plot_type': 'line', 'style': {'name': 'SCITEX_STYLE', 'overrides': {'ax_width_mm': 40, 'ax_thickness_mm': 0.3, 'tick_length_mm': 1.0}}, 'url': 'https://scitex.ai'}[0m
[90mINFO:   • Auto-cropped with 1.0mm margin (11px at 300 DPI)[0m
[32mSUCC: Saved to: ./examples/demo_plot_all_types_publication_out/publication/style_override.json (2.6 KiB)[0m
[32mSUCC: Saved to: ./examples/demo_plot_all_types_publication_out/publication/style_override.png (1.1 MiB)[0m
[90mINFO:   • Auto-collected metadata from figure[0m
[90mINFO: 📝 Saving figure with metadata to: /home/ywatanabe/proj/scitex-code/examples/demo_plot_all_types_publication_out/publication/style_override.pdf[0m
[90mINFO:   • Auto-added URL: https://scitex.ai[0m
/home/ywatanabe/proj/scitex-code/src/scitex/io/_save_modules/_image.py:174: UserWarning: This figure includes Axes that are not compatible with tight_layout, so results might be incorrect.
  obj.savefig(spath, **save_kwargs)
[90mINFO:   • Embedded metadata: {'metadata_version': '1.1.0', 'scitex': {'version': '2.2.2', 'created_at': '2025-11-20T05:07:29.589151', 'created_with': 'scitex.plt.subplots (mm-control)', 'mode': 'publication', 'axes_size_mm': (40, 28), 'position_in_grid': (0, 0), 'style_mm': {'axis_thickness_mm': 0.3, 'tick_length_mm': 1.0, 'tick_thickness_mm': 0.2, 'trace_thickness_mm': 0.2, 'axis_font_size_pt': 7, 'tick_font_size_pt': 7, 'title_font_size_pt': 8, 'legend_font_size_pt': 6, 'label_pad_pt': 0.5, 'tick_pad_pt': 2.0, 'title_pad_pt': 1.0, 'font_family': 'Arial', 'n_ticks': 4, 'font_family_requested': 'Arial', 'font_family_actual': 'Arial'}}, 'matplotlib': {'version': '3.10.3'}, 'id': 'style_override', 'dimensions': {'figure_size_mm': (np.float64(80.0), np.float64(68.0)), 'figure_size_inch': (np.float64(3.1496062992125986), np.float64(2.677165354330709)), 'figure_size_px': (944, 803), 'axes_size_mm': (np.float64(40.0), np.float64(27.999999999999993)), 'axes_size_inch': (np.float64(1.5748031496062993), np.float64(1.1023622047244093)), 'axes_size_px': (472, 330), 'axes_position': (np.float64(0.25), np.float64(0.29411764705882354), np.float64(0.5), np.float64(0.41176470588235287)), 'dpi': 300}, 'margins_mm': {'left': np.float64(20.0), 'bottom': np.float64(20.0), 'right': np.float64(20.0), 'top': np.float64(20.000000000000007)}, 'axes_bbox_px': {'x0': 236, 'y0': 236, 'x1': 708, 'y1': 566, 'width': 472, 'height': 330}, 'axes_bbox_mm': {'x0': np.float64(20.0), 'y0': np.float64(20.0), 'x1': np.float64(60.0), 'y1': np.float64(47.99999999999999), 'width': np.float64(40.0), 'height': np.float64(27.999999999999993)}, 'axes': {'x': {'label': 'Time', 'unit': 's', 'scale': 'linear', 'n_ticks': 4}, 'y': {'label': 'Amplitude', 'unit': 'a.u.', 'scale': 'linear', 'n_ticks': 4}}, 'plot_type': 'line', 'style': {'name': 'SCITEX_STYLE', 'overrides': {'ax_width_mm': 40, 'ax_thickness_mm': 0.3, 'tick_length_mm': 1.0}}, 'url': 'https://scitex.ai'}[0m
[32mSUCC: Saved to: ./examples/demo_plot_all_types_publication_out/publication/style_override.json (2.6 KiB)[0m
[32mSUCC: Saved to: ./examples/demo_plot_all_types_publication_out/publication/style_override.pdf (19.5 KiB)[0m
[90mINFO:   • Auto-collected metadata from figure[0m
[90mINFO: 📝 Saving figure with metadata to: /home/ywatanabe/proj/scitex-code/examples/demo_plot_all_types_publication_out/publication/style_override.jpg[0m
[90mINFO:   • Auto-added URL: https://scitex.ai[0m
/home/ywatanabe/proj/scitex-code/src/scitex/io/_save_modules/_image.py:103: UserWarning: This figure includes Axes that are not compatible with tight_layout, so results might be incorrect.
  obj.figure.savefig(buf, **save_kwargs)
[90mINFO:   • Embedded metadata: {'metadata_version': '1.1.0', 'scitex': {'version': '2.2.2', 'created_at': '2025-11-20T05:07:29.698262', 'created_with': 'scitex.plt.subplots (mm-control)', 'mode': 'publication', 'axes_size_mm': (40, 28), 'position_in_grid': (0, 0), 'style_mm': {'axis_thickness_mm': 0.3, 'tick_length_mm': 1.0, 'tick_thickness_mm': 0.2, 'trace_thickness_mm': 0.2, 'axis_font_size_pt': 7, 'tick_font_size_pt': 7, 'title_font_size_pt': 8, 'legend_font_size_pt': 6, 'label_pad_pt': 0.5, 'tick_pad_pt': 2.0, 'title_pad_pt': 1.0, 'font_family': 'Arial', 'n_ticks': 4, 'font_family_requested': 'Arial', 'font_family_actual': 'Arial'}}, 'matplotlib': {'version': '3.10.3'}, 'id': 'style_override', 'dimensions': {'figure_size_mm': (np.float64(80.0), np.float64(68.0)), 'figure_size_inch': (np.float64(3.1496062992125986), np.float64(2.677165354330709)), 'figure_size_px': (944, 803), 'axes_size_mm': (np.float64(40.0), np.float64(27.999999999999993)), 'axes_size_inch': (np.float64(1.5748031496062993), np.float64(1.1023622047244093)), 'axes_size_px': (472, 330), 'axes_position': (np.float64(0.25), np.float64(0.29411764705882354), np.float64(0.5), np.float64(0.41176470588235287)), 'dpi': 300}, 'margins_mm': {'left': np.float64(20.0), 'bottom': np.float64(20.0), 'right': np.float64(20.0), 'top': np.float64(20.000000000000007)}, 'axes_bbox_px': {'x0': 236, 'y0': 236, 'x1': 708, 'y1': 566, 'width': 472, 'height': 330}, 'axes_bbox_mm': {'x0': np.float64(20.0), 'y0': np.float64(20.0), 'x1': np.float64(60.0), 'y1': np.float64(47.99999999999999), 'width': np.float64(40.0), 'height': np.float64(27.999999999999993)}, 'axes': {'x': {'label': 'Time', 'unit': 's', 'scale': 'linear', 'n_ticks': 4}, 'y': {'label': 'Amplitude', 'unit': 'a.u.', 'scale': 'linear', 'n_ticks': 4}}, 'plot_type': 'line', 'style': {'name': 'SCITEX_STYLE', 'overrides': {'ax_width_mm': 40, 'ax_thickness_mm': 0.3, 'tick_length_mm': 1.0}}, 'url': 'https://scitex.ai'}[0m
[90mINFO:   • Auto-cropped with 1.0mm margin (23px at 600 DPI)[0m
[32mSUCC: Saved to: ./examples/demo_plot_all_types_publication_out/publication/style_override.json (2.6 KiB)[0m
[32mSUCC: Saved to: ./examples/demo_plot_all_types_publication_out/publication/style_override.jpg (297.4 KiB)[0m
