[90mINFO: ============================================================[0m
[90mINFO: Injected Global Variables (available in your function):[0m
[90mINFO:   • CONFIG - Session configuration dict[0m
[90mINFO:       - CONFIG['ID']: 2025Y-11M-19D-18h32m43s_DTUh[0m
[90mINFO:       - CONFIG['SDIR_RUN']: /home/ywatanabe/proj/scitex-code/examples/demo_plot_all_types_publication_out/RUNNING/2025Y-11M-19D-18h32m43s_DTUh-main[0m
[90mINFO:       - CONFIG['PID']: 299506[0m
[90mINFO:   • plt - matplotlib.pyplot (configured for session)[0m
[90mINFO:   • COLORS - CustomColors (for consistent plotting)[0m
[90mINFO:   • rng_manager - RandomStateManager (for reproducibility)[0m
[90mINFO:   • logger - SciTeX logger (configured for your script)[0m
[90mINFO: ============================================================[0m
[90mINFO: Running main with injected parameters:[0m
[90mINFO:     {'verbose': 'bool'}[0m
[90mINFO:   • Auto-collected metadata from figure[0m
[90mINFO: 📝 Saving figure with metadata to: /home/ywatanabe/proj/scitex-code/examples/demo_plot_all_types_publication_out/publication/01_matplotlib_basic/01_plot.png[0m
[90mINFO:   • Auto-added URL: https://scitex.ai[0m
/home/ywatanabe/proj/scitex-code/src/scitex/io/_save_modules/_image.py:57: UserWarning: This figure includes Axes that are not compatible with tight_layout, so results might be incorrect.
  obj.savefig(spath, **kwargs)
[90mINFO:   • Embedded metadata: {'metadata_version': '1.0.0', 'scitex': {'version': '2.2.2', 'created_at': '2025-11-19T18:32:47.380158', 'created_with': 'scitex.plt.subplots (mm-control)', 'mode': 'publication', 'axes_size_mm': (40, 28), 'position_in_grid': (0, 0), 'style_mm': {'axis_thickness_mm': 0.2, 'tick_length_mm': 0.8, 'tick_thickness_mm': 0.2, 'trace_thickness_mm': 0.2, 'axis_font_size_pt': 7, 'tick_font_size_pt': 7, 'title_font_size_pt': 8, 'legend_font_size_pt': 6, 'label_pad_pt': 0.5, 'tick_pad_pt': 0.75, 'title_pad_pt': 1.0, 'font_family': 'Arial', 'n_ticks': 4, 'font_family_requested': 'Arial', 'font_family_actual': 'Arial'}}, 'matplotlib': {'version': '3.10.3'}, 'dimensions': {'figure_size_mm': (np.float64(80.0), np.float64(68.0)), 'figure_size_inch': (np.float64(3.1496062992125986), np.float64(2.677165354330709)), 'figure_size_px': (944, 803), 'axes_size_mm': (np.float64(40.0), np.float64(27.999999999999993)), 'axes_size_inch': (np.float64(1.5748031496062993), np.float64(1.1023622047244093)), 'axes_size_px': (472, 330), 'axes_position': (np.float64(0.25), np.float64(0.29411764705882354), np.float64(0.5), np.float64(0.41176470588235287)), 'dpi': 300}, 'margins_mm': {'left': np.float64(20.0), 'bottom': np.float64(20.0), 'right': np.float64(20.0), 'top': np.float64(20.000000000000007)}, 'axes_bbox_px': {'x0': 236, 'y0': 236, 'x1': 708, 'y1': 566, 'width': 472, 'height': 330}, 'axes_bbox_mm': {'x0': np.float64(20.0), 'y0': np.float64(20.0), 'x1': np.float64(60.0), 'y1': np.float64(47.99999999999999), 'width': np.float64(40.0), 'height': np.float64(27.999999999999993)}, 'url': 'https://scitex.ai'}[0m
[90mINFO:   • Auto-cropped with 1.0mm margin (11px at 300 DPI)[0m
/home/ywatanabe/proj/scitex-code/src/scitex/plt/_subplots/_AxisWrapperMixins/_TrackingMixin.py:113: UserWarning: Matplotlib method 'plot()' does not support full data tracking for CSV export. Consider using 'ax.plot()' instead for better data export support.
  df = _export_as_csv(self.history)
[32mSUCC: Saved to: ./../scitex-code/examples/demo_plot_all_types_publication_out/publication/01_matplotlib_basic/01_plot.png (1.1 MiB)[0m
[90mINFO:   • Auto-collected metadata from figure[0m
[90mINFO: 📝 Saving figure with metadata to: /home/ywatanabe/proj/scitex-code/examples/demo_plot_all_types_publication_out/publication/01_matplotlib_basic/01_plot.pdf[0m
[90mINFO:   • Auto-added URL: https://scitex.ai[0m
/home/ywatanabe/proj/scitex-code/src/scitex/io/_save_modules/_image.py:174: UserWarning: This figure includes Axes that are not compatible with tight_layout, so results might be incorrect.
  obj.savefig(spath, **save_kwargs)
[90mINFO:   • Embedded metadata: {'metadata_version': '1.0.0', 'scitex': {'version': '2.2.2', 'created_at': '2025-11-19T18:32:47.879412', 'created_with': 'scitex.plt.subplots (mm-control)', 'mode': 'publication', 'axes_size_mm': (40, 28), 'position_in_grid': (0, 0), 'style_mm': {'axis_thickness_mm': 0.2, 'tick_length_mm': 0.8, 'tick_thickness_mm': 0.2, 'trace_thickness_mm': 0.2, 'axis_font_size_pt': 7, 'tick_font_size_pt': 7, 'title_font_size_pt': 8, 'legend_font_size_pt': 6, 'label_pad_pt': 0.5, 'tick_pad_pt': 0.75, 'title_pad_pt': 1.0, 'font_family': 'Arial', 'n_ticks': 4, 'font_family_requested': 'Arial', 'font_family_actual': 'Arial'}}, 'matplotlib': {'version': '3.10.3'}, 'dimensions': {'figure_size_mm': (np.float64(80.0), np.float64(68.0)), 'figure_size_inch': (np.float64(3.1496062992125986), np.float64(2.677165354330709)), 'figure_size_px': (944, 803), 'axes_size_mm': (np.float64(40.0), np.float64(27.999999999999993)), 'axes_size_inch': (np.float64(1.5748031496062993), np.float64(1.1023622047244093)), 'axes_size_px': (472, 330), 'axes_position': (np.float64(0.25), np.float64(0.29411764705882354), np.float64(0.5), np.float64(0.41176470588235287)), 'dpi': 300}, 'margins_mm': {'left': np.float64(20.0), 'bottom': np.float64(20.0), 'right': np.float64(20.0), 'top': np.float64(20.000000000000007)}, 'axes_bbox_px': {'x0': 236, 'y0': 236, 'x1': 708, 'y1': 566, 'width': 472, 'height': 330}, 'axes_bbox_mm': {'x0': np.float64(20.0), 'y0': np.float64(20.0), 'x1': np.float64(60.0), 'y1': np.float64(47.99999999999999), 'width': np.float64(40.0), 'height': np.float64(27.999999999999993)}, 'url': 'https://scitex.ai'}[0m
[32mSUCC: Saved to: ./../scitex-code/examples/demo_plot_all_types_publication_out/publication/01_matplotlib_basic/01_plot.pdf (18.0 KiB)[0m
[90mINFO:   • Auto-collected metadata from figure[0m
[90mINFO: 📝 Saving figure with metadata to: /home/ywatanabe/proj/scitex-code/examples/demo_plot_all_types_publication_out/publication/01_matplotlib_basic/01_plot.jpg[0m
[90mINFO:   • Auto-added URL: https://scitex.ai[0m
/home/ywatanabe/proj/scitex-code/src/scitex/io/_save_modules/_image.py:103: UserWarning: This figure includes Axes that are not compatible with tight_layout, so results might be incorrect.
  obj.figure.savefig(buf, **save_kwargs)
[90mINFO:   • Embedded metadata: {'metadata_version': '1.0.0', 'scitex': {'version': '2.2.2', 'created_at': '2025-11-19T18:32:48.366738', 'created_with': 'scitex.plt.subplots (mm-control)', 'mode': 'publication', 'axes_size_mm': (40, 28), 'position_in_grid': (0, 0), 'style_mm': {'axis_thickness_mm': 0.2, 'tick_length_mm': 0.8, 'tick_thickness_mm': 0.2, 'trace_thickness_mm': 0.2, 'axis_font_size_pt': 7, 'tick_font_size_pt': 7, 'title_font_size_pt': 8, 'legend_font_size_pt': 6, 'label_pad_pt': 0.5, 'tick_pad_pt': 0.75, 'title_pad_pt': 1.0, 'font_family': 'Arial', 'n_ticks': 4, 'font_family_requested': 'Arial', 'font_family_actual': 'Arial'}}, 'matplotlib': {'version': '3.10.3'}, 'dimensions': {'figure_size_mm': (np.float64(80.0), np.float64(68.0)), 'figure_size_inch': (np.float64(3.1496062992125986), np.float64(2.677165354330709)), 'figure_size_px': (944, 803), 'axes_size_mm': (np.float64(40.0), np.float64(27.999999999999993)), 'axes_size_inch': (np.float64(1.5748031496062993), np.float64(1.1023622047244093)), 'axes_size_px': (472, 330), 'axes_position': (np.float64(0.25), np.float64(0.29411764705882354), np.float64(0.5), np.float64(0.41176470588235287)), 'dpi': 300}, 'margins_mm': {'left': np.float64(20.0), 'bottom': np.float64(20.0), 'right': np.float64(20.0), 'top': np.float64(20.000000000000007)}, 'axes_bbox_px': {'x0': 236, 'y0': 236, 'x1': 708, 'y1': 566, 'width': 472, 'height': 330}, 'axes_bbox_mm': {'x0': np.float64(20.0), 'y0': np.float64(20.0), 'x1': np.float64(60.0), 'y1': np.float64(47.99999999999999), 'width': np.float64(40.0), 'height': np.float64(27.999999999999993)}, 'url': 'https://scitex.ai'}[0m
[90mINFO:   • Auto-cropped with 1.0mm margin (23px at 600 DPI)[0m
[32mSUCC: Saved to: ./../scitex-code/examples/demo_plot_all_types_publication_out/publication/01_matplotlib_basic/01_plot.jpg (316.2 KiB)[0m
[90mINFO:   • Auto-collected metadata from figure[0m
[90mINFO: 📝 Saving figure with metadata to: /home/ywatanabe/proj/scitex-code/examples/demo_plot_all_types_publication_out/publication/01_matplotlib_basic/02_scatter.png[0m
[90mINFO:   • Auto-added URL: https://scitex.ai[0m
/home/ywatanabe/proj/scitex-code/src/scitex/io/_save_modules/_image.py:57: UserWarning: This figure includes Axes that are not compatible with tight_layout, so results might be incorrect.
  obj.savefig(spath, **kwargs)
[90mINFO:   • Embedded metadata: {'metadata_version': '1.0.0', 'scitex': {'version': '2.2.2', 'created_at': '2025-11-19T18:32:49.201261', 'created_with': 'scitex.plt.subplots (mm-control)', 'mode': 'publication', 'axes_size_mm': (40, 28), 'position_in_grid': (0, 0), 'style_mm': {'axis_thickness_mm': 0.2, 'tick_length_mm': 0.8, 'tick_thickness_mm': 0.2, 'trace_thickness_mm': 0.2, 'axis_font_size_pt': 7, 'tick_font_size_pt': 7, 'title_font_size_pt': 8, 'legend_font_size_pt': 6, 'label_pad_pt': 0.5, 'tick_pad_pt': 0.75, 'title_pad_pt': 1.0, 'font_family': 'Arial', 'n_ticks': 4, 'font_family_requested': 'Arial', 'font_family_actual': 'Arial'}}, 'matplotlib': {'version': '3.10.3'}, 'dimensions': {'figure_size_mm': (np.float64(80.0), np.float64(68.0)), 'figure_size_inch': (np.float64(3.1496062992125986), np.float64(2.677165354330709)), 'figure_size_px': (944, 803), 'axes_size_mm': (np.float64(40.0), np.float64(27.999999999999993)), 'axes_size_inch': (np.float64(1.5748031496062993), np.float64(1.1023622047244093)), 'axes_size_px': (472, 330), 'axes_position': (np.float64(0.25), np.float64(0.29411764705882354), np.float64(0.5), np.float64(0.41176470588235287)), 'dpi': 300}, 'margins_mm': {'left': np.float64(20.0), 'bottom': np.float64(20.0), 'right': np.float64(20.0), 'top': np.float64(20.000000000000007)}, 'axes_bbox_px': {'x0': 236, 'y0': 236, 'x1': 708, 'y1': 566, 'width': 472, 'height': 330}, 'axes_bbox_mm': {'x0': np.float64(20.0), 'y0': np.float64(20.0), 'x1': np.float64(60.0), 'y1': np.float64(47.99999999999999), 'width': np.float64(40.0), 'height': np.float64(27.999999999999993)}, 'url': 'https://scitex.ai'}[0m
[90mINFO:   • Auto-cropped with 1.0mm margin (11px at 300 DPI)[0m
[32mSUCC: Saved to: ./../scitex-code/examples/demo_plot_all_types_publication_out/publication/01_matplotlib_basic/02_scatter.csv (3.9 KiB)[0m
[32mSUCC: Saved to: ./../scitex-code/examples/demo_plot_all_types_publication_out/publication/01_matplotlib_basic/02_scatter.png (1.0 MiB)[0m
[90mINFO:   • Auto-collected metadata from figure[0m
[90mINFO: 📝 Saving figure with metadata to: /home/ywatanabe/proj/scitex-code/examples/demo_plot_all_types_publication_out/publication/01_matplotlib_basic/02_scatter.pdf[0m
[90mINFO:   • Auto-added URL: https://scitex.ai[0m
/home/ywatanabe/proj/scitex-code/src/scitex/io/_save_modules/_image.py:174: UserWarning: This figure includes Axes that are not compatible with tight_layout, so results might be incorrect.
  obj.savefig(spath, **save_kwargs)
[90mINFO:   • Embedded metadata: {'metadata_version': '1.0.0', 'scitex': {'version': '2.2.2', 'created_at': '2025-11-19T18:32:49.637542', 'created_with': 'scitex.plt.subplots (mm-control)', 'mode': 'publication', 'axes_size_mm': (40, 28), 'position_in_grid': (0, 0), 'style_mm': {'axis_thickness_mm': 0.2, 'tick_length_mm': 0.8, 'tick_thickness_mm': 0.2, 'trace_thickness_mm': 0.2, 'axis_font_size_pt': 7, 'tick_font_size_pt': 7, 'title_font_size_pt': 8, 'legend_font_size_pt': 6, 'label_pad_pt': 0.5, 'tick_pad_pt': 0.75, 'title_pad_pt': 1.0, 'font_family': 'Arial', 'n_ticks': 4, 'font_family_requested': 'Arial', 'font_family_actual': 'Arial'}}, 'matplotlib': {'version': '3.10.3'}, 'dimensions': {'figure_size_mm': (np.float64(80.0), np.float64(68.0)), 'figure_size_inch': (np.float64(3.1496062992125986), np.float64(2.677165354330709)), 'figure_size_px': (944, 803), 'axes_size_mm': (np.float64(40.0), np.float64(27.999999999999993)), 'axes_size_inch': (np.float64(1.5748031496062993), np.float64(1.1023622047244093)), 'axes_size_px': (472, 330), 'axes_position': (np.float64(0.25), np.float64(0.29411764705882354), np.float64(0.5), np.float64(0.41176470588235287)), 'dpi': 300}, 'margins_mm': {'left': np.float64(20.0), 'bottom': np.float64(20.0), 'right': np.float64(20.0), 'top': np.float64(20.000000000000007)}, 'axes_bbox_px': {'x0': 236, 'y0': 236, 'x1': 708, 'y1': 566, 'width': 472, 'height': 330}, 'axes_bbox_mm': {'x0': np.float64(20.0), 'y0': np.float64(20.0), 'x1': np.float64(60.0), 'y1': np.float64(47.99999999999999), 'width': np.float64(40.0), 'height': np.float64(27.999999999999993)}, 'url': 'https://scitex.ai'}[0m
[32mSUCC: Saved to: ./../scitex-code/examples/demo_plot_all_types_publication_out/publication/01_matplotlib_basic/02_scatter.csv (3.9 KiB)[0m
[32mSUCC: Saved to: ./../scitex-code/examples/demo_plot_all_types_publication_out/publication/01_matplotlib_basic/02_scatter.pdf (19.2 KiB)[0m
[90mINFO:   • Auto-collected metadata from figure[0m
[90mINFO: 📝 Saving figure with metadata to: /home/ywatanabe/proj/scitex-code/examples/demo_plot_all_types_publication_out/publication/01_matplotlib_basic/02_scatter.jpg[0m
[90mINFO:   • Auto-added URL: https://scitex.ai[0m
/home/ywatanabe/proj/scitex-code/src/scitex/io/_save_modules/_image.py:103: UserWarning: This figure includes Axes that are not compatible with tight_layout, so results might be incorrect.
  obj.figure.savefig(buf, **save_kwargs)
[90mINFO:   • Embedded metadata: {'metadata_version': '1.0.0', 'scitex': {'version': '2.2.2', 'created_at': '2025-11-19T18:32:49.872057', 'created_with': 'scitex.plt.subplots (mm-control)', 'mode': 'publication', 'axes_size_mm': (40, 28), 'position_in_grid': (0, 0), 'style_mm': {'axis_thickness_mm': 0.2, 'tick_length_mm': 0.8, 'tick_thickness_mm': 0.2, 'trace_thickness_mm': 0.2, 'axis_font_size_pt': 7, 'tick_font_size_pt': 7, 'title_font_size_pt': 8, 'legend_font_size_pt': 6, 'label_pad_pt': 0.5, 'tick_pad_pt': 0.75, 'title_pad_pt': 1.0, 'font_family': 'Arial', 'n_ticks': 4, 'font_family_requested': 'Arial', 'font_family_actual': 'Arial'}}, 'matplotlib': {'version': '3.10.3'}, 'dimensions': {'figure_size_mm': (np.float64(80.0), np.float64(68.0)), 'figure_size_inch': (np.float64(3.1496062992125986), np.float64(2.677165354330709)), 'figure_size_px': (944, 803), 'axes_size_mm': (np.float64(40.0), np.float64(27.999999999999993)), 'axes_size_inch': (np.float64(1.5748031496062993), np.float64(1.1023622047244093)), 'axes_size_px': (472, 330), 'axes_position': (np.float64(0.25), np.float64(0.29411764705882354), np.float64(0.5), np.float64(0.41176470588235287)), 'dpi': 300}, 'margins_mm': {'left': np.float64(20.0), 'bottom': np.float64(20.0), 'right': np.float64(20.0), 'top': np.float64(20.000000000000007)}, 'axes_bbox_px': {'x0': 236, 'y0': 236, 'x1': 708, 'y1': 566, 'width': 472, 'height': 330}, 'axes_bbox_mm': {'x0': np.float64(20.0), 'y0': np.float64(20.0), 'x1': np.float64(60.0), 'y1': np.float64(47.99999999999999), 'width': np.float64(40.0), 'height': np.float64(27.999999999999993)}, 'url': 'https://scitex.ai'}[0m
[90mINFO:   • Auto-cropped with 1.0mm margin (23px at 600 DPI)[0m
[32mSUCC: Saved to: ./../scitex-code/examples/demo_plot_all_types_publication_out/publication/01_matplotlib_basic/02_scatter.csv (3.9 KiB)[0m
[32mSUCC: Saved to: ./../scitex-code/examples/demo_plot_all_types_publication_out/publication/01_matplotlib_basic/02_scatter.jpg (256.0 KiB)[0m
[90mINFO:   • Auto-collected metadata from figure[0m
[90mINFO: 📝 Saving figure with metadata to: /home/ywatanabe/proj/scitex-code/examples/demo_plot_all_types_publication_out/publication/01_matplotlib_basic/03_bar.png[0m
[90mINFO:   • Auto-added URL: https://scitex.ai[0m
/home/ywatanabe/proj/scitex-code/src/scitex/io/_save_modules/_image.py:57: UserWarning: This figure includes Axes that are not compatible with tight_layout, so results might be incorrect.
  obj.savefig(spath, **kwargs)
[90mINFO:   • Embedded metadata: {'metadata_version': '1.0.0', 'scitex': {'version': '2.2.2', 'created_at': '2025-11-19T18:32:50.611511', 'created_with': 'scitex.plt.subplots (mm-control)', 'mode': 'publication', 'axes_size_mm': (40, 28), 'position_in_grid': (0, 0), 'style_mm': {'axis_thickness_mm': 0.2, 'tick_length_mm': 0.8, 'tick_thickness_mm': 0.2, 'trace_thickness_mm': 0.2, 'axis_font_size_pt': 7, 'tick_font_size_pt': 7, 'title_font_size_pt': 8, 'legend_font_size_pt': 6, 'label_pad_pt': 0.5, 'tick_pad_pt': 0.75, 'title_pad_pt': 1.0, 'font_family': 'Arial', 'n_ticks': 4, 'font_family_requested': 'Arial', 'font_family_actual': 'Arial'}}, 'matplotlib': {'version': '3.10.3'}, 'dimensions': {'figure_size_mm': (np.float64(80.0), np.float64(68.0)), 'figure_size_inch': (np.float64(3.1496062992125986), np.float64(2.677165354330709)), 'figure_size_px': (944, 803), 'axes_size_mm': (np.float64(40.0), np.float64(27.999999999999993)), 'axes_size_inch': (np.float64(1.5748031496062993), np.float64(1.1023622047244093)), 'axes_size_px': (472, 330), 'axes_position': (np.float64(0.25), np.float64(0.29411764705882354), np.float64(0.5), np.float64(0.41176470588235287)), 'dpi': 300}, 'margins_mm': {'left': np.float64(20.0), 'bottom': np.float64(20.0), 'right': np.float64(20.0), 'top': np.float64(20.000000000000007)}, 'axes_bbox_px': {'x0': 236, 'y0': 236, 'x1': 708, 'y1': 566, 'width': 472, 'height': 330}, 'axes_bbox_mm': {'x0': np.float64(20.0), 'y0': np.float64(20.0), 'x1': np.float64(60.0), 'y1': np.float64(47.99999999999999), 'width': np.float64(40.0), 'height': np.float64(27.999999999999993)}, 'url': 'https://scitex.ai'}[0m
[90mINFO:   • Auto-cropped with 1.0mm margin (11px at 300 DPI)[0m
[32mSUCC: Saved to: ./../scitex-code/examples/demo_plot_all_types_publication_out/publication/01_matplotlib_basic/03_bar.csv (142.0 B)[0m
[32mSUCC: Saved to: ./../scitex-code/examples/demo_plot_all_types_publication_out/publication/01_matplotlib_basic/03_bar.png (1.1 MiB)[0m
[90mINFO:   • Auto-collected metadata from figure[0m
[90mINFO: 📝 Saving figure with metadata to: /home/ywatanabe/proj/scitex-code/examples/demo_plot_all_types_publication_out/publication/01_matplotlib_basic/03_bar.pdf[0m
[90mINFO:   • Auto-added URL: https://scitex.ai[0m
/home/ywatanabe/proj/scitex-code/src/scitex/io/_save_modules/_image.py:174: UserWarning: This figure includes Axes that are not compatible with tight_layout, so results might be incorrect.
  obj.savefig(spath, **save_kwargs)
[90mINFO:   • Embedded metadata: {'metadata_version': '1.0.0', 'scitex': {'version': '2.2.2', 'created_at': '2025-11-19T18:32:51.007119', 'created_with': 'scitex.plt.subplots (mm-control)', 'mode': 'publication', 'axes_size_mm': (40, 28), 'position_in_grid': (0, 0), 'style_mm': {'axis_thickness_mm': 0.2, 'tick_length_mm': 0.8, 'tick_thickness_mm': 0.2, 'trace_thickness_mm': 0.2, 'axis_font_size_pt': 7, 'tick_font_size_pt': 7, 'title_font_size_pt': 8, 'legend_font_size_pt': 6, 'label_pad_pt': 0.5, 'tick_pad_pt': 0.75, 'title_pad_pt': 1.0, 'font_family': 'Arial', 'n_ticks': 4, 'font_family_requested': 'Arial', 'font_family_actual': 'Arial'}}, 'matplotlib': {'version': '3.10.3'}, 'dimensions': {'figure_size_mm': (np.float64(80.0), np.float64(68.0)), 'figure_size_inch': (np.float64(3.1496062992125986), np.float64(2.677165354330709)), 'figure_size_px': (944, 803), 'axes_size_mm': (np.float64(40.0), np.float64(27.999999999999993)), 'axes_size_inch': (np.float64(1.5748031496062993), np.float64(1.1023622047244093)), 'axes_size_px': (472, 330), 'axes_position': (np.float64(0.25), np.float64(0.29411764705882354), np.float64(0.5), np.float64(0.41176470588235287)), 'dpi': 300}, 'margins_mm': {'left': np.float64(20.0), 'bottom': np.float64(20.0), 'right': np.float64(20.0), 'top': np.float64(20.000000000000007)}, 'axes_bbox_px': {'x0': 236, 'y0': 236, 'x1': 708, 'y1': 566, 'width': 472, 'height': 330}, 'axes_bbox_mm': {'x0': np.float64(20.0), 'y0': np.float64(20.0), 'x1': np.float64(60.0), 'y1': np.float64(47.99999999999999), 'width': np.float64(40.0), 'height': np.float64(27.999999999999993)}, 'url': 'https://scitex.ai'}[0m
[32mSUCC: Saved to: ./../scitex-code/examples/demo_plot_all_types_publication_out/publication/01_matplotlib_basic/03_bar.csv (142.0 B)[0m
[32mSUCC: Saved to: ./../scitex-code/examples/demo_plot_all_types_publication_out/publication/01_matplotlib_basic/03_bar.pdf (16.0 KiB)[0m
[90mINFO:   • Auto-collected metadata from figure[0m
[90mINFO: 📝 Saving figure with metadata to: /home/ywatanabe/proj/scitex-code/examples/demo_plot_all_types_publication_out/publication/01_matplotlib_basic/03_bar.jpg[0m
[90mINFO:   • Auto-added URL: https://scitex.ai[0m
/home/ywatanabe/proj/scitex-code/src/scitex/io/_save_modules/_image.py:103: UserWarning: This figure includes Axes that are not compatible with tight_layout, so results might be incorrect.
  obj.figure.savefig(buf, **save_kwargs)
[90mINFO:   • Embedded metadata: {'metadata_version': '1.0.0', 'scitex': {'version': '2.2.2', 'created_at': '2025-11-19T18:32:51.217762', 'created_with': 'scitex.plt.subplots (mm-control)', 'mode': 'publication', 'axes_size_mm': (40, 28), 'position_in_grid': (0, 0), 'style_mm': {'axis_thickness_mm': 0.2, 'tick_length_mm': 0.8, 'tick_thickness_mm': 0.2, 'trace_thickness_mm': 0.2, 'axis_font_size_pt': 7, 'tick_font_size_pt': 7, 'title_font_size_pt': 8, 'legend_font_size_pt': 6, 'label_pad_pt': 0.5, 'tick_pad_pt': 0.75, 'title_pad_pt': 1.0, 'font_family': 'Arial', 'n_ticks': 4, 'font_family_requested': 'Arial', 'font_family_actual': 'Arial'}}, 'matplotlib': {'version': '3.10.3'}, 'dimensions': {'figure_size_mm': (np.float64(80.0), np.float64(68.0)), 'figure_size_inch': (np.float64(3.1496062992125986), np.float64(2.677165354330709)), 'figure_size_px': (944, 803), 'axes_size_mm': (np.float64(40.0), np.float64(27.999999999999993)), 'axes_size_inch': (np.float64(1.5748031496062993), np.float64(1.1023622047244093)), 'axes_size_px': (472, 330), 'axes_position': (np.float64(0.25), np.float64(0.29411764705882354), np.float64(0.5), np.float64(0.41176470588235287)), 'dpi': 300}, 'margins_mm': {'left': np.float64(20.0), 'bottom': np.float64(20.0), 'right': np.float64(20.0), 'top': np.float64(20.000000000000007)}, 'axes_bbox_px': {'x0': 236, 'y0': 236, 'x1': 708, 'y1': 566, 'width': 472, 'height': 330}, 'axes_bbox_mm': {'x0': np.float64(20.0), 'y0': np.float64(20.0), 'x1': np.float64(60.0), 'y1': np.float64(47.99999999999999), 'width': np.float64(40.0), 'height': np.float64(27.999999999999993)}, 'url': 'https://scitex.ai'}[0m
[90mINFO:   • Auto-cropped with 1.0mm margin (23px at 600 DPI)[0m
[32mSUCC: Saved to: ./../scitex-code/examples/demo_plot_all_types_publication_out/publication/01_matplotlib_basic/03_bar.csv (142.0 B)[0m
[32mSUCC: Saved to: ./../scitex-code/examples/demo_plot_all_types_publication_out/publication/01_matplotlib_basic/03_bar.jpg (248.2 KiB)[0m
[90mINFO:   • Auto-collected metadata from figure[0m
[90mINFO: 📝 Saving figure with metadata to: /home/ywatanabe/proj/scitex-code/examples/demo_plot_all_types_publication_out/publication/01_matplotlib_basic/04_hist.png[0m
[90mINFO:   • Auto-added URL: https://scitex.ai[0m
/home/ywatanabe/proj/scitex-code/src/scitex/io/_save_modules/_image.py:57: UserWarning: This figure includes Axes that are not compatible with tight_layout, so results might be incorrect.
  obj.savefig(spath, **kwargs)
[90mINFO:   • Embedded metadata: {'metadata_version': '1.0.0', 'scitex': {'version': '2.2.2', 'created_at': '2025-11-19T18:32:52.171881', 'created_with': 'scitex.plt.subplots (mm-control)', 'mode': 'publication', 'axes_size_mm': (40, 28), 'position_in_grid': (0, 0), 'style_mm': {'axis_thickness_mm': 0.2, 'tick_length_mm': 0.8, 'tick_thickness_mm': 0.2, 'trace_thickness_mm': 0.2, 'axis_font_size_pt': 7, 'tick_font_size_pt': 7, 'title_font_size_pt': 8, 'legend_font_size_pt': 6, 'label_pad_pt': 0.5, 'tick_pad_pt': 0.75, 'title_pad_pt': 1.0, 'font_family': 'Arial', 'n_ticks': 4, 'font_family_requested': 'Arial', 'font_family_actual': 'Arial'}}, 'matplotlib': {'version': '3.10.3'}, 'dimensions': {'figure_size_mm': (np.float64(80.0), np.float64(68.0)), 'figure_size_inch': (np.float64(3.1496062992125986), np.float64(2.677165354330709)), 'figure_size_px': (944, 803), 'axes_size_mm': (np.float64(40.0), np.float64(27.999999999999993)), 'axes_size_inch': (np.float64(1.5748031496062993), np.float64(1.1023622047244093)), 'axes_size_px': (472, 330), 'axes_position': (np.float64(0.25), np.float64(0.29411764705882354), np.float64(0.5), np.float64(0.41176470588235287)), 'dpi': 300}, 'margins_mm': {'left': np.float64(20.0), 'bottom': np.float64(20.0), 'right': np.float64(20.0), 'top': np.float64(20.000000000000007)}, 'axes_bbox_px': {'x0': 236, 'y0': 236, 'x1': 708, 'y1': 566, 'width': 472, 'height': 330}, 'axes_bbox_mm': {'x0': np.float64(20.0), 'y0': np.float64(20.0), 'x1': np.float64(60.0), 'y1': np.float64(47.99999999999999), 'width': np.float64(40.0), 'height': np.float64(27.999999999999993)}, 'url': 'https://scitex.ai'}[0m
[90mINFO:   • Auto-cropped with 1.0mm margin (11px at 300 DPI)[0m
[32mSUCC: Saved to: ./../scitex-code/examples/demo_plot_all_types_publication_out/publication/01_matplotlib_basic/04_hist.csv (31.4 KiB)[0m
[32mSUCC: Saved to: ./../scitex-code/examples/demo_plot_all_types_publication_out/publication/01_matplotlib_basic/04_hist.png (1.1 MiB)[0m
[90mINFO:   • Auto-collected metadata from figure[0m
[90mINFO: 📝 Saving figure with metadata to: /home/ywatanabe/proj/scitex-code/examples/demo_plot_all_types_publication_out/publication/01_matplotlib_basic/04_hist.pdf[0m
[90mINFO:   • Auto-added URL: https://scitex.ai[0m
/home/ywatanabe/proj/scitex-code/src/scitex/io/_save_modules/_image.py:174: UserWarning: This figure includes Axes that are not compatible with tight_layout, so results might be incorrect.
  obj.savefig(spath, **save_kwargs)
[90mINFO:   • Embedded metadata: {'metadata_version': '1.0.0', 'scitex': {'version': '2.2.2', 'created_at': '2025-11-19T18:32:52.691650', 'created_with': 'scitex.plt.subplots (mm-control)', 'mode': 'publication', 'axes_size_mm': (40, 28), 'position_in_grid': (0, 0), 'style_mm': {'axis_thickness_mm': 0.2, 'tick_length_mm': 0.8, 'tick_thickness_mm': 0.2, 'trace_thickness_mm': 0.2, 'axis_font_size_pt': 7, 'tick_font_size_pt': 7, 'title_font_size_pt': 8, 'legend_font_size_pt': 6, 'label_pad_pt': 0.5, 'tick_pad_pt': 0.75, 'title_pad_pt': 1.0, 'font_family': 'Arial', 'n_ticks': 4, 'font_family_requested': 'Arial', 'font_family_actual': 'Arial'}}, 'matplotlib': {'version': '3.10.3'}, 'dimensions': {'figure_size_mm': (np.float64(80.0), np.float64(68.0)), 'figure_size_inch': (np.float64(3.1496062992125986), np.float64(2.677165354330709)), 'figure_size_px': (944, 803), 'axes_size_mm': (np.float64(40.0), np.float64(27.999999999999993)), 'axes_size_inch': (np.float64(1.5748031496062993), np.float64(1.1023622047244093)), 'axes_size_px': (472, 330), 'axes_position': (np.float64(0.25), np.float64(0.29411764705882354), np.float64(0.5), np.float64(0.41176470588235287)), 'dpi': 300}, 'margins_mm': {'left': np.float64(20.0), 'bottom': np.float64(20.0), 'right': np.float64(20.0), 'top': np.float64(20.000000000000007)}, 'axes_bbox_px': {'x0': 236, 'y0': 236, 'x1': 708, 'y1': 566, 'width': 472, 'height': 330}, 'axes_bbox_mm': {'x0': np.float64(20.0), 'y0': np.float64(20.0), 'x1': np.float64(60.0), 'y1': np.float64(47.99999999999999), 'width': np.float64(40.0), 'height': np.float64(27.999999999999993)}, 'url': 'https://scitex.ai'}[0m
[32mSUCC: Saved to: ./../scitex-code/examples/demo_plot_all_types_publication_out/publication/01_matplotlib_basic/04_hist.csv (31.4 KiB)[0m
[32mSUCC: Saved to: ./../scitex-code/examples/demo_plot_all_types_publication_out/publication/01_matplotlib_basic/04_hist.pdf (17.7 KiB)[0m
[90mINFO:   • Auto-collected metadata from figure[0m
[90mINFO: 📝 Saving figure with metadata to: /home/ywatanabe/proj/scitex-code/examples/demo_plot_all_types_publication_out/publication/01_matplotlib_basic/04_hist.jpg[0m
[90mINFO:   • Auto-added URL: https://scitex.ai[0m
/home/ywatanabe/proj/scitex-code/src/scitex/io/_save_modules/_image.py:103: UserWarning: This figure includes Axes that are not compatible with tight_layout, so results might be incorrect.
  obj.figure.savefig(buf, **save_kwargs)
[90mINFO:   • Embedded metadata: {'metadata_version': '1.0.0', 'scitex': {'version': '2.2.2', 'created_at': '2025-11-19T18:32:53.008575', 'created_with': 'scitex.plt.subplots (mm-control)', 'mode': 'publication', 'axes_size_mm': (40, 28), 'position_in_grid': (0, 0), 'style_mm': {'axis_thickness_mm': 0.2, 'tick_length_mm': 0.8, 'tick_thickness_mm': 0.2, 'trace_thickness_mm': 0.2, 'axis_font_size_pt': 7, 'tick_font_size_pt': 7, 'title_font_size_pt': 8, 'legend_font_size_pt': 6, 'label_pad_pt': 0.5, 'tick_pad_pt': 0.75, 'title_pad_pt': 1.0, 'font_family': 'Arial', 'n_ticks': 4, 'font_family_requested': 'Arial', 'font_family_actual': 'Arial'}}, 'matplotlib': {'version': '3.10.3'}, 'dimensions': {'figure_size_mm': (np.float64(80.0), np.float64(68.0)), 'figure_size_inch': (np.float64(3.1496062992125986), np.float64(2.677165354330709)), 'figure_size_px': (944, 803), 'axes_size_mm': (np.float64(40.0), np.float64(27.999999999999993)), 'axes_size_inch': (np.float64(1.5748031496062993), np.float64(1.1023622047244093)), 'axes_size_px': (472, 330), 'axes_position': (np.float64(0.25), np.float64(0.29411764705882354), np.float64(0.5), np.float64(0.41176470588235287)), 'dpi': 300}, 'margins_mm': {'left': np.float64(20.0), 'bottom': np.float64(20.0), 'right': np.float64(20.0), 'top': np.float64(20.000000000000007)}, 'axes_bbox_px': {'x0': 236, 'y0': 236, 'x1': 708, 'y1': 566, 'width': 472, 'height': 330}, 'axes_bbox_mm': {'x0': np.float64(20.0), 'y0': np.float64(20.0), 'x1': np.float64(60.0), 'y1': np.float64(47.99999999999999), 'width': np.float64(40.0), 'height': np.float64(27.999999999999993)}, 'url': 'https://scitex.ai'}[0m
[90mINFO:   • Auto-cropped with 1.0mm margin (23px at 600 DPI)[0m
[32mSUCC: Saved to: ./../scitex-code/examples/demo_plot_all_types_publication_out/publication/01_matplotlib_basic/04_hist.csv (31.4 KiB)[0m
[32mSUCC: Saved to: ./../scitex-code/examples/demo_plot_all_types_publication_out/publication/01_matplotlib_basic/04_hist.jpg (218.9 KiB)[0m
[90mINFO:   • Auto-collected metadata from figure[0m
[90mINFO: 📝 Saving figure with metadata to: /home/ywatanabe/proj/scitex-code/examples/demo_plot_all_types_publication_out/publication/01_matplotlib_basic/05_boxplot.png[0m
[90mINFO:   • Auto-added URL: https://scitex.ai[0m
/home/ywatanabe/proj/scitex-code/src/scitex/io/_save_modules/_image.py:57: UserWarning: This figure includes Axes that are not compatible with tight_layout, so results might be incorrect.
  obj.savefig(spath, **kwargs)
[90mINFO:   • Embedded metadata: {'metadata_version': '1.0.0', 'scitex': {'version': '2.2.2', 'created_at': '2025-11-19T18:32:54.243248', 'created_with': 'scitex.plt.subplots (mm-control)', 'mode': 'publication', 'axes_size_mm': (40, 28), 'position_in_grid': (0, 0), 'style_mm': {'axis_thickness_mm': 0.2, 'tick_length_mm': 0.8, 'tick_thickness_mm': 0.2, 'trace_thickness_mm': 0.2, 'axis_font_size_pt': 7, 'tick_font_size_pt': 7, 'title_font_size_pt': 8, 'legend_font_size_pt': 6, 'label_pad_pt': 0.5, 'tick_pad_pt': 0.75, 'title_pad_pt': 1.0, 'font_family': 'Arial', 'n_ticks': 4, 'font_family_requested': 'Arial', 'font_family_actual': 'Arial'}}, 'matplotlib': {'version': '3.10.3'}, 'dimensions': {'figure_size_mm': (np.float64(80.0), np.float64(68.0)), 'figure_size_inch': (np.float64(3.1496062992125986), np.float64(2.677165354330709)), 'figure_size_px': (944, 803), 'axes_size_mm': (np.float64(40.0), np.float64(27.999999999999993)), 'axes_size_inch': (np.float64(1.5748031496062993), np.float64(1.1023622047244093)), 'axes_size_px': (472, 330), 'axes_position': (np.float64(0.25), np.float64(0.29411764705882354), np.float64(0.5), np.float64(0.41176470588235287)), 'dpi': 300}, 'margins_mm': {'left': np.float64(20.0), 'bottom': np.float64(20.0), 'right': np.float64(20.0), 'top': np.float64(20.000000000000007)}, 'axes_bbox_px': {'x0': 236, 'y0': 236, 'x1': 708, 'y1': 566, 'width': 472, 'height': 330}, 'axes_bbox_mm': {'x0': np.float64(20.0), 'y0': np.float64(20.0), 'x1': np.float64(60.0), 'y1': np.float64(47.99999999999999), 'width': np.float64(40.0), 'height': np.float64(27.999999999999993)}, 'url': 'https://scitex.ai'}[0m
[90mINFO:   • Auto-cropped with 1.0mm margin (11px at 300 DPI)[0m
[32mSUCC: Saved to: ./../scitex-code/examples/demo_plot_all_types_publication_out/publication/01_matplotlib_basic/05_boxplot.csv (5.6 KiB)[0m
[32mSUCC: Saved to: ./../scitex-code/examples/demo_plot_all_types_publication_out/publication/01_matplotlib_basic/05_boxplot.png (1.0 MiB)[0m
[90mINFO:   • Auto-collected metadata from figure[0m
[90mINFO: 📝 Saving figure with metadata to: /home/ywatanabe/proj/scitex-code/examples/demo_plot_all_types_publication_out/publication/01_matplotlib_basic/05_boxplot.pdf[0m
[90mINFO:   • Auto-added URL: https://scitex.ai[0m
/home/ywatanabe/proj/scitex-code/src/scitex/io/_save_modules/_image.py:174: UserWarning: This figure includes Axes that are not compatible with tight_layout, so results might be incorrect.
  obj.savefig(spath, **save_kwargs)
[90mINFO:   • Embedded metadata: {'metadata_version': '1.0.0', 'scitex': {'version': '2.2.2', 'created_at': '2025-11-19T18:32:54.593690', 'created_with': 'scitex.plt.subplots (mm-control)', 'mode': 'publication', 'axes_size_mm': (40, 28), 'position_in_grid': (0, 0), 'style_mm': {'axis_thickness_mm': 0.2, 'tick_length_mm': 0.8, 'tick_thickness_mm': 0.2, 'trace_thickness_mm': 0.2, 'axis_font_size_pt': 7, 'tick_font_size_pt': 7, 'title_font_size_pt': 8, 'legend_font_size_pt': 6, 'label_pad_pt': 0.5, 'tick_pad_pt': 0.75, 'title_pad_pt': 1.0, 'font_family': 'Arial', 'n_ticks': 4, 'font_family_requested': 'Arial', 'font_family_actual': 'Arial'}}, 'matplotlib': {'version': '3.10.3'}, 'dimensions': {'figure_size_mm': (np.float64(80.0), np.float64(68.0)), 'figure_size_inch': (np.float64(3.1496062992125986), np.float64(2.677165354330709)), 'figure_size_px': (944, 803), 'axes_size_mm': (np.float64(40.0), np.float64(27.999999999999993)), 'axes_size_inch': (np.float64(1.5748031496062993), np.float64(1.1023622047244093)), 'axes_size_px': (472, 330), 'axes_position': (np.float64(0.25), np.float64(0.29411764705882354), np.float64(0.5), np.float64(0.41176470588235287)), 'dpi': 300}, 'margins_mm': {'left': np.float64(20.0), 'bottom': np.float64(20.0), 'right': np.float64(20.0), 'top': np.float64(20.000000000000007)}, 'axes_bbox_px': {'x0': 236, 'y0': 236, 'x1': 708, 'y1': 566, 'width': 472, 'height': 330}, 'axes_bbox_mm': {'x0': np.float64(20.0), 'y0': np.float64(20.0), 'x1': np.float64(60.0), 'y1': np.float64(47.99999999999999), 'width': np.float64(40.0), 'height': np.float64(27.999999999999993)}, 'url': 'https://scitex.ai'}[0m
[32mSUCC: Saved to: ./../scitex-code/examples/demo_plot_all_types_publication_out/publication/01_matplotlib_basic/05_boxplot.csv (5.6 KiB)[0m
[32mSUCC: Saved to: ./../scitex-code/examples/demo_plot_all_types_publication_out/publication/01_matplotlib_basic/05_boxplot.pdf (15.0 KiB)[0m
[90mINFO:   • Auto-collected metadata from figure[0m
[90mINFO: 📝 Saving figure with metadata to: /home/ywatanabe/proj/scitex-code/examples/demo_plot_all_types_publication_out/publication/01_matplotlib_basic/05_boxplot.jpg[0m
[90mINFO:   • Auto-added URL: https://scitex.ai[0m
/home/ywatanabe/proj/scitex-code/src/scitex/io/_save_modules/_image.py:103: UserWarning: This figure includes Axes that are not compatible with tight_layout, so results might be incorrect.
  obj.figure.savefig(buf, **save_kwargs)
[90mINFO:   • Embedded metadata: {'metadata_version': '1.0.0', 'scitex': {'version': '2.2.2', 'created_at': '2025-11-19T18:32:54.754279', 'created_with': 'scitex.plt.subplots (mm-control)', 'mode': 'publication', 'axes_size_mm': (40, 28), 'position_in_grid': (0, 0), 'style_mm': {'axis_thickness_mm': 0.2, 'tick_length_mm': 0.8, 'tick_thickness_mm': 0.2, 'trace_thickness_mm': 0.2, 'axis_font_size_pt': 7, 'tick_font_size_pt': 7, 'title_font_size_pt': 8, 'legend_font_size_pt': 6, 'label_pad_pt': 0.5, 'tick_pad_pt': 0.75, 'title_pad_pt': 1.0, 'font_family': 'Arial', 'n_ticks': 4, 'font_family_requested': 'Arial', 'font_family_actual': 'Arial'}}, 'matplotlib': {'version': '3.10.3'}, 'dimensions': {'figure_size_mm': (np.float64(80.0), np.float64(68.0)), 'figure_size_inch': (np.float64(3.1496062992125986), np.float64(2.677165354330709)), 'figure_size_px': (944, 803), 'axes_size_mm': (np.float64(40.0), np.float64(27.999999999999993)), 'axes_size_inch': (np.float64(1.5748031496062993), np.float64(1.1023622047244093)), 'axes_size_px': (472, 330), 'axes_position': (np.float64(0.25), np.float64(0.29411764705882354), np.float64(0.5), np.float64(0.41176470588235287)), 'dpi': 300}, 'margins_mm': {'left': np.float64(20.0), 'bottom': np.float64(20.0), 'right': np.float64(20.0), 'top': np.float64(20.000000000000007)}, 'axes_bbox_px': {'x0': 236, 'y0': 236, 'x1': 708, 'y1': 566, 'width': 472, 'height': 330}, 'axes_bbox_mm': {'x0': np.float64(20.0), 'y0': np.float64(20.0), 'x1': np.float64(60.0), 'y1': np.float64(47.99999999999999), 'width': np.float64(40.0), 'height': np.float64(27.999999999999993)}, 'url': 'https://scitex.ai'}[0m
[90mINFO:   • Auto-cropped with 1.0mm margin (23px at 600 DPI)[0m
[32mSUCC: Saved to: ./../scitex-code/examples/demo_plot_all_types_publication_out/publication/01_matplotlib_basic/05_boxplot.csv (5.6 KiB)[0m
[32mSUCC: Saved to: ./../scitex-code/examples/demo_plot_all_types_publication_out/publication/01_matplotlib_basic/05_boxplot.jpg (140.4 KiB)[0m
[90mINFO:   • Auto-collected metadata from figure[0m
[90mINFO: 📝 Saving figure with metadata to: /home/ywatanabe/proj/scitex-code/examples/demo_plot_all_types_publication_out/publication/01_matplotlib_basic/06_errorbar.png[0m
[90mINFO:   • Auto-added URL: https://scitex.ai[0m
/home/ywatanabe/proj/scitex-code/src/scitex/io/_save_modules/_image.py:57: UserWarning: This figure includes Axes that are not compatible with tight_layout, so results might be incorrect.
  obj.savefig(spath, **kwargs)
[90mINFO:   • Embedded metadata: {'metadata_version': '1.0.0', 'scitex': {'version': '2.2.2', 'created_at': '2025-11-19T18:32:55.432090', 'created_with': 'scitex.plt.subplots (mm-control)', 'mode': 'publication', 'axes_size_mm': (40, 28), 'position_in_grid': (0, 0), 'style_mm': {'axis_thickness_mm': 0.2, 'tick_length_mm': 0.8, 'tick_thickness_mm': 0.2, 'trace_thickness_mm': 0.2, 'axis_font_size_pt': 7, 'tick_font_size_pt': 7, 'title_font_size_pt': 8, 'legend_font_size_pt': 6, 'label_pad_pt': 0.5, 'tick_pad_pt': 0.75, 'title_pad_pt': 1.0, 'font_family': 'Arial', 'n_ticks': 4, 'font_family_requested': 'Arial', 'font_family_actual': 'Arial'}}, 'matplotlib': {'version': '3.10.3'}, 'dimensions': {'figure_size_mm': (np.float64(80.0), np.float64(68.0)), 'figure_size_inch': (np.float64(3.1496062992125986), np.float64(2.677165354330709)), 'figure_size_px': (944, 803), 'axes_size_mm': (np.float64(40.0), np.float64(27.999999999999993)), 'axes_size_inch': (np.float64(1.5748031496062993), np.float64(1.1023622047244093)), 'axes_size_px': (472, 330), 'axes_position': (np.float64(0.25), np.float64(0.29411764705882354), np.float64(0.5), np.float64(0.41176470588235287)), 'dpi': 300}, 'margins_mm': {'left': np.float64(20.0), 'bottom': np.float64(20.0), 'right': np.float64(20.0), 'top': np.float64(20.000000000000007)}, 'axes_bbox_px': {'x0': 236, 'y0': 236, 'x1': 708, 'y1': 566, 'width': 472, 'height': 330}, 'axes_bbox_mm': {'x0': np.float64(20.0), 'y0': np.float64(20.0), 'x1': np.float64(60.0), 'y1': np.float64(47.99999999999999), 'width': np.float64(40.0), 'height': np.float64(27.999999999999993)}, 'url': 'https://scitex.ai'}[0m
[90mINFO:   • Auto-cropped with 1.0mm margin (11px at 300 DPI)[0m
[32mSUCC: Saved to: ./../scitex-code/examples/demo_plot_all_types_publication_out/publication/01_matplotlib_basic/06_errorbar.csv (885.0 B)[0m
[32mSUCC: Saved to: ./../scitex-code/examples/demo_plot_all_types_publication_out/publication/01_matplotlib_basic/06_errorbar.png (1.0 MiB)[0m
[90mINFO:   • Auto-collected metadata from figure[0m
[90mINFO: 📝 Saving figure with metadata to: /home/ywatanabe/proj/scitex-code/examples/demo_plot_all_types_publication_out/publication/01_matplotlib_basic/06_errorbar.pdf[0m
[90mINFO:   • Auto-added URL: https://scitex.ai[0m
/home/ywatanabe/proj/scitex-code/src/scitex/io/_save_modules/_image.py:174: UserWarning: This figure includes Axes that are not compatible with tight_layout, so results might be incorrect.
  obj.savefig(spath, **save_kwargs)
[90mINFO:   • Embedded metadata: {'metadata_version': '1.0.0', 'scitex': {'version': '2.2.2', 'created_at': '2025-11-19T18:32:55.807006', 'created_with': 'scitex.plt.subplots (mm-control)', 'mode': 'publication', 'axes_size_mm': (40, 28), 'position_in_grid': (0, 0), 'style_mm': {'axis_thickness_mm': 0.2, 'tick_length_mm': 0.8, 'tick_thickness_mm': 0.2, 'trace_thickness_mm': 0.2, 'axis_font_size_pt': 7, 'tick_font_size_pt': 7, 'title_font_size_pt': 8, 'legend_font_size_pt': 6, 'label_pad_pt': 0.5, 'tick_pad_pt': 0.75, 'title_pad_pt': 1.0, 'font_family': 'Arial', 'n_ticks': 4, 'font_family_requested': 'Arial', 'font_family_actual': 'Arial'}}, 'matplotlib': {'version': '3.10.3'}, 'dimensions': {'figure_size_mm': (np.float64(80.0), np.float64(68.0)), 'figure_size_inch': (np.float64(3.1496062992125986), np.float64(2.677165354330709)), 'figure_size_px': (944, 803), 'axes_size_mm': (np.float64(40.0), np.float64(27.999999999999993)), 'axes_size_inch': (np.float64(1.5748031496062993), np.float64(1.1023622047244093)), 'axes_size_px': (472, 330), 'axes_position': (np.float64(0.25), np.float64(0.29411764705882354), np.float64(0.5), np.float64(0.41176470588235287)), 'dpi': 300}, 'margins_mm': {'left': np.float64(20.0), 'bottom': np.float64(20.0), 'right': np.float64(20.0), 'top': np.float64(20.000000000000007)}, 'axes_bbox_px': {'x0': 236, 'y0': 236, 'x1': 708, 'y1': 566, 'width': 472, 'height': 330}, 'axes_bbox_mm': {'x0': np.float64(20.0), 'y0': np.float64(20.0), 'x1': np.float64(60.0), 'y1': np.float64(47.99999999999999), 'width': np.float64(40.0), 'height': np.float64(27.999999999999993)}, 'url': 'https://scitex.ai'}[0m
[32mSUCC: Saved to: ./../scitex-code/examples/demo_plot_all_types_publication_out/publication/01_matplotlib_basic/06_errorbar.csv (885.0 B)[0m
[32mSUCC: Saved to: ./../scitex-code/examples/demo_plot_all_types_publication_out/publication/01_matplotlib_basic/06_errorbar.pdf (17.4 KiB)[0m
[90mINFO:   • Auto-collected metadata from figure[0m
[90mINFO: 📝 Saving figure with metadata to: /home/ywatanabe/proj/scitex-code/examples/demo_plot_all_types_publication_out/publication/01_matplotlib_basic/06_errorbar.jpg[0m
[90mINFO:   • Auto-added URL: https://scitex.ai[0m
/home/ywatanabe/proj/scitex-code/src/scitex/io/_save_modules/_image.py:103: UserWarning: This figure includes Axes that are not compatible with tight_layout, so results might be incorrect.
  obj.figure.savefig(buf, **save_kwargs)
[90mINFO:   • Embedded metadata: {'metadata_version': '1.0.0', 'scitex': {'version': '2.2.2', 'created_at': '2025-11-19T18:32:56.069468', 'created_with': 'scitex.plt.subplots (mm-control)', 'mode': 'publication', 'axes_size_mm': (40, 28), 'position_in_grid': (0, 0), 'style_mm': {'axis_thickness_mm': 0.2, 'tick_length_mm': 0.8, 'tick_thickness_mm': 0.2, 'trace_thickness_mm': 0.2, 'axis_font_size_pt': 7, 'tick_font_size_pt': 7, 'title_font_size_pt': 8, 'legend_font_size_pt': 6, 'label_pad_pt': 0.5, 'tick_pad_pt': 0.75, 'title_pad_pt': 1.0, 'font_family': 'Arial', 'n_ticks': 4, 'font_family_requested': 'Arial', 'font_family_actual': 'Arial'}}, 'matplotlib': {'version': '3.10.3'}, 'dimensions': {'figure_size_mm': (np.float64(80.0), np.float64(68.0)), 'figure_size_inch': (np.float64(3.1496062992125986), np.float64(2.677165354330709)), 'figure_size_px': (944, 803), 'axes_size_mm': (np.float64(40.0), np.float64(27.999999999999993)), 'axes_size_inch': (np.float64(1.5748031496062993), np.float64(1.1023622047244093)), 'axes_size_px': (472, 330), 'axes_position': (np.float64(0.25), np.float64(0.29411764705882354), np.float64(0.5), np.float64(0.41176470588235287)), 'dpi': 300}, 'margins_mm': {'left': np.float64(20.0), 'bottom': np.float64(20.0), 'right': np.float64(20.0), 'top': np.float64(20.000000000000007)}, 'axes_bbox_px': {'x0': 236, 'y0': 236, 'x1': 708, 'y1': 566, 'width': 472, 'height': 330}, 'axes_bbox_mm': {'x0': np.float64(20.0), 'y0': np.float64(20.0), 'x1': np.float64(60.0), 'y1': np.float64(47.99999999999999), 'width': np.float64(40.0), 'height': np.float64(27.999999999999993)}, 'url': 'https://scitex.ai'}[0m
[90mINFO:   • Auto-cropped with 1.0mm margin (23px at 600 DPI)[0m
[32mSUCC: Saved to: ./../scitex-code/examples/demo_plot_all_types_publication_out/publication/01_matplotlib_basic/06_errorbar.csv (885.0 B)[0m
[32mSUCC: Saved to: ./../scitex-code/examples/demo_plot_all_types_publication_out/publication/01_matplotlib_basic/06_errorbar.jpg (204.8 KiB)[0m
[90mINFO:   • Auto-collected metadata from figure[0m
[90mINFO: 📝 Saving figure with metadata to: /home/ywatanabe/proj/scitex-code/examples/demo_plot_all_types_publication_out/publication/01_matplotlib_basic/07_barh.png[0m
[90mINFO:   • Auto-added URL: https://scitex.ai[0m
/home/ywatanabe/proj/scitex-code/src/scitex/io/_save_modules/_image.py:57: UserWarning: This figure includes Axes that are not compatible with tight_layout, so results might be incorrect.
  obj.savefig(spath, **kwargs)
[90mINFO:   • Embedded metadata: {'metadata_version': '1.0.0', 'scitex': {'version': '2.2.2', 'created_at': '2025-11-19T18:32:56.858987', 'created_with': 'scitex.plt.subplots (mm-control)', 'mode': 'publication', 'axes_size_mm': (40, 28), 'position_in_grid': (0, 0), 'style_mm': {'axis_thickness_mm': 0.2, 'tick_length_mm': 0.8, 'tick_thickness_mm': 0.2, 'trace_thickness_mm': 0.2, 'axis_font_size_pt': 7, 'tick_font_size_pt': 7, 'title_font_size_pt': 8, 'legend_font_size_pt': 6, 'label_pad_pt': 0.5, 'tick_pad_pt': 0.75, 'title_pad_pt': 1.0, 'font_family': 'Arial', 'n_ticks': 4, 'font_family_requested': 'Arial', 'font_family_actual': 'Arial'}}, 'matplotlib': {'version': '3.10.3'}, 'dimensions': {'figure_size_mm': (np.float64(80.0), np.float64(68.0)), 'figure_size_inch': (np.float64(3.1496062992125986), np.float64(2.677165354330709)), 'figure_size_px': (944, 803), 'axes_size_mm': (np.float64(40.0), np.float64(27.999999999999993)), 'axes_size_inch': (np.float64(1.5748031496062993), np.float64(1.1023622047244093)), 'axes_size_px': (472, 330), 'axes_position': (np.float64(0.25), np.float64(0.29411764705882354), np.float64(0.5), np.float64(0.41176470588235287)), 'dpi': 300}, 'margins_mm': {'left': np.float64(20.0), 'bottom': np.float64(20.0), 'right': np.float64(20.0), 'top': np.float64(20.000000000000007)}, 'axes_bbox_px': {'x0': 236, 'y0': 236, 'x1': 708, 'y1': 566, 'width': 472, 'height': 330}, 'axes_bbox_mm': {'x0': np.float64(20.0), 'y0': np.float64(20.0), 'x1': np.float64(60.0), 'y1': np.float64(47.99999999999999), 'width': np.float64(40.0), 'height': np.float64(27.999999999999993)}, 'url': 'https://scitex.ai'}[0m
[90mINFO:   • Auto-cropped with 1.0mm margin (11px at 300 DPI)[0m
[32mSUCC: Saved to: ./../scitex-code/examples/demo_plot_all_types_publication_out/publication/01_matplotlib_basic/07_barh.csv (84.0 B)[0m
[32mSUCC: Saved to: ./../scitex-code/examples/demo_plot_all_types_publication_out/publication/01_matplotlib_basic/07_barh.png (1.2 MiB)[0m
[90mINFO:   • Auto-collected metadata from figure[0m
[90mINFO: 📝 Saving figure with metadata to: /home/ywatanabe/proj/scitex-code/examples/demo_plot_all_types_publication_out/publication/01_matplotlib_basic/07_barh.pdf[0m
[90mINFO:   • Auto-added URL: https://scitex.ai[0m
/home/ywatanabe/proj/scitex-code/src/scitex/io/_save_modules/_image.py:174: UserWarning: This figure includes Axes that are not compatible with tight_layout, so results might be incorrect.
  obj.savefig(spath, **save_kwargs)
[90mINFO:   • Embedded metadata: {'metadata_version': '1.0.0', 'scitex': {'version': '2.2.2', 'created_at': '2025-11-19T18:32:57.243913', 'created_with': 'scitex.plt.subplots (mm-control)', 'mode': 'publication', 'axes_size_mm': (40, 28), 'position_in_grid': (0, 0), 'style_mm': {'axis_thickness_mm': 0.2, 'tick_length_mm': 0.8, 'tick_thickness_mm': 0.2, 'trace_thickness_mm': 0.2, 'axis_font_size_pt': 7, 'tick_font_size_pt': 7, 'title_font_size_pt': 8, 'legend_font_size_pt': 6, 'label_pad_pt': 0.5, 'tick_pad_pt': 0.75, 'title_pad_pt': 1.0, 'font_family': 'Arial', 'n_ticks': 4, 'font_family_requested': 'Arial', 'font_family_actual': 'Arial'}}, 'matplotlib': {'version': '3.10.3'}, 'dimensions': {'figure_size_mm': (np.float64(80.0), np.float64(68.0)), 'figure_size_inch': (np.float64(3.1496062992125986), np.float64(2.677165354330709)), 'figure_size_px': (944, 803), 'axes_size_mm': (np.float64(40.0), np.float64(27.999999999999993)), 'axes_size_inch': (np.float64(1.5748031496062993), np.float64(1.1023622047244093)), 'axes_size_px': (472, 330), 'axes_position': (np.float64(0.25), np.float64(0.29411764705882354), np.float64(0.5), np.float64(0.41176470588235287)), 'dpi': 300}, 'margins_mm': {'left': np.float64(20.0), 'bottom': np.float64(20.0), 'right': np.float64(20.0), 'top': np.float64(20.000000000000007)}, 'axes_bbox_px': {'x0': 236, 'y0': 236, 'x1': 708, 'y1': 566, 'width': 472, 'height': 330}, 'axes_bbox_mm': {'x0': np.float64(20.0), 'y0': np.float64(20.0), 'x1': np.float64(60.0), 'y1': np.float64(47.99999999999999), 'width': np.float64(40.0), 'height': np.float64(27.999999999999993)}, 'url': 'https://scitex.ai'}[0m
[32mSUCC: Saved to: ./../scitex-code/examples/demo_plot_all_types_publication_out/publication/01_matplotlib_basic/07_barh.csv (84.0 B)[0m
[32mSUCC: Saved to: ./../scitex-code/examples/demo_plot_all_types_publication_out/publication/01_matplotlib_basic/07_barh.pdf (15.3 KiB)[0m
[90mINFO:   • Auto-collected metadata from figure[0m
[90mINFO: 📝 Saving figure with metadata to: /home/ywatanabe/proj/scitex-code/examples/demo_plot_all_types_publication_out/publication/01_matplotlib_basic/07_barh.jpg[0m
[90mINFO:   • Auto-added URL: https://scitex.ai[0m
/home/ywatanabe/proj/scitex-code/src/scitex/io/_save_modules/_image.py:103: UserWarning: This figure includes Axes that are not compatible with tight_layout, so results might be incorrect.
  obj.figure.savefig(buf, **save_kwargs)
[90mINFO:   • Embedded metadata: {'metadata_version': '1.0.0', 'scitex': {'version': '2.2.2', 'created_at': '2025-11-19T18:32:57.472343', 'created_with': 'scitex.plt.subplots (mm-control)', 'mode': 'publication', 'axes_size_mm': (40, 28), 'position_in_grid': (0, 0), 'style_mm': {'axis_thickness_mm': 0.2, 'tick_length_mm': 0.8, 'tick_thickness_mm': 0.2, 'trace_thickness_mm': 0.2, 'axis_font_size_pt': 7, 'tick_font_size_pt': 7, 'title_font_size_pt': 8, 'legend_font_size_pt': 6, 'label_pad_pt': 0.5, 'tick_pad_pt': 0.75, 'title_pad_pt': 1.0, 'font_family': 'Arial', 'n_ticks': 4, 'font_family_requested': 'Arial', 'font_family_actual': 'Arial'}}, 'matplotlib': {'version': '3.10.3'}, 'dimensions': {'figure_size_mm': (np.float64(80.0), np.float64(68.0)), 'figure_size_inch': (np.float64(3.1496062992125986), np.float64(2.677165354330709)), 'figure_size_px': (944, 803), 'axes_size_mm': (np.float64(40.0), np.float64(27.999999999999993)), 'axes_size_inch': (np.float64(1.5748031496062993), np.float64(1.1023622047244093)), 'axes_size_px': (472, 330), 'axes_position': (np.float64(0.25), np.float64(0.29411764705882354), np.float64(0.5), np.float64(0.41176470588235287)), 'dpi': 300}, 'margins_mm': {'left': np.float64(20.0), 'bottom': np.float64(20.0), 'right': np.float64(20.0), 'top': np.float64(20.000000000000007)}, 'axes_bbox_px': {'x0': 236, 'y0': 236, 'x1': 708, 'y1': 566, 'width': 472, 'height': 330}, 'axes_bbox_mm': {'x0': np.float64(20.0), 'y0': np.float64(20.0), 'x1': np.float64(60.0), 'y1': np.float64(47.99999999999999), 'width': np.float64(40.0), 'height': np.float64(27.999999999999993)}, 'url': 'https://scitex.ai'}[0m
[90mINFO:   • Auto-cropped with 1.0mm margin (23px at 600 DPI)[0m
[32mSUCC: Saved to: ./../scitex-code/examples/demo_plot_all_types_publication_out/publication/01_matplotlib_basic/07_barh.csv (84.0 B)[0m
[32mSUCC: Saved to: ./../scitex-code/examples/demo_plot_all_types_publication_out/publication/01_matplotlib_basic/07_barh.jpg (189.9 KiB)[0m
[90mINFO:   • Auto-collected metadata from figure[0m
[90mINFO: 📝 Saving figure with metadata to: /home/ywatanabe/proj/scitex-code/examples/demo_plot_all_types_publication_out/publication/01_matplotlib_basic/08_fill_between.png[0m
[90mINFO:   • Auto-added URL: https://scitex.ai[0m
/home/ywatanabe/proj/scitex-code/src/scitex/io/_save_modules/_image.py:57: UserWarning: This figure includes Axes that are not compatible with tight_layout, so results might be incorrect.
  obj.savefig(spath, **kwargs)
[90mINFO:   • Embedded metadata: {'metadata_version': '1.0.0', 'scitex': {'version': '2.2.2', 'created_at': '2025-11-19T18:32:58.221911', 'created_with': 'scitex.plt.subplots (mm-control)', 'mode': 'publication', 'axes_size_mm': (40, 28), 'position_in_grid': (0, 0), 'style_mm': {'axis_thickness_mm': 0.2, 'tick_length_mm': 0.8, 'tick_thickness_mm': 0.2, 'trace_thickness_mm': 0.2, 'axis_font_size_pt': 7, 'tick_font_size_pt': 7, 'title_font_size_pt': 8, 'legend_font_size_pt': 6, 'label_pad_pt': 0.5, 'tick_pad_pt': 0.75, 'title_pad_pt': 1.0, 'font_family': 'Arial', 'n_ticks': 4, 'font_family_requested': 'Arial', 'font_family_actual': 'Arial'}}, 'matplotlib': {'version': '3.10.3'}, 'dimensions': {'figure_size_mm': (np.float64(80.0), np.float64(68.0)), 'figure_size_inch': (np.float64(3.1496062992125986), np.float64(2.677165354330709)), 'figure_size_px': (944, 803), 'axes_size_mm': (np.float64(40.0), np.float64(27.999999999999993)), 'axes_size_inch': (np.float64(1.5748031496062993), np.float64(1.1023622047244093)), 'axes_size_px': (472, 330), 'axes_position': (np.float64(0.25), np.float64(0.29411764705882354), np.float64(0.5), np.float64(0.41176470588235287)), 'dpi': 300}, 'margins_mm': {'left': np.float64(20.0), 'bottom': np.float64(20.0), 'right': np.float64(20.0), 'top': np.float64(20.000000000000007)}, 'axes_bbox_px': {'x0': 236, 'y0': 236, 'x1': 708, 'y1': 566, 'width': 472, 'height': 330}, 'axes_bbox_mm': {'x0': np.float64(20.0), 'y0': np.float64(20.0), 'x1': np.float64(60.0), 'y1': np.float64(47.99999999999999), 'width': np.float64(40.0), 'height': np.float64(27.999999999999993)}, 'url': 'https://scitex.ai'}[0m
[90mINFO:   • Auto-cropped with 1.0mm margin (11px at 300 DPI)[0m
[32mSUCC: Saved to: ./../scitex-code/examples/demo_plot_all_types_publication_out/publication/01_matplotlib_basic/08_fill_between.csv (5.7 KiB)[0m
[32mSUCC: Saved to: ./../scitex-code/examples/demo_plot_all_types_publication_out/publication/01_matplotlib_basic/08_fill_between.png (1.1 MiB)[0m
[90mINFO:   • Auto-collected metadata from figure[0m
[90mINFO: 📝 Saving figure with metadata to: /home/ywatanabe/proj/scitex-code/examples/demo_plot_all_types_publication_out/publication/01_matplotlib_basic/08_fill_between.pdf[0m
[90mINFO:   • Auto-added URL: https://scitex.ai[0m
/home/ywatanabe/proj/scitex-code/src/scitex/io/_save_modules/_image.py:174: UserWarning: This figure includes Axes that are not compatible with tight_layout, so results might be incorrect.
  obj.savefig(spath, **save_kwargs)
[90mINFO:   • Embedded metadata: {'metadata_version': '1.0.0', 'scitex': {'version': '2.2.2', 'created_at': '2025-11-19T18:32:58.639436', 'created_with': 'scitex.plt.subplots (mm-control)', 'mode': 'publication', 'axes_size_mm': (40, 28), 'position_in_grid': (0, 0), 'style_mm': {'axis_thickness_mm': 0.2, 'tick_length_mm': 0.8, 'tick_thickness_mm': 0.2, 'trace_thickness_mm': 0.2, 'axis_font_size_pt': 7, 'tick_font_size_pt': 7, 'title_font_size_pt': 8, 'legend_font_size_pt': 6, 'label_pad_pt': 0.5, 'tick_pad_pt': 0.75, 'title_pad_pt': 1.0, 'font_family': 'Arial', 'n_ticks': 4, 'font_family_requested': 'Arial', 'font_family_actual': 'Arial'}}, 'matplotlib': {'version': '3.10.3'}, 'dimensions': {'figure_size_mm': (np.float64(80.0), np.float64(68.0)), 'figure_size_inch': (np.float64(3.1496062992125986), np.float64(2.677165354330709)), 'figure_size_px': (944, 803), 'axes_size_mm': (np.float64(40.0), np.float64(27.999999999999993)), 'axes_size_inch': (np.float64(1.5748031496062993), np.float64(1.1023622047244093)), 'axes_size_px': (472, 330), 'axes_position': (np.float64(0.25), np.float64(0.29411764705882354), np.float64(0.5), np.float64(0.41176470588235287)), 'dpi': 300}, 'margins_mm': {'left': np.float64(20.0), 'bottom': np.float64(20.0), 'right': np.float64(20.0), 'top': np.float64(20.000000000000007)}, 'axes_bbox_px': {'x0': 236, 'y0': 236, 'x1': 708, 'y1': 566, 'width': 472, 'height': 330}, 'axes_bbox_mm': {'x0': np.float64(20.0), 'y0': np.float64(20.0), 'x1': np.float64(60.0), 'y1': np.float64(47.99999999999999), 'width': np.float64(40.0), 'height': np.float64(27.999999999999993)}, 'url': 'https://scitex.ai'}[0m
[32mSUCC: Saved to: ./../scitex-code/examples/demo_plot_all_types_publication_out/publication/01_matplotlib_basic/08_fill_between.csv (5.7 KiB)[0m
[32mSUCC: Saved to: ./../scitex-code/examples/demo_plot_all_types_publication_out/publication/01_matplotlib_basic/08_fill_between.pdf (19.5 KiB)[0m
[90mINFO:   • Auto-collected metadata from figure[0m
[90mINFO: 📝 Saving figure with metadata to: /home/ywatanabe/proj/scitex-code/examples/demo_plot_all_types_publication_out/publication/01_matplotlib_basic/08_fill_between.jpg[0m
[90mINFO:   • Auto-added URL: https://scitex.ai[0m
/home/ywatanabe/proj/scitex-code/src/scitex/io/_save_modules/_image.py:103: UserWarning: This figure includes Axes that are not compatible with tight_layout, so results might be incorrect.
  obj.figure.savefig(buf, **save_kwargs)
[90mINFO:   • Embedded metadata: {'metadata_version': '1.0.0', 'scitex': {'version': '2.2.2', 'created_at': '2025-11-19T18:32:58.912486', 'created_with': 'scitex.plt.subplots (mm-control)', 'mode': 'publication', 'axes_size_mm': (40, 28), 'position_in_grid': (0, 0), 'style_mm': {'axis_thickness_mm': 0.2, 'tick_length_mm': 0.8, 'tick_thickness_mm': 0.2, 'trace_thickness_mm': 0.2, 'axis_font_size_pt': 7, 'tick_font_size_pt': 7, 'title_font_size_pt': 8, 'legend_font_size_pt': 6, 'label_pad_pt': 0.5, 'tick_pad_pt': 0.75, 'title_pad_pt': 1.0, 'font_family': 'Arial', 'n_ticks': 4, 'font_family_requested': 'Arial', 'font_family_actual': 'Arial'}}, 'matplotlib': {'version': '3.10.3'}, 'dimensions': {'figure_size_mm': (np.float64(80.0), np.float64(68.0)), 'figure_size_inch': (np.float64(3.1496062992125986), np.float64(2.677165354330709)), 'figure_size_px': (944, 803), 'axes_size_mm': (np.float64(40.0), np.float64(27.999999999999993)), 'axes_size_inch': (np.float64(1.5748031496062993), np.float64(1.1023622047244093)), 'axes_size_px': (472, 330), 'axes_position': (np.float64(0.25), np.float64(0.29411764705882354), np.float64(0.5), np.float64(0.41176470588235287)), 'dpi': 300}, 'margins_mm': {'left': np.float64(20.0), 'bottom': np.float64(20.0), 'right': np.float64(20.0), 'top': np.float64(20.000000000000007)}, 'axes_bbox_px': {'x0': 236, 'y0': 236, 'x1': 708, 'y1': 566, 'width': 472, 'height': 330}, 'axes_bbox_mm': {'x0': np.float64(20.0), 'y0': np.float64(20.0), 'x1': np.float64(60.0), 'y1': np.float64(47.99999999999999), 'width': np.float64(40.0), 'height': np.float64(27.999999999999993)}, 'url': 'https://scitex.ai'}[0m
[90mINFO:   • Auto-cropped with 1.0mm margin (23px at 600 DPI)[0m
[32mSUCC: Saved to: ./../scitex-code/examples/demo_plot_all_types_publication_out/publication/01_matplotlib_basic/08_fill_between.csv (5.7 KiB)[0m
[32mSUCC: Saved to: ./../scitex-code/examples/demo_plot_all_types_publication_out/publication/01_matplotlib_basic/08_fill_between.jpg (264.7 KiB)[0m
[90mINFO:   • Auto-collected metadata from figure[0m
[90mINFO: 📝 Saving figure with metadata to: /home/ywatanabe/proj/scitex-code/examples/demo_plot_all_types_publication_out/publication/01_matplotlib_basic/09_imshow.png[0m
[90mINFO:   • Auto-added URL: https://scitex.ai[0m
/home/ywatanabe/proj/scitex-code/src/scitex/io/_save_modules/_image.py:57: UserWarning: This figure includes Axes that are not compatible with tight_layout, so results might be incorrect.
  obj.savefig(spath, **kwargs)
[90mINFO:   • Embedded metadata: {'metadata_version': '1.0.0', 'scitex': {'version': '2.2.2', 'created_at': '2025-11-19T18:32:59.706854', 'created_with': 'scitex.plt.subplots (mm-control)', 'mode': 'publication', 'axes_size_mm': (40, 30), 'position_in_grid': (0, 0), 'style_mm': {'axis_thickness_mm': 0.2, 'tick_length_mm': 0.8, 'tick_thickness_mm': 0.2, 'trace_thickness_mm': 0.2, 'axis_font_size_pt': 7, 'tick_font_size_pt': 7, 'title_font_size_pt': 8, 'legend_font_size_pt': 6, 'label_pad_pt': 0.5, 'tick_pad_pt': 0.75, 'title_pad_pt': 1.0, 'font_family': 'Arial', 'n_ticks': 4, 'font_family_requested': 'Arial', 'font_family_actual': 'Arial'}}, 'matplotlib': {'version': '3.10.3'}, 'dimensions': {'figure_size_mm': (np.float64(80.0), np.float64(70.0)), 'figure_size_inch': (np.float64(3.1496062992125986), np.float64(2.7559055118110236)), 'figure_size_px': (944, 826), 'axes_size_mm': (np.float64(31.999999999999993), np.float64(29.99999999999999)), 'axes_size_inch': (np.float64(1.2598425196850391), np.float64(1.181102362204724)), 'axes_size_px': (377, 354), 'axes_position': (np.float64(0.25), np.float64(0.2857142857142857), np.float64(0.3999999999999999), np.float64(0.4285714285714285)), 'dpi': 300}, 'margins_mm': {'left': np.float64(20.0), 'bottom': np.float64(20.0), 'right': np.float64(28.000000000000007), 'top': np.float64(20.000000000000014)}, 'axes_bbox_px': {'x0': 236, 'y0': 236, 'x1': 613, 'y1': 590, 'width': 377, 'height': 354}, 'axes_bbox_mm': {'x0': np.float64(20.0), 'y0': np.float64(20.000000000000007), 'x1': np.float64(51.99999999999999), 'y1': np.float64(50.0), 'width': np.float64(31.999999999999993), 'height': np.float64(29.99999999999999)}, 'url': 'https://scitex.ai'}[0m
[90mINFO:   • Auto-cropped with 1.0mm margin (11px at 300 DPI)[0m
/home/ywatanabe/proj/scitex-code/src/scitex/plt/_subplots/_AxisWrapperMixins/_TrackingMixin.py:113: UserWarning: Matplotlib method 'imshow()' does not support full data tracking for CSV export. Consider using 'ax.plot_imshow()' instead for better data export support.
  df = _export_as_csv(self.history)
[32mSUCC: Saved to: ./../scitex-code/examples/demo_plot_all_types_publication_out/publication/01_matplotlib_basic/09_imshow.png (1.2 MiB)[0m
[90mINFO:   • Auto-collected metadata from figure[0m
[90mINFO: 📝 Saving figure with metadata to: /home/ywatanabe/proj/scitex-code/examples/demo_plot_all_types_publication_out/publication/01_matplotlib_basic/09_imshow.pdf[0m
[90mINFO:   • Auto-added URL: https://scitex.ai[0m
/home/ywatanabe/proj/scitex-code/src/scitex/io/_save_modules/_image.py:174: UserWarning: This figure includes Axes that are not compatible with tight_layout, so results might be incorrect.
  obj.savefig(spath, **save_kwargs)
[90mINFO:   • Embedded metadata: {'metadata_version': '1.0.0', 'scitex': {'version': '2.2.2', 'created_at': '2025-11-19T18:33:00.151919', 'created_with': 'scitex.plt.subplots (mm-control)', 'mode': 'publication', 'axes_size_mm': (40, 30), 'position_in_grid': (0, 0), 'style_mm': {'axis_thickness_mm': 0.2, 'tick_length_mm': 0.8, 'tick_thickness_mm': 0.2, 'trace_thickness_mm': 0.2, 'axis_font_size_pt': 7, 'tick_font_size_pt': 7, 'title_font_size_pt': 8, 'legend_font_size_pt': 6, 'label_pad_pt': 0.5, 'tick_pad_pt': 0.75, 'title_pad_pt': 1.0, 'font_family': 'Arial', 'n_ticks': 4, 'font_family_requested': 'Arial', 'font_family_actual': 'Arial'}}, 'matplotlib': {'version': '3.10.3'}, 'dimensions': {'figure_size_mm': (np.float64(80.0), np.float64(70.0)), 'figure_size_inch': (np.float64(3.1496062992125986), np.float64(2.7559055118110236)), 'figure_size_px': (944, 826), 'axes_size_mm': (np.float64(31.999999999999993), np.float64(29.99999999999999)), 'axes_size_inch': (np.float64(1.2598425196850391), np.float64(1.181102362204724)), 'axes_size_px': (377, 354), 'axes_position': (np.float64(0.25), np.float64(0.2857142857142857), np.float64(0.3999999999999999), np.float64(0.4285714285714285)), 'dpi': 300}, 'margins_mm': {'left': np.float64(20.0), 'bottom': np.float64(20.0), 'right': np.float64(28.000000000000007), 'top': np.float64(20.000000000000014)}, 'axes_bbox_px': {'x0': 236, 'y0': 236, 'x1': 613, 'y1': 590, 'width': 377, 'height': 354}, 'axes_bbox_mm': {'x0': np.float64(20.0), 'y0': np.float64(20.000000000000007), 'x1': np.float64(51.99999999999999), 'y1': np.float64(50.0), 'width': np.float64(31.999999999999993), 'height': np.float64(29.99999999999999)}, 'url': 'https://scitex.ai'}[0m
[32mSUCC: Saved to: ./../scitex-code/examples/demo_plot_all_types_publication_out/publication/01_matplotlib_basic/09_imshow.pdf (20.2 KiB)[0m
[90mINFO:   • Auto-collected metadata from figure[0m
[90mINFO: 📝 Saving figure with metadata to: /home/ywatanabe/proj/scitex-code/examples/demo_plot_all_types_publication_out/publication/01_matplotlib_basic/09_imshow.jpg[0m
[90mINFO:   • Auto-added URL: https://scitex.ai[0m
/home/ywatanabe/proj/scitex-code/src/scitex/io/_save_modules/_image.py:103: UserWarning: This figure includes Axes that are not compatible with tight_layout, so results might be incorrect.
  obj.figure.savefig(buf, **save_kwargs)
[90mINFO:   • Embedded metadata: {'metadata_version': '1.0.0', 'scitex': {'version': '2.2.2', 'created_at': '2025-11-19T18:33:00.477059', 'created_with': 'scitex.plt.subplots (mm-control)', 'mode': 'publication', 'axes_size_mm': (40, 30), 'position_in_grid': (0, 0), 'style_mm': {'axis_thickness_mm': 0.2, 'tick_length_mm': 0.8, 'tick_thickness_mm': 0.2, 'trace_thickness_mm': 0.2, 'axis_font_size_pt': 7, 'tick_font_size_pt': 7, 'title_font_size_pt': 8, 'legend_font_size_pt': 6, 'label_pad_pt': 0.5, 'tick_pad_pt': 0.75, 'title_pad_pt': 1.0, 'font_family': 'Arial', 'n_ticks': 4, 'font_family_requested': 'Arial', 'font_family_actual': 'Arial'}}, 'matplotlib': {'version': '3.10.3'}, 'dimensions': {'figure_size_mm': (np.float64(80.0), np.float64(70.0)), 'figure_size_inch': (np.float64(3.1496062992125986), np.float64(2.7559055118110236)), 'figure_size_px': (944, 826), 'axes_size_mm': (np.float64(31.999999999999993), np.float64(29.99999999999999)), 'axes_size_inch': (np.float64(1.2598425196850391), np.float64(1.181102362204724)), 'axes_size_px': (377, 354), 'axes_position': (np.float64(0.25), np.float64(0.2857142857142857), np.float64(0.3999999999999999), np.float64(0.4285714285714285)), 'dpi': 300}, 'margins_mm': {'left': np.float64(20.0), 'bottom': np.float64(20.0), 'right': np.float64(28.000000000000007), 'top': np.float64(20.000000000000014)}, 'axes_bbox_px': {'x0': 236, 'y0': 236, 'x1': 613, 'y1': 590, 'width': 377, 'height': 354}, 'axes_bbox_mm': {'x0': np.float64(20.0), 'y0': np.float64(20.000000000000007), 'x1': np.float64(51.99999999999999), 'y1': np.float64(50.0), 'width': np.float64(31.999999999999993), 'height': np.float64(29.99999999999999)}, 'url': 'https://scitex.ai'}[0m
[90mINFO:   • Auto-cropped with 1.0mm margin (23px at 600 DPI)[0m
[32mSUCC: Saved to: ./../scitex-code/examples/demo_plot_all_types_publication_out/publication/01_matplotlib_basic/09_imshow.jpg (353.8 KiB)[0m
[90mINFO:   • Auto-collected metadata from figure[0m
[90mINFO: 📝 Saving figure with metadata to: /home/ywatanabe/proj/scitex-code/examples/demo_plot_all_types_publication_out/publication/01_matplotlib_basic/10_contour.png[0m
[90mINFO:   • Auto-added URL: https://scitex.ai[0m
/home/ywatanabe/proj/scitex-code/src/scitex/io/_save_modules/_image.py:57: UserWarning: This figure includes Axes that are not compatible with tight_layout, so results might be incorrect.
  obj.savefig(spath, **kwargs)
[90mINFO:   • Embedded metadata: {'metadata_version': '1.0.0', 'scitex': {'version': '2.2.2', 'created_at': '2025-11-19T18:33:01.302046', 'created_with': 'scitex.plt.subplots (mm-control)', 'mode': 'publication', 'axes_size_mm': (40, 28), 'position_in_grid': (0, 0), 'style_mm': {'axis_thickness_mm': 0.2, 'tick_length_mm': 0.8, 'tick_thickness_mm': 0.2, 'trace_thickness_mm': 0.2, 'axis_font_size_pt': 7, 'tick_font_size_pt': 7, 'title_font_size_pt': 8, 'legend_font_size_pt': 6, 'label_pad_pt': 0.5, 'tick_pad_pt': 0.75, 'title_pad_pt': 1.0, 'font_family': 'Arial', 'n_ticks': 4, 'font_family_requested': 'Arial', 'font_family_actual': 'Arial'}}, 'matplotlib': {'version': '3.10.3'}, 'dimensions': {'figure_size_mm': (np.float64(80.0), np.float64(68.0)), 'figure_size_inch': (np.float64(3.1496062992125986), np.float64(2.677165354330709)), 'figure_size_px': (944, 803), 'axes_size_mm': (np.float64(40.0), np.float64(27.999999999999993)), 'axes_size_inch': (np.float64(1.5748031496062993), np.float64(1.1023622047244093)), 'axes_size_px': (472, 330), 'axes_position': (np.float64(0.25), np.float64(0.29411764705882354), np.float64(0.5), np.float64(0.41176470588235287)), 'dpi': 300}, 'margins_mm': {'left': np.float64(20.0), 'bottom': np.float64(20.0), 'right': np.float64(20.0), 'top': np.float64(20.000000000000007)}, 'axes_bbox_px': {'x0': 236, 'y0': 236, 'x1': 708, 'y1': 566, 'width': 472, 'height': 330}, 'axes_bbox_mm': {'x0': np.float64(20.0), 'y0': np.float64(20.0), 'x1': np.float64(60.0), 'y1': np.float64(47.99999999999999), 'width': np.float64(40.0), 'height': np.float64(27.999999999999993)}, 'url': 'https://scitex.ai'}[0m
[90mINFO:   • Auto-cropped with 1.0mm margin (11px at 300 DPI)[0m
[32mSUCC: Saved to: ./../scitex-code/examples/demo_plot_all_types_publication_out/publication/01_matplotlib_basic/10_contour.csv (2.7 KiB)[0m
[32mSUCC: Saved to: ./../scitex-code/examples/demo_plot_all_types_publication_out/publication/01_matplotlib_basic/10_contour.png (1.0 MiB)[0m
[90mINFO:   • Auto-collected metadata from figure[0m
[90mINFO: 📝 Saving figure with metadata to: /home/ywatanabe/proj/scitex-code/examples/demo_plot_all_types_publication_out/publication/01_matplotlib_basic/10_contour.pdf[0m
[90mINFO:   • Auto-added URL: https://scitex.ai[0m
/home/ywatanabe/proj/scitex-code/src/scitex/io/_save_modules/_image.py:174: UserWarning: This figure includes Axes that are not compatible with tight_layout, so results might be incorrect.
  obj.savefig(spath, **save_kwargs)
[90mINFO:   • Embedded metadata: {'metadata_version': '1.0.0', 'scitex': {'version': '2.2.2', 'created_at': '2025-11-19T18:33:01.719485', 'created_with': 'scitex.plt.subplots (mm-control)', 'mode': 'publication', 'axes_size_mm': (40, 28), 'position_in_grid': (0, 0), 'style_mm': {'axis_thickness_mm': 0.2, 'tick_length_mm': 0.8, 'tick_thickness_mm': 0.2, 'trace_thickness_mm': 0.2, 'axis_font_size_pt': 7, 'tick_font_size_pt': 7, 'title_font_size_pt': 8, 'legend_font_size_pt': 6, 'label_pad_pt': 0.5, 'tick_pad_pt': 0.75, 'title_pad_pt': 1.0, 'font_family': 'Arial', 'n_ticks': 4, 'font_family_requested': 'Arial', 'font_family_actual': 'Arial'}}, 'matplotlib': {'version': '3.10.3'}, 'dimensions': {'figure_size_mm': (np.float64(80.0), np.float64(68.0)), 'figure_size_inch': (np.float64(3.1496062992125986), np.float64(2.677165354330709)), 'figure_size_px': (944, 803), 'axes_size_mm': (np.float64(40.0), np.float64(27.999999999999993)), 'axes_size_inch': (np.float64(1.5748031496062993), np.float64(1.1023622047244093)), 'axes_size_px': (472, 330), 'axes_position': (np.float64(0.25), np.float64(0.29411764705882354), np.float64(0.5), np.float64(0.41176470588235287)), 'dpi': 300}, 'margins_mm': {'left': np.float64(20.0), 'bottom': np.float64(20.0), 'right': np.float64(20.0), 'top': np.float64(20.000000000000007)}, 'axes_bbox_px': {'x0': 236, 'y0': 236, 'x1': 708, 'y1': 566, 'width': 472, 'height': 330}, 'axes_bbox_mm': {'x0': np.float64(20.0), 'y0': np.float64(20.0), 'x1': np.float64(60.0), 'y1': np.float64(47.99999999999999), 'width': np.float64(40.0), 'height': np.float64(27.999999999999993)}, 'url': 'https://scitex.ai'}[0m
[32mSUCC: Saved to: ./../scitex-code/examples/demo_plot_all_types_publication_out/publication/01_matplotlib_basic/10_contour.csv (2.7 KiB)[0m
[32mSUCC: Saved to: ./../scitex-code/examples/demo_plot_all_types_publication_out/publication/01_matplotlib_basic/10_contour.pdf (14.2 KiB)[0m
[90mINFO:   • Auto-collected metadata from figure[0m
[90mINFO: 📝 Saving figure with metadata to: /home/ywatanabe/proj/scitex-code/examples/demo_plot_all_types_publication_out/publication/01_matplotlib_basic/10_contour.jpg[0m
[90mINFO:   • Auto-added URL: https://scitex.ai[0m
/home/ywatanabe/proj/scitex-code/src/scitex/io/_save_modules/_image.py:103: UserWarning: This figure includes Axes that are not compatible with tight_layout, so results might be incorrect.
  obj.figure.savefig(buf, **save_kwargs)
[90mINFO:   • Embedded metadata: {'metadata_version': '1.0.0', 'scitex': {'version': '2.2.2', 'created_at': '2025-11-19T18:33:01.935145', 'created_with': 'scitex.plt.subplots (mm-control)', 'mode': 'publication', 'axes_size_mm': (40, 28), 'position_in_grid': (0, 0), 'style_mm': {'axis_thickness_mm': 0.2, 'tick_length_mm': 0.8, 'tick_thickness_mm': 0.2, 'trace_thickness_mm': 0.2, 'axis_font_size_pt': 7, 'tick_font_size_pt': 7, 'title_font_size_pt': 8, 'legend_font_size_pt': 6, 'label_pad_pt': 0.5, 'tick_pad_pt': 0.75, 'title_pad_pt': 1.0, 'font_family': 'Arial', 'n_ticks': 4, 'font_family_requested': 'Arial', 'font_family_actual': 'Arial'}}, 'matplotlib': {'version': '3.10.3'}, 'dimensions': {'figure_size_mm': (np.float64(80.0), np.float64(68.0)), 'figure_size_inch': (np.float64(3.1496062992125986), np.float64(2.677165354330709)), 'figure_size_px': (944, 803), 'axes_size_mm': (np.float64(40.0), np.float64(27.999999999999993)), 'axes_size_inch': (np.float64(1.5748031496062993), np.float64(1.1023622047244093)), 'axes_size_px': (472, 330), 'axes_position': (np.float64(0.25), np.float64(0.29411764705882354), np.float64(0.5), np.float64(0.41176470588235287)), 'dpi': 300}, 'margins_mm': {'left': np.float64(20.0), 'bottom': np.float64(20.0), 'right': np.float64(20.0), 'top': np.float64(20.000000000000007)}, 'axes_bbox_px': {'x0': 236, 'y0': 236, 'x1': 708, 'y1': 566, 'width': 472, 'height': 330}, 'axes_bbox_mm': {'x0': np.float64(20.0), 'y0': np.float64(20.0), 'x1': np.float64(60.0), 'y1': np.float64(47.99999999999999), 'width': np.float64(40.0), 'height': np.float64(27.999999999999993)}, 'url': 'https://scitex.ai'}[0m
[90mINFO:   • Auto-cropped with 1.0mm margin (23px at 600 DPI)[0m
[32mSUCC: Saved to: ./../scitex-code/examples/demo_plot_all_types_publication_out/publication/01_matplotlib_basic/10_contour.csv (2.7 KiB)[0m
[32mSUCC: Saved to: ./../scitex-code/examples/demo_plot_all_types_publication_out/publication/01_matplotlib_basic/10_contour.jpg (464.0 KiB)[0m
[90mINFO:   • Auto-collected metadata from figure[0m
[90mINFO: 📝 Saving figure with metadata to: /home/ywatanabe/proj/scitex-code/examples/demo_plot_all_types_publication_out/publication/01_matplotlib_basic/11_violinplot.png[0m
[90mINFO:   • Auto-added URL: https://scitex.ai[0m
/home/ywatanabe/proj/scitex-code/src/scitex/io/_save_modules/_image.py:57: UserWarning: This figure includes Axes that are not compatible with tight_layout, so results might be incorrect.
  obj.savefig(spath, **kwargs)
[90mINFO:   • Embedded metadata: {'metadata_version': '1.0.0', 'scitex': {'version': '2.2.2', 'created_at': '2025-11-19T18:33:02.738552', 'created_with': 'scitex.plt.subplots (mm-control)', 'mode': 'publication', 'axes_size_mm': (40, 28), 'position_in_grid': (0, 0), 'style_mm': {'axis_thickness_mm': 0.2, 'tick_length_mm': 0.8, 'tick_thickness_mm': 0.2, 'trace_thickness_mm': 0.2, 'axis_font_size_pt': 7, 'tick_font_size_pt': 7, 'title_font_size_pt': 8, 'legend_font_size_pt': 6, 'label_pad_pt': 0.5, 'tick_pad_pt': 0.75, 'title_pad_pt': 1.0, 'font_family': 'Arial', 'n_ticks': 4, 'font_family_requested': 'Arial', 'font_family_actual': 'Arial'}}, 'matplotlib': {'version': '3.10.3'}, 'dimensions': {'figure_size_mm': (np.float64(80.0), np.float64(68.0)), 'figure_size_inch': (np.float64(3.1496062992125986), np.float64(2.677165354330709)), 'figure_size_px': (944, 803), 'axes_size_mm': (np.float64(40.0), np.float64(27.999999999999993)), 'axes_size_inch': (np.float64(1.5748031496062993), np.float64(1.1023622047244093)), 'axes_size_px': (472, 330), 'axes_position': (np.float64(0.25), np.float64(0.29411764705882354), np.float64(0.5), np.float64(0.41176470588235287)), 'dpi': 300}, 'margins_mm': {'left': np.float64(20.0), 'bottom': np.float64(20.0), 'right': np.float64(20.0), 'top': np.float64(20.000000000000007)}, 'axes_bbox_px': {'x0': 236, 'y0': 236, 'x1': 708, 'y1': 566, 'width': 472, 'height': 330}, 'axes_bbox_mm': {'x0': np.float64(20.0), 'y0': np.float64(20.0), 'x1': np.float64(60.0), 'y1': np.float64(47.99999999999999), 'width': np.float64(40.0), 'height': np.float64(27.999999999999993)}, 'url': 'https://scitex.ai'}[0m
[90mINFO:   • Auto-cropped with 1.0mm margin (11px at 300 DPI)[0m
[32mSUCC: Saved to: ./../scitex-code/examples/demo_plot_all_types_publication_out/publication/01_matplotlib_basic/11_violinplot.csv (8.3 KiB)[0m
[32mSUCC: Saved to: ./../scitex-code/examples/demo_plot_all_types_publication_out/publication/01_matplotlib_basic/11_violinplot.png (1.1 MiB)[0m
[90mINFO:   • Auto-collected metadata from figure[0m
[90mINFO: 📝 Saving figure with metadata to: /home/ywatanabe/proj/scitex-code/examples/demo_plot_all_types_publication_out/publication/01_matplotlib_basic/11_violinplot.pdf[0m
[90mINFO:   • Auto-added URL: https://scitex.ai[0m
/home/ywatanabe/proj/scitex-code/src/scitex/io/_save_modules/_image.py:174: UserWarning: This figure includes Axes that are not compatible with tight_layout, so results might be incorrect.
  obj.savefig(spath, **save_kwargs)
[90mINFO:   • Embedded metadata: {'metadata_version': '1.0.0', 'scitex': {'version': '2.2.2', 'created_at': '2025-11-19T18:33:03.193383', 'created_with': 'scitex.plt.subplots (mm-control)', 'mode': 'publication', 'axes_size_mm': (40, 28), 'position_in_grid': (0, 0), 'style_mm': {'axis_thickness_mm': 0.2, 'tick_length_mm': 0.8, 'tick_thickness_mm': 0.2, 'trace_thickness_mm': 0.2, 'axis_font_size_pt': 7, 'tick_font_size_pt': 7, 'title_font_size_pt': 8, 'legend_font_size_pt': 6, 'label_pad_pt': 0.5, 'tick_pad_pt': 0.75, 'title_pad_pt': 1.0, 'font_family': 'Arial', 'n_ticks': 4, 'font_family_requested': 'Arial', 'font_family_actual': 'Arial'}}, 'matplotlib': {'version': '3.10.3'}, 'dimensions': {'figure_size_mm': (np.float64(80.0), np.float64(68.0)), 'figure_size_inch': (np.float64(3.1496062992125986), np.float64(2.677165354330709)), 'figure_size_px': (944, 803), 'axes_size_mm': (np.float64(40.0), np.float64(27.999999999999993)), 'axes_size_inch': (np.float64(1.5748031496062993), np.float64(1.1023622047244093)), 'axes_size_px': (472, 330), 'axes_position': (np.float64(0.25), np.float64(0.29411764705882354), np.float64(0.5), np.float64(0.41176470588235287)), 'dpi': 300}, 'margins_mm': {'left': np.float64(20.0), 'bottom': np.float64(20.0), 'right': np.float64(20.0), 'top': np.float64(20.000000000000007)}, 'axes_bbox_px': {'x0': 236, 'y0': 236, 'x1': 708, 'y1': 566, 'width': 472, 'height': 330}, 'axes_bbox_mm': {'x0': np.float64(20.0), 'y0': np.float64(20.0), 'x1': np.float64(60.0), 'y1': np.float64(47.99999999999999), 'width': np.float64(40.0), 'height': np.float64(27.999999999999993)}, 'url': 'https://scitex.ai'}[0m
[32mSUCC: Saved to: ./../scitex-code/examples/demo_plot_all_types_publication_out/publication/01_matplotlib_basic/11_violinplot.csv (8.3 KiB)[0m
[32mSUCC: Saved to: ./../scitex-code/examples/demo_plot_all_types_publication_out/publication/01_matplotlib_basic/11_violinplot.pdf (21.5 KiB)[0m
[90mINFO:   • Auto-collected metadata from figure[0m
[90mINFO: 📝 Saving figure with metadata to: /home/ywatanabe/proj/scitex-code/examples/demo_plot_all_types_publication_out/publication/01_matplotlib_basic/11_violinplot.jpg[0m
[90mINFO:   • Auto-added URL: https://scitex.ai[0m
/home/ywatanabe/proj/scitex-code/src/scitex/io/_save_modules/_image.py:103: UserWarning: This figure includes Axes that are not compatible with tight_layout, so results might be incorrect.
  obj.figure.savefig(buf, **save_kwargs)
[90mINFO:   • Embedded metadata: {'metadata_version': '1.0.0', 'scitex': {'version': '2.2.2', 'created_at': '2025-11-19T18:33:03.435487', 'created_with': 'scitex.plt.subplots (mm-control)', 'mode': 'publication', 'axes_size_mm': (40, 28), 'position_in_grid': (0, 0), 'style_mm': {'axis_thickness_mm': 0.2, 'tick_length_mm': 0.8, 'tick_thickness_mm': 0.2, 'trace_thickness_mm': 0.2, 'axis_font_size_pt': 7, 'tick_font_size_pt': 7, 'title_font_size_pt': 8, 'legend_font_size_pt': 6, 'label_pad_pt': 0.5, 'tick_pad_pt': 0.75, 'title_pad_pt': 1.0, 'font_family': 'Arial', 'n_ticks': 4, 'font_family_requested': 'Arial', 'font_family_actual': 'Arial'}}, 'matplotlib': {'version': '3.10.3'}, 'dimensions': {'figure_size_mm': (np.float64(80.0), np.float64(68.0)), 'figure_size_inch': (np.float64(3.1496062992125986), np.float64(2.677165354330709)), 'figure_size_px': (944, 803), 'axes_size_mm': (np.float64(40.0), np.float64(27.999999999999993)), 'axes_size_inch': (np.float64(1.5748031496062993), np.float64(1.1023622047244093)), 'axes_size_px': (472, 330), 'axes_position': (np.float64(0.25), np.float64(0.29411764705882354), np.float64(0.5), np.float64(0.41176470588235287)), 'dpi': 300}, 'margins_mm': {'left': np.float64(20.0), 'bottom': np.float64(20.0), 'right': np.float64(20.0), 'top': np.float64(20.000000000000007)}, 'axes_bbox_px': {'x0': 236, 'y0': 236, 'x1': 708, 'y1': 566, 'width': 472, 'height': 330}, 'axes_bbox_mm': {'x0': np.float64(20.0), 'y0': np.float64(20.0), 'x1': np.float64(60.0), 'y1': np.float64(47.99999999999999), 'width': np.float64(40.0), 'height': np.float64(27.999999999999993)}, 'url': 'https://scitex.ai'}[0m
[90mINFO:   • Auto-cropped with 1.0mm margin (23px at 600 DPI)[0m
[32mSUCC: Saved to: ./../scitex-code/examples/demo_plot_all_types_publication_out/publication/01_matplotlib_basic/11_violinplot.csv (8.3 KiB)[0m
[32mSUCC: Saved to: ./../scitex-code/examples/demo_plot_all_types_publication_out/publication/01_matplotlib_basic/11_violinplot.jpg (186.3 KiB)[0m
[90mINFO:   • Auto-collected metadata from figure[0m
[90mINFO: 📝 Saving figure with metadata to: /home/ywatanabe/proj/scitex-code/examples/demo_plot_all_types_publication_out/publication/02_custom_scitex/01_plot_heatmap.png[0m
[90mINFO:   • Auto-added URL: https://scitex.ai[0m
/home/ywatanabe/proj/scitex-code/src/scitex/io/_save_modules/_image.py:57: UserWarning: This figure includes Axes that are not compatible with tight_layout, so results might be incorrect.
  obj.savefig(spath, **kwargs)
[90mINFO:   • Embedded metadata: {'metadata_version': '1.0.0', 'scitex': {'version': '2.2.2', 'created_at': '2025-11-19T18:33:04.278159', 'created_with': 'scitex.plt.subplots (mm-control)', 'mode': 'publication', 'axes_size_mm': (45, 30), 'position_in_grid': (0, 0), 'style_mm': {'axis_thickness_mm': 0.2, 'tick_length_mm': 0.8, 'tick_thickness_mm': 0.2, 'trace_thickness_mm': 0.2, 'axis_font_size_pt': 7, 'tick_font_size_pt': 7, 'title_font_size_pt': 8, 'legend_font_size_pt': 6, 'label_pad_pt': 0.5, 'tick_pad_pt': 0.75, 'title_pad_pt': 1.0, 'font_family': 'Arial', 'n_ticks': 4, 'font_family_requested': 'Arial', 'font_family_actual': 'Arial'}}, 'matplotlib': {'version': '3.10.3'}, 'dimensions': {'figure_size_mm': (np.float64(85.0), np.float64(70.0)), 'figure_size_inch': (np.float64(3.346456692913386), np.float64(2.7559055118110236)), 'figure_size_px': (1003, 826), 'axes_size_mm': (np.float64(36.0), np.float64(24.0)), 'axes_size_inch': (np.float64(1.4173228346456694), np.float64(0.9448818897637795)), 'axes_size_px': (425, 283), 'axes_position': (np.float64(0.23529411764705882), np.float64(0.3285714285714285), np.float64(0.4235294117647059), np.float64(0.34285714285714286)), 'dpi': 300}, 'margins_mm': {'left': np.float64(20.0), 'bottom': np.float64(22.999999999999996), 'right': np.float64(29.0), 'top': np.float64(23.0)}, 'axes_bbox_px': {'x0': 236, 'y0': 271, 'x1': 661, 'y1': 554, 'width': 425, 'height': 283}, 'axes_bbox_mm': {'x0': np.float64(20.0), 'y0': np.float64(23.000000000000004), 'x1': np.float64(56.0), 'y1': np.float64(47.0), 'width': np.float64(36.0), 'height': np.float64(24.0)}, 'url': 'https://scitex.ai'}[0m
[90mINFO:   • Auto-cropped with 1.0mm margin (11px at 300 DPI)[0m
[32mSUCC: Saved to: ./../scitex-code/examples/demo_plot_all_types_publication_out/publication/02_custom_scitex/01_plot_heatmap.csv (2.3 KiB)[0m
[32mSUCC: Saved to: ./../scitex-code/examples/demo_plot_all_types_publication_out/publication/02_custom_scitex/01_plot_heatmap.png (1014.5 KiB)[0m
[90mINFO:   • Auto-collected metadata from figure[0m
[90mINFO: 📝 Saving figure with metadata to: /home/ywatanabe/proj/scitex-code/examples/demo_plot_all_types_publication_out/publication/02_custom_scitex/01_plot_heatmap.pdf[0m
[90mINFO:   • Auto-added URL: https://scitex.ai[0m
/home/ywatanabe/proj/scitex-code/src/scitex/io/_save_modules/_image.py:174: UserWarning: This figure includes Axes that are not compatible with tight_layout, so results might be incorrect.
  obj.savefig(spath, **save_kwargs)
[90mINFO:   • Embedded metadata: {'metadata_version': '1.0.0', 'scitex': {'version': '2.2.2', 'created_at': '2025-11-19T18:33:04.842468', 'created_with': 'scitex.plt.subplots (mm-control)', 'mode': 'publication', 'axes_size_mm': (45, 30), 'position_in_grid': (0, 0), 'style_mm': {'axis_thickness_mm': 0.2, 'tick_length_mm': 0.8, 'tick_thickness_mm': 0.2, 'trace_thickness_mm': 0.2, 'axis_font_size_pt': 7, 'tick_font_size_pt': 7, 'title_font_size_pt': 8, 'legend_font_size_pt': 6, 'label_pad_pt': 0.5, 'tick_pad_pt': 0.75, 'title_pad_pt': 1.0, 'font_family': 'Arial', 'n_ticks': 4, 'font_family_requested': 'Arial', 'font_family_actual': 'Arial'}}, 'matplotlib': {'version': '3.10.3'}, 'dimensions': {'figure_size_mm': (np.float64(85.0), np.float64(70.0)), 'figure_size_inch': (np.float64(3.346456692913386), np.float64(2.7559055118110236)), 'figure_size_px': (1003, 826), 'axes_size_mm': (np.float64(36.0), np.float64(24.0)), 'axes_size_inch': (np.float64(1.4173228346456694), np.float64(0.9448818897637795)), 'axes_size_px': (425, 283), 'axes_position': (np.float64(0.23529411764705882), np.float64(0.3285714285714285), np.float64(0.4235294117647059), np.float64(0.34285714285714286)), 'dpi': 300}, 'margins_mm': {'left': np.float64(20.0), 'bottom': np.float64(22.999999999999996), 'right': np.float64(29.0), 'top': np.float64(23.0)}, 'axes_bbox_px': {'x0': 236, 'y0': 271, 'x1': 661, 'y1': 554, 'width': 425, 'height': 283}, 'axes_bbox_mm': {'x0': np.float64(20.0), 'y0': np.float64(23.000000000000004), 'x1': np.float64(56.0), 'y1': np.float64(47.0), 'width': np.float64(36.0), 'height': np.float64(24.0)}, 'url': 'https://scitex.ai'}[0m
[32mSUCC: Saved to: ./../scitex-code/examples/demo_plot_all_types_publication_out/publication/02_custom_scitex/01_plot_heatmap.csv (2.3 KiB)[0m
[32mSUCC: Saved to: ./../scitex-code/examples/demo_plot_all_types_publication_out/publication/02_custom_scitex/01_plot_heatmap.pdf (20.0 KiB)[0m
[90mINFO:   • Auto-collected metadata from figure[0m
[90mINFO: 📝 Saving figure with metadata to: /home/ywatanabe/proj/scitex-code/examples/demo_plot_all_types_publication_out/publication/02_custom_scitex/01_plot_heatmap.jpg[0m
[90mINFO:   • Auto-added URL: https://scitex.ai[0m
/home/ywatanabe/proj/scitex-code/src/scitex/io/_save_modules/_image.py:103: UserWarning: This figure includes Axes that are not compatible with tight_layout, so results might be incorrect.
  obj.figure.savefig(buf, **save_kwargs)
[90mINFO:   • Embedded metadata: {'metadata_version': '1.0.0', 'scitex': {'version': '2.2.2', 'created_at': '2025-11-19T18:33:05.249477', 'created_with': 'scitex.plt.subplots (mm-control)', 'mode': 'publication', 'axes_size_mm': (45, 30), 'position_in_grid': (0, 0), 'style_mm': {'axis_thickness_mm': 0.2, 'tick_length_mm': 0.8, 'tick_thickness_mm': 0.2, 'trace_thickness_mm': 0.2, 'axis_font_size_pt': 7, 'tick_font_size_pt': 7, 'title_font_size_pt': 8, 'legend_font_size_pt': 6, 'label_pad_pt': 0.5, 'tick_pad_pt': 0.75, 'title_pad_pt': 1.0, 'font_family': 'Arial', 'n_ticks': 4, 'font_family_requested': 'Arial', 'font_family_actual': 'Arial'}}, 'matplotlib': {'version': '3.10.3'}, 'dimensions': {'figure_size_mm': (np.float64(85.0), np.float64(70.0)), 'figure_size_inch': (np.float64(3.346456692913386), np.float64(2.7559055118110236)), 'figure_size_px': (1003, 826), 'axes_size_mm': (np.float64(36.0), np.float64(24.0)), 'axes_size_inch': (np.float64(1.4173228346456694), np.float64(0.9448818897637795)), 'axes_size_px': (425, 283), 'axes_position': (np.float64(0.23529411764705882), np.float64(0.3285714285714285), np.float64(0.4235294117647059), np.float64(0.34285714285714286)), 'dpi': 300}, 'margins_mm': {'left': np.float64(20.0), 'bottom': np.float64(22.999999999999996), 'right': np.float64(29.0), 'top': np.float64(23.0)}, 'axes_bbox_px': {'x0': 236, 'y0': 271, 'x1': 661, 'y1': 554, 'width': 425, 'height': 283}, 'axes_bbox_mm': {'x0': np.float64(20.0), 'y0': np.float64(23.000000000000004), 'x1': np.float64(56.0), 'y1': np.float64(47.0), 'width': np.float64(36.0), 'height': np.float64(24.0)}, 'url': 'https://scitex.ai'}[0m
[90mINFO:   • Auto-cropped with 1.0mm margin (23px at 600 DPI)[0m
[32mSUCC: Saved to: ./../scitex-code/examples/demo_plot_all_types_publication_out/publication/02_custom_scitex/01_plot_heatmap.csv (2.3 KiB)[0m
[32mSUCC: Saved to: ./../scitex-code/examples/demo_plot_all_types_publication_out/publication/02_custom_scitex/01_plot_heatmap.jpg (762.7 KiB)[0m
[90mINFO:   • Auto-collected metadata from figure[0m
[90mINFO: 📝 Saving figure with metadata to: /home/ywatanabe/proj/scitex-code/examples/demo_plot_all_types_publication_out/publication/02_custom_scitex/02_plot_line.png[0m
[90mINFO:   • Auto-added URL: https://scitex.ai[0m
/home/ywatanabe/proj/scitex-code/src/scitex/io/_save_modules/_image.py:57: UserWarning: This figure includes Axes that are not compatible with tight_layout, so results might be incorrect.
  obj.savefig(spath, **kwargs)
[90mINFO:   • Embedded metadata: {'metadata_version': '1.0.0', 'scitex': {'version': '2.2.2', 'created_at': '2025-11-19T18:33:06.129046', 'created_with': 'scitex.plt.subplots (mm-control)', 'mode': 'publication', 'axes_size_mm': (40, 28), 'position_in_grid': (0, 0), 'style_mm': {'axis_thickness_mm': 0.2, 'tick_length_mm': 0.8, 'tick_thickness_mm': 0.2, 'trace_thickness_mm': 0.2, 'axis_font_size_pt': 7, 'tick_font_size_pt': 7, 'title_font_size_pt': 8, 'legend_font_size_pt': 6, 'label_pad_pt': 0.5, 'tick_pad_pt': 0.75, 'title_pad_pt': 1.0, 'font_family': 'Arial', 'n_ticks': 4, 'font_family_requested': 'Arial', 'font_family_actual': 'Arial'}}, 'matplotlib': {'version': '3.10.3'}, 'dimensions': {'figure_size_mm': (np.float64(80.0), np.float64(68.0)), 'figure_size_inch': (np.float64(3.1496062992125986), np.float64(2.677165354330709)), 'figure_size_px': (944, 803), 'axes_size_mm': (np.float64(40.0), np.float64(27.999999999999993)), 'axes_size_inch': (np.float64(1.5748031496062993), np.float64(1.1023622047244093)), 'axes_size_px': (472, 330), 'axes_position': (np.float64(0.25), np.float64(0.29411764705882354), np.float64(0.5), np.float64(0.41176470588235287)), 'dpi': 300}, 'margins_mm': {'left': np.float64(20.0), 'bottom': np.float64(20.0), 'right': np.float64(20.0), 'top': np.float64(20.000000000000007)}, 'axes_bbox_px': {'x0': 236, 'y0': 236, 'x1': 708, 'y1': 566, 'width': 472, 'height': 330}, 'axes_bbox_mm': {'x0': np.float64(20.0), 'y0': np.float64(20.0), 'x1': np.float64(60.0), 'y1': np.float64(47.99999999999999), 'width': np.float64(40.0), 'height': np.float64(27.999999999999993)}, 'url': 'https://scitex.ai'}[0m
[90mINFO:   • Auto-cropped with 1.0mm margin (11px at 300 DPI)[0m
[32mSUCC: Saved to: ./../scitex-code/examples/demo_plot_all_types_publication_out/publication/02_custom_scitex/02_plot_line.csv (2.2 KiB)[0m
[32mSUCC: Saved to: ./../scitex-code/examples/demo_plot_all_types_publication_out/publication/02_custom_scitex/02_plot_line.png (1.1 MiB)[0m
[90mINFO:   • Auto-collected metadata from figure[0m
[90mINFO: 📝 Saving figure with metadata to: /home/ywatanabe/proj/scitex-code/examples/demo_plot_all_types_publication_out/publication/02_custom_scitex/02_plot_line.pdf[0m
[90mINFO:   • Auto-added URL: https://scitex.ai[0m
/home/ywatanabe/proj/scitex-code/src/scitex/io/_save_modules/_image.py:174: UserWarning: This figure includes Axes that are not compatible with tight_layout, so results might be incorrect.
  obj.savefig(spath, **save_kwargs)
[90mINFO:   • Embedded metadata: {'metadata_version': '1.0.0', 'scitex': {'version': '2.2.2', 'created_at': '2025-11-19T18:33:06.401953', 'created_with': 'scitex.plt.subplots (mm-control)', 'mode': 'publication', 'axes_size_mm': (40, 28), 'position_in_grid': (0, 0), 'style_mm': {'axis_thickness_mm': 0.2, 'tick_length_mm': 0.8, 'tick_thickness_mm': 0.2, 'trace_thickness_mm': 0.2, 'axis_font_size_pt': 7, 'tick_font_size_pt': 7, 'title_font_size_pt': 8, 'legend_font_size_pt': 6, 'label_pad_pt': 0.5, 'tick_pad_pt': 0.75, 'title_pad_pt': 1.0, 'font_family': 'Arial', 'n_ticks': 4, 'font_family_requested': 'Arial', 'font_family_actual': 'Arial'}}, 'matplotlib': {'version': '3.10.3'}, 'dimensions': {'figure_size_mm': (np.float64(80.0), np.float64(68.0)), 'figure_size_inch': (np.float64(3.1496062992125986), np.float64(2.677165354330709)), 'figure_size_px': (944, 803), 'axes_size_mm': (np.float64(40.0), np.float64(27.999999999999993)), 'axes_size_inch': (np.float64(1.5748031496062993), np.float64(1.1023622047244093)), 'axes_size_px': (472, 330), 'axes_position': (np.float64(0.25), np.float64(0.29411764705882354), np.float64(0.5), np.float64(0.41176470588235287)), 'dpi': 300}, 'margins_mm': {'left': np.float64(20.0), 'bottom': np.float64(20.0), 'right': np.float64(20.0), 'top': np.float64(20.000000000000007)}, 'axes_bbox_px': {'x0': 236, 'y0': 236, 'x1': 708, 'y1': 566, 'width': 472, 'height': 330}, 'axes_bbox_mm': {'x0': np.float64(20.0), 'y0': np.float64(20.0), 'x1': np.float64(60.0), 'y1': np.float64(47.99999999999999), 'width': np.float64(40.0), 'height': np.float64(27.999999999999993)}, 'url': 'https://scitex.ai'}[0m
[32mSUCC: Saved to: ./../scitex-code/examples/demo_plot_all_types_publication_out/publication/02_custom_scitex/02_plot_line.csv (2.2 KiB)[0m
[32mSUCC: Saved to: ./../scitex-code/examples/demo_plot_all_types_publication_out/publication/02_custom_scitex/02_plot_line.pdf (16.0 KiB)[0m
[90mINFO:   • Auto-collected metadata from figure[0m
[90mINFO: 📝 Saving figure with metadata to: /home/ywatanabe/proj/scitex-code/examples/demo_plot_all_types_publication_out/publication/02_custom_scitex/02_plot_line.jpg[0m
[90mINFO:   • Auto-added URL: https://scitex.ai[0m
/home/ywatanabe/proj/scitex-code/src/scitex/io/_save_modules/_image.py:103: UserWarning: This figure includes Axes that are not compatible with tight_layout, so results might be incorrect.
  obj.figure.savefig(buf, **save_kwargs)
[90mINFO:   • Embedded metadata: {'metadata_version': '1.0.0', 'scitex': {'version': '2.2.2', 'created_at': '2025-11-19T18:33:06.518362', 'created_with': 'scitex.plt.subplots (mm-control)', 'mode': 'publication', 'axes_size_mm': (40, 28), 'position_in_grid': (0, 0), 'style_mm': {'axis_thickness_mm': 0.2, 'tick_length_mm': 0.8, 'tick_thickness_mm': 0.2, 'trace_thickness_mm': 0.2, 'axis_font_size_pt': 7, 'tick_font_size_pt': 7, 'title_font_size_pt': 8, 'legend_font_size_pt': 6, 'label_pad_pt': 0.5, 'tick_pad_pt': 0.75, 'title_pad_pt': 1.0, 'font_family': 'Arial', 'n_ticks': 4, 'font_family_requested': 'Arial', 'font_family_actual': 'Arial'}}, 'matplotlib': {'version': '3.10.3'}, 'dimensions': {'figure_size_mm': (np.float64(80.0), np.float64(68.0)), 'figure_size_inch': (np.float64(3.1496062992125986), np.float64(2.677165354330709)), 'figure_size_px': (944, 803), 'axes_size_mm': (np.float64(40.0), np.float64(27.999999999999993)), 'axes_size_inch': (np.float64(1.5748031496062993), np.float64(1.1023622047244093)), 'axes_size_px': (472, 330), 'axes_position': (np.float64(0.25), np.float64(0.29411764705882354), np.float64(0.5), np.float64(0.41176470588235287)), 'dpi': 300}, 'margins_mm': {'left': np.float64(20.0), 'bottom': np.float64(20.0), 'right': np.float64(20.0), 'top': np.float64(20.000000000000007)}, 'axes_bbox_px': {'x0': 236, 'y0': 236, 'x1': 708, 'y1': 566, 'width': 472, 'height': 330}, 'axes_bbox_mm': {'x0': np.float64(20.0), 'y0': np.float64(20.0), 'x1': np.float64(60.0), 'y1': np.float64(47.99999999999999), 'width': np.float64(40.0), 'height': np.float64(27.999999999999993)}, 'url': 'https://scitex.ai'}[0m
[90mINFO:   • Auto-cropped with 1.0mm margin (23px at 600 DPI)[0m
[32mSUCC: Saved to: ./../scitex-code/examples/demo_plot_all_types_publication_out/publication/02_custom_scitex/02_plot_line.csv (2.2 KiB)[0m
[32mSUCC: Saved to: ./../scitex-code/examples/demo_plot_all_types_publication_out/publication/02_custom_scitex/02_plot_line.jpg (242.7 KiB)[0m
[90mINFO:   • Auto-collected metadata from figure[0m
[90mINFO: 📝 Saving figure with metadata to: /home/ywatanabe/proj/scitex-code/examples/demo_plot_all_types_publication_out/publication/02_custom_scitex/03_plot_shaded_line.png[0m
[90mINFO:   • Auto-added URL: https://scitex.ai[0m
/home/ywatanabe/proj/scitex-code/src/scitex/io/_save_modules/_image.py:57: UserWarning: This figure includes Axes that are not compatible with tight_layout, so results might be incorrect.
  obj.savefig(spath, **kwargs)
[90mINFO:   • Embedded metadata: {'metadata_version': '1.0.0', 'scitex': {'version': '2.2.2', 'created_at': '2025-11-19T18:33:07.068417', 'created_with': 'scitex.plt.subplots (mm-control)', 'mode': 'publication', 'axes_size_mm': (40, 28), 'position_in_grid': (0, 0), 'style_mm': {'axis_thickness_mm': 0.2, 'tick_length_mm': 0.8, 'tick_thickness_mm': 0.2, 'trace_thickness_mm': 0.2, 'axis_font_size_pt': 7, 'tick_font_size_pt': 7, 'title_font_size_pt': 8, 'legend_font_size_pt': 6, 'label_pad_pt': 0.5, 'tick_pad_pt': 0.75, 'title_pad_pt': 1.0, 'font_family': 'Arial', 'n_ticks': 4, 'font_family_requested': 'Arial', 'font_family_actual': 'Arial'}}, 'matplotlib': {'version': '3.10.3'}, 'dimensions': {'figure_size_mm': (np.float64(80.0), np.float64(68.0)), 'figure_size_inch': (np.float64(3.1496062992125986), np.float64(2.677165354330709)), 'figure_size_px': (944, 803), 'axes_size_mm': (np.float64(40.0), np.float64(27.999999999999993)), 'axes_size_inch': (np.float64(1.5748031496062993), np.float64(1.1023622047244093)), 'axes_size_px': (472, 330), 'axes_position': (np.float64(0.25), np.float64(0.29411764705882354), np.float64(0.5), np.float64(0.41176470588235287)), 'dpi': 300}, 'margins_mm': {'left': np.float64(20.0), 'bottom': np.float64(20.0), 'right': np.float64(20.0), 'top': np.float64(20.000000000000007)}, 'axes_bbox_px': {'x0': 236, 'y0': 236, 'x1': 708, 'y1': 566, 'width': 472, 'height': 330}, 'axes_bbox_mm': {'x0': np.float64(20.0), 'y0': np.float64(20.0), 'x1': np.float64(60.0), 'y1': np.float64(47.99999999999999), 'width': np.float64(40.0), 'height': np.float64(27.999999999999993)}, 'url': 'https://scitex.ai'}[0m
[90mINFO:   • Auto-cropped with 1.0mm margin (11px at 300 DPI)[0m
[32mSUCC: Saved to: ./../scitex-code/examples/demo_plot_all_types_publication_out/publication/02_custom_scitex/03_plot_shaded_line.csv (3.8 KiB)[0m
[32mSUCC: Saved to: ./../scitex-code/examples/demo_plot_all_types_publication_out/publication/02_custom_scitex/03_plot_shaded_line.png (1.1 MiB)[0m
[90mINFO:   • Auto-collected metadata from figure[0m
[90mINFO: 📝 Saving figure with metadata to: /home/ywatanabe/proj/scitex-code/examples/demo_plot_all_types_publication_out/publication/02_custom_scitex/03_plot_shaded_line.pdf[0m
[90mINFO:   • Auto-added URL: https://scitex.ai[0m
/home/ywatanabe/proj/scitex-code/src/scitex/io/_save_modules/_image.py:174: UserWarning: This figure includes Axes that are not compatible with tight_layout, so results might be incorrect.
  obj.savefig(spath, **save_kwargs)
[90mINFO:   • Embedded metadata: {'metadata_version': '1.0.0', 'scitex': {'version': '2.2.2', 'created_at': '2025-11-19T18:33:07.325652', 'created_with': 'scitex.plt.subplots (mm-control)', 'mode': 'publication', 'axes_size_mm': (40, 28), 'position_in_grid': (0, 0), 'style_mm': {'axis_thickness_mm': 0.2, 'tick_length_mm': 0.8, 'tick_thickness_mm': 0.2, 'trace_thickness_mm': 0.2, 'axis_font_size_pt': 7, 'tick_font_size_pt': 7, 'title_font_size_pt': 8, 'legend_font_size_pt': 6, 'label_pad_pt': 0.5, 'tick_pad_pt': 0.75, 'title_pad_pt': 1.0, 'font_family': 'Arial', 'n_ticks': 4, 'font_family_requested': 'Arial', 'font_family_actual': 'Arial'}}, 'matplotlib': {'version': '3.10.3'}, 'dimensions': {'figure_size_mm': (np.float64(80.0), np.float64(68.0)), 'figure_size_inch': (np.float64(3.1496062992125986), np.float64(2.677165354330709)), 'figure_size_px': (944, 803), 'axes_size_mm': (np.float64(40.0), np.float64(27.999999999999993)), 'axes_size_inch': (np.float64(1.5748031496062993), np.float64(1.1023622047244093)), 'axes_size_px': (472, 330), 'axes_position': (np.float64(0.25), np.float64(0.29411764705882354), np.float64(0.5), np.float64(0.41176470588235287)), 'dpi': 300}, 'margins_mm': {'left': np.float64(20.0), 'bottom': np.float64(20.0), 'right': np.float64(20.0), 'top': np.float64(20.000000000000007)}, 'axes_bbox_px': {'x0': 236, 'y0': 236, 'x1': 708, 'y1': 566, 'width': 472, 'height': 330}, 'axes_bbox_mm': {'x0': np.float64(20.0), 'y0': np.float64(20.0), 'x1': np.float64(60.0), 'y1': np.float64(47.99999999999999), 'width': np.float64(40.0), 'height': np.float64(27.999999999999993)}, 'url': 'https://scitex.ai'}[0m
[32mSUCC: Saved to: ./../scitex-code/examples/demo_plot_all_types_publication_out/publication/02_custom_scitex/03_plot_shaded_line.csv (3.8 KiB)[0m
[32mSUCC: Saved to: ./../scitex-code/examples/demo_plot_all_types_publication_out/publication/02_custom_scitex/03_plot_shaded_line.pdf (18.3 KiB)[0m
[90mINFO:   • Auto-collected metadata from figure[0m
[90mINFO: 📝 Saving figure with metadata to: /home/ywatanabe/proj/scitex-code/examples/demo_plot_all_types_publication_out/publication/02_custom_scitex/03_plot_shaded_line.jpg[0m
[90mINFO:   • Auto-added URL: https://scitex.ai[0m
/home/ywatanabe/proj/scitex-code/src/scitex/io/_save_modules/_image.py:103: UserWarning: This figure includes Axes that are not compatible with tight_layout, so results might be incorrect.
  obj.figure.savefig(buf, **save_kwargs)
[90mINFO:   • Embedded metadata: {'metadata_version': '1.0.0', 'scitex': {'version': '2.2.2', 'created_at': '2025-11-19T18:33:07.466440', 'created_with': 'scitex.plt.subplots (mm-control)', 'mode': 'publication', 'axes_size_mm': (40, 28), 'position_in_grid': (0, 0), 'style_mm': {'axis_thickness_mm': 0.2, 'tick_length_mm': 0.8, 'tick_thickness_mm': 0.2, 'trace_thickness_mm': 0.2, 'axis_font_size_pt': 7, 'tick_font_size_pt': 7, 'title_font_size_pt': 8, 'legend_font_size_pt': 6, 'label_pad_pt': 0.5, 'tick_pad_pt': 0.75, 'title_pad_pt': 1.0, 'font_family': 'Arial', 'n_ticks': 4, 'font_family_requested': 'Arial', 'font_family_actual': 'Arial'}}, 'matplotlib': {'version': '3.10.3'}, 'dimensions': {'figure_size_mm': (np.float64(80.0), np.float64(68.0)), 'figure_size_inch': (np.float64(3.1496062992125986), np.float64(2.677165354330709)), 'figure_size_px': (944, 803), 'axes_size_mm': (np.float64(40.0), np.float64(27.999999999999993)), 'axes_size_inch': (np.float64(1.5748031496062993), np.float64(1.1023622047244093)), 'axes_size_px': (472, 330), 'axes_position': (np.float64(0.25), np.float64(0.29411764705882354), np.float64(0.5), np.float64(0.41176470588235287)), 'dpi': 300}, 'margins_mm': {'left': np.float64(20.0), 'bottom': np.float64(20.0), 'right': np.float64(20.0), 'top': np.float64(20.000000000000007)}, 'axes_bbox_px': {'x0': 236, 'y0': 236, 'x1': 708, 'y1': 566, 'width': 472, 'height': 330}, 'axes_bbox_mm': {'x0': np.float64(20.0), 'y0': np.float64(20.0), 'x1': np.float64(60.0), 'y1': np.float64(47.99999999999999), 'width': np.float64(40.0), 'height': np.float64(27.999999999999993)}, 'url': 'https://scitex.ai'}[0m
[90mINFO:   • Auto-cropped with 1.0mm margin (23px at 600 DPI)[0m
[32mSUCC: Saved to: ./../scitex-code/examples/demo_plot_all_types_publication_out/publication/02_custom_scitex/03_plot_shaded_line.csv (3.8 KiB)[0m
[32mSUCC: Saved to: ./../scitex-code/examples/demo_plot_all_types_publication_out/publication/02_custom_scitex/03_plot_shaded_line.jpg (240.2 KiB)[0m
[90mINFO:   • Auto-collected metadata from figure[0m
[90mINFO: 📝 Saving figure with metadata to: /home/ywatanabe/proj/scitex-code/examples/demo_plot_all_types_publication_out/publication/02_custom_scitex/04_plot_violin.png[0m
[90mINFO:   • Auto-added URL: https://scitex.ai[0m
/home/ywatanabe/proj/scitex-code/src/scitex/io/_save_modules/_image.py:57: UserWarning: This figure includes Axes that are not compatible with tight_layout, so results might be incorrect.
  obj.savefig(spath, **kwargs)
[90mINFO:   • Embedded metadata: {'metadata_version': '1.0.0', 'scitex': {'version': '2.2.2', 'created_at': '2025-11-19T18:33:08.133703', 'created_with': 'scitex.plt.subplots (mm-control)', 'mode': 'publication', 'axes_size_mm': (40, 28), 'position_in_grid': (0, 0), 'style_mm': {'axis_thickness_mm': 0.2, 'tick_length_mm': 0.8, 'tick_thickness_mm': 0.2, 'trace_thickness_mm': 0.2, 'axis_font_size_pt': 7, 'tick_font_size_pt': 7, 'title_font_size_pt': 8, 'legend_font_size_pt': 6, 'label_pad_pt': 0.5, 'tick_pad_pt': 0.75, 'title_pad_pt': 1.0, 'font_family': 'Arial', 'n_ticks': 4, 'font_family_requested': 'Arial', 'font_family_actual': 'Arial'}}, 'matplotlib': {'version': '3.10.3'}, 'dimensions': {'figure_size_mm': (np.float64(80.0), np.float64(68.0)), 'figure_size_inch': (np.float64(3.1496062992125986), np.float64(2.677165354330709)), 'figure_size_px': (944, 803), 'axes_size_mm': (np.float64(40.0), np.float64(27.999999999999993)), 'axes_size_inch': (np.float64(1.5748031496062993), np.float64(1.1023622047244093)), 'axes_size_px': (472, 330), 'axes_position': (np.float64(0.25), np.float64(0.29411764705882354), np.float64(0.5), np.float64(0.41176470588235287)), 'dpi': 300}, 'margins_mm': {'left': np.float64(20.0), 'bottom': np.float64(20.0), 'right': np.float64(20.0), 'top': np.float64(20.000000000000007)}, 'axes_bbox_px': {'x0': 236, 'y0': 236, 'x1': 708, 'y1': 566, 'width': 472, 'height': 330}, 'axes_bbox_mm': {'x0': np.float64(20.0), 'y0': np.float64(20.0), 'x1': np.float64(60.0), 'y1': np.float64(47.99999999999999), 'width': np.float64(40.0), 'height': np.float64(27.999999999999993)}, 'url': 'https://scitex.ai'}[0m
[90mINFO:   • Auto-cropped with 1.0mm margin (11px at 300 DPI)[0m
[32mSUCC: Saved to: ./../scitex-code/examples/demo_plot_all_types_publication_out/publication/02_custom_scitex/04_plot_violin.csv (7.9 KiB)[0m
[32mSUCC: Saved to: ./../scitex-code/examples/demo_plot_all_types_publication_out/publication/02_custom_scitex/04_plot_violin.png (1.0 MiB)[0m
[90mINFO:   • Auto-collected metadata from figure[0m
[90mINFO: 📝 Saving figure with metadata to: /home/ywatanabe/proj/scitex-code/examples/demo_plot_all_types_publication_out/publication/02_custom_scitex/04_plot_violin.pdf[0m
[90mINFO:   • Auto-added URL: https://scitex.ai[0m
/home/ywatanabe/proj/scitex-code/src/scitex/io/_save_modules/_image.py:174: UserWarning: This figure includes Axes that are not compatible with tight_layout, so results might be incorrect.
  obj.savefig(spath, **save_kwargs)
[90mINFO:   • Embedded metadata: {'metadata_version': '1.0.0', 'scitex': {'version': '2.2.2', 'created_at': '2025-11-19T18:33:08.456934', 'created_with': 'scitex.plt.subplots (mm-control)', 'mode': 'publication', 'axes_size_mm': (40, 28), 'position_in_grid': (0, 0), 'style_mm': {'axis_thickness_mm': 0.2, 'tick_length_mm': 0.8, 'tick_thickness_mm': 0.2, 'trace_thickness_mm': 0.2, 'axis_font_size_pt': 7, 'tick_font_size_pt': 7, 'title_font_size_pt': 8, 'legend_font_size_pt': 6, 'label_pad_pt': 0.5, 'tick_pad_pt': 0.75, 'title_pad_pt': 1.0, 'font_family': 'Arial', 'n_ticks': 4, 'font_family_requested': 'Arial', 'font_family_actual': 'Arial'}}, 'matplotlib': {'version': '3.10.3'}, 'dimensions': {'figure_size_mm': (np.float64(80.0), np.float64(68.0)), 'figure_size_inch': (np.float64(3.1496062992125986), np.float64(2.677165354330709)), 'figure_size_px': (944, 803), 'axes_size_mm': (np.float64(40.0), np.float64(27.999999999999993)), 'axes_size_inch': (np.float64(1.5748031496062993), np.float64(1.1023622047244093)), 'axes_size_px': (472, 330), 'axes_position': (np.float64(0.25), np.float64(0.29411764705882354), np.float64(0.5), np.float64(0.41176470588235287)), 'dpi': 300}, 'margins_mm': {'left': np.float64(20.0), 'bottom': np.float64(20.0), 'right': np.float64(20.0), 'top': np.float64(20.000000000000007)}, 'axes_bbox_px': {'x0': 236, 'y0': 236, 'x1': 708, 'y1': 566, 'width': 472, 'height': 330}, 'axes_bbox_mm': {'x0': np.float64(20.0), 'y0': np.float64(20.0), 'x1': np.float64(60.0), 'y1': np.float64(47.99999999999999), 'width': np.float64(40.0), 'height': np.float64(27.999999999999993)}, 'url': 'https://scitex.ai'}[0m
[32mSUCC: Saved to: ./../scitex-code/examples/demo_plot_all_types_publication_out/publication/02_custom_scitex/04_plot_violin.csv (7.9 KiB)[0m
[32mSUCC: Saved to: ./../scitex-code/examples/demo_plot_all_types_publication_out/publication/02_custom_scitex/04_plot_violin.pdf (19.9 KiB)[0m
[90mINFO:   • Auto-collected metadata from figure[0m
[90mINFO: 📝 Saving figure with metadata to: /home/ywatanabe/proj/scitex-code/examples/demo_plot_all_types_publication_out/publication/02_custom_scitex/04_plot_violin.jpg[0m
[90mINFO:   • Auto-added URL: https://scitex.ai[0m
/home/ywatanabe/proj/scitex-code/src/scitex/io/_save_modules/_image.py:103: UserWarning: This figure includes Axes that are not compatible with tight_layout, so results might be incorrect.
  obj.figure.savefig(buf, **save_kwargs)
[90mINFO:   • Embedded metadata: {'metadata_version': '1.0.0', 'scitex': {'version': '2.2.2', 'created_at': '2025-11-19T18:33:08.607018', 'created_with': 'scitex.plt.subplots (mm-control)', 'mode': 'publication', 'axes_size_mm': (40, 28), 'position_in_grid': (0, 0), 'style_mm': {'axis_thickness_mm': 0.2, 'tick_length_mm': 0.8, 'tick_thickness_mm': 0.2, 'trace_thickness_mm': 0.2, 'axis_font_size_pt': 7, 'tick_font_size_pt': 7, 'title_font_size_pt': 8, 'legend_font_size_pt': 6, 'label_pad_pt': 0.5, 'tick_pad_pt': 0.75, 'title_pad_pt': 1.0, 'font_family': 'Arial', 'n_ticks': 4, 'font_family_requested': 'Arial', 'font_family_actual': 'Arial'}}, 'matplotlib': {'version': '3.10.3'}, 'dimensions': {'figure_size_mm': (np.float64(80.0), np.float64(68.0)), 'figure_size_inch': (np.float64(3.1496062992125986), np.float64(2.677165354330709)), 'figure_size_px': (944, 803), 'axes_size_mm': (np.float64(40.0), np.float64(27.999999999999993)), 'axes_size_inch': (np.float64(1.5748031496062993), np.float64(1.1023622047244093)), 'axes_size_px': (472, 330), 'axes_position': (np.float64(0.25), np.float64(0.29411764705882354), np.float64(0.5), np.float64(0.41176470588235287)), 'dpi': 300}, 'margins_mm': {'left': np.float64(20.0), 'bottom': np.float64(20.0), 'right': np.float64(20.0), 'top': np.float64(20.000000000000007)}, 'axes_bbox_px': {'x0': 236, 'y0': 236, 'x1': 708, 'y1': 566, 'width': 472, 'height': 330}, 'axes_bbox_mm': {'x0': np.float64(20.0), 'y0': np.float64(20.0), 'x1': np.float64(60.0), 'y1': np.float64(47.99999999999999), 'width': np.float64(40.0), 'height': np.float64(27.999999999999993)}, 'url': 'https://scitex.ai'}[0m
[90mINFO:   • Auto-cropped with 1.0mm margin (23px at 600 DPI)[0m
[32mSUCC: Saved to: ./../scitex-code/examples/demo_plot_all_types_publication_out/publication/02_custom_scitex/04_plot_violin.csv (7.9 KiB)[0m
[32mSUCC: Saved to: ./../scitex-code/examples/demo_plot_all_types_publication_out/publication/02_custom_scitex/04_plot_violin.jpg (170.9 KiB)[0m
[90mINFO:   • Auto-collected metadata from figure[0m
[90mINFO: 📝 Saving figure with metadata to: /home/ywatanabe/proj/scitex-code/examples/demo_plot_all_types_publication_out/publication/02_custom_scitex/05_plot_ecdf.png[0m
[90mINFO:   • Auto-added URL: https://scitex.ai[0m
/home/ywatanabe/proj/scitex-code/src/scitex/io/_save_modules/_image.py:57: UserWarning: This figure includes Axes that are not compatible with tight_layout, so results might be incorrect.
  obj.savefig(spath, **kwargs)
[90mINFO:   • Embedded metadata: {'metadata_version': '1.0.0', 'scitex': {'version': '2.2.2', 'created_at': '2025-11-19T18:33:09.207573', 'created_with': 'scitex.plt.subplots (mm-control)', 'mode': 'publication', 'axes_size_mm': (40, 28), 'position_in_grid': (0, 0), 'style_mm': {'axis_thickness_mm': 0.2, 'tick_length_mm': 0.8, 'tick_thickness_mm': 0.2, 'trace_thickness_mm': 0.2, 'axis_font_size_pt': 7, 'tick_font_size_pt': 7, 'title_font_size_pt': 8, 'legend_font_size_pt': 6, 'label_pad_pt': 0.5, 'tick_pad_pt': 0.75, 'title_pad_pt': 1.0, 'font_family': 'Arial', 'n_ticks': 4, 'font_family_requested': 'Arial', 'font_family_actual': 'Arial'}}, 'matplotlib': {'version': '3.10.3'}, 'dimensions': {'figure_size_mm': (np.float64(80.0), np.float64(68.0)), 'figure_size_inch': (np.float64(3.1496062992125986), np.float64(2.677165354330709)), 'figure_size_px': (944, 803), 'axes_size_mm': (np.float64(40.0), np.float64(27.999999999999993)), 'axes_size_inch': (np.float64(1.5748031496062993), np.float64(1.1023622047244093)), 'axes_size_px': (472, 330), 'axes_position': (np.float64(0.25), np.float64(0.29411764705882354), np.float64(0.5), np.float64(0.41176470588235287)), 'dpi': 300}, 'margins_mm': {'left': np.float64(20.0), 'bottom': np.float64(20.0), 'right': np.float64(20.0), 'top': np.float64(20.000000000000007)}, 'axes_bbox_px': {'x0': 236, 'y0': 236, 'x1': 708, 'y1': 566, 'width': 472, 'height': 330}, 'axes_bbox_mm': {'x0': np.float64(20.0), 'y0': np.float64(20.0), 'x1': np.float64(60.0), 'y1': np.float64(47.99999999999999), 'width': np.float64(40.0), 'height': np.float64(27.999999999999993)}, 'url': 'https://scitex.ai'}[0m
[90mINFO:   • Auto-cropped with 1.0mm margin (11px at 300 DPI)[0m
[32mSUCC: Saved to: ./../scitex-code/examples/demo_plot_all_types_publication_out/publication/02_custom_scitex/05_plot_ecdf.csv (75.9 KiB)[0m
[32mSUCC: Saved to: ./../scitex-code/examples/demo_plot_all_types_publication_out/publication/02_custom_scitex/05_plot_ecdf.png (1.1 MiB)[0m
[90mINFO:   • Auto-collected metadata from figure[0m
[90mINFO: 📝 Saving figure with metadata to: /home/ywatanabe/proj/scitex-code/examples/demo_plot_all_types_publication_out/publication/02_custom_scitex/05_plot_ecdf.pdf[0m
[90mINFO:   • Auto-added URL: https://scitex.ai[0m
/home/ywatanabe/proj/scitex-code/src/scitex/io/_save_modules/_image.py:174: UserWarning: This figure includes Axes that are not compatible with tight_layout, so results might be incorrect.
  obj.savefig(spath, **save_kwargs)
[90mINFO:   • Embedded metadata: {'metadata_version': '1.0.0', 'scitex': {'version': '2.2.2', 'created_at': '2025-11-19T18:33:09.895496', 'created_with': 'scitex.plt.subplots (mm-control)', 'mode': 'publication', 'axes_size_mm': (40, 28), 'position_in_grid': (0, 0), 'style_mm': {'axis_thickness_mm': 0.2, 'tick_length_mm': 0.8, 'tick_thickness_mm': 0.2, 'trace_thickness_mm': 0.2, 'axis_font_size_pt': 7, 'tick_font_size_pt': 7, 'title_font_size_pt': 8, 'legend_font_size_pt': 6, 'label_pad_pt': 0.5, 'tick_pad_pt': 0.75, 'title_pad_pt': 1.0, 'font_family': 'Arial', 'n_ticks': 4, 'font_family_requested': 'Arial', 'font_family_actual': 'Arial'}}, 'matplotlib': {'version': '3.10.3'}, 'dimensions': {'figure_size_mm': (np.float64(80.0), np.float64(68.0)), 'figure_size_inch': (np.float64(3.1496062992125986), np.float64(2.677165354330709)), 'figure_size_px': (944, 803), 'axes_size_mm': (np.float64(40.0), np.float64(27.999999999999993)), 'axes_size_inch': (np.float64(1.5748031496062993), np.float64(1.1023622047244093)), 'axes_size_px': (472, 330), 'axes_position': (np.float64(0.25), np.float64(0.29411764705882354), np.float64(0.5), np.float64(0.41176470588235287)), 'dpi': 300}, 'margins_mm': {'left': np.float64(20.0), 'bottom': np.float64(20.0), 'right': np.float64(20.0), 'top': np.float64(20.000000000000007)}, 'axes_bbox_px': {'x0': 236, 'y0': 236, 'x1': 708, 'y1': 566, 'width': 472, 'height': 330}, 'axes_bbox_mm': {'x0': np.float64(20.0), 'y0': np.float64(20.0), 'x1': np.float64(60.0), 'y1': np.float64(47.99999999999999), 'width': np.float64(40.0), 'height': np.float64(27.999999999999993)}, 'url': 'https://scitex.ai'}[0m
[32mSUCC: Saved to: ./../scitex-code/examples/demo_plot_all_types_publication_out/publication/02_custom_scitex/05_plot_ecdf.csv (75.9 KiB)[0m
[32mSUCC: Saved to: ./../scitex-code/examples/demo_plot_all_types_publication_out/publication/02_custom_scitex/05_plot_ecdf.pdf (23.5 KiB)[0m
[90mINFO:   • Auto-collected metadata from figure[0m
[90mINFO: 📝 Saving figure with metadata to: /home/ywatanabe/proj/scitex-code/examples/demo_plot_all_types_publication_out/publication/02_custom_scitex/05_plot_ecdf.jpg[0m
[90mINFO:   • Auto-added URL: https://scitex.ai[0m
/home/ywatanabe/proj/scitex-code/src/scitex/io/_save_modules/_image.py:103: UserWarning: This figure includes Axes that are not compatible with tight_layout, so results might be incorrect.
  obj.figure.savefig(buf, **save_kwargs)
[90mINFO:   • Embedded metadata: {'metadata_version': '1.0.0', 'scitex': {'version': '2.2.2', 'created_at': '2025-11-19T18:33:10.327557', 'created_with': 'scitex.plt.subplots (mm-control)', 'mode': 'publication', 'axes_size_mm': (40, 28), 'position_in_grid': (0, 0), 'style_mm': {'axis_thickness_mm': 0.2, 'tick_length_mm': 0.8, 'tick_thickness_mm': 0.2, 'trace_thickness_mm': 0.2, 'axis_font_size_pt': 7, 'tick_font_size_pt': 7, 'title_font_size_pt': 8, 'legend_font_size_pt': 6, 'label_pad_pt': 0.5, 'tick_pad_pt': 0.75, 'title_pad_pt': 1.0, 'font_family': 'Arial', 'n_ticks': 4, 'font_family_requested': 'Arial', 'font_family_actual': 'Arial'}}, 'matplotlib': {'version': '3.10.3'}, 'dimensions': {'figure_size_mm': (np.float64(80.0), np.float64(68.0)), 'figure_size_inch': (np.float64(3.1496062992125986), np.float64(2.677165354330709)), 'figure_size_px': (944, 803), 'axes_size_mm': (np.float64(40.0), np.float64(27.999999999999993)), 'axes_size_inch': (np.float64(1.5748031496062993), np.float64(1.1023622047244093)), 'axes_size_px': (472, 330), 'axes_position': (np.float64(0.25), np.float64(0.29411764705882354), np.float64(0.5), np.float64(0.41176470588235287)), 'dpi': 300}, 'margins_mm': {'left': np.float64(20.0), 'bottom': np.float64(20.0), 'right': np.float64(20.0), 'top': np.float64(20.000000000000007)}, 'axes_bbox_px': {'x0': 236, 'y0': 236, 'x1': 708, 'y1': 566, 'width': 472, 'height': 330}, 'axes_bbox_mm': {'x0': np.float64(20.0), 'y0': np.float64(20.0), 'x1': np.float64(60.0), 'y1': np.float64(47.99999999999999), 'width': np.float64(40.0), 'height': np.float64(27.999999999999993)}, 'url': 'https://scitex.ai'}[0m
[90mINFO:   • Auto-cropped with 1.0mm margin (23px at 600 DPI)[0m
[32mSUCC: Saved to: ./../scitex-code/examples/demo_plot_all_types_publication_out/publication/02_custom_scitex/05_plot_ecdf.csv (75.9 KiB)[0m
[32mSUCC: Saved to: ./../scitex-code/examples/demo_plot_all_types_publication_out/publication/02_custom_scitex/05_plot_ecdf.jpg (204.1 KiB)[0m
[90mINFO:   • Auto-collected metadata from figure[0m
[90mINFO: 📝 Saving figure with metadata to: /home/ywatanabe/proj/scitex-code/examples/demo_plot_all_types_publication_out/publication/02_custom_scitex/06_plot_box.png[0m
[90mINFO:   • Auto-added URL: https://scitex.ai[0m
/home/ywatanabe/proj/scitex-code/src/scitex/io/_save_modules/_image.py:57: UserWarning: This figure includes Axes that are not compatible with tight_layout, so results might be incorrect.
  obj.savefig(spath, **kwargs)
[90mINFO:   • Embedded metadata: {'metadata_version': '1.0.0', 'scitex': {'version': '2.2.2', 'created_at': '2025-11-19T18:33:11.184678', 'created_with': 'scitex.plt.subplots (mm-control)', 'mode': 'publication', 'axes_size_mm': (40, 28), 'position_in_grid': (0, 0), 'style_mm': {'axis_thickness_mm': 0.2, 'tick_length_mm': 0.8, 'tick_thickness_mm': 0.2, 'trace_thickness_mm': 0.2, 'axis_font_size_pt': 7, 'tick_font_size_pt': 7, 'title_font_size_pt': 8, 'legend_font_size_pt': 6, 'label_pad_pt': 0.5, 'tick_pad_pt': 0.75, 'title_pad_pt': 1.0, 'font_family': 'Arial', 'n_ticks': 4, 'font_family_requested': 'Arial', 'font_family_actual': 'Arial'}}, 'matplotlib': {'version': '3.10.3'}, 'dimensions': {'figure_size_mm': (np.float64(80.0), np.float64(68.0)), 'figure_size_inch': (np.float64(3.1496062992125986), np.float64(2.677165354330709)), 'figure_size_px': (944, 803), 'axes_size_mm': (np.float64(40.0), np.float64(27.999999999999993)), 'axes_size_inch': (np.float64(1.5748031496062993), np.float64(1.1023622047244093)), 'axes_size_px': (472, 330), 'axes_position': (np.float64(0.25), np.float64(0.29411764705882354), np.float64(0.5), np.float64(0.41176470588235287)), 'dpi': 300}, 'margins_mm': {'left': np.float64(20.0), 'bottom': np.float64(20.0), 'right': np.float64(20.0), 'top': np.float64(20.000000000000007)}, 'axes_bbox_px': {'x0': 236, 'y0': 236, 'x1': 708, 'y1': 566, 'width': 472, 'height': 330}, 'axes_bbox_mm': {'x0': np.float64(20.0), 'y0': np.float64(20.0), 'x1': np.float64(60.0), 'y1': np.float64(47.99999999999999), 'width': np.float64(40.0), 'height': np.float64(27.999999999999993)}, 'url': 'https://scitex.ai'}[0m
[90mINFO:   • Auto-cropped with 1.0mm margin (11px at 300 DPI)[0m
[32mSUCC: Saved to: ./../scitex-code/examples/demo_plot_all_types_publication_out/publication/02_custom_scitex/06_plot_box.csv (2.0 KiB)[0m
[32mSUCC: Saved to: ./../scitex-code/examples/demo_plot_all_types_publication_out/publication/02_custom_scitex/06_plot_box.png (1018.7 KiB)[0m
[90mINFO:   • Auto-collected metadata from figure[0m
[90mINFO: 📝 Saving figure with metadata to: /home/ywatanabe/proj/scitex-code/examples/demo_plot_all_types_publication_out/publication/02_custom_scitex/06_plot_box.pdf[0m
[90mINFO:   • Auto-added URL: https://scitex.ai[0m
/home/ywatanabe/proj/scitex-code/src/scitex/io/_save_modules/_image.py:174: UserWarning: This figure includes Axes that are not compatible with tight_layout, so results might be incorrect.
  obj.savefig(spath, **save_kwargs)
[90mINFO:   • Embedded metadata: {'metadata_version': '1.0.0', 'scitex': {'version': '2.2.2', 'created_at': '2025-11-19T18:33:11.401815', 'created_with': 'scitex.plt.subplots (mm-control)', 'mode': 'publication', 'axes_size_mm': (40, 28), 'position_in_grid': (0, 0), 'style_mm': {'axis_thickness_mm': 0.2, 'tick_length_mm': 0.8, 'tick_thickness_mm': 0.2, 'trace_thickness_mm': 0.2, 'axis_font_size_pt': 7, 'tick_font_size_pt': 7, 'title_font_size_pt': 8, 'legend_font_size_pt': 6, 'label_pad_pt': 0.5, 'tick_pad_pt': 0.75, 'title_pad_pt': 1.0, 'font_family': 'Arial', 'n_ticks': 4, 'font_family_requested': 'Arial', 'font_family_actual': 'Arial'}}, 'matplotlib': {'version': '3.10.3'}, 'dimensions': {'figure_size_mm': (np.float64(80.0), np.float64(68.0)), 'figure_size_inch': (np.float64(3.1496062992125986), np.float64(2.677165354330709)), 'figure_size_px': (944, 803), 'axes_size_mm': (np.float64(40.0), np.float64(27.999999999999993)), 'axes_size_inch': (np.float64(1.5748031496062993), np.float64(1.1023622047244093)), 'axes_size_px': (472, 330), 'axes_position': (np.float64(0.25), np.float64(0.29411764705882354), np.float64(0.5), np.float64(0.41176470588235287)), 'dpi': 300}, 'margins_mm': {'left': np.float64(20.0), 'bottom': np.float64(20.0), 'right': np.float64(20.0), 'top': np.float64(20.000000000000007)}, 'axes_bbox_px': {'x0': 236, 'y0': 236, 'x1': 708, 'y1': 566, 'width': 472, 'height': 330}, 'axes_bbox_mm': {'x0': np.float64(20.0), 'y0': np.float64(20.0), 'x1': np.float64(60.0), 'y1': np.float64(47.99999999999999), 'width': np.float64(40.0), 'height': np.float64(27.999999999999993)}, 'url': 'https://scitex.ai'}[0m
[32mSUCC: Saved to: ./../scitex-code/examples/demo_plot_all_types_publication_out/publication/02_custom_scitex/06_plot_box.csv (2.0 KiB)[0m
[32mSUCC: Saved to: ./../scitex-code/examples/demo_plot_all_types_publication_out/publication/02_custom_scitex/06_plot_box.pdf (12.0 KiB)[0m
[90mINFO:   • Auto-collected metadata from figure[0m
[90mINFO: 📝 Saving figure with metadata to: /home/ywatanabe/proj/scitex-code/examples/demo_plot_all_types_publication_out/publication/02_custom_scitex/06_plot_box.jpg[0m
[90mINFO:   • Auto-added URL: https://scitex.ai[0m
/home/ywatanabe/proj/scitex-code/src/scitex/io/_save_modules/_image.py:103: UserWarning: This figure includes Axes that are not compatible with tight_layout, so results might be incorrect.
  obj.figure.savefig(buf, **save_kwargs)
[90mINFO:   • Embedded metadata: {'metadata_version': '1.0.0', 'scitex': {'version': '2.2.2', 'created_at': '2025-11-19T18:33:11.488080', 'created_with': 'scitex.plt.subplots (mm-control)', 'mode': 'publication', 'axes_size_mm': (40, 28), 'position_in_grid': (0, 0), 'style_mm': {'axis_thickness_mm': 0.2, 'tick_length_mm': 0.8, 'tick_thickness_mm': 0.2, 'trace_thickness_mm': 0.2, 'axis_font_size_pt': 7, 'tick_font_size_pt': 7, 'title_font_size_pt': 8, 'legend_font_size_pt': 6, 'label_pad_pt': 0.5, 'tick_pad_pt': 0.75, 'title_pad_pt': 1.0, 'font_family': 'Arial', 'n_ticks': 4, 'font_family_requested': 'Arial', 'font_family_actual': 'Arial'}}, 'matplotlib': {'version': '3.10.3'}, 'dimensions': {'figure_size_mm': (np.float64(80.0), np.float64(68.0)), 'figure_size_inch': (np.float64(3.1496062992125986), np.float64(2.677165354330709)), 'figure_size_px': (944, 803), 'axes_size_mm': (np.float64(40.0), np.float64(27.999999999999993)), 'axes_size_inch': (np.float64(1.5748031496062993), np.float64(1.1023622047244093)), 'axes_size_px': (472, 330), 'axes_position': (np.float64(0.25), np.float64(0.29411764705882354), np.float64(0.5), np.float64(0.41176470588235287)), 'dpi': 300}, 'margins_mm': {'left': np.float64(20.0), 'bottom': np.float64(20.0), 'right': np.float64(20.0), 'top': np.float64(20.000000000000007)}, 'axes_bbox_px': {'x0': 236, 'y0': 236, 'x1': 708, 'y1': 566, 'width': 472, 'height': 330}, 'axes_bbox_mm': {'x0': np.float64(20.0), 'y0': np.float64(20.0), 'x1': np.float64(60.0), 'y1': np.float64(47.99999999999999), 'width': np.float64(40.0), 'height': np.float64(27.999999999999993)}, 'url': 'https://scitex.ai'}[0m
[90mINFO:   • Auto-cropped with 1.0mm margin (23px at 600 DPI)[0m
[32mSUCC: Saved to: ./../scitex-code/examples/demo_plot_all_types_publication_out/publication/02_custom_scitex/06_plot_box.csv (2.0 KiB)[0m
[32mSUCC: Saved to: ./../scitex-code/examples/demo_plot_all_types_publication_out/publication/02_custom_scitex/06_plot_box.jpg (85.7 KiB)[0m
[90mINFO:   • Auto-collected metadata from figure[0m
[90mINFO: 📝 Saving figure with metadata to: /home/ywatanabe/proj/scitex-code/examples/demo_plot_all_types_publication_out/publication/02_custom_scitex/07_plot_mean_std.png[0m
[90mINFO:   • Auto-added URL: https://scitex.ai[0m
/home/ywatanabe/proj/scitex-code/src/scitex/io/_save_modules/_image.py:57: UserWarning: This figure includes Axes that are not compatible with tight_layout, so results might be incorrect.
  obj.savefig(spath, **kwargs)
[90mINFO:   • Embedded metadata: {'metadata_version': '1.0.0', 'scitex': {'version': '2.2.2', 'created_at': '2025-11-19T18:33:12.025849', 'created_with': 'scitex.plt.subplots (mm-control)', 'mode': 'publication', 'axes_size_mm': (40, 28), 'position_in_grid': (0, 0), 'style_mm': {'axis_thickness_mm': 0.2, 'tick_length_mm': 0.8, 'tick_thickness_mm': 0.2, 'trace_thickness_mm': 0.2, 'axis_font_size_pt': 7, 'tick_font_size_pt': 7, 'title_font_size_pt': 8, 'legend_font_size_pt': 6, 'label_pad_pt': 0.5, 'tick_pad_pt': 0.75, 'title_pad_pt': 1.0, 'font_family': 'Arial', 'n_ticks': 4, 'font_family_requested': 'Arial', 'font_family_actual': 'Arial'}}, 'matplotlib': {'version': '3.10.3'}, 'dimensions': {'figure_size_mm': (np.float64(80.0), np.float64(68.0)), 'figure_size_inch': (np.float64(3.1496062992125986), np.float64(2.677165354330709)), 'figure_size_px': (944, 803), 'axes_size_mm': (np.float64(40.0), np.float64(27.999999999999993)), 'axes_size_inch': (np.float64(1.5748031496062993), np.float64(1.1023622047244093)), 'axes_size_px': (472, 330), 'axes_position': (np.float64(0.25), np.float64(0.29411764705882354), np.float64(0.5), np.float64(0.41176470588235287)), 'dpi': 300}, 'margins_mm': {'left': np.float64(20.0), 'bottom': np.float64(20.0), 'right': np.float64(20.0), 'top': np.float64(20.000000000000007)}, 'axes_bbox_px': {'x0': 236, 'y0': 236, 'x1': 708, 'y1': 566, 'width': 472, 'height': 330}, 'axes_bbox_mm': {'x0': np.float64(20.0), 'y0': np.float64(20.0), 'x1': np.float64(60.0), 'y1': np.float64(47.99999999999999), 'width': np.float64(40.0), 'height': np.float64(27.999999999999993)}, 'url': 'https://scitex.ai'}[0m
[90mINFO:   • Auto-cropped with 1.0mm margin (11px at 300 DPI)[0m
[32mSUCC: Saved to: ./../scitex-code/examples/demo_plot_all_types_publication_out/publication/02_custom_scitex/07_plot_mean_std.csv (1.6 KiB)[0m
[32mSUCC: Saved to: ./../scitex-code/examples/demo_plot_all_types_publication_out/publication/02_custom_scitex/07_plot_mean_std.png (1.1 MiB)[0m
[90mINFO:   • Auto-collected metadata from figure[0m
[90mINFO: 📝 Saving figure with metadata to: /home/ywatanabe/proj/scitex-code/examples/demo_plot_all_types_publication_out/publication/02_custom_scitex/07_plot_mean_std.pdf[0m
[90mINFO:   • Auto-added URL: https://scitex.ai[0m
/home/ywatanabe/proj/scitex-code/src/scitex/io/_save_modules/_image.py:174: UserWarning: This figure includes Axes that are not compatible with tight_layout, so results might be incorrect.
  obj.savefig(spath, **save_kwargs)
[90mINFO:   • Embedded metadata: {'metadata_version': '1.0.0', 'scitex': {'version': '2.2.2', 'created_at': '2025-11-19T18:33:12.287487', 'created_with': 'scitex.plt.subplots (mm-control)', 'mode': 'publication', 'axes_size_mm': (40, 28), 'position_in_grid': (0, 0), 'style_mm': {'axis_thickness_mm': 0.2, 'tick_length_mm': 0.8, 'tick_thickness_mm': 0.2, 'trace_thickness_mm': 0.2, 'axis_font_size_pt': 7, 'tick_font_size_pt': 7, 'title_font_size_pt': 8, 'legend_font_size_pt': 6, 'label_pad_pt': 0.5, 'tick_pad_pt': 0.75, 'title_pad_pt': 1.0, 'font_family': 'Arial', 'n_ticks': 4, 'font_family_requested': 'Arial', 'font_family_actual': 'Arial'}}, 'matplotlib': {'version': '3.10.3'}, 'dimensions': {'figure_size_mm': (np.float64(80.0), np.float64(68.0)), 'figure_size_inch': (np.float64(3.1496062992125986), np.float64(2.677165354330709)), 'figure_size_px': (944, 803), 'axes_size_mm': (np.float64(40.0), np.float64(27.999999999999993)), 'axes_size_inch': (np.float64(1.5748031496062993), np.float64(1.1023622047244093)), 'axes_size_px': (472, 330), 'axes_position': (np.float64(0.25), np.float64(0.29411764705882354), np.float64(0.5), np.float64(0.41176470588235287)), 'dpi': 300}, 'margins_mm': {'left': np.float64(20.0), 'bottom': np.float64(20.0), 'right': np.float64(20.0), 'top': np.float64(20.000000000000007)}, 'axes_bbox_px': {'x0': 236, 'y0': 236, 'x1': 708, 'y1': 566, 'width': 472, 'height': 330}, 'axes_bbox_mm': {'x0': np.float64(20.0), 'y0': np.float64(20.0), 'x1': np.float64(60.0), 'y1': np.float64(47.99999999999999), 'width': np.float64(40.0), 'height': np.float64(27.999999999999993)}, 'url': 'https://scitex.ai'}[0m
[32mSUCC: Saved to: ./../scitex-code/examples/demo_plot_all_types_publication_out/publication/02_custom_scitex/07_plot_mean_std.csv (1.6 KiB)[0m
[32mSUCC: Saved to: ./../scitex-code/examples/demo_plot_all_types_publication_out/publication/02_custom_scitex/07_plot_mean_std.pdf (17.7 KiB)[0m
[90mINFO:   • Auto-collected metadata from figure[0m
[90mINFO: 📝 Saving figure with metadata to: /home/ywatanabe/proj/scitex-code/examples/demo_plot_all_types_publication_out/publication/02_custom_scitex/07_plot_mean_std.jpg[0m
[90mINFO:   • Auto-added URL: https://scitex.ai[0m
/home/ywatanabe/proj/scitex-code/src/scitex/io/_save_modules/_image.py:103: UserWarning: This figure includes Axes that are not compatible with tight_layout, so results might be incorrect.
  obj.figure.savefig(buf, **save_kwargs)
[90mINFO:   • Embedded metadata: {'metadata_version': '1.0.0', 'scitex': {'version': '2.2.2', 'created_at': '2025-11-19T18:33:12.415879', 'created_with': 'scitex.plt.subplots (mm-control)', 'mode': 'publication', 'axes_size_mm': (40, 28), 'position_in_grid': (0, 0), 'style_mm': {'axis_thickness_mm': 0.2, 'tick_length_mm': 0.8, 'tick_thickness_mm': 0.2, 'trace_thickness_mm': 0.2, 'axis_font_size_pt': 7, 'tick_font_size_pt': 7, 'title_font_size_pt': 8, 'legend_font_size_pt': 6, 'label_pad_pt': 0.5, 'tick_pad_pt': 0.75, 'title_pad_pt': 1.0, 'font_family': 'Arial', 'n_ticks': 4, 'font_family_requested': 'Arial', 'font_family_actual': 'Arial'}}, 'matplotlib': {'version': '3.10.3'}, 'dimensions': {'figure_size_mm': (np.float64(80.0), np.float64(68.0)), 'figure_size_inch': (np.float64(3.1496062992125986), np.float64(2.677165354330709)), 'figure_size_px': (944, 803), 'axes_size_mm': (np.float64(40.0), np.float64(27.999999999999993)), 'axes_size_inch': (np.float64(1.5748031496062993), np.float64(1.1023622047244093)), 'axes_size_px': (472, 330), 'axes_position': (np.float64(0.25), np.float64(0.29411764705882354), np.float64(0.5), np.float64(0.41176470588235287)), 'dpi': 300}, 'margins_mm': {'left': np.float64(20.0), 'bottom': np.float64(20.0), 'right': np.float64(20.0), 'top': np.float64(20.000000000000007)}, 'axes_bbox_px': {'x0': 236, 'y0': 236, 'x1': 708, 'y1': 566, 'width': 472, 'height': 330}, 'axes_bbox_mm': {'x0': np.float64(20.0), 'y0': np.float64(20.0), 'x1': np.float64(60.0), 'y1': np.float64(47.99999999999999), 'width': np.float64(40.0), 'height': np.float64(27.999999999999993)}, 'url': 'https://scitex.ai'}[0m
[90mINFO:   • Auto-cropped with 1.0mm margin (23px at 600 DPI)[0m
[32mSUCC: Saved to: ./../scitex-code/examples/demo_plot_all_types_publication_out/publication/02_custom_scitex/07_plot_mean_std.csv (1.6 KiB)[0m
[32mSUCC: Saved to: ./../scitex-code/examples/demo_plot_all_types_publication_out/publication/02_custom_scitex/07_plot_mean_std.jpg (256.5 KiB)[0m
[90mINFO:   • Auto-collected metadata from figure[0m
[90mINFO: 📝 Saving figure with metadata to: /home/ywatanabe/proj/scitex-code/examples/demo_plot_all_types_publication_out/publication/03_functional/01_plot_kde.png[0m
[90mINFO:   • Auto-added URL: https://scitex.ai[0m
/home/ywatanabe/proj/scitex-code/src/scitex/io/_save_modules/_image.py:57: UserWarning: This figure includes Axes that are not compatible with tight_layout, so results might be incorrect.
  obj.savefig(spath, **kwargs)
[90mINFO:   • Embedded metadata: {'metadata_version': '1.0.0', 'scitex': {'version': '2.2.2', 'created_at': '2025-11-19T18:33:13.060006', 'created_with': 'scitex.plt.subplots (mm-control)', 'mode': 'publication', 'axes_size_mm': (40, 28), 'position_in_grid': (0, 0), 'style_mm': {'axis_thickness_mm': 0.2, 'tick_length_mm': 0.8, 'tick_thickness_mm': 0.2, 'trace_thickness_mm': 0.2, 'axis_font_size_pt': 7, 'tick_font_size_pt': 7, 'title_font_size_pt': 8, 'legend_font_size_pt': 6, 'label_pad_pt': 0.5, 'tick_pad_pt': 0.75, 'title_pad_pt': 1.0, 'font_family': 'Arial', 'n_ticks': 4, 'font_family_requested': 'Arial', 'font_family_actual': 'Arial'}}, 'matplotlib': {'version': '3.10.3'}, 'dimensions': {'figure_size_mm': (np.float64(80.0), np.float64(68.0)), 'figure_size_inch': (np.float64(3.1496062992125986), np.float64(2.677165354330709)), 'figure_size_px': (944, 803), 'axes_size_mm': (np.float64(40.0), np.float64(27.999999999999993)), 'axes_size_inch': (np.float64(1.5748031496062993), np.float64(1.1023622047244093)), 'axes_size_px': (472, 330), 'axes_position': (np.float64(0.25), np.float64(0.29411764705882354), np.float64(0.5), np.float64(0.41176470588235287)), 'dpi': 300}, 'margins_mm': {'left': np.float64(20.0), 'bottom': np.float64(20.0), 'right': np.float64(20.0), 'top': np.float64(20.000000000000007)}, 'axes_bbox_px': {'x0': 236, 'y0': 236, 'x1': 708, 'y1': 566, 'width': 472, 'height': 330}, 'axes_bbox_mm': {'x0': np.float64(20.0), 'y0': np.float64(20.0), 'x1': np.float64(60.0), 'y1': np.float64(47.99999999999999), 'width': np.float64(40.0), 'height': np.float64(27.999999999999993)}, 'url': 'https://scitex.ai'}[0m
[90mINFO:   • Auto-cropped with 1.0mm margin (11px at 300 DPI)[0m
[32mSUCC: Saved to: ./../scitex-code/examples/demo_plot_all_types_publication_out/publication/03_functional/01_plot_kde.csv (43.8 KiB)[0m
[32mSUCC: Saved to: ./../scitex-code/examples/demo_plot_all_types_publication_out/publication/03_functional/01_plot_kde.png (1.1 MiB)[0m
[90mINFO:   • Auto-collected metadata from figure[0m
[90mINFO: 📝 Saving figure with metadata to: /home/ywatanabe/proj/scitex-code/examples/demo_plot_all_types_publication_out/publication/03_functional/01_plot_kde.pdf[0m
[90mINFO:   • Auto-added URL: https://scitex.ai[0m
/home/ywatanabe/proj/scitex-code/src/scitex/io/_save_modules/_image.py:174: UserWarning: This figure includes Axes that are not compatible with tight_layout, so results might be incorrect.
  obj.savefig(spath, **save_kwargs)
[90mINFO:   • Embedded metadata: {'metadata_version': '1.0.0', 'scitex': {'version': '2.2.2', 'created_at': '2025-11-19T18:33:13.429098', 'created_with': 'scitex.plt.subplots (mm-control)', 'mode': 'publication', 'axes_size_mm': (40, 28), 'position_in_grid': (0, 0), 'style_mm': {'axis_thickness_mm': 0.2, 'tick_length_mm': 0.8, 'tick_thickness_mm': 0.2, 'trace_thickness_mm': 0.2, 'axis_font_size_pt': 7, 'tick_font_size_pt': 7, 'title_font_size_pt': 8, 'legend_font_size_pt': 6, 'label_pad_pt': 0.5, 'tick_pad_pt': 0.75, 'title_pad_pt': 1.0, 'font_family': 'Arial', 'n_ticks': 4, 'font_family_requested': 'Arial', 'font_family_actual': 'Arial'}}, 'matplotlib': {'version': '3.10.3'}, 'dimensions': {'figure_size_mm': (np.float64(80.0), np.float64(68.0)), 'figure_size_inch': (np.float64(3.1496062992125986), np.float64(2.677165354330709)), 'figure_size_px': (944, 803), 'axes_size_mm': (np.float64(40.0), np.float64(27.999999999999993)), 'axes_size_inch': (np.float64(1.5748031496062993), np.float64(1.1023622047244093)), 'axes_size_px': (472, 330), 'axes_position': (np.float64(0.25), np.float64(0.29411764705882354), np.float64(0.5), np.float64(0.41176470588235287)), 'dpi': 300}, 'margins_mm': {'left': np.float64(20.0), 'bottom': np.float64(20.0), 'right': np.float64(20.0), 'top': np.float64(20.000000000000007)}, 'axes_bbox_px': {'x0': 236, 'y0': 236, 'x1': 708, 'y1': 566, 'width': 472, 'height': 330}, 'axes_bbox_mm': {'x0': np.float64(20.0), 'y0': np.float64(20.0), 'x1': np.float64(60.0), 'y1': np.float64(47.99999999999999), 'width': np.float64(40.0), 'height': np.float64(27.999999999999993)}, 'url': 'https://scitex.ai'}[0m
[32mSUCC: Saved to: ./../scitex-code/examples/demo_plot_all_types_publication_out/publication/03_functional/01_plot_kde.csv (43.8 KiB)[0m
[32mSUCC: Saved to: ./../scitex-code/examples/demo_plot_all_types_publication_out/publication/03_functional/01_plot_kde.pdf (16.5 KiB)[0m
[90mINFO:   • Auto-collected metadata from figure[0m
[90mINFO: 📝 Saving figure with metadata to: /home/ywatanabe/proj/scitex-code/examples/demo_plot_all_types_publication_out/publication/03_functional/01_plot_kde.jpg[0m
[90mINFO:   • Auto-added URL: https://scitex.ai[0m
/home/ywatanabe/proj/scitex-code/src/scitex/io/_save_modules/_image.py:103: UserWarning: This figure includes Axes that are not compatible with tight_layout, so results might be incorrect.
  obj.figure.savefig(buf, **save_kwargs)
[90mINFO:   • Embedded metadata: {'metadata_version': '1.0.0', 'scitex': {'version': '2.2.2', 'created_at': '2025-11-19T18:33:13.576381', 'created_with': 'scitex.plt.subplots (mm-control)', 'mode': 'publication', 'axes_size_mm': (40, 28), 'position_in_grid': (0, 0), 'style_mm': {'axis_thickness_mm': 0.2, 'tick_length_mm': 0.8, 'tick_thickness_mm': 0.2, 'trace_thickness_mm': 0.2, 'axis_font_size_pt': 7, 'tick_font_size_pt': 7, 'title_font_size_pt': 8, 'legend_font_size_pt': 6, 'label_pad_pt': 0.5, 'tick_pad_pt': 0.75, 'title_pad_pt': 1.0, 'font_family': 'Arial', 'n_ticks': 4, 'font_family_requested': 'Arial', 'font_family_actual': 'Arial'}}, 'matplotlib': {'version': '3.10.3'}, 'dimensions': {'figure_size_mm': (np.float64(80.0), np.float64(68.0)), 'figure_size_inch': (np.float64(3.1496062992125986), np.float64(2.677165354330709)), 'figure_size_px': (944, 803), 'axes_size_mm': (np.float64(40.0), np.float64(27.999999999999993)), 'axes_size_inch': (np.float64(1.5748031496062993), np.float64(1.1023622047244093)), 'axes_size_px': (472, 330), 'axes_position': (np.float64(0.25), np.float64(0.29411764705882354), np.float64(0.5), np.float64(0.41176470588235287)), 'dpi': 300}, 'margins_mm': {'left': np.float64(20.0), 'bottom': np.float64(20.0), 'right': np.float64(20.0), 'top': np.float64(20.000000000000007)}, 'axes_bbox_px': {'x0': 236, 'y0': 236, 'x1': 708, 'y1': 566, 'width': 472, 'height': 330}, 'axes_bbox_mm': {'x0': np.float64(20.0), 'y0': np.float64(20.0), 'x1': np.float64(60.0), 'y1': np.float64(47.99999999999999), 'width': np.float64(40.0), 'height': np.float64(27.999999999999993)}, 'url': 'https://scitex.ai'}[0m
[90mINFO:   • Auto-cropped with 1.0mm margin (23px at 600 DPI)[0m
[32mSUCC: Saved to: ./../scitex-code/examples/demo_plot_all_types_publication_out/publication/03_functional/01_plot_kde.csv (43.8 KiB)[0m
[32mSUCC: Saved to: ./../scitex-code/examples/demo_plot_all_types_publication_out/publication/03_functional/01_plot_kde.jpg (197.5 KiB)[0m
[90mINFO:   • Auto-collected metadata from figure[0m
[90mINFO: 📝 Saving figure with metadata to: /home/ywatanabe/proj/scitex-code/examples/demo_plot_all_types_publication_out/publication/04_seaborn/01_sns_boxplot.png[0m
[90mINFO:   • Auto-added URL: https://scitex.ai[0m
/home/ywatanabe/proj/scitex-code/src/scitex/io/_save_modules/_image.py:57: UserWarning: This figure includes Axes that are not compatible with tight_layout, so results might be incorrect.
  obj.savefig(spath, **kwargs)
[90mINFO:   • Embedded metadata: {'metadata_version': '1.0.0', 'scitex': {'version': '2.2.2', 'created_at': '2025-11-19T18:33:14.232811', 'created_with': 'scitex.plt.subplots (mm-control)', 'mode': 'publication', 'axes_size_mm': (40, 28), 'position_in_grid': (0, 0), 'style_mm': {'axis_thickness_mm': 0.2, 'tick_length_mm': 0.8, 'tick_thickness_mm': 0.2, 'trace_thickness_mm': 0.2, 'axis_font_size_pt': 7, 'tick_font_size_pt': 7, 'title_font_size_pt': 8, 'legend_font_size_pt': 6, 'label_pad_pt': 0.5, 'tick_pad_pt': 0.75, 'title_pad_pt': 1.0, 'font_family': 'Arial', 'n_ticks': 4, 'font_family_requested': 'Arial', 'font_family_actual': 'Arial'}}, 'matplotlib': {'version': '3.10.3'}, 'dimensions': {'figure_size_mm': (np.float64(80.0), np.float64(68.0)), 'figure_size_inch': (np.float64(3.1496062992125986), np.float64(2.677165354330709)), 'figure_size_px': (944, 803), 'axes_size_mm': (np.float64(40.0), np.float64(27.999999999999993)), 'axes_size_inch': (np.float64(1.5748031496062993), np.float64(1.1023622047244093)), 'axes_size_px': (472, 330), 'axes_position': (np.float64(0.25), np.float64(0.29411764705882354), np.float64(0.5), np.float64(0.41176470588235287)), 'dpi': 300}, 'margins_mm': {'left': np.float64(20.0), 'bottom': np.float64(20.0), 'right': np.float64(20.0), 'top': np.float64(20.000000000000007)}, 'axes_bbox_px': {'x0': 236, 'y0': 236, 'x1': 708, 'y1': 566, 'width': 472, 'height': 330}, 'axes_bbox_mm': {'x0': np.float64(20.0), 'y0': np.float64(20.0), 'x1': np.float64(60.0), 'y1': np.float64(47.99999999999999), 'width': np.float64(40.0), 'height': np.float64(27.999999999999993)}, 'url': 'https://scitex.ai'}[0m
[90mINFO:   • Auto-cropped with 1.0mm margin (11px at 300 DPI)[0m
[32mSUCC: Saved to: ./../scitex-code/examples/demo_plot_all_types_publication_out/publication/04_seaborn/01_sns_boxplot.csv (3.1 KiB)[0m
[32mSUCC: Saved to: ./../scitex-code/examples/demo_plot_all_types_publication_out/publication/04_seaborn/01_sns_boxplot.png (1.0 MiB)[0m
[90mINFO:   • Auto-collected metadata from figure[0m
[90mINFO: 📝 Saving figure with metadata to: /home/ywatanabe/proj/scitex-code/examples/demo_plot_all_types_publication_out/publication/04_seaborn/01_sns_boxplot.pdf[0m
[90mINFO:   • Auto-added URL: https://scitex.ai[0m
/home/ywatanabe/proj/scitex-code/src/scitex/io/_save_modules/_image.py:174: UserWarning: This figure includes Axes that are not compatible with tight_layout, so results might be incorrect.
  obj.savefig(spath, **save_kwargs)
[90mINFO:   • Embedded metadata: {'metadata_version': '1.0.0', 'scitex': {'version': '2.2.2', 'created_at': '2025-11-19T18:33:14.500249', 'created_with': 'scitex.plt.subplots (mm-control)', 'mode': 'publication', 'axes_size_mm': (40, 28), 'position_in_grid': (0, 0), 'style_mm': {'axis_thickness_mm': 0.2, 'tick_length_mm': 0.8, 'tick_thickness_mm': 0.2, 'trace_thickness_mm': 0.2, 'axis_font_size_pt': 7, 'tick_font_size_pt': 7, 'title_font_size_pt': 8, 'legend_font_size_pt': 6, 'label_pad_pt': 0.5, 'tick_pad_pt': 0.75, 'title_pad_pt': 1.0, 'font_family': 'Arial', 'n_ticks': 4, 'font_family_requested': 'Arial', 'font_family_actual': 'Arial'}}, 'matplotlib': {'version': '3.10.3'}, 'dimensions': {'figure_size_mm': (np.float64(80.0), np.float64(68.0)), 'figure_size_inch': (np.float64(3.1496062992125986), np.float64(2.677165354330709)), 'figure_size_px': (944, 803), 'axes_size_mm': (np.float64(40.0), np.float64(27.999999999999993)), 'axes_size_inch': (np.float64(1.5748031496062993), np.float64(1.1023622047244093)), 'axes_size_px': (472, 330), 'axes_position': (np.float64(0.25), np.float64(0.29411764705882354), np.float64(0.5), np.float64(0.41176470588235287)), 'dpi': 300}, 'margins_mm': {'left': np.float64(20.0), 'bottom': np.float64(20.0), 'right': np.float64(20.0), 'top': np.float64(20.000000000000007)}, 'axes_bbox_px': {'x0': 236, 'y0': 236, 'x1': 708, 'y1': 566, 'width': 472, 'height': 330}, 'axes_bbox_mm': {'x0': np.float64(20.0), 'y0': np.float64(20.0), 'x1': np.float64(60.0), 'y1': np.float64(47.99999999999999), 'width': np.float64(40.0), 'height': np.float64(27.999999999999993)}, 'url': 'https://scitex.ai'}[0m
[32mSUCC: Saved to: ./../scitex-code/examples/demo_plot_all_types_publication_out/publication/04_seaborn/01_sns_boxplot.csv (3.1 KiB)[0m
[32mSUCC: Saved to: ./../scitex-code/examples/demo_plot_all_types_publication_out/publication/04_seaborn/01_sns_boxplot.pdf (15.7 KiB)[0m
[90mINFO:   • Auto-collected metadata from figure[0m
[90mINFO: 📝 Saving figure with metadata to: /home/ywatanabe/proj/scitex-code/examples/demo_plot_all_types_publication_out/publication/04_seaborn/01_sns_boxplot.jpg[0m
[90mINFO:   • Auto-added URL: https://scitex.ai[0m
/home/ywatanabe/proj/scitex-code/src/scitex/io/_save_modules/_image.py:103: UserWarning: This figure includes Axes that are not compatible with tight_layout, so results might be incorrect.
  obj.figure.savefig(buf, **save_kwargs)
[90mINFO:   • Embedded metadata: {'metadata_version': '1.0.0', 'scitex': {'version': '2.2.2', 'created_at': '2025-11-19T18:33:14.606301', 'created_with': 'scitex.plt.subplots (mm-control)', 'mode': 'publication', 'axes_size_mm': (40, 28), 'position_in_grid': (0, 0), 'style_mm': {'axis_thickness_mm': 0.2, 'tick_length_mm': 0.8, 'tick_thickness_mm': 0.2, 'trace_thickness_mm': 0.2, 'axis_font_size_pt': 7, 'tick_font_size_pt': 7, 'title_font_size_pt': 8, 'legend_font_size_pt': 6, 'label_pad_pt': 0.5, 'tick_pad_pt': 0.75, 'title_pad_pt': 1.0, 'font_family': 'Arial', 'n_ticks': 4, 'font_family_requested': 'Arial', 'font_family_actual': 'Arial'}}, 'matplotlib': {'version': '3.10.3'}, 'dimensions': {'figure_size_mm': (np.float64(80.0), np.float64(68.0)), 'figure_size_inch': (np.float64(3.1496062992125986), np.float64(2.677165354330709)), 'figure_size_px': (944, 803), 'axes_size_mm': (np.float64(40.0), np.float64(27.999999999999993)), 'axes_size_inch': (np.float64(1.5748031496062993), np.float64(1.1023622047244093)), 'axes_size_px': (472, 330), 'axes_position': (np.float64(0.25), np.float64(0.29411764705882354), np.float64(0.5), np.float64(0.41176470588235287)), 'dpi': 300}, 'margins_mm': {'left': np.float64(20.0), 'bottom': np.float64(20.0), 'right': np.float64(20.0), 'top': np.float64(20.000000000000007)}, 'axes_bbox_px': {'x0': 236, 'y0': 236, 'x1': 708, 'y1': 566, 'width': 472, 'height': 330}, 'axes_bbox_mm': {'x0': np.float64(20.0), 'y0': np.float64(20.0), 'x1': np.float64(60.0), 'y1': np.float64(47.99999999999999), 'width': np.float64(40.0), 'height': np.float64(27.999999999999993)}, 'url': 'https://scitex.ai'}[0m
[90mINFO:   • Auto-cropped with 1.0mm margin (23px at 600 DPI)[0m
[32mSUCC: Saved to: ./../scitex-code/examples/demo_plot_all_types_publication_out/publication/04_seaborn/01_sns_boxplot.csv (3.1 KiB)[0m
[32mSUCC: Saved to: ./../scitex-code/examples/demo_plot_all_types_publication_out/publication/04_seaborn/01_sns_boxplot.jpg (120.2 KiB)[0m
[90mINFO:   • Auto-collected metadata from figure[0m
[90mINFO: 📝 Saving figure with metadata to: /home/ywatanabe/proj/scitex-code/examples/demo_plot_all_types_publication_out/publication/04_seaborn/02_sns_violinplot.png[0m
[90mINFO:   • Auto-added URL: https://scitex.ai[0m
/home/ywatanabe/proj/scitex-code/src/scitex/io/_save_modules/_image.py:57: UserWarning: This figure includes Axes that are not compatible with tight_layout, so results might be incorrect.
  obj.savefig(spath, **kwargs)
[90mINFO:   • Embedded metadata: {'metadata_version': '1.0.0', 'scitex': {'version': '2.2.2', 'created_at': '2025-11-19T18:33:15.344606', 'created_with': 'scitex.plt.subplots (mm-control)', 'mode': 'publication', 'axes_size_mm': (40, 28), 'position_in_grid': (0, 0), 'style_mm': {'axis_thickness_mm': 0.2, 'tick_length_mm': 0.8, 'tick_thickness_mm': 0.2, 'trace_thickness_mm': 0.2, 'axis_font_size_pt': 7, 'tick_font_size_pt': 7, 'title_font_size_pt': 8, 'legend_font_size_pt': 6, 'label_pad_pt': 0.5, 'tick_pad_pt': 0.75, 'title_pad_pt': 1.0, 'font_family': 'Arial', 'n_ticks': 4, 'font_family_requested': 'Arial', 'font_family_actual': 'Arial'}}, 'matplotlib': {'version': '3.10.3'}, 'dimensions': {'figure_size_mm': (np.float64(80.0), np.float64(68.0)), 'figure_size_inch': (np.float64(3.1496062992125986), np.float64(2.677165354330709)), 'figure_size_px': (944, 803), 'axes_size_mm': (np.float64(40.0), np.float64(27.999999999999993)), 'axes_size_inch': (np.float64(1.5748031496062993), np.float64(1.1023622047244093)), 'axes_size_px': (472, 330), 'axes_position': (np.float64(0.25), np.float64(0.29411764705882354), np.float64(0.5), np.float64(0.41176470588235287)), 'dpi': 300}, 'margins_mm': {'left': np.float64(20.0), 'bottom': np.float64(20.0), 'right': np.float64(20.0), 'top': np.float64(20.000000000000007)}, 'axes_bbox_px': {'x0': 236, 'y0': 236, 'x1': 708, 'y1': 566, 'width': 472, 'height': 330}, 'axes_bbox_mm': {'x0': np.float64(20.0), 'y0': np.float64(20.0), 'x1': np.float64(60.0), 'y1': np.float64(47.99999999999999), 'width': np.float64(40.0), 'height': np.float64(27.999999999999993)}, 'url': 'https://scitex.ai'}[0m
[90mINFO:   • Auto-cropped with 1.0mm margin (11px at 300 DPI)[0m
/home/ywatanabe/proj/scitex-code/src/scitex/plt/_subplots/_AxisWrapperMixins/_TrackingMixin.py:113: UserWarning: Method 'sns_violinplot()' does not support data tracking for CSV export. Consider using scitex plot methods (e.g., plot_image, plot_imshow) for data export support.
  df = _export_as_csv(self.history)
[32mSUCC: Saved to: ./../scitex-code/examples/demo_plot_all_types_publication_out/publication/04_seaborn/02_sns_violinplot.png (1.0 MiB)[0m
[90mINFO:   • Auto-collected metadata from figure[0m
[90mINFO: 📝 Saving figure with metadata to: /home/ywatanabe/proj/scitex-code/examples/demo_plot_all_types_publication_out/publication/04_seaborn/02_sns_violinplot.pdf[0m
[90mINFO:   • Auto-added URL: https://scitex.ai[0m
/home/ywatanabe/proj/scitex-code/src/scitex/io/_save_modules/_image.py:174: UserWarning: This figure includes Axes that are not compatible with tight_layout, so results might be incorrect.
  obj.savefig(spath, **save_kwargs)
[90mINFO:   • Embedded metadata: {'metadata_version': '1.0.0', 'scitex': {'version': '2.2.2', 'created_at': '2025-11-19T18:33:14.662903', 'created_with': 'scitex.plt.subplots (mm-control)', 'mode': 'publication', 'axes_size_mm': (40, 28), 'position_in_grid': (0, 0), 'style_mm': {'axis_thickness_mm': 0.2, 'tick_length_mm': 0.8, 'tick_thickness_mm': 0.2, 'trace_thickness_mm': 0.2, 'axis_font_size_pt': 7, 'tick_font_size_pt': 7, 'title_font_size_pt': 8, 'legend_font_size_pt': 6, 'label_pad_pt': 0.5, 'tick_pad_pt': 0.75, 'title_pad_pt': 1.0, 'font_family': 'Arial', 'n_ticks': 4, 'font_family_requested': 'Arial', 'font_family_actual': 'Arial'}}, 'matplotlib': {'version': '3.10.3'}, 'dimensions': {'figure_size_mm': (np.float64(80.0), np.float64(68.0)), 'figure_size_inch': (np.float64(3.1496062992125986), np.float64(2.677165354330709)), 'figure_size_px': (944, 803), 'axes_size_mm': (np.float64(40.0), np.float64(27.999999999999993)), 'axes_size_inch': (np.float64(1.5748031496062993), np.float64(1.1023622047244093)), 'axes_size_px': (472, 330), 'axes_position': (np.float64(0.25), np.float64(0.29411764705882354), np.float64(0.5), np.float64(0.41176470588235287)), 'dpi': 300}, 'margins_mm': {'left': np.float64(20.0), 'bottom': np.float64(20.0), 'right': np.float64(20.0), 'top': np.float64(20.000000000000007)}, 'axes_bbox_px': {'x0': 236, 'y0': 236, 'x1': 708, 'y1': 566, 'width': 472, 'height': 330}, 'axes_bbox_mm': {'x0': np.float64(20.0), 'y0': np.float64(20.0), 'x1': np.float64(60.0), 'y1': np.float64(47.99999999999999), 'width': np.float64(40.0), 'height': np.float64(27.999999999999993)}, 'url': 'https://scitex.ai'}[0m
[32mSUCC: Saved to: ./../scitex-code/examples/demo_plot_all_types_publication_out/publication/04_seaborn/02_sns_violinplot.pdf (20.6 KiB)[0m
[90mINFO:   • Auto-collected metadata from figure[0m
[90mINFO: 📝 Saving figure with metadata to: /home/ywatanabe/proj/scitex-code/examples/demo_plot_all_types_publication_out/publication/04_seaborn/02_sns_violinplot.jpg[0m
[90mINFO:   • Auto-added URL: https://scitex.ai[0m
/home/ywatanabe/proj/scitex-code/src/scitex/io/_save_modules/_image.py:103: UserWarning: This figure includes Axes that are not compatible with tight_layout, so results might be incorrect.
  obj.figure.savefig(buf, **save_kwargs)
[90mINFO:   • Embedded metadata: {'metadata_version': '1.0.0', 'scitex': {'version': '2.2.2', 'created_at': '2025-11-19T18:33:14.767058', 'created_with': 'scitex.plt.subplots (mm-control)', 'mode': 'publication', 'axes_size_mm': (40, 28), 'position_in_grid': (0, 0), 'style_mm': {'axis_thickness_mm': 0.2, 'tick_length_mm': 0.8, 'tick_thickness_mm': 0.2, 'trace_thickness_mm': 0.2, 'axis_font_size_pt': 7, 'tick_font_size_pt': 7, 'title_font_size_pt': 8, 'legend_font_size_pt': 6, 'label_pad_pt': 0.5, 'tick_pad_pt': 0.75, 'title_pad_pt': 1.0, 'font_family': 'Arial', 'n_ticks': 4, 'font_family_requested': 'Arial', 'font_family_actual': 'Arial'}}, 'matplotlib': {'version': '3.10.3'}, 'dimensions': {'figure_size_mm': (np.float64(80.0), np.float64(68.0)), 'figure_size_inch': (np.float64(3.1496062992125986), np.float64(2.677165354330709)), 'figure_size_px': (944, 803), 'axes_size_mm': (np.float64(40.0), np.float64(27.999999999999993)), 'axes_size_inch': (np.float64(1.5748031496062993), np.float64(1.1023622047244093)), 'axes_size_px': (472, 330), 'axes_position': (np.float64(0.25), np.float64(0.29411764705882354), np.float64(0.5), np.float64(0.41176470588235287)), 'dpi': 300}, 'margins_mm': {'left': np.float64(20.0), 'bottom': np.float64(20.0), 'right': np.float64(20.0), 'top': np.float64(20.000000000000007)}, 'axes_bbox_px': {'x0': 236, 'y0': 236, 'x1': 708, 'y1': 566, 'width': 472, 'height': 330}, 'axes_bbox_mm': {'x0': np.float64(20.0), 'y0': np.float64(20.0), 'x1': np.float64(60.0), 'y1': np.float64(47.99999999999999), 'width': np.float64(40.0), 'height': np.float64(27.999999999999993)}, 'url': 'https://scitex.ai'}[0m
[90mINFO:   • Auto-cropped with 1.0mm margin (23px at 600 DPI)[0m
[32mSUCC: Saved to: ./../scitex-code/examples/demo_plot_all_types_publication_out/publication/04_seaborn/02_sns_violinplot.jpg (160.4 KiB)[0m
[90mINFO:   • Auto-collected metadata from figure[0m
[90mINFO: 📝 Saving figure with metadata to: /home/ywatanabe/proj/scitex-code/examples/demo_plot_all_types_publication_out/publication/04_seaborn/03_sns_scatterplot.png[0m
[90mINFO:   • Auto-added URL: https://scitex.ai[0m
/home/ywatanabe/proj/scitex-code/src/scitex/io/_save_modules/_image.py:57: UserWarning: This figure includes Axes that are not compatible with tight_layout, so results might be incorrect.
  obj.savefig(spath, **kwargs)
[90mINFO:   • Embedded metadata: {'metadata_version': '1.0.0', 'scitex': {'version': '2.2.2', 'created_at': '2025-11-19T18:33:15.349493', 'created_with': 'scitex.plt.subplots (mm-control)', 'mode': 'publication', 'axes_size_mm': (40, 28), 'position_in_grid': (0, 0), 'style_mm': {'axis_thickness_mm': 0.2, 'tick_length_mm': 0.8, 'tick_thickness_mm': 0.2, 'trace_thickness_mm': 0.2, 'axis_font_size_pt': 7, 'tick_font_size_pt': 7, 'title_font_size_pt': 8, 'legend_font_size_pt': 6, 'label_pad_pt': 0.5, 'tick_pad_pt': 0.75, 'title_pad_pt': 1.0, 'font_family': 'Arial', 'n_ticks': 4, 'font_family_requested': 'Arial', 'font_family_actual': 'Arial'}}, 'matplotlib': {'version': '3.10.3'}, 'dimensions': {'figure_size_mm': (np.float64(80.0), np.float64(68.0)), 'figure_size_inch': (np.float64(3.1496062992125986), np.float64(2.677165354330709)), 'figure_size_px': (944, 803), 'axes_size_mm': (np.float64(40.0), np.float64(27.999999999999993)), 'axes_size_inch': (np.float64(1.5748031496062993), np.float64(1.1023622047244093)), 'axes_size_px': (472, 330), 'axes_position': (np.float64(0.25), np.float64(0.29411764705882354), np.float64(0.5), np.float64(0.41176470588235287)), 'dpi': 300}, 'margins_mm': {'left': np.float64(20.0), 'bottom': np.float64(20.0), 'right': np.float64(20.0), 'top': np.float64(20.000000000000007)}, 'axes_bbox_px': {'x0': 236, 'y0': 236, 'x1': 708, 'y1': 566, 'width': 472, 'height': 330}, 'axes_bbox_mm': {'x0': np.float64(20.0), 'y0': np.float64(20.0), 'x1': np.float64(60.0), 'y1': np.float64(47.99999999999999), 'width': np.float64(40.0), 'height': np.float64(27.999999999999993)}, 'url': 'https://scitex.ai'}[0m
[90mINFO:   • Auto-cropped with 1.0mm margin (11px at 300 DPI)[0m
[32mSUCC: Saved to: ./../scitex-code/examples/demo_plot_all_types_publication_out/publication/04_seaborn/03_sns_scatterplot.csv (4.1 KiB)[0m
[32mSUCC: Saved to: ./../scitex-code/examples/demo_plot_all_types_publication_out/publication/04_seaborn/03_sns_scatterplot.png (1.0 MiB)[0m
[90mINFO:   • Auto-collected metadata from figure[0m
[90mINFO: 📝 Saving figure with metadata to: /home/ywatanabe/proj/scitex-code/examples/demo_plot_all_types_publication_out/publication/04_seaborn/03_sns_scatterplot.pdf[0m
[90mINFO:   • Auto-added URL: https://scitex.ai[0m
/home/ywatanabe/proj/scitex-code/src/scitex/io/_save_modules/_image.py:174: UserWarning: This figure includes Axes that are not compatible with tight_layout, so results might be incorrect.
  obj.savefig(spath, **save_kwargs)
[90mINFO:   • Embedded metadata: {'metadata_version': '1.0.0', 'scitex': {'version': '2.2.2', 'created_at': '2025-11-19T18:33:15.629294', 'created_with': 'scitex.plt.subplots (mm-control)', 'mode': 'publication', 'axes_size_mm': (40, 28), 'position_in_grid': (0, 0), 'style_mm': {'axis_thickness_mm': 0.2, 'tick_length_mm': 0.8, 'tick_thickness_mm': 0.2, 'trace_thickness_mm': 0.2, 'axis_font_size_pt': 7, 'tick_font_size_pt': 7, 'title_font_size_pt': 8, 'legend_font_size_pt': 6, 'label_pad_pt': 0.5, 'tick_pad_pt': 0.75, 'title_pad_pt': 1.0, 'font_family': 'Arial', 'n_ticks': 4, 'font_family_requested': 'Arial', 'font_family_actual': 'Arial'}}, 'matplotlib': {'version': '3.10.3'}, 'dimensions': {'figure_size_mm': (np.float64(80.0), np.float64(68.0)), 'figure_size_inch': (np.float64(3.1496062992125986), np.float64(2.677165354330709)), 'figure_size_px': (944, 803), 'axes_size_mm': (np.float64(40.0), np.float64(27.999999999999993)), 'axes_size_inch': (np.float64(1.5748031496062993), np.float64(1.1023622047244093)), 'axes_size_px': (472, 330), 'axes_position': (np.float64(0.25), np.float64(0.29411764705882354), np.float64(0.5), np.float64(0.41176470588235287)), 'dpi': 300}, 'margins_mm': {'left': np.float64(20.0), 'bottom': np.float64(20.0), 'right': np.float64(20.0), 'top': np.float64(20.000000000000007)}, 'axes_bbox_px': {'x0': 236, 'y0': 236, 'x1': 708, 'y1': 566, 'width': 472, 'height': 330}, 'axes_bbox_mm': {'x0': np.float64(20.0), 'y0': np.float64(20.0), 'x1': np.float64(60.0), 'y1': np.float64(47.99999999999999), 'width': np.float64(40.0), 'height': np.float64(27.999999999999993)}, 'url': 'https://scitex.ai'}[0m
[32mSUCC: Saved to: ./../scitex-code/examples/demo_plot_all_types_publication_out/publication/04_seaborn/03_sns_scatterplot.csv (4.1 KiB)[0m
[32mSUCC: Saved to: ./../scitex-code/examples/demo_plot_all_types_publication_out/publication/04_seaborn/03_sns_scatterplot.pdf (18.8 KiB)[0m
[90mINFO:   • Auto-collected metadata from figure[0m
[90mINFO: 📝 Saving figure with metadata to: /home/ywatanabe/proj/scitex-code/examples/demo_plot_all_types_publication_out/publication/04_seaborn/03_sns_scatterplot.jpg[0m
[90mINFO:   • Auto-added URL: https://scitex.ai[0m
/home/ywatanabe/proj/scitex-code/src/scitex/io/_save_modules/_image.py:103: UserWarning: This figure includes Axes that are not compatible with tight_layout, so results might be incorrect.
  obj.figure.savefig(buf, **save_kwargs)
[90mINFO:   • Embedded metadata: {'metadata_version': '1.0.0', 'scitex': {'version': '2.2.2', 'created_at': '2025-11-19T18:33:15.755932', 'created_with': 'scitex.plt.subplots (mm-control)', 'mode': 'publication', 'axes_size_mm': (40, 28), 'position_in_grid': (0, 0), 'style_mm': {'axis_thickness_mm': 0.2, 'tick_length_mm': 0.8, 'tick_thickness_mm': 0.2, 'trace_thickness_mm': 0.2, 'axis_font_size_pt': 7, 'tick_font_size_pt': 7, 'title_font_size_pt': 8, 'legend_font_size_pt': 6, 'label_pad_pt': 0.5, 'tick_pad_pt': 0.75, 'title_pad_pt': 1.0, 'font_family': 'Arial', 'n_ticks': 4, 'font_family_requested': 'Arial', 'font_family_actual': 'Arial'}}, 'matplotlib': {'version': '3.10.3'}, 'dimensions': {'figure_size_mm': (np.float64(80.0), np.float64(68.0)), 'figure_size_inch': (np.float64(3.1496062992125986), np.float64(2.677165354330709)), 'figure_size_px': (944, 803), 'axes_size_mm': (np.float64(40.0), np.float64(27.999999999999993)), 'axes_size_inch': (np.float64(1.5748031496062993), np.float64(1.1023622047244093)), 'axes_size_px': (472, 330), 'axes_position': (np.float64(0.25), np.float64(0.29411764705882354), np.float64(0.5), np.float64(0.41176470588235287)), 'dpi': 300}, 'margins_mm': {'left': np.float64(20.0), 'bottom': np.float64(20.0), 'right': np.float64(20.0), 'top': np.float64(20.000000000000007)}, 'axes_bbox_px': {'x0': 236, 'y0': 236, 'x1': 708, 'y1': 566, 'width': 472, 'height': 330}, 'axes_bbox_mm': {'x0': np.float64(20.0), 'y0': np.float64(20.0), 'x1': np.float64(60.0), 'y1': np.float64(47.99999999999999), 'width': np.float64(40.0), 'height': np.float64(27.999999999999993)}, 'url': 'https://scitex.ai'}[0m
[90mINFO:   • Auto-cropped with 1.0mm margin (23px at 600 DPI)[0m
[32mSUCC: Saved to: ./../scitex-code/examples/demo_plot_all_types_publication_out/publication/04_seaborn/03_sns_scatterplot.csv (4.1 KiB)[0m
[32mSUCC: Saved to: ./../scitex-code/examples/demo_plot_all_types_publication_out/publication/04_seaborn/03_sns_scatterplot.jpg (310.8 KiB)[0m
[90mINFO:   • Auto-collected metadata from figure[0m
[90mINFO: 📝 Saving figure with metadata to: /home/ywatanabe/proj/scitex-code/examples/demo_plot_all_types_publication_out/publication/04_seaborn/04_sns_lineplot.png[0m
[90mINFO:   • Auto-added URL: https://scitex.ai[0m
/home/ywatanabe/proj/scitex-code/src/scitex/io/_save_modules/_image.py:57: UserWarning: This figure includes Axes that are not compatible with tight_layout, so results might be incorrect.
  obj.savefig(spath, **kwargs)
[90mINFO:   • Embedded metadata: {'metadata_version': '1.0.0', 'scitex': {'version': '2.2.2', 'created_at': '2025-11-19T18:33:16.414223', 'created_with': 'scitex.plt.subplots (mm-control)', 'mode': 'publication', 'axes_size_mm': (40, 28), 'position_in_grid': (0, 0), 'style_mm': {'axis_thickness_mm': 0.2, 'tick_length_mm': 0.8, 'tick_thickness_mm': 0.2, 'trace_thickness_mm': 0.2, 'axis_font_size_pt': 7, 'tick_font_size_pt': 7, 'title_font_size_pt': 8, 'legend_font_size_pt': 6, 'label_pad_pt': 0.5, 'tick_pad_pt': 0.75, 'title_pad_pt': 1.0, 'font_family': 'Arial', 'n_ticks': 4, 'font_family_requested': 'Arial', 'font_family_actual': 'Arial'}}, 'matplotlib': {'version': '3.10.3'}, 'dimensions': {'figure_size_mm': (np.float64(80.0), np.float64(68.0)), 'figure_size_inch': (np.float64(3.1496062992125986), np.float64(2.677165354330709)), 'figure_size_px': (944, 803), 'axes_size_mm': (np.float64(40.0), np.float64(27.999999999999993)), 'axes_size_inch': (np.float64(1.5748031496062993), np.float64(1.1023622047244093)), 'axes_size_px': (472, 330), 'axes_position': (np.float64(0.25), np.float64(0.29411764705882354), np.float64(0.5), np.float64(0.41176470588235287)), 'dpi': 300}, 'margins_mm': {'left': np.float64(20.0), 'bottom': np.float64(20.0), 'right': np.float64(20.0), 'top': np.float64(20.000000000000007)}, 'axes_bbox_px': {'x0': 236, 'y0': 236, 'x1': 708, 'y1': 566, 'width': 472, 'height': 330}, 'axes_bbox_mm': {'x0': np.float64(20.0), 'y0': np.float64(20.0), 'x1': np.float64(60.0), 'y1': np.float64(47.99999999999999), 'width': np.float64(40.0), 'height': np.float64(27.999999999999993)}, 'url': 'https://scitex.ai'}[0m
[90mINFO:   • Auto-cropped with 1.0mm margin (11px at 300 DPI)[0m
/home/ywatanabe/proj/scitex-code/src/scitex/plt/_subplots/_AxisWrapperMixins/_TrackingMixin.py:113: UserWarning: Method 'sns_lineplot()' does not support data tracking for CSV export. Consider using scitex plot methods (e.g., plot_image, plot_imshow) for data export support.
  df = _export_as_csv(self.history)
[32mSUCC: Saved to: ./../scitex-code/examples/demo_plot_all_types_publication_out/publication/04_seaborn/04_sns_lineplot.png (1.1 MiB)[0m
[90mINFO:   • Auto-collected metadata from figure[0m
[90mINFO: 📝 Saving figure with metadata to: /home/ywatanabe/proj/scitex-code/examples/demo_plot_all_types_publication_out/publication/04_seaborn/04_sns_lineplot.pdf[0m
[90mINFO:   • Auto-added URL: https://scitex.ai[0m
/home/ywatanabe/proj/scitex-code/src/scitex/io/_save_modules/_image.py:174: UserWarning: This figure includes Axes that are not compatible with tight_layout, so results might be incorrect.
  obj.savefig(spath, **save_kwargs)
[90mINFO:   • Embedded metadata: {'metadata_version': '1.0.0', 'scitex': {'version': '2.2.2', 'created_at': '2025-11-19T18:33:16.692806', 'created_with': 'scitex.plt.subplots (mm-control)', 'mode': 'publication', 'axes_size_mm': (40, 28), 'position_in_grid': (0, 0), 'style_mm': {'axis_thickness_mm': 0.2, 'tick_length_mm': 0.8, 'tick_thickness_mm': 0.2, 'trace_thickness_mm': 0.2, 'axis_font_size_pt': 7, 'tick_font_size_pt': 7, 'title_font_size_pt': 8, 'legend_font_size_pt': 6, 'label_pad_pt': 0.5, 'tick_pad_pt': 0.75, 'title_pad_pt': 1.0, 'font_family': 'Arial', 'n_ticks': 4, 'font_family_requested': 'Arial', 'font_family_actual': 'Arial'}}, 'matplotlib': {'version': '3.10.3'}, 'dimensions': {'figure_size_mm': (np.float64(80.0), np.float64(68.0)), 'figure_size_inch': (np.float64(3.1496062992125986), np.float64(2.677165354330709)), 'figure_size_px': (944, 803), 'axes_size_mm': (np.float64(40.0), np.float64(27.999999999999993)), 'axes_size_inch': (np.float64(1.5748031496062993), np.float64(1.1023622047244093)), 'axes_size_px': (472, 330), 'axes_position': (np.float64(0.25), np.float64(0.29411764705882354), np.float64(0.5), np.float64(0.41176470588235287)), 'dpi': 300}, 'margins_mm': {'left': np.float64(20.0), 'bottom': np.float64(20.0), 'right': np.float64(20.0), 'top': np.float64(20.000000000000007)}, 'axes_bbox_px': {'x0': 236, 'y0': 236, 'x1': 708, 'y1': 566, 'width': 472, 'height': 330}, 'axes_bbox_mm': {'x0': np.float64(20.0), 'y0': np.float64(20.0), 'x1': np.float64(60.0), 'y1': np.float64(47.99999999999999), 'width': np.float64(40.0), 'height': np.float64(27.999999999999993)}, 'url': 'https://scitex.ai'}[0m
[32mSUCC: Saved to: ./../scitex-code/examples/demo_plot_all_types_publication_out/publication/04_seaborn/04_sns_lineplot.pdf (17.4 KiB)[0m
[90mINFO:   • Auto-collected metadata from figure[0m
[90mINFO: 📝 Saving figure with metadata to: /home/ywatanabe/proj/scitex-code/examples/demo_plot_all_types_publication_out/publication/04_seaborn/04_sns_lineplot.jpg[0m
[90mINFO:   • Auto-added URL: https://scitex.ai[0m
/home/ywatanabe/proj/scitex-code/src/scitex/io/_save_modules/_image.py:103: UserWarning: This figure includes Axes that are not compatible with tight_layout, so results might be incorrect.
  obj.figure.savefig(buf, **save_kwargs)
