ax-row-0-col-0_trace-id-stx-contour-0_variable-x,ax-row-0-col-0_trace-id-stx-contour-0_variable-y,ax-row-0-col-0_trace-id-stx-contour-0_variable-z
-3.0,-3.0,1.522997974471263e-08
-2.877551020408163,-3.0,3.127959480829972e-08
-2.7551020408163267,-3.0,6.234469483366605e-08
-2.63265306122449,-3.0,1.2059088441708413e-07
-2.510204081632653,-3.0,2.2636331692873323e-07
-2.387755102040816,-3.0,4.123577961050992e-07
-2.2653061224489797,-3.0,7.289856217342943e-07
-2.142857142857143,-3.0,1.250663015719018e-06
-2.020408163265306,-3.0,2.082275761635328e-06
-1.8979591836734695,-3.0,3.364439881725193e-06
-1.7755102040816326,-3.0,5.275503226318811e-06
-1.653061224489796,-3.0,8.02770871025589e-06
-1.5306122448979593,-3.0,1.1854845817425422e-05
-1.4081632653061225,-3.0,1.6989351682852734e-05
-1.2857142857142858,-3.0,2.36283989392166e-05
-1.163265306122449,-3.0,3.189101745118691e-05
-1.0408163265306123,-3.0,4.1771401569186476e-05
-0.9183673469387754,-3.0,5.3096551043622456e-05
-0.795918367346939,-3.0,6.549832111522357e-05
-0.6734693877551021,-3.0,7.840984878475243e-05
-0.5510204081632653,-3.0,9.109355613148116e-05
-0.4285714285714288,-3.0,0.00010270256461965522
-0.30612244897959195,-3.0,0.00011237029286752595
-0.18367346938775508,-3.0,0.00011931590202029478
-0.06122448979591866,-3.0,0.00012294807598910688
0.06122448979591821,-3.0,0.00012294807598910688
0.18367346938775508,-3.0,0.00011931590202029478
0.30612244897959195,-3.0,0.00011237029286752595
0.4285714285714284,-3.0,0.0001027025646196554
0.5510204081632653,-3.0,9.109355613148116e-05
0.6734693877551021,-3.0,7.840984878475243e-05
0.7959183673469385,-3.0,6.549832111522357e-05
0.9183673469387754,-3.0,5.3096551043622456e-05
1.0408163265306118,-3.0,4.1771401569186476e-05
1.1632653061224492,-3.0,3.1891017451186855e-05
1.2857142857142856,-3.0,2.362839893921664e-05
1.408163265306122,-3.0,1.6989351682852734e-05
1.5306122448979593,-3.0,1.1854845817425422e-05
1.6530612244897958,-3.0,8.02770871025589e-06
1.7755102040816322,-3.0,5.27550322631882e-06
1.8979591836734695,-3.0,3.364439881725193e-06
2.020408163265306,-3.0,2.082275761635328e-06
2.1428571428571423,-3.0,1.2506630157190225e-06
2.2653061224489797,-3.0,7.289856217342943e-07
2.387755102040816,-3.0,4.123577961050992e-07
2.5102040816326525,-3.0,2.2636331692873365e-07
2.63265306122449,-3.0,1.2059088441708413e-07
2.7551020408163263,-3.0,6.234469483366627e-08
2.8775510204081627,-3.0,3.127959480829972e-08
3.0,-3.0,1.522997974471263e-08
-3.0,-2.877551020408163,3.127959480829972e-08
-2.877551020408163,-2.877551020408163,6.424257075660799e-08
-2.7551020408163267,-2.877551020408163,1.2804460843233823e-07
-2.63265306122449,-2.877551020408163,2.476716361655326e-07
-2.510204081632653,-2.877551020408163,4.649088804895911e-07
-2.387755102040816,-2.877551020408163,8.469075464587448e-07
-2.2653061224489797,-2.877551020408163,1.4972032301514682e-06
-2.142857142857143,-2.877551020408163,2.568633250283763e-06
-2.020408163265306,-2.877551020408163,4.276613836319033e-06
-1.8979591836734695,-2.877551020408163,6.909944597515511e-06
-1.7755102040816326,-2.877551020408163,1.083491942176865e-05
-1.653061224489796,-2.877551020408163,1.648744646446673e-05
-1.5306122448979593,-2.877551020408163,2.4347686595753257e-05
-1.4081632653061225,-2.877551020408163,3.489302320837491e-05
-1.2857142857142858,-2.877551020408163,4.852841285256079e-05
-1.163265306122449,-2.877551020408163,6.549832111522369e-05
-1.0408163265306123,-2.877551020408163,8.579082425323194e-05
-0.9183673469387754,-2.877551020408163,0.00010905061137322277
-0.795918367346939,-2.877551020408163,0.00013452158042556538
-0.6734693877551021,-2.877551020408163,0.00016103949841552348
-0.5510204081632653,-2.877551020408163,0.0001870895151012295
-0.4285714285714288,-2.877551020408163,0.00021093229675445274
-0.30612244897959195,-2.877551020408163,0.00023078804360238497
-0.18367346938775508,-2.877551020408163,0.0002450530553513895
-0.06122448979591866,-2.877551020408163,0.00025251287682995314
0.06122448979591821,-2.877551020408163,0.00025251287682995314
0.18367346938775508,-2.877551020408163,0.0002450530553513895
0.30612244897959195,-2.877551020408163,0.00023078804360238497
0.4285714285714284,-2.877551020408163,0.00021093229675445312
0.5510204081632653,-2.877551020408163,0.0001870895151012295
0.6734693877551021,-2.877551020408163,0.00016103949841552348
0.7959183673469385,-2.877551020408163,0.00013452158042556538
0.9183673469387754,-2.877551020408163,0.00010905061137322277
1.0408163265306118,-2.877551020408163,8.57908242532321e-05
1.1632653061224492,-2.877551020408163,6.549832111522369e-05
1.2857142857142856,-2.877551020408163,4.852841285256088e-05
1.408163265306122,-2.877551020408163,3.489302320837491e-05
1.5306122448979593,-2.877551020408163,2.4347686595753257e-05
1.6530612244897958,-2.877551020408163,1.648744646446673e-05
1.7755102040816322,-2.877551020408163,1.0834919421768669e-05
1.8979591836734695,-2.877551020408163,6.909944597515511e-06
2.020408163265306,-2.877551020408163,4.276613836319033e-06
2.1428571428571423,-2.877551020408163,2.568633250283763e-06
2.2653061224489797,-2.877551020408163,1.4972032301514682e-06
2.387755102040816,-2.877551020408163,8.469075464587448e-07
2.5102040816326525,-2.877551020408163,4.6490888048959273e-07
2.63265306122449,-2.877551020408163,2.476716361655326e-07
2.7551020408163263,-2.877551020408163,1.2804460843233847e-07
2.8775510204081627,-2.877551020408163,6.424257075660821e-08
3.0,-2.877551020408163,3.127959480829972e-08
-3.0,-2.7551020408163267,6.234469483366605e-08
-2.877551020408163,-2.7551020408163267,1.2804460843233823e-07
-2.7551020408163267,-2.7551020408163267,2.5521117158756233e-07
-2.63265306122449,-2.7551020408163267,4.936449039805915e-07
-2.510204081632653,-2.7551020408163267,9.266297232179686e-07
-2.387755102040816,-2.7551020408163267,1.6880075608360949e-06
-2.2653061224489797,-2.7551020408163267,2.984139630319156e-06
-2.142857142857143,-2.7551020408163267,5.119652511804838e-06
-2.020408163265306,-2.7551020408163267,8.523901482125301e-06
-1.8979591836734695,-2.7551020408163267,1.3772505362995862e-05
-1.7755102040816326,-2.7551020408163267,2.1595540128873196e-05
-1.653061224489796,-2.7551020408163267,3.286183292057358e-05
-1.5306122448979593,-2.7551020408163267,4.852841285256071e-05
-1.4081632653061225,-2.7551020408163267,6.954677313060801e-05
-1.2857142857142858,-2.7551020408163267,9.672404993086061e-05
-1.163265306122449,-2.7551020408163267,0.00013054749804375935
-1.0408163265306123,-2.7551020408163267,0.00017099335174818964
-0.9183673469387754,-2.7551020408163267,0.00021735342574464347
-0.795918367346939,-2.7551020408163267,0.00026812070078187285
-0.6734693877551021,-2.7551020408163267,0.00032097469441063465
-0.5510204081632653,-2.7551020408163267,0.0003728960939887177
-0.4285714285714288,-2.7551020408163267,0.0004204181592605329
-0.30612244897959195,-2.7551020408163267,0.0004599934953707173
-0.18367346938775508,-2.7551020408163267,0.0004884256988484417
-0.06122448979591866,-2.7551020408163267,0.0005032941872813956
0.06122448979591821,-2.7551020408163267,0.0005032941872813956
0.18367346938775508,-2.7551020408163267,0.0004884256988484417
0.30612244897959195,-2.7551020408163267,0.0004599934953707173
0.4285714285714284,-2.7551020408163267,0.0004204181592605329
0.5510204081632653,-2.7551020408163267,0.0003728960939887177
0.6734693877551021,-2.7551020408163267,0.00032097469441063465
0.7959183673469385,-2.7551020408163267,0.0002681207007818733
0.9183673469387754,-2.7551020408163267,0.00021735342574464347
1.0408163265306118,-2.7551020408163267,0.00017099335174818964
1.1632653061224492,-2.7551020408163267,0.00013054749804375935
1.2857142857142856,-2.7551020408163267,9.672404993086061e-05
1.408163265306122,-2.7551020408163267,6.954677313060813e-05
1.5306122448979593,-2.7551020408163267,4.852841285256071e-05
1.6530612244897958,-2.7551020408163267,3.286183292057364e-05
1.7755102040816322,-2.7551020408163267,2.1595540128873196e-05
1.8979591836734695,-2.7551020408163267,1.3772505362995862e-05
2.020408163265306,-2.7551020408163267,8.523901482125301e-06
2.1428571428571423,-2.7551020408163267,5.119652511804847e-06
2.2653061224489797,-2.7551020408163267,2.984139630319156e-06
2.387755102040816,-2.7551020408163267,1.6880075608360949e-06
2.5102040816326525,-2.7551020408163267,9.266297232179703e-07
2.63265306122449,-2.7551020408163267,4.936449039805915e-07
2.7551020408163263,-2.7551020408163267,2.5521117158756275e-07
2.8775510204081627,-2.7551020408163267,1.2804460843233823e-07
3.0,-2.7551020408163267,6.234469483366605e-08
-3.0,-2.63265306122449,1.2059088441708413e-07
-2.877551020408163,-2.63265306122449,2.476716361655326e-07
-2.7551020408163267,-2.63265306122449,4.936449039805915e-07
-2.63265306122449,-2.63265306122449,9.548378690091926e-07
-2.510204081632653,-2.63265306122449,1.7923433284602686e-06
-2.387755102040816,-2.63265306122449,3.2650464519401004e-06
-2.2653061224489797,-2.63265306122449,5.77210359605343e-06
-2.142857142857143,-2.63265306122449,9.902741940655156e-06
-2.020408163265306,-2.63265306122449,1.648744646446673e-05
-1.8979591836734695,-2.63265306122449,2.6639613952619027e-05
-1.7755102040816326,-2.63265306122449,4.1771401569186476e-05
-1.653061224489796,-2.63265306122449,6.356334738715398e-05
-1.5306122448979593,-2.63265306122449,9.386659507855304e-05
-1.4081632653061225,-2.63265306122449,0.00013452158042556514
-1.2857142857142858,-2.63265306122449,0.00018708951510122915
-1.163265306122449,-2.63265306122449,0.00025251287682995265
-1.0408163265306123,-2.63265306122449,0.00033074569651467516
-0.9183673469387754,-2.63265306122449,0.0004204181592605333
-0.795918367346939,-2.63265306122449,0.0005186152971648636
-0.6734693877551021,-2.63265306122449,0.0006208486925431259
-0.5510204081632653,-2.63265306122449,0.0007212782080295469
-0.4285714285714288,-2.63265306122449,0.0008131982646718004
-0.30612244897959195,-2.63265306122449,0.0008897472765061385
-0.18367346938775508,-2.63265306122449,0.0009447425663612395
-0.06122448979591866,-2.63265306122449,0.0009735020971418263
0.06122448979591821,-2.63265306122449,0.0009735020971418263
0.18367346938775508,-2.63265306122449,0.0009447425663612395
0.30612244897959195,-2.63265306122449,0.0008897472765061385
0.4285714285714284,-2.63265306122449,0.0008131982646718004
0.5510204081632653,-2.63265306122449,0.0007212782080295469
0.6734693877551021,-2.63265306122449,0.0006208486925431259
0.7959183673469385,-2.63265306122449,0.000518615297164864
0.9183673469387754,-2.63265306122449,0.0004204181592605333
1.0408163265306118,-2.63265306122449,0.00033074569651467516
1.1632653061224492,-2.63265306122449,0.00025251287682995265
1.2857142857142856,-2.63265306122449,0.00018708951510122915
1.408163265306122,-2.63265306122449,0.00013452158042556538
1.5306122448979593,-2.63265306122449,9.386659507855304e-05
1.6530612244897958,-2.63265306122449,6.356334738715409e-05
1.7755102040816322,-2.63265306122449,4.1771401569186476e-05
1.8979591836734695,-2.63265306122449,2.6639613952619027e-05
2.020408163265306,-2.63265306122449,1.648744646446673e-05
2.1428571428571423,-2.63265306122449,9.902741940655175e-06
2.2653061224489797,-2.63265306122449,5.77210359605343e-06
2.387755102040816,-2.63265306122449,3.2650464519401004e-06
2.5102040816326525,-2.63265306122449,1.7923433284602718e-06
2.63265306122449,-2.63265306122449,9.548378690091926e-07
2.7551020408163263,-2.63265306122449,4.936449039805923e-07
2.8775510204081627,-2.63265306122449,2.476716361655326e-07
3.0,-2.63265306122449,1.2059088441708413e-07
-3.0,-2.510204081632653,2.2636331692873323e-07
-2.877551020408163,-2.510204081632653,4.649088804895911e-07
-2.7551020408163267,-2.510204081632653,9.266297232179686e-07
-2.63265306122449,-2.510204081632653,1.7923433284602686e-06
-2.510204081632653,-2.510204081632653,3.3644398817251988e-06
-2.387755102040816,-2.510204081632653,6.128877388702908e-06
-2.2653061224489797,-2.510204081632653,1.083491942176865e-05
-2.142857142857143,-2.510204081632653,1.858861491240885e-05
-2.020408163265306,-2.510204081632653,3.0948882143307866e-05
-1.8979591836734695,-2.510204081632653,5.000569823469583e-05
-1.7755102040816326,-2.510204081632653,7.840984878475243e-05
-1.653061224489796,-2.510204081632653,0.00011931590202029478
-1.5306122448979593,-2.510204081632653,0.00017619867300498323
-1.4081632653061225,-2.510204081632653,0.00025251287682995314
-1.2857142857142858,-2.510204081632653,0.00035118909199162256
-1.163265306122449,-2.510204081632653,0.00047399646036883146
-1.0408163265306123,-2.510204081632653,0.0006208486925431265
-0.9183673469387754,-2.510204081632653,0.0007891744843510269
-0.795918367346939,-2.510204081632653,0.0009735020971418271
-0.6734693877551021,-2.510204081632653,0.0011654062413943055
-0.5510204081632653,-2.510204081632653,0.0013539242902745503
-0.4285714285714288,-2.510204081632653,0.0015264690809890112
-0.30612244897959195,-2.510204081632653,0.0016701606071785541
-0.18367346938775508,-2.510204081632653,0.001773393254382642
-0.06122448979591866,-2.510204081632653,0.0018273782866035791
0.06122448979591821,-2.510204081632653,0.0018273782866035791
0.18367346938775508,-2.510204081632653,0.001773393254382642
0.30612244897959195,-2.510204081632653,0.0016701606071785541
0.4285714285714284,-2.510204081632653,0.0015264690809890112
0.5510204081632653,-2.510204081632653,0.0013539242902745503
0.6734693877551021,-2.510204081632653,0.0011654062413943055
0.7959183673469385,-2.510204081632653,0.0009735020971418271
0.9183673469387754,-2.510204081632653,0.0007891744843510269
1.0408163265306118,-2.510204081632653,0.000620848692543127
1.1632653061224492,-2.510204081632653,0.000473996460368831
1.2857142857142856,-2.510204081632653,0.0003511890919916229
1.408163265306122,-2.510204081632653,0.00025251287682995314
1.5306122448979593,-2.510204081632653,0.00017619867300498323
1.6530612244897958,-2.510204081632653,0.00011931590202029478
1.7755102040816322,-2.510204081632653,7.840984878475257e-05
1.8979591836734695,-2.510204081632653,5.000569823469583e-05
2.020408163265306,-2.510204081632653,3.0948882143307866e-05
2.1428571428571423,-2.510204081632653,1.858861491240885e-05
2.2653061224489797,-2.510204081632653,1.083491942176865e-05
2.387755102040816,-2.510204081632653,6.128877388702908e-06
2.5102040816326525,-2.510204081632653,3.3644398817252106e-06
2.63265306122449,-2.510204081632653,1.7923433284602686e-06
2.7551020408163263,-2.510204081632653,9.266297232179703e-07
2.8775510204081627,-2.510204081632653,4.6490888048959194e-07
3.0,-2.510204081632653,2.2636331692873323e-07
-3.0,-2.387755102040816,4.123577961050992e-07
-2.877551020408163,-2.387755102040816,8.469075464587448e-07
-2.7551020408163267,-2.387755102040816,1.6880075608360949e-06
-2.63265306122449,-2.387755102040816,3.2650464519401004e-06
-2.510204081632653,-2.387755102040816,6.128877388702908e-06
-2.387755102040816,-2.387755102040816,1.116475234103228e-05
-2.2653061224489797,-2.387755102040816,1.9737577423569392e-05
-2.142857142857143,-2.387755102040816,3.3862201623156676e-05
-2.020408163265306,-2.387755102040816,5.637844950181923e-05
-1.8979591836734695,-2.387755102040816,9.109355613148116e-05
-1.7755102040816326,-2.387755102040816,0.00014283636092854253
-1.653061224489796,-2.387755102040816,0.00021735342574464388
-1.5306122448979593,-2.387755102040816,0.0003209746944106352
-1.4081632653061225,-2.387755102040816,0.00045999349537071847
-1.2857142857142858,-2.387755102040816,0.0006397483565564168
-1.163265306122449,-2.387755102040816,0.000863462059185347
-1.0408163265306123,-2.387755102040816,0.0011309774129719837
-0.9183673469387754,-2.387755102040816,0.0014376103669298207
-0.795918367346939,-2.387755102040816,0.0017733932543826435
-0.6734693877551021,-2.387755102040816,0.0021229780327869144
-0.5510204081632653,-2.387755102040816,0.0024663944847854746
-0.4285714285714288,-2.387755102040816,0.0027807130351309405
-0.30612244897959195,-2.387755102040816,0.0030424706461362285
-0.18367346938775508,-2.387755102040816,0.003230525793342677
-0.06122448979591866,-2.387755102040816,0.0033288683570200637
0.06122448979591821,-2.387755102040816,0.0033288683570200637
0.18367346938775508,-2.387755102040816,0.003230525793342677
0.30612244897959195,-2.387755102040816,0.0030424706461362285
0.4285714285714284,-2.387755102040816,0.0027807130351309405
0.5510204081632653,-2.387755102040816,0.0024663944847854746
0.6734693877551021,-2.387755102040816,0.0021229780327869144
0.7959183673469385,-2.387755102040816,0.0017733932543826435
0.9183673469387754,-2.387755102040816,0.0014376103669298207
1.0408163265306118,-2.387755102040816,0.0011309774129719845
1.1632653061224492,-2.387755102040816,0.0008634620591853461
1.2857142857142856,-2.387755102040816,0.0006397483565564173
1.408163265306122,-2.387755102040816,0.0004599934953707193
1.5306122448979593,-2.387755102040816,0.0003209746944106352
1.6530612244897958,-2.387755102040816,0.00021735342574464388
1.7755102040816322,-2.387755102040816,0.00014283636092854278
1.8979591836734695,-2.387755102040816,9.109355613148116e-05
2.020408163265306,-2.387755102040816,5.637844950181923e-05
2.1428571428571423,-2.387755102040816,3.38622016231568e-05
2.2653061224489797,-2.387755102040816,1.9737577423569392e-05
2.387755102040816,-2.387755102040816,1.116475234103228e-05
2.5102040816326525,-2.387755102040816,6.128877388702919e-06
2.63265306122449,-2.387755102040816,3.2650464519401004e-06
2.7551020408163263,-2.387755102040816,1.6880075608361008e-06
2.8775510204081627,-2.387755102040816,8.469075464587463e-07
3.0,-2.387755102040816,4.123577961050992e-07
-3.0,-2.2653061224489797,7.289856217342943e-07
-2.877551020408163,-2.2653061224489797,1.4972032301514682e-06
-2.7551020408163267,-2.2653061224489797,2.984139630319156e-06
-2.63265306122449,-2.2653061224489797,5.77210359605343e-06
-2.510204081632653,-2.2653061224489797,1.083491942176865e-05
-2.387755102040816,-2.2653061224489797,1.9737577423569392e-05
-2.2653061224489797,-2.2653061224489797,3.489302320837485e-05
-2.142857142857143,-2.2653061224489797,5.986320214316349e-05
-2.020408163265306,-2.2653061224489797,9.966849044858171e-05
-1.8979591836734695,-2.2653061224489797,0.0001610394984155232
-1.7755102040816326,-2.2653061224489797,0.00025251287682995314
-1.653061224489796,-2.2653061224489797,0.0003842476696188227
-1.5306122448979593,-2.2653061224489797,0.0005674342509733358
-1.4081632653061225,-2.2653061224489797,0.0008131982646718004
-1.2857142857142858,-2.2653061224489797,0.0011309774129719826
-1.163265306122449,-2.2653061224489797,0.00152646908098901
-1.0408163265306123,-2.2653061224489797,0.0019993953802990333
-0.9183673469387754,-2.2653061224489797,0.002541475623952788
-0.795918367346939,-2.2653061224489797,0.0031350884992023794
-0.6734693877551021,-2.2653061224489797,0.0037531010102813036
-0.5510204081632653,-2.2653061224489797,0.00436020886209975
-0.4285714285714288,-2.2653061224489797,0.004915876066674226
-0.30612244897959195,-2.2653061224489797,0.005378623555880757
-0.18367346938775508,-2.2653061224489797,0.005711076342517745
-0.06122448979591866,-2.2653061224489797,0.005884930979443374
0.06122448979591821,-2.2653061224489797,0.005884930979443374
0.18367346938775508,-2.2653061224489797,0.005711076342517745
0.30612244897959195,-2.2653061224489797,0.005378623555880757
0.4285714285714284,-2.2653061224489797,0.004915876066674226
0.5510204081632653,-2.2653061224489797,0.00436020886209975
0.6734693877551021,-2.2653061224489797,0.0037531010102813036
0.7959183673469385,-2.2653061224489797,0.0031350884992023824
0.9183673469387754,-2.2653061224489797,0.002541475623952788
1.0408163265306118,-2.2653061224489797,0.001999395380299035
1.1632653061224492,-2.2653061224489797,0.00152646908098901
1.2857142857142856,-2.2653061224489797,0.0011309774129719826
1.408163265306122,-2.2653061224489797,0.000813198264671802
1.5306122448979593,-2.2653061224489797,0.0005674342509733358
1.6530612244897958,-2.2653061224489797,0.0003842476696188234
1.7755102040816322,-2.2653061224489797,0.00025251287682995314
1.8979591836734695,-2.2653061224489797,0.0001610394984155232
2.020408163265306,-2.2653061224489797,9.966849044858171e-05
2.1428571428571423,-2.2653061224489797,5.9863202143163596e-05
2.2653061224489797,-2.2653061224489797,3.489302320837485e-05
2.387755102040816,-2.2653061224489797,1.9737577423569392e-05
2.5102040816326525,-2.2653061224489797,1.0834919421768669e-05
2.63265306122449,-2.2653061224489797,5.77210359605343e-06
2.7551020408163263,-2.2653061224489797,2.984139630319161e-06
2.8775510204081627,-2.2653061224489797,1.4972032301514682e-06
3.0,-2.2653061224489797,7.289856217342943e-07
-3.0,-2.142857142857143,1.250663015719018e-06
-2.877551020408163,-2.142857142857143,2.568633250283763e-06
-2.7551020408163267,-2.142857142857143,5.119652511804838e-06
-2.63265306122449,-2.142857142857143,9.902741940655156e-06
-2.510204081632653,-2.142857142857143,1.858861491240885e-05
-2.387755102040816,-2.142857142857143,3.3862201623156676e-05
-2.2653061224489797,-2.142857142857143,5.986320214316349e-05
-2.142857142857143,-2.142857142857143,0.0001027025646196554
-2.020408163265306,-2.142857142857143,0.00017099335174819023
-1.8979591836734695,-2.142857142857143,0.00027628273965003684
-1.7755102040816326,-2.142857142857143,0.00043321638538317
-1.653061224489796,-2.142857142857143,0.000659223357691465
-1.5306122448979593,-2.142857142857143,0.0009735020971418271
-1.4081632653061225,-2.142857142857143,0.0013951399914477363
-1.2857142857142858,-2.142857142857143,0.0019403285604625948
-1.163265306122449,-2.142857142857143,0.00261884235753472
-1.0408163265306123,-2.142857142857143,0.0034302046314582686
-0.9183673469387754,-2.142857142857143,0.00436020886209975
-0.795918367346939,-2.142857142857143,0.005378623555880762
-0.6734693877551021,-2.142857142857143,0.006438898776425196
-0.5510204081632653,-2.142857142857143,0.007480465734927847
-0.4285714285714288,-2.142857142857143,0.008433780040573467
-0.30612244897959195,-2.142857142857143,0.009227679334486275
-0.18367346938775508,-2.142857142857143,0.009798042305062333
-0.06122448979591866,-2.142857142857143,0.010096310965007717
0.06122448979591821,-2.142857142857143,0.010096310965007717
0.18367346938775508,-2.142857142857143,0.009798042305062333
0.30612244897959195,-2.142857142857143,0.009227679334486275
0.4285714285714284,-2.142857142857143,0.008433780040573467
0.5510204081632653,-2.142857142857143,0.007480465734927847
0.6734693877551021,-2.142857142857143,0.006438898776425196
0.7959183673469385,-2.142857142857143,0.005378623555880767
0.9183673469387754,-2.142857142857143,0.00436020886209975
1.0408163265306118,-2.142857142857143,0.0034302046314582716
1.1632653061224492,-2.142857142857143,0.00261884235753472
1.2857142857142856,-2.142857142857143,0.0019403285604625948
1.408163265306122,-2.142857142857143,0.001395139991447739
1.5306122448979593,-2.142857142857143,0.0009735020971418271
1.6530612244897958,-2.142857142857143,0.0006592233576914661
1.7755102040816322,-2.142857142857143,0.00043321638538317036
1.8979591836734695,-2.142857142857143,0.00027628273965003684
2.020408163265306,-2.142857142857143,0.00017099335174819023
2.1428571428571423,-2.142857142857143,0.00010270256461965559
2.2653061224489797,-2.142857142857143,5.986320214316349e-05
2.387755102040816,-2.142857142857143,3.3862201623156676e-05
2.5102040816326525,-2.142857142857143,1.8588614912408883e-05
2.63265306122449,-2.142857142857143,9.902741940655156e-06
2.7551020408163263,-2.142857142857143,5.119652511804847e-06
2.8775510204081627,-2.142857142857143,2.568633250283763e-06
3.0,-2.142857142857143,1.250663015719018e-06
-3.0,-2.020408163265306,2.082275761635328e-06
-2.877551020408163,-2.020408163265306,4.276613836319033e-06
-2.7551020408163267,-2.020408163265306,8.523901482125301e-06
-2.63265306122449,-2.020408163265306,1.648744646446673e-05
-2.510204081632653,-2.020408163265306,3.0948882143307866e-05
-2.387755102040816,-2.020408163265306,5.637844950181923e-05
-2.2653061224489797,-2.020408163265306,9.966849044858171e-05
-2.142857142857143,-2.020408163265306,0.00017099335174819023
-2.020408163265306,-2.020408163265306,0.00028469324451985985
-1.8979591836734695,-2.020408163265306,0.0004599934953707181
-1.7755102040816326,-2.020408163265306,0.0007212782080295476
-1.653061224489796,-2.020408163265306,0.0010975656927342844
-1.5306122448979593,-2.020408163265306,0.0016208201532322314
-1.4081632653061225,-2.020408163265306,0.002322820897209939
-1.2857142857142858,-2.020408163265306,0.003230525793342674
-1.163265306122449,-2.020408163265306,0.004360208862099754
-1.0408163265306123,-2.020408163265306,0.00571107634251775
-0.9183673469387754,-2.020408163265306,0.0072594752664035265
-0.795918367346939,-2.020408163265306,0.008955072086250557
-0.6734693877551021,-2.020408163265306,0.010720364067106764
-0.5510204081632653,-2.020408163265306,0.012454507960826543
-0.4285714285714288,-2.020408163265306,0.014041716702843156
-0.30612244897959195,-2.020408163265306,0.015363509412883154
-0.18367346938775508,-2.020408163265306,0.016313128114354113
-0.06122448979591866,-2.020408163265306,0.016809726793017895
0.06122448979591821,-2.020408163265306,0.016809726793017895
0.18367346938775508,-2.020408163265306,0.016313128114354113
0.30612244897959195,-2.020408163265306,0.015363509412883154
0.4285714285714284,-2.020408163265306,0.014041716702843156
0.5510204081632653,-2.020408163265306,0.012454507960826543
0.6734693877551021,-2.020408163265306,0.010720364067106764
0.7959183673469385,-2.020408163265306,0.008955072086250557
0.9183673469387754,-2.020408163265306,0.0072594752664035265
1.0408163265306118,-2.020408163265306,0.005711076342517755
1.1632653061224492,-2.020408163265306,0.00436020886209975
1.2857142857142856,-2.020408163265306,0.003230525793342677
1.408163265306122,-2.020408163265306,0.0023228208972099432
1.5306122448979593,-2.020408163265306,0.0016208201532322314
1.6530612244897958,-2.020408163265306,0.0010975656927342844
1.7755102040816322,-2.020408163265306,0.0007212782080295489
1.8979591836734695,-2.020408163265306,0.0004599934953707181
2.020408163265306,-2.020408163265306,0.00028469324451985985
2.1428571428571423,-2.020408163265306,0.00017099335174819023
2.2653061224489797,-2.020408163265306,9.966849044858171e-05
2.387755102040816,-2.020408163265306,5.637844950181923e-05
2.5102040816326525,-2.020408163265306,3.0948882143307975e-05
2.63265306122449,-2.020408163265306,1.648744646446673e-05
2.7551020408163263,-2.020408163265306,8.523901482125317e-06
2.8775510204081627,-2.020408163265306,4.2766138363190405e-06
3.0,-2.020408163265306,2.082275761635328e-06
-3.0,-1.8979591836734695,3.364439881725193e-06
-2.877551020408163,-1.8979591836734695,6.909944597515511e-06
-2.7551020408163267,-1.8979591836734695,1.3772505362995862e-05
-2.63265306122449,-1.8979591836734695,2.6639613952619027e-05
-2.510204081632653,-1.8979591836734695,5.000569823469583e-05
-2.387755102040816,-1.8979591836734695,9.109355613148116e-05
-2.2653061224489797,-1.8979591836734695,0.0001610394984155232
-2.142857142857143,-1.8979591836734695,0.00027628273965003684
-2.020408163265306,-1.8979591836734695,0.0004599934953707181
-1.8979591836734695,-1.8979591836734695,0.0007432351130783873
-1.7755102040816326,-1.8979591836734695,0.0011654062413943044
-1.653061224489796,-1.8979591836734695,0.0017733932543826404
-1.5306122448979593,-1.8979591836734695,0.0026188423575347177
-1.4081632653061225,-1.8979591836734695,0.0037531010102813036
-1.2857142857142858,-1.8979591836734695,0.005219726425441391
-1.163265306122449,-1.8979591836734695,0.007045013373626905
-1.0408163265306123,-1.8979591836734695,0.009227679334486275
-0.9183673469387754,-1.8979591836734695,0.01172950699263006
-0.795918367346939,-1.8979591836734695,0.014469169850511807
-0.6734693877551021,-1.8979591836734695,0.017321442759176856
-0.5510204081632653,-1.8979591836734695,0.020123388103869773
-0.4285714285714288,-1.8979591836734695,0.02268792277821555
-0.30612244897959195,-1.8979591836734695,0.024823611139463003
-0.18367346938775508,-1.8979591836734695,0.026357958842358906
-0.06122448979591866,-1.8979591836734695,0.02716033882991458
0.06122448979591821,-1.8979591836734695,0.02716033882991458
0.18367346938775508,-1.8979591836734695,0.026357958842358906
0.30612244897959195,-1.8979591836734695,0.024823611139463003
0.4285714285714284,-1.8979591836734695,0.02268792277821556
0.5510204081632653,-1.8979591836734695,0.020123388103869773
0.6734693877551021,-1.8979591836734695,0.017321442759176856
0.7959183673469385,-1.8979591836734695,0.01446916985051182
0.9183673469387754,-1.8979591836734695,0.01172950699263006
1.0408163265306118,-1.8979591836734695,0.009227679334486275
1.1632653061224492,-1.8979591836734695,0.007045013373626905
1.2857142857142856,-1.8979591836734695,0.005219726425441396
1.408163265306122,-1.8979591836734695,0.003753101010281307
1.5306122448979593,-1.8979591836734695,0.0026188423575347177
1.6530612244897958,-1.8979591836734695,0.001773393254382642
1.7755102040816322,-1.8979591836734695,0.0011654062413943064
1.8979591836734695,-1.8979591836734695,0.0007432351130783873
2.020408163265306,-1.8979591836734695,0.0004599934953707181
2.1428571428571423,-1.8979591836734695,0.0002762827396500373
2.2653061224489797,-1.8979591836734695,0.0001610394984155232
2.387755102040816,-1.8979591836734695,9.109355613148116e-05
2.5102040816326525,-1.8979591836734695,5.0005698234696014e-05
2.63265306122449,-1.8979591836734695,2.6639613952619027e-05
2.7551020408163263,-1.8979591836734695,1.3772505362995886e-05
2.8775510204081627,-1.8979591836734695,6.909944597515523e-06
3.0,-1.8979591836734695,3.364439881725193e-06
-3.0,-1.7755102040816326,5.275503226318811e-06
-2.877551020408163,-1.7755102040816326,1.083491942176865e-05
-2.7551020408163267,-1.7755102040816326,2.1595540128873196e-05
-2.63265306122449,-1.7755102040816326,4.1771401569186476e-05
-2.510204081632653,-1.7755102040816326,7.840984878475243e-05
-2.387755102040816,-1.7755102040816326,0.00014283636092854253
-2.2653061224489797,-1.7755102040816326,0.00025251287682995314
-2.142857142857143,-1.7755102040816326,0.00043321638538317
-2.020408163265306,-1.7755102040816326,0.0007212782080295476
-1.8979591836734695,-1.7755102040816326,0.0011654062413943044
-1.7755102040816326,-1.7755102040816326,0.0018273782866035791
-1.653061224489796,-1.7755102040816326,0.002780713035130938
-1.5306122448979593,-1.7755102040816326,0.004106392681123026
-1.4081632653061225,-1.7755102040816326,0.005884930979443374
-1.2857142857142858,-1.7755102040816326,0.008184626435886121
-1.163265306122449,-1.7755102040816326,0.011046709731359563
-1.0408163265306123,-1.7755102040816326,0.01446916985051182
-0.9183673469387754,-1.7755102040816326,0.018392081344315473
-0.795918367346939,-1.7755102040816326,0.02268792277821556
-0.6734693877551021,-1.7755102040816326,0.027160338829914595
-0.5510204081632653,-1.7755102040816326,0.03155384034146987
-0.4285714285714288,-1.7755102040816326,0.035575077582772646
-0.30612244897959195,-1.7755102040816326,0.038923875967125134
-0.18367346938775508,-1.7755102040816326,0.04132976120849601
-0.06122448979591866,-1.7755102040816326,0.042587907694059915
0.06122448979591821,-1.7755102040816326,0.042587907694059915
0.18367346938775508,-1.7755102040816326,0.04132976120849601
0.30612244897959195,-1.7755102040816326,0.038923875967125134
0.4285714285714284,-1.7755102040816326,0.035575077582772646
0.5510204081632653,-1.7755102040816326,0.03155384034146987
0.6734693877551021,-1.7755102040816326,0.027160338829914595
0.7959183673469385,-1.7755102040816326,0.02268792277821558
0.9183673469387754,-1.7755102040816326,0.018392081344315473
1.0408163265306118,-1.7755102040816326,0.014469169850511833
1.1632653061224492,-1.7755102040816326,0.011046709731359553
1.2857142857142856,-1.7755102040816326,0.008184626435886128
1.408163265306122,-1.7755102040816326,0.005884930979443384
1.5306122448979593,-1.7755102040816326,0.004106392681123026
1.6530612244897958,-1.7755102040816326,0.002780713035130938
1.7755102040816322,-1.7755102040816326,0.0018273782866035824
1.8979591836734695,-1.7755102040816326,0.0011654062413943044
2.020408163265306,-1.7755102040816326,0.0007212782080295476
2.1428571428571423,-1.7755102040816326,0.0004332163853831708
2.2653061224489797,-1.7755102040816326,0.00025251287682995314
2.387755102040816,-1.7755102040816326,0.00014283636092854253
2.5102040816326525,-1.7755102040816326,7.840984878475272e-05
2.63265306122449,-1.7755102040816326,4.1771401569186476e-05
2.7551020408163263,-1.7755102040816326,2.1595540128873233e-05
2.8775510204081627,-1.7755102040816326,1.0834919421768669e-05
3.0,-1.7755102040816326,5.275503226318811e-06
-3.0,-1.653061224489796,8.02770871025589e-06
-2.877551020408163,-1.653061224489796,1.648744646446673e-05
-2.7551020408163267,-1.653061224489796,3.286183292057358e-05
-2.63265306122449,-1.653061224489796,6.356334738715398e-05
-2.510204081632653,-1.653061224489796,0.00011931590202029478
-2.387755102040816,-1.653061224489796,0.00021735342574464388
-2.2653061224489797,-1.653061224489796,0.0003842476696188227
-2.142857142857143,-1.653061224489796,0.000659223357691465
-2.020408163265306,-1.653061224489796,0.0010975656927342844
-1.8979591836734695,-1.653061224489796,0.0017733932543826404
-1.7755102040816326,-1.653061224489796,0.002780713035130938
-1.653061224489796,-1.653061224489796,0.004231398085679738
-1.5306122448979593,-1.653061224489796,0.006248678634016289
-1.4081632653061225,-1.653061224489796,0.008955072086250548
-1.2857142857142858,-1.653061224489796,0.01245450796082652
-1.163265306122449,-1.653061224489796,0.01680972679301788
-1.0408163265306123,-1.653061224489796,0.022017668430121838
-0.9183673469387754,-1.653061224489796,0.027987144595212798
-0.795918367346939,-1.653061224489796,0.03452410651474167
-0.6734693877551021,-1.653061224489796,0.04132976120849597
-0.5510204081632653,-1.653061224489796,0.04801533201373753
-0.4285714285714288,-1.653061224489796,0.05413443001124498
-0.30612244897959195,-1.653061224489796,0.059230280929284555
-0.18367346938775508,-1.653061224489796,0.06289130530543795
-0.06122448979591866,-1.653061224489796,0.06480582095781239
0.06122448979591821,-1.653061224489796,0.06480582095781239
0.18367346938775508,-1.653061224489796,0.06289130530543795
0.30612244897959195,-1.653061224489796,0.059230280929284555
0.4285714285714284,-1.653061224489796,0.05413443001124501
0.5510204081632653,-1.653061224489796,0.04801533201373753
0.6734693877551021,-1.653061224489796,0.04132976120849597
0.7959183673469385,-1.653061224489796,0.034524106514741706
0.9183673469387754,-1.653061224489796,0.027987144595212798
1.0408163265306118,-1.653061224489796,0.02201766843012186
1.1632653061224492,-1.653061224489796,0.016809726793017864
1.2857142857142856,-1.653061224489796,0.012454507960826533
1.408163265306122,-1.653061224489796,0.008955072086250557
1.5306122448979593,-1.653061224489796,0.006248678634016289
1.6530612244897958,-1.653061224489796,0.004231398085679743
1.7755102040816322,-1.653061224489796,0.0027807130351309405
1.8979591836734695,-1.653061224489796,0.0017733932543826404
2.020408163265306,-1.653061224489796,0.0010975656927342844
2.1428571428571423,-1.653061224489796,0.0006592233576914661
2.2653061224489797,-1.653061224489796,0.0003842476696188227
2.387755102040816,-1.653061224489796,0.00021735342574464388
2.5102040816326525,-1.653061224489796,0.000119315902020295
2.63265306122449,-1.653061224489796,6.356334738715398e-05
2.7551020408163263,-1.653061224489796,3.2861832920573695e-05
2.8775510204081627,-1.653061224489796,1.648744646446676e-05
3.0,-1.653061224489796,8.02770871025589e-06
-3.0,-1.5306122448979593,1.1854845817425422e-05
-2.877551020408163,-1.5306122448979593,2.4347686595753257e-05
-2.7551020408163267,-1.5306122448979593,4.852841285256071e-05
-2.63265306122449,-1.5306122448979593,9.386659507855304e-05
-2.510204081632653,-1.5306122448979593,0.00017619867300498323
-2.387755102040816,-1.5306122448979593,0.0003209746944106352
-2.2653061224489797,-1.5306122448979593,0.0005674342509733358
-2.142857142857143,-1.5306122448979593,0.0009735020971418271
-2.020408163265306,-1.5306122448979593,0.0016208201532322314
-1.8979591836734695,-1.5306122448979593,0.0026188423575347177
-1.7755102040816326,-1.5306122448979593,0.004106392681123026
-1.653061224489796,-1.5306122448979593,0.006248678634016289
-1.5306122448979593,-1.5306122448979593,0.009227679334486266
-1.4081632653061225,-1.5306122448979593,0.013224321247581316
-1.2857142857142858,-1.5306122448979593,0.01839208134431546
-1.163265306122449,-1.5306122448979593,0.024823611139463003
-1.0408163265306123,-1.5306122448979593,0.03251439158035541
-0.9183673469387754,-1.5306122448979593,0.04132976120849599
-0.795918367346939,-1.5306122448979593,0.0509831602626236
-0.6734693877551021,-1.5306122448979593,0.06103334892704554
-0.5510204081632653,-1.5306122448979593,0.07090620480139541
-0.4285714285714288,-1.5306122448979593,0.07994252710958928
-0.30612244897959195,-1.5306122448979593,0.08746777860068622
-0.18367346938775508,-1.5306122448979593,0.09287416304730761
-0.06122448979591866,-1.5306122448979593,0.09570140662242024
0.06122448979591821,-1.5306122448979593,0.09570140662242024
0.18367346938775508,-1.5306122448979593,0.09287416304730761
0.30612244897959195,-1.5306122448979593,0.08746777860068622
0.4285714285714284,-1.5306122448979593,0.07994252710958931
0.5510204081632653,-1.5306122448979593,0.07090620480139541
0.6734693877551021,-1.5306122448979593,0.06103334892704554
0.7959183673469385,-1.5306122448979593,0.05098316026262365
0.9183673469387754,-1.5306122448979593,0.04132976120849599
1.0408163265306118,-1.5306122448979593,0.03251439158035544
1.1632653061224492,-1.5306122448979593,0.02482361113946299
1.2857142857142856,-1.5306122448979593,0.018392081344315473
1.408163265306122,-1.5306122448979593,0.013224321247581328
1.5306122448979593,-1.5306122448979593,0.009227679334486266
1.6530612244897958,-1.5306122448979593,0.006248678634016294
1.7755102040816322,-1.5306122448979593,0.004106392681123033
1.8979591836734695,-1.5306122448979593,0.0026188423575347177
2.020408163265306,-1.5306122448979593,0.0016208201532322314
2.1428571428571423,-1.5306122448979593,0.0009735020971418289
2.2653061224489797,-1.5306122448979593,0.0005674342509733358
2.387755102040816,-1.5306122448979593,0.0003209746944106352
2.5102040816326525,-1.5306122448979593,0.00017619867300498385
2.63265306122449,-1.5306122448979593,9.386659507855304e-05
2.7551020408163263,-1.5306122448979593,4.852841285256079e-05
2.8775510204081627,-1.5306122448979593,2.4347686595753297e-05
3.0,-1.5306122448979593,1.1854845817425422e-05
-3.0,-1.4081632653061225,1.6989351682852734e-05
-2.877551020408163,-1.4081632653061225,3.489302320837491e-05
-2.7551020408163267,-1.4081632653061225,6.954677313060801e-05
-2.63265306122449,-1.4081632653061225,0.00013452158042556514
-2.510204081632653,-1.4081632653061225,0.00025251287682995314
-2.387755102040816,-1.4081632653061225,0.00045999349537071847
-2.2653061224489797,-1.4081632653061225,0.0008131982646718004
-2.142857142857143,-1.4081632653061225,0.0013951399914477363
-2.020408163265306,-1.4081632653061225,0.002322820897209939
-1.8979591836734695,-1.4081632653061225,0.0037531010102813036
-1.7755102040816326,-1.4081632653061225,0.005884930979443374
-1.653061224489796,-1.4081632653061225,0.008955072086250548
-1.5306122448979593,-1.4081632653061225,0.013224321247581316
-1.4081632653061225,-1.4081632653061225,0.018951966807694325
-1.2857142857142858,-1.4081632653061225,0.026357958842358906
-1.163265306122449,-1.4081632653061225,0.035575077582772646
-1.0408163265306123,-1.4081632653061225,0.04659684670893598
-0.9183673469387754,-1.4081632653061225,0.05923028092928458
-0.795918367346939,-1.4081632653061225,0.07306470728887683
-0.6734693877551021,-1.4081632653061225,0.08746777860068625
-0.5510204081632653,-1.4081632653061225,0.10161671171602861
-0.4285714285714288,-1.4081632653061225,0.11456679643057228
-0.30612244897959195,-1.4081632653061225,0.12535134361517014
-0.18367346938775508,-1.4081632653061225,0.1330993116706757
-0.06122448979591866,-1.4081632653061225,0.13715107549202132
0.06122448979591821,-1.4081632653061225,0.13715107549202135
0.18367346938775508,-1.4081632653061225,0.1330993116706757
0.30612244897959195,-1.4081632653061225,0.12535134361517014
0.4285714285714284,-1.4081632653061225,0.11456679643057234
0.5510204081632653,-1.4081632653061225,0.10161671171602861
0.6734693877551021,-1.4081632653061225,0.08746777860068625
0.7959183673469385,-1.4081632653061225,0.07306470728887689
0.9183673469387754,-1.4081632653061225,0.05923028092928458
1.0408163265306118,-1.4081632653061225,0.04659684670893602
1.1632653061224492,-1.4081632653061225,0.03557507758277262
1.2857142857142856,-1.4081632653061225,0.02635795884235892
1.408163265306122,-1.4081632653061225,0.01895196680769435
1.5306122448979593,-1.4081632653061225,0.013224321247581316
1.6530612244897958,-1.4081632653061225,0.008955072086250557
1.7755102040816322,-1.4081632653061225,0.005884930979443384
1.8979591836734695,-1.4081632653061225,0.0037531010102813036
2.020408163265306,-1.4081632653061225,0.002322820897209939
2.1428571428571423,-1.4081632653061225,0.001395139991447739
2.2653061224489797,-1.4081632653061225,0.0008131982646718004
2.387755102040816,-1.4081632653061225,0.00045999349537071847
2.5102040816326525,-1.4081632653061225,0.00025251287682995357
2.63265306122449,-1.4081632653061225,0.00013452158042556514
2.7551020408163263,-1.4081632653061225,6.954677313060825e-05
2.8775510204081627,-1.4081632653061225,3.489302320837497e-05
3.0,-1.4081632653061225,1.6989351682852734e-05
-3.0,-1.2857142857142858,2.36283989392166e-05
-2.877551020408163,-1.2857142857142858,4.852841285256079e-05
-2.7551020408163267,-1.2857142857142858,9.672404993086061e-05
-2.63265306122449,-1.2857142857142858,0.00018708951510122915
-2.510204081632653,-1.2857142857142858,0.00035118909199162256
-2.387755102040816,-1.2857142857142858,0.0006397483565564168
-2.2653061224489797,-1.2857142857142858,0.0011309774129719826
-2.142857142857143,-1.2857142857142858,0.0019403285604625948
-2.020408163265306,-1.2857142857142858,0.003230525793342674
-1.8979591836734695,-1.2857142857142858,0.005219726425441391
-1.7755102040816326,-1.2857142857142858,0.008184626435886121
-1.653061224489796,-1.2857142857142858,0.01245450796082652
-1.5306122448979593,-1.2857142857142858,0.01839208134431546
-1.4081632653061225,-1.2857142857142858,0.026357958842358906
-1.2857142857142858,-1.2857142857142858,0.036658041953378
-1.163265306122449,-1.2857142857142858,0.049476998364082925
-1.0408163265306123,-1.2857142857142858,0.06480582095781239
-0.9183673469387754,-1.2857142857142858,0.08237611023683358
-0.795918367346939,-1.2857142857142858,0.10161671171602851
-0.6734693877551021,-1.2857142857142858,0.12164817149497369
-0.5510204081632653,-1.2857142857142858,0.1413261817248182
-0.4285714285714288,-1.2857142857142858,0.15933686121653323
-0.30612244897959195,-1.2857142857142858,0.1743357609987818
-0.18367346938775508,-1.2857142857142858,0.18511145648153324
-0.06122448979591866,-1.2857142857142858,0.19074655626434986
0.06122448979591821,-1.2857142857142858,0.19074655626434991
0.18367346938775508,-1.2857142857142858,0.18511145648153324
0.30612244897959195,-1.2857142857142858,0.1743357609987818
0.4285714285714284,-1.2857142857142858,0.15933686121653332
0.5510204081632653,-1.2857142857142858,0.1413261817248182
0.6734693877551021,-1.2857142857142858,0.12164817149497369
0.7959183673469385,-1.2857142857142858,0.10161671171602861
0.9183673469387754,-1.2857142857142858,0.08237611023683358
1.0408163265306118,-1.2857142857142858,0.06480582095781244
1.1632653061224492,-1.2857142857142858,0.049476998364082904
1.2857142857142856,-1.2857142857142858,0.036658041953378025
1.408163265306122,-1.2857142857142858,0.02635795884235893
1.5306122448979593,-1.2857142857142858,0.01839208134431546
1.6530612244897958,-1.2857142857142858,0.012454507960826533
1.7755102040816322,-1.2857142857142858,0.008184626435886135
1.8979591836734695,-1.2857142857142858,0.005219726425441391
2.020408163265306,-1.2857142857142858,0.003230525793342674
2.1428571428571423,-1.2857142857142858,0.0019403285604625983
2.2653061224489797,-1.2857142857142858,0.0011309774129719826
2.387755102040816,-1.2857142857142858,0.0006397483565564168
2.5102040816326525,-1.2857142857142858,0.0003511890919916238
2.63265306122449,-1.2857142857142858,0.00018708951510122915
2.7551020408163263,-1.2857142857142858,9.672404993086079e-05
2.8775510204081627,-1.2857142857142858,4.852841285256088e-05
3.0,-1.2857142857142858,2.36283989392166e-05
-3.0,-1.163265306122449,3.189101745118691e-05
-2.877551020408163,-1.163265306122449,6.549832111522369e-05
-2.7551020408163267,-1.163265306122449,0.00013054749804375935
-2.63265306122449,-1.163265306122449,0.00025251287682995265
-2.510204081632653,-1.163265306122449,0.00047399646036883146
-2.387755102040816,-1.163265306122449,0.000863462059185347
-2.2653061224489797,-1.163265306122449,0.00152646908098901
-2.142857142857143,-1.163265306122449,0.00261884235753472
-2.020408163265306,-1.163265306122449,0.004360208862099754
-1.8979591836734695,-1.163265306122449,0.007045013373626905
-1.7755102040816326,-1.163265306122449,0.011046709731359563
-1.653061224489796,-1.163265306122449,0.01680972679301788
-1.5306122448979593,-1.163265306122449,0.024823611139463003
-1.4081632653061225,-1.163265306122449,0.035575077582772646
-1.2857142857142858,-1.163265306122449,0.049476998364082925
-1.163265306122449,-1.163265306122449,0.06677861764228482
-1.0408163265306123,-1.163265306122449,0.08746777860068625
-0.9183673469387754,-1.163265306122449,0.11118222507931187
-0.795918367346939,-1.163265306122449,0.1371510754920213
-0.6734693877551021,-1.163265306122449,0.16418733956672416
-0.5510204081632653,-1.163265306122449,0.19074655626434994
-0.4285714285714288,-1.163265306122449,0.2150553930778637
-0.30612244897959195,-1.163265306122449,0.23529926046535718
-0.18367346938775508,-1.163265306122449,0.24984311058288422
-0.06122448979591866,-1.163265306122449,0.25744874928804073
0.06122448979591821,-1.163265306122449,0.2574487492880408
0.18367346938775508,-1.163265306122449,0.24984311058288422
0.30612244897959195,-1.163265306122449,0.23529926046535718
0.4285714285714284,-1.163265306122449,0.2150553930778638
0.5510204081632653,-1.163265306122449,0.19074655626434994
0.6734693877551021,-1.163265306122449,0.16418733956672416
0.7959183673469385,-1.163265306122449,0.1371510754920214
0.9183673469387754,-1.163265306122449,0.11118222507931187
1.0408163265306118,-1.163265306122449,0.08746777860068633
1.1632653061224492,-1.163265306122449,0.06677861764228478
1.2857142857142856,-1.163265306122449,0.04947699836408297
1.408163265306122,-1.163265306122449,0.03557507758277268
1.5306122448979593,-1.163265306122449,0.024823611139463003
1.6530612244897958,-1.163265306122449,0.016809726793017895
1.7755102040816322,-1.163265306122449,0.011046709731359574
1.8979591836734695,-1.163265306122449,0.007045013373626905
2.020408163265306,-1.163265306122449,0.004360208862099754
2.1428571428571423,-1.163265306122449,0.0026188423575347246
2.2653061224489797,-1.163265306122449,0.00152646908098901
2.387755102040816,-1.163265306122449,0.000863462059185347
2.5102040816326525,-1.163265306122449,0.00047399646036883227
2.63265306122449,-1.163265306122449,0.00025251287682995265
2.7551020408163263,-1.163265306122449,0.0001305474980437598
2.8775510204081627,-1.163265306122449,6.54983211152238e-05
3.0,-1.163265306122449,3.189101745118691e-05
-3.0,-1.0408163265306123,4.1771401569186476e-05
-2.877551020408163,-1.0408163265306123,8.579082425323194e-05
-2.7551020408163267,-1.0408163265306123,0.00017099335174818964
-2.63265306122449,-1.0408163265306123,0.00033074569651467516
-2.510204081632653,-1.0408163265306123,0.0006208486925431265
-2.387755102040816,-1.0408163265306123,0.0011309774129719837
-2.2653061224489797,-1.0408163265306123,0.0019993953802990333
-2.142857142857143,-1.0408163265306123,0.0034302046314582686
-2.020408163265306,-1.0408163265306123,0.00571107634251775
-1.8979591836734695,-1.0408163265306123,0.009227679334486275
-1.7755102040816326,-1.0408163265306123,0.01446916985051182
-1.653061224489796,-1.0408163265306123,0.022017668430121838
-1.5306122448979593,-1.0408163265306123,0.03251439158035541
-1.4081632653061225,-1.0408163265306123,0.04659684670893598
-1.2857142857142858,-1.0408163265306123,0.06480582095781239
-1.163265306122449,-1.0408163265306123,0.08746777860068625
-1.0408163265306123,-1.0408163265306123,0.11456679643057228
-0.9183673469387754,-1.0408163265306123,0.14562838511666115
-0.795918367346939,-1.0408163265306123,0.17964283073727422
-0.6734693877551021,-1.0408163265306123,0.21505539307786367
-0.5510204081632653,-1.0408163265306123,0.24984311058288416
-0.4285714285714288,-1.0408163265306123,0.28168324192304356
-0.30612244897959195,-1.0408163265306123,0.3081990065972395
-0.18367346938775508,-1.0408163265306123,0.3272487908993917
-0.06122448979591866,-1.0408163265306123,0.33721078690750006
0.06122448979591821,-1.0408163265306123,0.33721078690750017
0.18367346938775508,-1.0408163265306123,0.3272487908993917
0.30612244897959195,-1.0408163265306123,0.3081990065972395
0.4285714285714284,-1.0408163265306123,0.28168324192304367
0.5510204081632653,-1.0408163265306123,0.24984311058288416
0.6734693877551021,-1.0408163265306123,0.21505539307786367
0.7959183673469385,-1.0408163265306123,0.17964283073727438
0.9183673469387754,-1.0408163265306123,0.14562838511666115
1.0408163265306118,-1.0408163265306123,0.1145667964305724
1.1632653061224492,-1.0408163265306123,0.08746777860068622
1.2857142857142856,-1.0408163265306123,0.06480582095781241
1.408163265306122,-1.0408163265306123,0.04659684670893606
1.5306122448979593,-1.0408163265306123,0.03251439158035541
1.6530612244897958,-1.0408163265306123,0.02201766843012186
1.7755102040816322,-1.0408163265306123,0.014469169850511833
1.8979591836734695,-1.0408163265306123,0.009227679334486275
2.020408163265306,-1.0408163265306123,0.00571107634251775
2.1428571428571423,-1.0408163265306123,0.0034302046314582746
2.2653061224489797,-1.0408163265306123,0.0019993953802990333
2.387755102040816,-1.0408163265306123,0.0011309774129719837
2.5102040816326525,-1.0408163265306123,0.0006208486925431281
2.63265306122449,-1.0408163265306123,0.00033074569651467516
2.7551020408163263,-1.0408163265306123,0.00017099335174819023
2.8775510204081627,-1.0408163265306123,8.579082425323225e-05
3.0,-1.0408163265306123,4.1771401569186476e-05
-3.0,-0.9183673469387754,5.3096551043622456e-05
-2.877551020408163,-0.9183673469387754,0.00010905061137322277
-2.7551020408163267,-0.9183673469387754,0.00021735342574464347
-2.63265306122449,-0.9183673469387754,0.0004204181592605333
-2.510204081632653,-0.9183673469387754,0.0007891744843510269
-2.387755102040816,-0.9183673469387754,0.0014376103669298207
-2.2653061224489797,-0.9183673469387754,0.002541475623952788
-2.142857142857143,-0.9183673469387754,0.00436020886209975
-2.020408163265306,-0.9183673469387754,0.0072594752664035265
-1.8979591836734695,-0.9183673469387754,0.01172950699263006
-1.7755102040816326,-0.9183673469387754,0.018392081344315473
-1.653061224489796,-0.9183673469387754,0.027987144595212798
-1.5306122448979593,-0.9183673469387754,0.04132976120849599
-1.4081632653061225,-0.9183673469387754,0.05923028092928458
-1.2857142857142858,-0.9183673469387754,0.08237611023683358
-1.163265306122449,-0.9183673469387754,0.11118222507931187
-1.0408163265306123,-0.9183673469387754,0.14562838511666115
-0.9183673469387754,-0.9183673469387754,0.18511145648153335
-0.795918367346939,-0.9183673469387754,0.22834796950885003
-0.6734693877551021,-0.9183673469387754,0.2733616595759222
-0.5510204081632653,-0.9183673469387754,0.3175810955729896
-0.4285714285714288,-0.9183673469387754,0.35805378969933466
-0.30612244897959195,-0.9183673469387754,0.39175856376951307
-0.18367346938775508,-0.9183673469387754,0.41597316530482187
-0.06122448979591866,-0.9183673469387754,0.4286360784384593
0.06122448979591821,-0.9183673469387754,0.4286360784384593
0.18367346938775508,-0.9183673469387754,0.41597316530482187
0.30612244897959195,-0.9183673469387754,0.39175856376951307
0.4285714285714284,-0.9183673469387754,0.3580537896993348
0.5510204081632653,-0.9183673469387754,0.3175810955729896
0.6734693877551021,-0.9183673469387754,0.2733616595759222
0.7959183673469385,-0.9183673469387754,0.22834796950885017
0.9183673469387754,-0.9183673469387754,0.18511145648153335
1.0408163265306118,-0.9183673469387754,0.14562838511666126
1.1632653061224492,-0.9183673469387754,0.11118222507931178
1.2857142857142856,-0.9183673469387754,0.08237611023683361
1.408163265306122,-0.9183673469387754,0.05923028092928466
1.5306122448979593,-0.9183673469387754,0.04132976120849599
1.6530612244897958,-0.9183673469387754,0.027987144595212822
1.7755102040816322,-0.9183673469387754,0.018392081344315508
1.8979591836734695,-0.9183673469387754,0.01172950699263006
2.020408163265306,-0.9183673469387754,0.0072594752664035265
2.1428571428571423,-0.9183673469387754,0.004360208862099758
2.2653061224489797,-0.9183673469387754,0.002541475623952788
2.387755102040816,-0.9183673469387754,0.0014376103669298207
2.5102040816326525,-0.9183673469387754,0.0007891744843510289
2.63265306122449,-0.9183673469387754,0.0004204181592605333
2.7551020408163263,-0.9183673469387754,0.00021735342574464388
2.8775510204081627,-0.9183673469387754,0.00010905061137322296
3.0,-0.9183673469387754,5.3096551043622456e-05
-3.0,-0.795918367346939,6.549832111522357e-05
-2.877551020408163,-0.795918367346939,0.00013452158042556538
-2.7551020408163267,-0.795918367346939,0.00026812070078187285
-2.63265306122449,-0.795918367346939,0.0005186152971648636
-2.510204081632653,-0.795918367346939,0.0009735020971418271
-2.387755102040816,-0.795918367346939,0.0017733932543826435
-2.2653061224489797,-0.795918367346939,0.0031350884992023794
-2.142857142857143,-0.795918367346939,0.005378623555880762
-2.020408163265306,-0.795918367346939,0.008955072086250557
-1.8979591836734695,-0.795918367346939,0.014469169850511807
-1.7755102040816326,-0.795918367346939,0.02268792277821556
-1.653061224489796,-0.795918367346939,0.03452410651474167
-1.5306122448979593,-0.795918367346939,0.0509831602626236
-1.4081632653061225,-0.795918367346939,0.07306470728887683
-1.2857142857142858,-0.795918367346939,0.10161671171602851
-1.163265306122449,-0.795918367346939,0.1371510754920213
-1.0408163265306123,-0.795918367346939,0.17964283073727422
-0.9183673469387754,-0.795918367346939,0.22834796950885003
-0.795918367346939,-0.795918367346939,0.28168324192304345
-0.6734693877551021,-0.795918367346939,0.3372107869075
-0.5510204081632653,-0.795918367346939,0.3917585637695129
-0.4285714285714288,-0.795918367346939,0.44168447165207353
-0.30612244897959195,-0.795918367346939,0.4832616752891027
-0.18367346938775508,-0.795918367346939,0.5131320852472527
-0.06122448979591866,-0.795918367346939,0.5287526770630894
0.06122448979591821,-0.795918367346939,0.5287526770630894
0.18367346938775508,-0.795918367346939,0.5131320852472527
0.30612244897959195,-0.795918367346939,0.4832616752891027
0.4285714285714284,-0.795918367346939,0.44168447165207364
0.5510204081632653,-0.795918367346939,0.3917585637695129
0.6734693877551021,-0.795918367346939,0.3372107869075
0.7959183673469385,-0.795918367346939,0.2816832419230436
0.9183673469387754,-0.795918367346939,0.22834796950885003
1.0408163265306118,-0.795918367346939,0.17964283073727438
1.1632653061224492,-0.795918367346939,0.13715107549202124
1.2857142857142856,-0.795918367346939,0.10161671171602861
1.408163265306122,-0.795918367346939,0.07306470728887693
1.5306122448979593,-0.795918367346939,0.0509831602626236
1.6530612244897958,-0.795918367346939,0.034524106514741706
1.7755102040816322,-0.795918367346939,0.022687922778215592
1.8979591836734695,-0.795918367346939,0.014469169850511807
2.020408163265306,-0.795918367346939,0.008955072086250557
2.1428571428571423,-0.795918367346939,0.005378623555880772
2.2653061224489797,-0.795918367346939,0.0031350884992023794
2.387755102040816,-0.795918367346939,0.0017733932543826435
2.5102040816326525,-0.795918367346939,0.0009735020971418297
2.63265306122449,-0.795918367346939,0.0005186152971648636
2.7551020408163263,-0.795918367346939,0.0002681207007818738
2.8775510204081627,-0.795918367346939,0.00013452158042556562
3.0,-0.795918367346939,6.549832111522357e-05
-3.0,-0.6734693877551021,7.840984878475243e-05
-2.877551020408163,-0.6734693877551021,0.00016103949841552348
-2.7551020408163267,-0.6734693877551021,0.00032097469441063465
-2.63265306122449,-0.6734693877551021,0.0006208486925431259
-2.510204081632653,-0.6734693877551021,0.0011654062413943055
-2.387755102040816,-0.6734693877551021,0.0021229780327869144
-2.2653061224489797,-0.6734693877551021,0.0037531010102813036
-2.142857142857143,-0.6734693877551021,0.006438898776425196
-2.020408163265306,-0.6734693877551021,0.010720364067106764
-1.8979591836734695,-0.6734693877551021,0.017321442759176856
-1.7755102040816326,-0.6734693877551021,0.027160338829914595
-1.653061224489796,-0.6734693877551021,0.04132976120849597
-1.5306122448979593,-0.6734693877551021,0.06103334892704554
-1.4081632653061225,-0.6734693877551021,0.08746777860068625
-1.2857142857142858,-0.6734693877551021,0.12164817149497369
-1.163265306122449,-0.6734693877551021,0.16418733956672416
-1.0408163265306123,-0.6734693877551021,0.21505539307786367
-0.9183673469387754,-0.6734693877551021,0.2733616595759222
-0.795918367346939,-0.6734693877551021,0.3372107869075
-0.6734693877551021,-0.6734693877551021,0.4036843442672445
-0.5510204081632653,-0.6734693877551021,0.46898499415368466
-0.4285714285714288,-0.6734693877551021,0.5287526770630895
-0.30612244897959195,-0.6734693877551021,0.5785258955908936
-0.18367346938775508,-0.6734693877551021,0.6142845881509191
-0.06122448979591866,-0.6734693877551021,0.6329844299385191
0.06122448979591821,-0.6734693877551021,0.6329844299385191
0.18367346938775508,-0.6734693877551021,0.6142845881509191
0.30612244897959195,-0.6734693877551021,0.5785258955908936
0.4285714285714284,-0.6734693877551021,0.5287526770630896
0.5510204081632653,-0.6734693877551021,0.46898499415368466
0.6734693877551021,-0.6734693877551021,0.4036843442672445
0.7959183673469385,-0.6734693877551021,0.3372107869075002
0.9183673469387754,-0.6734693877551021,0.2733616595759222
1.0408163265306118,-0.6734693877551021,0.21505539307786387
1.1632653061224492,-0.6734693877551021,0.16418733956672407
1.2857142857142856,-0.6734693877551021,0.1216481714949738
1.408163265306122,-0.6734693877551021,0.08746777860068637
1.5306122448979593,-0.6734693877551021,0.06103334892704554
1.6530612244897958,-0.6734693877551021,0.04132976120849601
1.7755102040816322,-0.6734693877551021,0.02716033882991463
1.8979591836734695,-0.6734693877551021,0.017321442759176856
2.020408163265306,-0.6734693877551021,0.010720364067106764
2.1428571428571423,-0.6734693877551021,0.006438898776425207
2.2653061224489797,-0.6734693877551021,0.0037531010102813036
2.387755102040816,-0.6734693877551021,0.0021229780327869144
2.5102040816326525,-0.6734693877551021,0.0011654062413943085
2.63265306122449,-0.6734693877551021,0.0006208486925431259
2.7551020408163263,-0.6734693877551021,0.0003209746944106358
2.8775510204081627,-0.6734693877551021,0.00016103949841552378
3.0,-0.6734693877551021,7.840984878475243e-05
-3.0,-0.5510204081632653,9.109355613148116e-05
-2.877551020408163,-0.5510204081632653,0.0001870895151012295
-2.7551020408163267,-0.5510204081632653,0.0003728960939887177
-2.63265306122449,-0.5510204081632653,0.0007212782080295469
-2.510204081632653,-0.5510204081632653,0.0013539242902745503
-2.387755102040816,-0.5510204081632653,0.0024663944847854746
-2.2653061224489797,-0.5510204081632653,0.00436020886209975
-2.142857142857143,-0.5510204081632653,0.007480465734927847
-2.020408163265306,-0.5510204081632653,0.012454507960826543
-1.8979591836734695,-0.5510204081632653,0.020123388103869773
-1.7755102040816326,-0.5510204081632653,0.03155384034146987
-1.653061224489796,-0.5510204081632653,0.04801533201373753
-1.5306122448979593,-0.5510204081632653,0.07090620480139541
-1.4081632653061225,-0.5510204081632653,0.10161671171602861
-1.2857142857142858,-0.5510204081632653,0.1413261817248182
-1.163265306122449,-0.5510204081632653,0.19074655626434994
-1.0408163265306123,-0.5510204081632653,0.24984311058288416
-0.9183673469387754,-0.5510204081632653,0.3175810955729896
-0.795918367346939,-0.5510204081632653,0.3917585637695129
-0.6734693877551021,-0.5510204081632653,0.46898499415368466
-0.5510204081632653,-0.5510204081632653,0.5448487856039416
-0.4285714285714288,-0.5510204081632653,0.6142845881509191
-0.30612244897959195,-0.5510204081632653,0.672109205161132
-0.18367346938775508,-0.5510204081632653,0.7136522832105121
-0.06122448979591866,-0.5510204081632653,0.7353770424586106
0.06122448979591821,-0.5510204081632653,0.7353770424586106
0.18367346938775508,-0.5510204081632653,0.7136522832105121
0.30612244897959195,-0.5510204081632653,0.672109205161132
0.4285714285714284,-0.5510204081632653,0.6142845881509194
0.5510204081632653,-0.5510204081632653,0.5448487856039416
0.6734693877551021,-0.5510204081632653,0.46898499415368466
0.7959183673469385,-0.5510204081632653,0.3917585637695132
0.9183673469387754,-0.5510204081632653,0.3175810955729896
1.0408163265306118,-0.5510204081632653,0.2498431105828844
1.1632653061224492,-0.5510204081632653,0.19074655626434986
1.2857142857142856,-0.5510204081632653,0.14132618172481834
1.408163265306122,-0.5510204081632653,0.10161671171602873
1.5306122448979593,-0.5510204081632653,0.07090620480139541
1.6530612244897958,-0.5510204081632653,0.048015332013737574
1.7755102040816322,-0.5510204081632653,0.031553840341469915
1.8979591836734695,-0.5510204081632653,0.020123388103869773
2.020408163265306,-0.5510204081632653,0.012454507960826543
2.1428571428571423,-0.5510204081632653,0.007480465734927861
2.2653061224489797,-0.5510204081632653,0.00436020886209975
2.387755102040816,-0.5510204081632653,0.0024663944847854746
2.5102040816326525,-0.5510204081632653,0.0013539242902745538
2.63265306122449,-0.5510204081632653,0.0007212782080295469
2.7551020408163263,-0.5510204081632653,0.0003728960939887187
2.8775510204081627,-0.5510204081632653,0.00018708951510122983
3.0,-0.5510204081632653,9.109355613148116e-05
-3.0,-0.4285714285714288,0.00010270256461965522
-2.877551020408163,-0.4285714285714288,0.00021093229675445274
-2.7551020408163267,-0.4285714285714288,0.0004204181592605329
-2.63265306122449,-0.4285714285714288,0.0008131982646718004
-2.510204081632653,-0.4285714285714288,0.0015264690809890112
-2.387755102040816,-0.4285714285714288,0.0027807130351309405
-2.2653061224489797,-0.4285714285714288,0.004915876066674226
-2.142857142857143,-0.4285714285714288,0.008433780040573467
-2.020408163265306,-0.4285714285714288,0.014041716702843156
-1.8979591836734695,-0.4285714285714288,0.02268792277821555
-1.7755102040816326,-0.4285714285714288,0.035575077582772646
-1.653061224489796,-0.4285714285714288,0.05413443001124498
-1.5306122448979593,-0.4285714285714288,0.07994252710958928
-1.4081632653061225,-0.4285714285714288,0.11456679643057228
-1.2857142857142858,-0.4285714285714288,0.15933686121653323
-1.163265306122449,-0.4285714285714288,0.2150553930778637
-1.0408163265306123,-0.4285714285714288,0.28168324192304356
-0.9183673469387754,-0.4285714285714288,0.35805378969933466
-0.795918367346939,-0.4285714285714288,0.44168447165207353
-0.6734693877551021,-0.4285714285714288,0.5287526770630895
-0.5510204081632653,-0.4285714285714288,0.6142845881509191
-0.4285714285714288,-0.4285714285714288,0.6925693242051975
-0.30612244897959195,-0.4285714285714288,0.7577631394134483
-0.18367346938775508,-0.4285714285714288,0.8046004881684756
-0.06122448979591866,-0.4285714285714288,0.8290938616328276
0.06122448979591821,-0.4285714285714288,0.8290938616328277
0.18367346938775508,-0.4285714285714288,0.8046004881684756
0.30612244897959195,-0.4285714285714288,0.7577631394134483
0.4285714285714284,-0.4285714285714288,0.6925693242051977
0.5510204081632653,-0.4285714285714288,0.6142845881509191
0.6734693877551021,-0.4285714285714288,0.5287526770630895
0.7959183673469385,-0.4285714285714288,0.44168447165207386
0.9183673469387754,-0.4285714285714288,0.35805378969933466
1.0408163265306118,-0.4285714285714288,0.2816832419230438
1.1632653061224492,-0.4285714285714288,0.21505539307786362
1.2857142857142856,-0.4285714285714288,0.15933686121653334
1.408163265306122,-0.4285714285714288,0.11456679643057244
1.5306122448979593,-0.4285714285714288,0.07994252710958928
1.6530612244897958,-0.4285714285714288,0.05413443001124503
1.7755102040816322,-0.4285714285714288,0.03557507758277268
1.8979591836734695,-0.4285714285714288,0.02268792277821555
2.020408163265306,-0.4285714285714288,0.014041716702843156
2.1428571428571423,-0.4285714285714288,0.008433780040573482
2.2653061224489797,-0.4285714285714288,0.004915876066674226
2.387755102040816,-0.4285714285714288,0.0027807130351309405
2.5102040816326525,-0.4285714285714288,0.0015264690809890153
2.63265306122449,-0.4285714285714288,0.0008131982646718004
2.7551020408163263,-0.4285714285714288,0.000420418159260534
2.8775510204081627,-0.4285714285714288,0.00021093229675445312
3.0,-0.4285714285714288,0.00010270256461965522
-3.0,-0.30612244897959195,0.00011237029286752595
-2.877551020408163,-0.30612244897959195,0.00023078804360238497
-2.7551020408163267,-0.30612244897959195,0.0004599934953707173
-2.63265306122449,-0.30612244897959195,0.0008897472765061385
-2.510204081632653,-0.30612244897959195,0.0016701606071785541
-2.387755102040816,-0.30612244897959195,0.0030424706461362285
-2.2653061224489797,-0.30612244897959195,0.005378623555880757
-2.142857142857143,-0.30612244897959195,0.009227679334486275
-2.020408163265306,-0.30612244897959195,0.015363509412883154
-1.8979591836734695,-0.30612244897959195,0.024823611139463003
-1.7755102040816326,-0.30612244897959195,0.038923875967125134
-1.653061224489796,-0.30612244897959195,0.059230280929284555
-1.5306122448979593,-0.30612244897959195,0.08746777860068622
-1.4081632653061225,-0.30612244897959195,0.12535134361517014
-1.2857142857142858,-0.30612244897959195,0.1743357609987818
-1.163265306122449,-0.30612244897959195,0.23529926046535718
-1.0408163265306123,-0.30612244897959195,0.3081990065972395
-0.9183673469387754,-0.30612244897959195,0.39175856376951307
-0.795918367346939,-0.30612244897959195,0.4832616752891027
-0.6734693877551021,-0.30612244897959195,0.5785258955908936
-0.5510204081632653,-0.30612244897959195,0.672109205161132
-0.4285714285714288,-0.30612244897959195,0.7577631394134483
-0.30612244897959195,-0.30612244897959195,0.8290938616328277
-0.18367346938775508,-0.30612244897959195,0.8803401631855897
-0.06122448979591866,-0.30612244897959195,0.9071391779881488
0.06122448979591821,-0.30612244897959195,0.9071391779881489
0.18367346938775508,-0.30612244897959195,0.8803401631855897
0.30612244897959195,-0.30612244897959195,0.8290938616328277
0.4285714285714284,-0.30612244897959195,0.7577631394134485
0.5510204081632653,-0.30612244897959195,0.672109205161132
0.6734693877551021,-0.30612244897959195,0.5785258955908936
0.7959183673469385,-0.30612244897959195,0.4832616752891031
0.9183673469387754,-0.30612244897959195,0.39175856376951307
1.0408163265306118,-0.30612244897959195,0.30819900659723976
1.1632653061224492,-0.30612244897959195,0.23529926046535707
1.2857142857142856,-0.30612244897959195,0.17433576099878192
1.408163265306122,-0.30612244897959195,0.1253513436151703
1.5306122448979593,-0.30612244897959195,0.08746777860068622
1.6530612244897958,-0.30612244897959195,0.059230280929284604
1.7755102040816322,-0.30612244897959195,0.03892387596712519
1.8979591836734695,-0.30612244897959195,0.024823611139463003
2.020408163265306,-0.30612244897959195,0.015363509412883154
2.1428571428571423,-0.30612244897959195,0.009227679334486292
2.2653061224489797,-0.30612244897959195,0.005378623555880757
2.387755102040816,-0.30612244897959195,0.0030424706461362285
2.5102040816326525,-0.30612244897959195,0.0016701606071785587
2.63265306122449,-0.30612244897959195,0.0008897472765061385
2.7551020408163263,-0.30612244897959195,0.00045999349537071847
2.8775510204081627,-0.30612244897959195,0.00023078804360238537
3.0,-0.30612244897959195,0.00011237029286752595
-3.0,-0.18367346938775508,0.00011931590202029478
-2.877551020408163,-0.18367346938775508,0.0002450530553513895
-2.7551020408163267,-0.18367346938775508,0.0004884256988484417
-2.63265306122449,-0.18367346938775508,0.0009447425663612395
-2.510204081632653,-0.18367346938775508,0.001773393254382642
-2.387755102040816,-0.18367346938775508,0.003230525793342677
-2.2653061224489797,-0.18367346938775508,0.005711076342517745
-2.142857142857143,-0.18367346938775508,0.009798042305062333
-2.020408163265306,-0.18367346938775508,0.016313128114354113
-1.8979591836734695,-0.18367346938775508,0.026357958842358906
-1.7755102040816326,-0.18367346938775508,0.04132976120849601
-1.653061224489796,-0.18367346938775508,0.06289130530543795
-1.5306122448979593,-0.18367346938775508,0.09287416304730761
-1.4081632653061225,-0.18367346938775508,0.1330993116706757
-1.2857142857142858,-0.18367346938775508,0.18511145648153324
-1.163265306122449,-0.18367346938775508,0.24984311058288422
-1.0408163265306123,-0.18367346938775508,0.3272487908993917
-0.9183673469387754,-0.18367346938775508,0.41597316530482187
-0.795918367346939,-0.18367346938775508,0.5131320852472527
-0.6734693877551021,-0.18367346938775508,0.6142845881509191
-0.5510204081632653,-0.18367346938775508,0.7136522832105121
-0.4285714285714288,-0.18367346938775508,0.8046004881684756
-0.30612244897959195,-0.18367346938775508,0.8803401631855897
-0.18367346938775508,-0.18367346938775508,0.9347539992532793
-0.06122448979591866,-0.18367346938775508,0.9632094614828935
0.06122448979591821,-0.18367346938775508,0.9632094614828935
0.18367346938775508,-0.18367346938775508,0.9347539992532793
0.30612244897959195,-0.18367346938775508,0.8803401631855897
0.4285714285714284,-0.18367346938775508,0.804600488168476
0.5510204081632653,-0.18367346938775508,0.7136522832105121
0.6734693877551021,-0.18367346938775508,0.6142845881509191
0.7959183673469385,-0.18367346938775508,0.5131320852472531
0.9183673469387754,-0.18367346938775508,0.41597316530482187
1.0408163265306118,-0.18367346938775508,0.32724879089939196
1.1632653061224492,-0.18367346938775508,0.2498431105828841
1.2857142857142856,-0.18367346938775508,0.18511145648153335
1.408163265306122,-0.18367346938775508,0.1330993116706759
1.5306122448979593,-0.18367346938775508,0.09287416304730761
1.6530612244897958,-0.18367346938775508,0.062891305305438
1.7755102040816322,-0.18367346938775508,0.04132976120849607
1.8979591836734695,-0.18367346938775508,0.026357958842358906
2.020408163265306,-0.18367346938775508,0.016313128114354113
2.1428571428571423,-0.18367346938775508,0.00979804230506235
2.2653061224489797,-0.18367346938775508,0.005711076342517745
2.387755102040816,-0.18367346938775508,0.003230525793342677
2.5102040816326525,-0.18367346938775508,0.0017733932543826467
2.63265306122449,-0.18367346938775508,0.0009447425663612395
2.7551020408163263,-0.18367346938775508,0.000488425698848443
2.8775510204081627,-0.18367346938775508,0.00024505305535138993
3.0,-0.18367346938775508,0.00011931590202029478
-3.0,-0.06122448979591866,0.00012294807598910688
-2.877551020408163,-0.06122448979591866,0.00025251287682995314
-2.7551020408163267,-0.06122448979591866,0.0005032941872813956
-2.63265306122449,-0.06122448979591866,0.0009735020971418263
-2.510204081632653,-0.06122448979591866,0.0018273782866035791
-2.387755102040816,-0.06122448979591866,0.0033288683570200637
-2.2653061224489797,-0.06122448979591866,0.005884930979443374
-2.142857142857143,-0.06122448979591866,0.010096310965007717
-2.020408163265306,-0.06122448979591866,0.016809726793017895
-1.8979591836734695,-0.06122448979591866,0.02716033882991458
-1.7755102040816326,-0.06122448979591866,0.042587907694059915
-1.653061224489796,-0.06122448979591866,0.06480582095781239
-1.5306122448979593,-0.06122448979591866,0.09570140662242024
-1.4081632653061225,-0.06122448979591866,0.13715107549202132
-1.2857142857142858,-0.06122448979591866,0.19074655626434986
-1.163265306122449,-0.06122448979591866,0.25744874928804073
-1.0408163265306123,-0.06122448979591866,0.33721078690750006
-0.9183673469387754,-0.06122448979591866,0.4286360784384593
-0.795918367346939,-0.06122448979591866,0.5287526770630894
-0.6734693877551021,-0.06122448979591866,0.6329844299385191
-0.5510204081632653,-0.06122448979591866,0.7353770424586106
-0.4285714285714288,-0.06122448979591866,0.8290938616328276
-0.30612244897959195,-0.06122448979591866,0.9071391779881488
-0.18367346938775508,-0.06122448979591866,0.9632094614828935
-0.06122448979591866,-0.06122448979591866,0.992531155182336
0.06122448979591821,-0.06122448979591866,0.992531155182336
0.18367346938775508,-0.06122448979591866,0.9632094614828935
0.30612244897959195,-0.06122448979591866,0.9071391779881488
0.4285714285714284,-0.06122448979591866,0.8290938616328279
0.5510204081632653,-0.06122448979591866,0.7353770424586106
0.6734693877551021,-0.06122448979591866,0.6329844299385191
0.7959183673469385,-0.06122448979591866,0.5287526770630898
0.9183673469387754,-0.06122448979591866,0.4286360784384593
1.0408163265306118,-0.06122448979591866,0.3372107869075004
1.1632653061224492,-0.06122448979591866,0.2574487492880406
1.2857142857142856,-0.06122448979591866,0.19074655626435
1.408163265306122,-0.06122448979591866,0.13715107549202152
1.5306122448979593,-0.06122448979591866,0.09570140662242024
1.6530612244897958,-0.06122448979591866,0.06480582095781244
1.7755102040816322,-0.06122448979591866,0.04258790769405998
1.8979591836734695,-0.06122448979591866,0.02716033882991458
2.020408163265306,-0.06122448979591866,0.016809726793017895
2.1428571428571423,-0.06122448979591866,0.010096310965007736
2.2653061224489797,-0.06122448979591866,0.005884930979443374
2.387755102040816,-0.06122448979591866,0.0033288683570200637
2.5102040816326525,-0.06122448979591866,0.0018273782866035841
2.63265306122449,-0.06122448979591866,0.0009735020971418263
2.7551020408163263,-0.06122448979591866,0.0005032941872813969
2.8775510204081627,-0.06122448979591866,0.00025251287682995357
3.0,-0.06122448979591866,0.00012294807598910688
-3.0,0.06122448979591821,0.00012294807598910688
-2.877551020408163,0.06122448979591821,0.00025251287682995314
-2.7551020408163267,0.06122448979591821,0.0005032941872813956
-2.63265306122449,0.06122448979591821,0.0009735020971418263
-2.510204081632653,0.06122448979591821,0.0018273782866035791
-2.387755102040816,0.06122448979591821,0.0033288683570200637
-2.2653061224489797,0.06122448979591821,0.005884930979443374
-2.142857142857143,0.06122448979591821,0.010096310965007717
-2.020408163265306,0.06122448979591821,0.016809726793017895
-1.8979591836734695,0.06122448979591821,0.02716033882991458
-1.7755102040816326,0.06122448979591821,0.042587907694059915
-1.653061224489796,0.06122448979591821,0.06480582095781239
-1.5306122448979593,0.06122448979591821,0.09570140662242024
-1.4081632653061225,0.06122448979591821,0.13715107549202135
-1.2857142857142858,0.06122448979591821,0.19074655626434991
-1.163265306122449,0.06122448979591821,0.2574487492880408
-1.0408163265306123,0.06122448979591821,0.33721078690750017
-0.9183673469387754,0.06122448979591821,0.4286360784384593
-0.795918367346939,0.06122448979591821,0.5287526770630894
-0.6734693877551021,0.06122448979591821,0.6329844299385191
-0.5510204081632653,0.06122448979591821,0.7353770424586106
-0.4285714285714288,0.06122448979591821,0.8290938616328277
-0.30612244897959195,0.06122448979591821,0.9071391779881489
-0.18367346938775508,0.06122448979591821,0.9632094614828935
-0.06122448979591866,0.06122448979591821,0.992531155182336
0.06122448979591821,0.06122448979591821,0.9925311551823361
0.18367346938775508,0.06122448979591821,0.9632094614828935
0.30612244897959195,0.06122448979591821,0.9071391779881489
0.4285714285714284,0.06122448979591821,0.829093861632828
0.5510204081632653,0.06122448979591821,0.7353770424586106
0.6734693877551021,0.06122448979591821,0.6329844299385191
0.7959183673469385,0.06122448979591821,0.5287526770630898
0.9183673469387754,0.06122448979591821,0.4286360784384593
1.0408163265306118,0.06122448979591821,0.33721078690750045
1.1632653061224492,0.06122448979591821,0.2574487492880407
1.2857142857142856,0.06122448979591821,0.19074655626435005
1.408163265306122,0.06122448979591821,0.13715107549202155
1.5306122448979593,0.06122448979591821,0.09570140662242024
1.6530612244897958,0.06122448979591821,0.06480582095781244
1.7755102040816322,0.06122448979591821,0.04258790769405998
1.8979591836734695,0.06122448979591821,0.02716033882991458
2.020408163265306,0.06122448979591821,0.016809726793017895
2.1428571428571423,0.06122448979591821,0.010096310965007736
2.2653061224489797,0.06122448979591821,0.005884930979443374
2.387755102040816,0.06122448979591821,0.0033288683570200637
2.5102040816326525,0.06122448979591821,0.0018273782866035841
2.63265306122449,0.06122448979591821,0.0009735020971418263
2.7551020408163263,0.06122448979591821,0.0005032941872813969
2.8775510204081627,0.06122448979591821,0.00025251287682995357
3.0,0.06122448979591821,0.00012294807598910688
-3.0,0.18367346938775508,0.00011931590202029478
-2.877551020408163,0.18367346938775508,0.0002450530553513895
-2.7551020408163267,0.18367346938775508,0.0004884256988484417
-2.63265306122449,0.18367346938775508,0.0009447425663612395
-2.510204081632653,0.18367346938775508,0.001773393254382642
-2.387755102040816,0.18367346938775508,0.003230525793342677
-2.2653061224489797,0.18367346938775508,0.005711076342517745
-2.142857142857143,0.18367346938775508,0.009798042305062333
-2.020408163265306,0.18367346938775508,0.016313128114354113
-1.8979591836734695,0.18367346938775508,0.026357958842358906
-1.7755102040816326,0.18367346938775508,0.04132976120849601
-1.653061224489796,0.18367346938775508,0.06289130530543795
-1.5306122448979593,0.18367346938775508,0.09287416304730761
-1.4081632653061225,0.18367346938775508,0.1330993116706757
-1.2857142857142858,0.18367346938775508,0.18511145648153324
-1.163265306122449,0.18367346938775508,0.24984311058288422
-1.0408163265306123,0.18367346938775508,0.3272487908993917
-0.9183673469387754,0.18367346938775508,0.41597316530482187
-0.795918367346939,0.18367346938775508,0.5131320852472527
-0.6734693877551021,0.18367346938775508,0.6142845881509191
-0.5510204081632653,0.18367346938775508,0.7136522832105121
-0.4285714285714288,0.18367346938775508,0.8046004881684756
-0.30612244897959195,0.18367346938775508,0.8803401631855897
-0.18367346938775508,0.18367346938775508,0.9347539992532793
-0.06122448979591866,0.18367346938775508,0.9632094614828935
0.06122448979591821,0.18367346938775508,0.9632094614828935
0.18367346938775508,0.18367346938775508,0.9347539992532793
0.30612244897959195,0.18367346938775508,0.8803401631855897
0.4285714285714284,0.18367346938775508,0.804600488168476
0.5510204081632653,0.18367346938775508,0.7136522832105121
0.6734693877551021,0.18367346938775508,0.6142845881509191
0.7959183673469385,0.18367346938775508,0.5131320852472531
0.9183673469387754,0.18367346938775508,0.41597316530482187
1.0408163265306118,0.18367346938775508,0.32724879089939196
1.1632653061224492,0.18367346938775508,0.2498431105828841
1.2857142857142856,0.18367346938775508,0.18511145648153335
1.408163265306122,0.18367346938775508,0.1330993116706759
1.5306122448979593,0.18367346938775508,0.09287416304730761
1.6530612244897958,0.18367346938775508,0.062891305305438
1.7755102040816322,0.18367346938775508,0.04132976120849607
1.8979591836734695,0.18367346938775508,0.026357958842358906
2.020408163265306,0.18367346938775508,0.016313128114354113
2.1428571428571423,0.18367346938775508,0.00979804230506235
2.2653061224489797,0.18367346938775508,0.005711076342517745
2.387755102040816,0.18367346938775508,0.003230525793342677
2.5102040816326525,0.18367346938775508,0.0017733932543826467
2.63265306122449,0.18367346938775508,0.0009447425663612395
2.7551020408163263,0.18367346938775508,0.000488425698848443
2.8775510204081627,0.18367346938775508,0.00024505305535138993
3.0,0.18367346938775508,0.00011931590202029478
-3.0,0.30612244897959195,0.00011237029286752595
-2.877551020408163,0.30612244897959195,0.00023078804360238497
-2.7551020408163267,0.30612244897959195,0.0004599934953707173
-2.63265306122449,0.30612244897959195,0.0008897472765061385
-2.510204081632653,0.30612244897959195,0.0016701606071785541
-2.387755102040816,0.30612244897959195,0.0030424706461362285
-2.2653061224489797,0.30612244897959195,0.005378623555880757
-2.142857142857143,0.30612244897959195,0.009227679334486275
-2.020408163265306,0.30612244897959195,0.015363509412883154
-1.8979591836734695,0.30612244897959195,0.024823611139463003
-1.7755102040816326,0.30612244897959195,0.038923875967125134
-1.653061224489796,0.30612244897959195,0.059230280929284555
-1.5306122448979593,0.30612244897959195,0.08746777860068622
-1.4081632653061225,0.30612244897959195,0.12535134361517014
-1.2857142857142858,0.30612244897959195,0.1743357609987818
-1.163265306122449,0.30612244897959195,0.23529926046535718
-1.0408163265306123,0.30612244897959195,0.3081990065972395
-0.9183673469387754,0.30612244897959195,0.39175856376951307
-0.795918367346939,0.30612244897959195,0.4832616752891027
-0.6734693877551021,0.30612244897959195,0.5785258955908936
-0.5510204081632653,0.30612244897959195,0.672109205161132
-0.4285714285714288,0.30612244897959195,0.7577631394134483
-0.30612244897959195,0.30612244897959195,0.8290938616328277
-0.18367346938775508,0.30612244897959195,0.8803401631855897
-0.06122448979591866,0.30612244897959195,0.9071391779881488
0.06122448979591821,0.30612244897959195,0.9071391779881489
0.18367346938775508,0.30612244897959195,0.8803401631855897
0.30612244897959195,0.30612244897959195,0.8290938616328277
0.4285714285714284,0.30612244897959195,0.7577631394134485
0.5510204081632653,0.30612244897959195,0.672109205161132
0.6734693877551021,0.30612244897959195,0.5785258955908936
0.7959183673469385,0.30612244897959195,0.4832616752891031
0.9183673469387754,0.30612244897959195,0.39175856376951307
1.0408163265306118,0.30612244897959195,0.30819900659723976
1.1632653061224492,0.30612244897959195,0.23529926046535707
1.2857142857142856,0.30612244897959195,0.17433576099878192
1.408163265306122,0.30612244897959195,0.1253513436151703
1.5306122448979593,0.30612244897959195,0.08746777860068622
1.6530612244897958,0.30612244897959195,0.059230280929284604
1.7755102040816322,0.30612244897959195,0.03892387596712519
1.8979591836734695,0.30612244897959195,0.024823611139463003
2.020408163265306,0.30612244897959195,0.015363509412883154
2.1428571428571423,0.30612244897959195,0.009227679334486292
2.2653061224489797,0.30612244897959195,0.005378623555880757
2.387755102040816,0.30612244897959195,0.0030424706461362285
2.5102040816326525,0.30612244897959195,0.0016701606071785587
2.63265306122449,0.30612244897959195,0.0008897472765061385
2.7551020408163263,0.30612244897959195,0.00045999349537071847
2.8775510204081627,0.30612244897959195,0.00023078804360238537
3.0,0.30612244897959195,0.00011237029286752595
-3.0,0.4285714285714284,0.0001027025646196554
-2.877551020408163,0.4285714285714284,0.00021093229675445312
-2.7551020408163267,0.4285714285714284,0.0004204181592605329
-2.63265306122449,0.4285714285714284,0.0008131982646718004
-2.510204081632653,0.4285714285714284,0.0015264690809890112
-2.387755102040816,0.4285714285714284,0.0027807130351309405
-2.2653061224489797,0.4285714285714284,0.004915876066674226
-2.142857142857143,0.4285714285714284,0.008433780040573467
-2.020408163265306,0.4285714285714284,0.014041716702843156
-1.8979591836734695,0.4285714285714284,0.02268792277821556
-1.7755102040816326,0.4285714285714284,0.035575077582772646
-1.653061224489796,0.4285714285714284,0.05413443001124501
-1.5306122448979593,0.4285714285714284,0.07994252710958931
-1.4081632653061225,0.4285714285714284,0.11456679643057234
-1.2857142857142858,0.4285714285714284,0.15933686121653332
-1.163265306122449,0.4285714285714284,0.2150553930778638
-1.0408163265306123,0.4285714285714284,0.28168324192304367
-0.9183673469387754,0.4285714285714284,0.3580537896993348
-0.795918367346939,0.4285714285714284,0.44168447165207364
-0.6734693877551021,0.4285714285714284,0.5287526770630896
-0.5510204081632653,0.4285714285714284,0.6142845881509194
-0.4285714285714288,0.4285714285714284,0.6925693242051977
-0.30612244897959195,0.4285714285714284,0.7577631394134485
-0.18367346938775508,0.4285714285714284,0.804600488168476
-0.06122448979591866,0.4285714285714284,0.8290938616328279
0.06122448979591821,0.4285714285714284,0.829093861632828
0.18367346938775508,0.4285714285714284,0.804600488168476
0.30612244897959195,0.4285714285714284,0.7577631394134485
0.4285714285714284,0.4285714285714284,0.6925693242051979
0.5510204081632653,0.4285714285714284,0.6142845881509194
0.6734693877551021,0.4285714285714284,0.5287526770630896
0.7959183673469385,0.4285714285714284,0.441684471652074
0.9183673469387754,0.4285714285714284,0.3580537896993348
1.0408163265306118,0.4285714285714284,0.28168324192304395
1.1632653061224492,0.4285714285714284,0.2150553930778637
1.2857142857142856,0.4285714285714284,0.15933686121653343
1.408163265306122,0.4285714285714284,0.11456679643057249
1.5306122448979593,0.4285714285714284,0.07994252710958931
1.6530612244897958,0.4285714285714284,0.05413443001124506
1.7755102040816322,0.4285714285714284,0.035575077582772695
1.8979591836734695,0.4285714285714284,0.02268792277821556
2.020408163265306,0.4285714285714284,0.014041716702843156
2.1428571428571423,0.4285714285714284,0.008433780040573482
2.2653061224489797,0.4285714285714284,0.004915876066674226
2.387755102040816,0.4285714285714284,0.0027807130351309405
2.5102040816326525,0.4285714285714284,0.0015264690809890153
2.63265306122449,0.4285714285714284,0.0008131982646718004
2.7551020408163263,0.4285714285714284,0.000420418159260534
2.8775510204081627,0.4285714285714284,0.0002109322967544535
3.0,0.4285714285714284,0.0001027025646196554
-3.0,0.5510204081632653,9.109355613148116e-05
-2.877551020408163,0.5510204081632653,0.0001870895151012295
-2.7551020408163267,0.5510204081632653,0.0003728960939887177
-2.63265306122449,0.5510204081632653,0.0007212782080295469
-2.510204081632653,0.5510204081632653,0.0013539242902745503
-2.387755102040816,0.5510204081632653,0.0024663944847854746
-2.2653061224489797,0.5510204081632653,0.00436020886209975
-2.142857142857143,0.5510204081632653,0.007480465734927847
-2.020408163265306,0.5510204081632653,0.012454507960826543
-1.8979591836734695,0.5510204081632653,0.020123388103869773
-1.7755102040816326,0.5510204081632653,0.03155384034146987
-1.653061224489796,0.5510204081632653,0.04801533201373753
-1.5306122448979593,0.5510204081632653,0.07090620480139541
-1.4081632653061225,0.5510204081632653,0.10161671171602861
-1.2857142857142858,0.5510204081632653,0.1413261817248182
-1.163265306122449,0.5510204081632653,0.19074655626434994
-1.0408163265306123,0.5510204081632653,0.24984311058288416
-0.9183673469387754,0.5510204081632653,0.3175810955729896
-0.795918367346939,0.5510204081632653,0.3917585637695129
-0.6734693877551021,0.5510204081632653,0.46898499415368466
-0.5510204081632653,0.5510204081632653,0.5448487856039416
-0.4285714285714288,0.5510204081632653,0.6142845881509191
-0.30612244897959195,0.5510204081632653,0.672109205161132
-0.18367346938775508,0.5510204081632653,0.7136522832105121
-0.06122448979591866,0.5510204081632653,0.7353770424586106
0.06122448979591821,0.5510204081632653,0.7353770424586106
0.18367346938775508,0.5510204081632653,0.7136522832105121
0.30612244897959195,0.5510204081632653,0.672109205161132
0.4285714285714284,0.5510204081632653,0.6142845881509194
0.5510204081632653,0.5510204081632653,0.5448487856039416
0.6734693877551021,0.5510204081632653,0.46898499415368466
0.7959183673469385,0.5510204081632653,0.3917585637695132
0.9183673469387754,0.5510204081632653,0.3175810955729896
1.0408163265306118,0.5510204081632653,0.2498431105828844
1.1632653061224492,0.5510204081632653,0.19074655626434986
1.2857142857142856,0.5510204081632653,0.14132618172481834
1.408163265306122,0.5510204081632653,0.10161671171602873
1.5306122448979593,0.5510204081632653,0.07090620480139541
1.6530612244897958,0.5510204081632653,0.048015332013737574
1.7755102040816322,0.5510204081632653,0.031553840341469915
1.8979591836734695,0.5510204081632653,0.020123388103869773
2.020408163265306,0.5510204081632653,0.012454507960826543
2.1428571428571423,0.5510204081632653,0.007480465734927861
2.2653061224489797,0.5510204081632653,0.00436020886209975
2.387755102040816,0.5510204081632653,0.0024663944847854746
2.5102040816326525,0.5510204081632653,0.0013539242902745538
2.63265306122449,0.5510204081632653,0.0007212782080295469
2.7551020408163263,0.5510204081632653,0.0003728960939887187
2.8775510204081627,0.5510204081632653,0.00018708951510122983
3.0,0.5510204081632653,9.109355613148116e-05
-3.0,0.6734693877551021,7.840984878475243e-05
-2.877551020408163,0.6734693877551021,0.00016103949841552348
-2.7551020408163267,0.6734693877551021,0.00032097469441063465
-2.63265306122449,0.6734693877551021,0.0006208486925431259
-2.510204081632653,0.6734693877551021,0.0011654062413943055
-2.387755102040816,0.6734693877551021,0.0021229780327869144
-2.2653061224489797,0.6734693877551021,0.0037531010102813036
-2.142857142857143,0.6734693877551021,0.006438898776425196
-2.020408163265306,0.6734693877551021,0.010720364067106764
-1.8979591836734695,0.6734693877551021,0.017321442759176856
-1.7755102040816326,0.6734693877551021,0.027160338829914595
-1.653061224489796,0.6734693877551021,0.04132976120849597
-1.5306122448979593,0.6734693877551021,0.06103334892704554
-1.4081632653061225,0.6734693877551021,0.08746777860068625
-1.2857142857142858,0.6734693877551021,0.12164817149497369
-1.163265306122449,0.6734693877551021,0.16418733956672416
-1.0408163265306123,0.6734693877551021,0.21505539307786367
-0.9183673469387754,0.6734693877551021,0.2733616595759222
-0.795918367346939,0.6734693877551021,0.3372107869075
-0.6734693877551021,0.6734693877551021,0.4036843442672445
-0.5510204081632653,0.6734693877551021,0.46898499415368466
-0.4285714285714288,0.6734693877551021,0.5287526770630895
-0.30612244897959195,0.6734693877551021,0.5785258955908936
-0.18367346938775508,0.6734693877551021,0.6142845881509191
-0.06122448979591866,0.6734693877551021,0.6329844299385191
0.06122448979591821,0.6734693877551021,0.6329844299385191
0.18367346938775508,0.6734693877551021,0.6142845881509191
0.30612244897959195,0.6734693877551021,0.5785258955908936
0.4285714285714284,0.6734693877551021,0.5287526770630896
0.5510204081632653,0.6734693877551021,0.46898499415368466
0.6734693877551021,0.6734693877551021,0.4036843442672445
0.7959183673469385,0.6734693877551021,0.3372107869075002
0.9183673469387754,0.6734693877551021,0.2733616595759222
1.0408163265306118,0.6734693877551021,0.21505539307786387
1.1632653061224492,0.6734693877551021,0.16418733956672407
1.2857142857142856,0.6734693877551021,0.1216481714949738
1.408163265306122,0.6734693877551021,0.08746777860068637
1.5306122448979593,0.6734693877551021,0.06103334892704554
1.6530612244897958,0.6734693877551021,0.04132976120849601
1.7755102040816322,0.6734693877551021,0.02716033882991463
1.8979591836734695,0.6734693877551021,0.017321442759176856
2.020408163265306,0.6734693877551021,0.010720364067106764
2.1428571428571423,0.6734693877551021,0.006438898776425207
2.2653061224489797,0.6734693877551021,0.0037531010102813036
2.387755102040816,0.6734693877551021,0.0021229780327869144
2.5102040816326525,0.6734693877551021,0.0011654062413943085
2.63265306122449,0.6734693877551021,0.0006208486925431259
2.7551020408163263,0.6734693877551021,0.0003209746944106358
2.8775510204081627,0.6734693877551021,0.00016103949841552378
3.0,0.6734693877551021,7.840984878475243e-05
-3.0,0.7959183673469385,6.549832111522357e-05
-2.877551020408163,0.7959183673469385,0.00013452158042556538
-2.7551020408163267,0.7959183673469385,0.0002681207007818733
-2.63265306122449,0.7959183673469385,0.000518615297164864
-2.510204081632653,0.7959183673469385,0.0009735020971418271
-2.387755102040816,0.7959183673469385,0.0017733932543826435
-2.2653061224489797,0.7959183673469385,0.0031350884992023824
-2.142857142857143,0.7959183673469385,0.005378623555880767
-2.020408163265306,0.7959183673469385,0.008955072086250557
-1.8979591836734695,0.7959183673469385,0.01446916985051182
-1.7755102040816326,0.7959183673469385,0.02268792277821558
-1.653061224489796,0.7959183673469385,0.034524106514741706
-1.5306122448979593,0.7959183673469385,0.05098316026262365
-1.4081632653061225,0.7959183673469385,0.07306470728887689
-1.2857142857142858,0.7959183673469385,0.10161671171602861
-1.163265306122449,0.7959183673469385,0.1371510754920214
-1.0408163265306123,0.7959183673469385,0.17964283073727438
-0.9183673469387754,0.7959183673469385,0.22834796950885017
-0.795918367346939,0.7959183673469385,0.2816832419230436
-0.6734693877551021,0.7959183673469385,0.3372107869075002
-0.5510204081632653,0.7959183673469385,0.3917585637695132
-0.4285714285714288,0.7959183673469385,0.44168447165207386
-0.30612244897959195,0.7959183673469385,0.4832616752891031
-0.18367346938775508,0.7959183673469385,0.5131320852472531
-0.06122448979591866,0.7959183673469385,0.5287526770630898
0.06122448979591821,0.7959183673469385,0.5287526770630898
0.18367346938775508,0.7959183673469385,0.5131320852472531
0.30612244897959195,0.7959183673469385,0.4832616752891031
0.4285714285714284,0.7959183673469385,0.441684471652074
0.5510204081632653,0.7959183673469385,0.3917585637695132
0.6734693877551021,0.7959183673469385,0.3372107869075002
0.7959183673469385,0.7959183673469385,0.28168324192304384
0.9183673469387754,0.7959183673469385,0.22834796950885017
1.0408163265306118,0.7959183673469385,0.17964283073727455
1.1632653061224492,0.7959183673469385,0.13715107549202135
1.2857142857142856,0.7959183673469385,0.1016167117160287
1.408163265306122,0.7959183673469385,0.07306470728887696
1.5306122448979593,0.7959183673469385,0.05098316026262365
1.6530612244897958,0.7959183673469385,0.034524106514741734
1.7755102040816322,0.7959183673469385,0.02268792277821561
1.8979591836734695,0.7959183673469385,0.01446916985051182
2.020408163265306,0.7959183673469385,0.008955072086250557
2.1428571428571423,0.7959183673469385,0.005378623555880776
2.2653061224489797,0.7959183673469385,0.0031350884992023824
2.387755102040816,0.7959183673469385,0.0017733932543826435
2.5102040816326525,0.7959183673469385,0.0009735020971418306
2.63265306122449,0.7959183673469385,0.000518615297164864
2.7551020408163263,0.7959183673469385,0.0002681207007818738
2.8775510204081627,0.7959183673469385,0.00013452158042556562
3.0,0.7959183673469385,6.549832111522357e-05
-3.0,0.9183673469387754,5.3096551043622456e-05
-2.877551020408163,0.9183673469387754,0.00010905061137322277
-2.7551020408163267,0.9183673469387754,0.00021735342574464347
-2.63265306122449,0.9183673469387754,0.0004204181592605333
-2.510204081632653,0.9183673469387754,0.0007891744843510269
-2.387755102040816,0.9183673469387754,0.0014376103669298207
-2.2653061224489797,0.9183673469387754,0.002541475623952788
-2.142857142857143,0.9183673469387754,0.00436020886209975
-2.020408163265306,0.9183673469387754,0.0072594752664035265
-1.8979591836734695,0.9183673469387754,0.01172950699263006
-1.7755102040816326,0.9183673469387754,0.018392081344315473
-1.653061224489796,0.9183673469387754,0.027987144595212798
-1.5306122448979593,0.9183673469387754,0.04132976120849599
-1.4081632653061225,0.9183673469387754,0.05923028092928458
-1.2857142857142858,0.9183673469387754,0.08237611023683358
-1.163265306122449,0.9183673469387754,0.11118222507931187
-1.0408163265306123,0.9183673469387754,0.14562838511666115
-0.9183673469387754,0.9183673469387754,0.18511145648153335
-0.795918367346939,0.9183673469387754,0.22834796950885003
-0.6734693877551021,0.9183673469387754,0.2733616595759222
-0.5510204081632653,0.9183673469387754,0.3175810955729896
-0.4285714285714288,0.9183673469387754,0.35805378969933466
-0.30612244897959195,0.9183673469387754,0.39175856376951307
-0.18367346938775508,0.9183673469387754,0.41597316530482187
-0.06122448979591866,0.9183673469387754,0.4286360784384593
0.06122448979591821,0.9183673469387754,0.4286360784384593
0.18367346938775508,0.9183673469387754,0.41597316530482187
0.30612244897959195,0.9183673469387754,0.39175856376951307
0.4285714285714284,0.9183673469387754,0.3580537896993348
0.5510204081632653,0.9183673469387754,0.3175810955729896
0.6734693877551021,0.9183673469387754,0.2733616595759222
0.7959183673469385,0.9183673469387754,0.22834796950885017
0.9183673469387754,0.9183673469387754,0.18511145648153335
1.0408163265306118,0.9183673469387754,0.14562838511666126
1.1632653061224492,0.9183673469387754,0.11118222507931178
1.2857142857142856,0.9183673469387754,0.08237611023683361
1.408163265306122,0.9183673469387754,0.05923028092928466
1.5306122448979593,0.9183673469387754,0.04132976120849599
1.6530612244897958,0.9183673469387754,0.027987144595212822
1.7755102040816322,0.9183673469387754,0.018392081344315508
1.8979591836734695,0.9183673469387754,0.01172950699263006
2.020408163265306,0.9183673469387754,0.0072594752664035265
2.1428571428571423,0.9183673469387754,0.004360208862099758
2.2653061224489797,0.9183673469387754,0.002541475623952788
2.387755102040816,0.9183673469387754,0.0014376103669298207
2.5102040816326525,0.9183673469387754,0.0007891744843510289
2.63265306122449,0.9183673469387754,0.0004204181592605333
2.7551020408163263,0.9183673469387754,0.00021735342574464388
2.8775510204081627,0.9183673469387754,0.00010905061137322296
3.0,0.9183673469387754,5.3096551043622456e-05
-3.0,1.0408163265306118,4.1771401569186476e-05
-2.877551020408163,1.0408163265306118,8.57908242532321e-05
-2.7551020408163267,1.0408163265306118,0.00017099335174818964
-2.63265306122449,1.0408163265306118,0.00033074569651467516
-2.510204081632653,1.0408163265306118,0.000620848692543127
-2.387755102040816,1.0408163265306118,0.0011309774129719845
-2.2653061224489797,1.0408163265306118,0.001999395380299035
-2.142857142857143,1.0408163265306118,0.0034302046314582716
-2.020408163265306,1.0408163265306118,0.005711076342517755
-1.8979591836734695,1.0408163265306118,0.009227679334486275
-1.7755102040816326,1.0408163265306118,0.014469169850511833
-1.653061224489796,1.0408163265306118,0.02201766843012186
-1.5306122448979593,1.0408163265306118,0.03251439158035544
-1.4081632653061225,1.0408163265306118,0.04659684670893602
-1.2857142857142858,1.0408163265306118,0.06480582095781244
-1.163265306122449,1.0408163265306118,0.08746777860068633
-1.0408163265306123,1.0408163265306118,0.1145667964305724
-0.9183673469387754,1.0408163265306118,0.14562838511666126
-0.795918367346939,1.0408163265306118,0.17964283073727438
-0.6734693877551021,1.0408163265306118,0.21505539307786387
-0.5510204081632653,1.0408163265306118,0.2498431105828844
-0.4285714285714288,1.0408163265306118,0.2816832419230438
-0.30612244897959195,1.0408163265306118,0.30819900659723976
-0.18367346938775508,1.0408163265306118,0.32724879089939196
-0.06122448979591866,1.0408163265306118,0.3372107869075004
0.06122448979591821,1.0408163265306118,0.33721078690750045
0.18367346938775508,1.0408163265306118,0.32724879089939196
0.30612244897959195,1.0408163265306118,0.30819900659723976
0.4285714285714284,1.0408163265306118,0.28168324192304395
0.5510204081632653,1.0408163265306118,0.2498431105828844
0.6734693877551021,1.0408163265306118,0.21505539307786387
0.7959183673469385,1.0408163265306118,0.17964283073727455
0.9183673469387754,1.0408163265306118,0.14562838511666126
1.0408163265306118,1.0408163265306118,0.11456679643057249
1.1632653061224492,1.0408163265306118,0.08746777860068629
1.2857142857142856,1.0408163265306118,0.06480582095781247
1.408163265306122,1.0408163265306118,0.0465968467089361
1.5306122448979593,1.0408163265306118,0.03251439158035544
1.6530612244897958,1.0408163265306118,0.02201766843012188
1.7755102040816322,1.0408163265306118,0.01446916985051186
1.8979591836734695,1.0408163265306118,0.009227679334486275
2.020408163265306,1.0408163265306118,0.005711076342517755
2.1428571428571423,1.0408163265306118,0.0034302046314582777
2.2653061224489797,1.0408163265306118,0.001999395380299035
2.387755102040816,1.0408163265306118,0.0011309774129719845
2.5102040816326525,1.0408163265306118,0.0006208486925431287
2.63265306122449,1.0408163265306118,0.00033074569651467516
2.7551020408163263,1.0408163265306118,0.00017099335174819023
2.8775510204081627,1.0408163265306118,8.579082425323225e-05
3.0,1.0408163265306118,4.1771401569186476e-05
-3.0,1.1632653061224492,3.1891017451186855e-05
-2.877551020408163,1.1632653061224492,6.549832111522369e-05
-2.7551020408163267,1.1632653061224492,0.00013054749804375935
-2.63265306122449,1.1632653061224492,0.00025251287682995265
-2.510204081632653,1.1632653061224492,0.000473996460368831
-2.387755102040816,1.1632653061224492,0.0008634620591853461
-2.2653061224489797,1.1632653061224492,0.00152646908098901
-2.142857142857143,1.1632653061224492,0.00261884235753472
-2.020408163265306,1.1632653061224492,0.00436020886209975
-1.8979591836734695,1.1632653061224492,0.007045013373626905
-1.7755102040816326,1.1632653061224492,0.011046709731359553
-1.653061224489796,1.1632653061224492,0.016809726793017864
-1.5306122448979593,1.1632653061224492,0.02482361113946299
-1.4081632653061225,1.1632653061224492,0.03557507758277262
-1.2857142857142858,1.1632653061224492,0.049476998364082904
-1.163265306122449,1.1632653061224492,0.06677861764228478
-1.0408163265306123,1.1632653061224492,0.08746777860068622
-0.9183673469387754,1.1632653061224492,0.11118222507931178
-0.795918367346939,1.1632653061224492,0.13715107549202124
-0.6734693877551021,1.1632653061224492,0.16418733956672407
-0.5510204081632653,1.1632653061224492,0.19074655626434986
-0.4285714285714288,1.1632653061224492,0.21505539307786362
-0.30612244897959195,1.1632653061224492,0.23529926046535707
-0.18367346938775508,1.1632653061224492,0.2498431105828841
-0.06122448979591866,1.1632653061224492,0.2574487492880406
0.06122448979591821,1.1632653061224492,0.2574487492880407
0.18367346938775508,1.1632653061224492,0.2498431105828841
0.30612244897959195,1.1632653061224492,0.23529926046535707
0.4285714285714284,1.1632653061224492,0.2150553930778637
0.5510204081632653,1.1632653061224492,0.19074655626434986
0.6734693877551021,1.1632653061224492,0.16418733956672407
0.7959183673469385,1.1632653061224492,0.13715107549202135
0.9183673469387754,1.1632653061224492,0.11118222507931178
1.0408163265306118,1.1632653061224492,0.08746777860068629
1.1632653061224492,1.1632653061224492,0.06677861764228475
1.2857142857142856,1.1632653061224492,0.049476998364082925
1.408163265306122,1.1632653061224492,0.03557507758277268
1.5306122448979593,1.1632653061224492,0.02482361113946299
1.6530612244897958,1.1632653061224492,0.016809726793017895
1.7755102040816322,1.1632653061224492,0.011046709731359563
1.8979591836734695,1.1632653061224492,0.007045013373626905
2.020408163265306,1.1632653061224492,0.00436020886209975
2.1428571428571423,1.1632653061224492,0.0026188423575347246
2.2653061224489797,1.1632653061224492,0.00152646908098901
2.387755102040816,1.1632653061224492,0.0008634620591853461
2.5102040816326525,1.1632653061224492,0.00047399646036883227
2.63265306122449,1.1632653061224492,0.00025251287682995265
2.7551020408163263,1.1632653061224492,0.0001305474980437596
2.8775510204081627,1.1632653061224492,6.549832111522369e-05
3.0,1.1632653061224492,3.1891017451186855e-05
-3.0,1.2857142857142856,2.362839893921664e-05
-2.877551020408163,1.2857142857142856,4.852841285256088e-05
-2.7551020408163267,1.2857142857142856,9.672404993086061e-05
-2.63265306122449,1.2857142857142856,0.00018708951510122915
-2.510204081632653,1.2857142857142856,0.0003511890919916229
-2.387755102040816,1.2857142857142856,0.0006397483565564173
-2.2653061224489797,1.2857142857142856,0.0011309774129719826
-2.142857142857143,1.2857142857142856,0.0019403285604625948
-2.020408163265306,1.2857142857142856,0.003230525793342677
-1.8979591836734695,1.2857142857142856,0.005219726425441396
-1.7755102040816326,1.2857142857142856,0.008184626435886128
-1.653061224489796,1.2857142857142856,0.012454507960826533
-1.5306122448979593,1.2857142857142856,0.018392081344315473
-1.4081632653061225,1.2857142857142856,0.02635795884235892
-1.2857142857142858,1.2857142857142856,0.036658041953378025
-1.163265306122449,1.2857142857142856,0.04947699836408297
-1.0408163265306123,1.2857142857142856,0.06480582095781241
-0.9183673469387754,1.2857142857142856,0.08237611023683361
-0.795918367346939,1.2857142857142856,0.10161671171602861
-0.6734693877551021,1.2857142857142856,0.1216481714949738
-0.5510204081632653,1.2857142857142856,0.14132618172481834
-0.4285714285714288,1.2857142857142856,0.15933686121653334
-0.30612244897959195,1.2857142857142856,0.17433576099878192
-0.18367346938775508,1.2857142857142856,0.18511145648153335
-0.06122448979591866,1.2857142857142856,0.19074655626435
0.06122448979591821,1.2857142857142856,0.19074655626435005
0.18367346938775508,1.2857142857142856,0.18511145648153335
0.30612244897959195,1.2857142857142856,0.17433576099878192
0.4285714285714284,1.2857142857142856,0.15933686121653343
0.5510204081632653,1.2857142857142856,0.14132618172481834
0.6734693877551021,1.2857142857142856,0.1216481714949738
0.7959183673469385,1.2857142857142856,0.1016167117160287
0.9183673469387754,1.2857142857142856,0.08237611023683361
1.0408163265306118,1.2857142857142856,0.06480582095781247
1.1632653061224492,1.2857142857142856,0.049476998364082925
1.2857142857142856,1.2857142857142856,0.036658041953378045
1.408163265306122,1.2857142857142856,0.026357958842358954
1.5306122448979593,1.2857142857142856,0.018392081344315473
1.6530612244897958,1.2857142857142856,0.012454507960826543
1.7755102040816322,1.2857142857142856,0.008184626435886142
1.8979591836734695,1.2857142857142856,0.005219726425441396
2.020408163265306,1.2857142857142856,0.003230525793342677
2.1428571428571423,1.2857142857142856,0.0019403285604625983
2.2653061224489797,1.2857142857142856,0.0011309774129719826
2.387755102040816,1.2857142857142856,0.0006397483565564173
2.5102040816326525,1.2857142857142856,0.0003511890919916238
2.63265306122449,1.2857142857142856,0.00018708951510122915
2.7551020408163263,1.2857142857142856,9.672404993086096e-05
2.8775510204081627,1.2857142857142856,4.852841285256097e-05
3.0,1.2857142857142856,2.362839893921664e-05
-3.0,1.408163265306122,1.6989351682852734e-05
-2.877551020408163,1.408163265306122,3.489302320837491e-05
-2.7551020408163267,1.408163265306122,6.954677313060813e-05
-2.63265306122449,1.408163265306122,0.00013452158042556538
-2.510204081632653,1.408163265306122,0.00025251287682995314
-2.387755102040816,1.408163265306122,0.0004599934953707193
-2.2653061224489797,1.408163265306122,0.000813198264671802
-2.142857142857143,1.408163265306122,0.001395139991447739
-2.020408163265306,1.408163265306122,0.0023228208972099432
-1.8979591836734695,1.408163265306122,0.003753101010281307
-1.7755102040816326,1.408163265306122,0.005884930979443384
-1.653061224489796,1.408163265306122,0.008955072086250557
-1.5306122448979593,1.408163265306122,0.013224321247581328
-1.4081632653061225,1.408163265306122,0.01895196680769435
-1.2857142857142858,1.408163265306122,0.02635795884235893
-1.163265306122449,1.408163265306122,0.03557507758277268
-1.0408163265306123,1.408163265306122,0.04659684670893606
-0.9183673469387754,1.408163265306122,0.05923028092928466
-0.795918367346939,1.408163265306122,0.07306470728887693
-0.6734693877551021,1.408163265306122,0.08746777860068637
-0.5510204081632653,1.408163265306122,0.10161671171602873
-0.4285714285714288,1.408163265306122,0.11456679643057244
-0.30612244897959195,1.408163265306122,0.1253513436151703
-0.18367346938775508,1.408163265306122,0.1330993116706759
-0.06122448979591866,1.408163265306122,0.13715107549202152
0.06122448979591821,1.408163265306122,0.13715107549202155
0.18367346938775508,1.408163265306122,0.1330993116706759
0.30612244897959195,1.408163265306122,0.1253513436151703
0.4285714285714284,1.408163265306122,0.11456679643057249
0.5510204081632653,1.408163265306122,0.10161671171602873
0.6734693877551021,1.408163265306122,0.08746777860068637
0.7959183673469385,1.408163265306122,0.07306470728887696
0.9183673469387754,1.408163265306122,0.05923028092928466
1.0408163265306118,1.408163265306122,0.0465968467089361
1.1632653061224492,1.408163265306122,0.03557507758277268
1.2857142857142856,1.408163265306122,0.026357958842358954
1.408163265306122,1.408163265306122,0.018951966807694374
1.5306122448979593,1.408163265306122,0.013224321247581328
1.6530612244897958,1.408163265306122,0.008955072086250564
1.7755102040816322,1.408163265306122,0.005884930979443389
1.8979591836734695,1.408163265306122,0.003753101010281307
2.020408163265306,1.408163265306122,0.0023228208972099432
2.1428571428571423,1.408163265306122,0.0013951399914477413
2.2653061224489797,1.408163265306122,0.000813198264671802
2.387755102040816,1.408163265306122,0.0004599934953707193
2.5102040816326525,1.408163265306122,0.000252512876829954
2.63265306122449,1.408163265306122,0.00013452158042556538
2.7551020408163263,1.408163265306122,6.954677313060825e-05
2.8775510204081627,1.408163265306122,3.489302320837497e-05
3.0,1.408163265306122,1.6989351682852734e-05
-3.0,1.5306122448979593,1.1854845817425422e-05
-2.877551020408163,1.5306122448979593,2.4347686595753257e-05
-2.7551020408163267,1.5306122448979593,4.852841285256071e-05
-2.63265306122449,1.5306122448979593,9.386659507855304e-05
-2.510204081632653,1.5306122448979593,0.00017619867300498323
-2.387755102040816,1.5306122448979593,0.0003209746944106352
-2.2653061224489797,1.5306122448979593,0.0005674342509733358
-2.142857142857143,1.5306122448979593,0.0009735020971418271
-2.020408163265306,1.5306122448979593,0.0016208201532322314
-1.8979591836734695,1.5306122448979593,0.0026188423575347177
-1.7755102040816326,1.5306122448979593,0.004106392681123026
-1.653061224489796,1.5306122448979593,0.006248678634016289
-1.5306122448979593,1.5306122448979593,0.009227679334486266
-1.4081632653061225,1.5306122448979593,0.013224321247581316
-1.2857142857142858,1.5306122448979593,0.01839208134431546
-1.163265306122449,1.5306122448979593,0.024823611139463003
-1.0408163265306123,1.5306122448979593,0.03251439158035541
-0.9183673469387754,1.5306122448979593,0.04132976120849599
-0.795918367346939,1.5306122448979593,0.0509831602626236
-0.6734693877551021,1.5306122448979593,0.06103334892704554
-0.5510204081632653,1.5306122448979593,0.07090620480139541
-0.4285714285714288,1.5306122448979593,0.07994252710958928
-0.30612244897959195,1.5306122448979593,0.08746777860068622
-0.18367346938775508,1.5306122448979593,0.09287416304730761
-0.06122448979591866,1.5306122448979593,0.09570140662242024
0.06122448979591821,1.5306122448979593,0.09570140662242024
0.18367346938775508,1.5306122448979593,0.09287416304730761
0.30612244897959195,1.5306122448979593,0.08746777860068622
0.4285714285714284,1.5306122448979593,0.07994252710958931
0.5510204081632653,1.5306122448979593,0.07090620480139541
0.6734693877551021,1.5306122448979593,0.06103334892704554
0.7959183673469385,1.5306122448979593,0.05098316026262365
0.9183673469387754,1.5306122448979593,0.04132976120849599
1.0408163265306118,1.5306122448979593,0.03251439158035544
1.1632653061224492,1.5306122448979593,0.02482361113946299
1.2857142857142856,1.5306122448979593,0.018392081344315473
1.408163265306122,1.5306122448979593,0.013224321247581328
1.5306122448979593,1.5306122448979593,0.009227679334486266
1.6530612244897958,1.5306122448979593,0.006248678634016294
1.7755102040816322,1.5306122448979593,0.004106392681123033
1.8979591836734695,1.5306122448979593,0.0026188423575347177
2.020408163265306,1.5306122448979593,0.0016208201532322314
2.1428571428571423,1.5306122448979593,0.0009735020971418289
2.2653061224489797,1.5306122448979593,0.0005674342509733358
2.387755102040816,1.5306122448979593,0.0003209746944106352
2.5102040816326525,1.5306122448979593,0.00017619867300498385
2.63265306122449,1.5306122448979593,9.386659507855304e-05
2.7551020408163263,1.5306122448979593,4.852841285256079e-05
2.8775510204081627,1.5306122448979593,2.4347686595753297e-05
3.0,1.5306122448979593,1.1854845817425422e-05
-3.0,1.6530612244897958,8.02770871025589e-06
-2.877551020408163,1.6530612244897958,1.648744646446673e-05
-2.7551020408163267,1.6530612244897958,3.286183292057364e-05
-2.63265306122449,1.6530612244897958,6.356334738715409e-05
-2.510204081632653,1.6530612244897958,0.00011931590202029478
-2.387755102040816,1.6530612244897958,0.00021735342574464388
-2.2653061224489797,1.6530612244897958,0.0003842476696188234
-2.142857142857143,1.6530612244897958,0.0006592233576914661
-2.020408163265306,1.6530612244897958,0.0010975656927342844
-1.8979591836734695,1.6530612244897958,0.001773393254382642
-1.7755102040816326,1.6530612244897958,0.002780713035130938
-1.653061224489796,1.6530612244897958,0.004231398085679743
-1.5306122448979593,1.6530612244897958,0.006248678634016294
-1.4081632653061225,1.6530612244897958,0.008955072086250557
-1.2857142857142858,1.6530612244897958,0.012454507960826533
-1.163265306122449,1.6530612244897958,0.016809726793017895
-1.0408163265306123,1.6530612244897958,0.02201766843012186
-0.9183673469387754,1.6530612244897958,0.027987144595212822
-0.795918367346939,1.6530612244897958,0.034524106514741706
-0.6734693877551021,1.6530612244897958,0.04132976120849601
-0.5510204081632653,1.6530612244897958,0.048015332013737574
-0.4285714285714288,1.6530612244897958,0.05413443001124503
-0.30612244897959195,1.6530612244897958,0.059230280929284604
-0.18367346938775508,1.6530612244897958,0.062891305305438
-0.06122448979591866,1.6530612244897958,0.06480582095781244
0.06122448979591821,1.6530612244897958,0.06480582095781244
0.18367346938775508,1.6530612244897958,0.062891305305438
0.30612244897959195,1.6530612244897958,0.059230280929284604
0.4285714285714284,1.6530612244897958,0.05413443001124506
0.5510204081632653,1.6530612244897958,0.048015332013737574
0.6734693877551021,1.6530612244897958,0.04132976120849601
0.7959183673469385,1.6530612244897958,0.034524106514741734
0.9183673469387754,1.6530612244897958,0.027987144595212822
1.0408163265306118,1.6530612244897958,0.02201766843012188
1.1632653061224492,1.6530612244897958,0.016809726793017895
1.2857142857142856,1.6530612244897958,0.012454507960826543
1.408163265306122,1.6530612244897958,0.008955072086250564
1.5306122448979593,1.6530612244897958,0.006248678634016294
1.6530612244897958,1.6530612244897958,0.004231398085679746
1.7755102040816322,1.6530612244897958,0.0027807130351309426
1.8979591836734695,1.6530612244897958,0.001773393254382642
2.020408163265306,1.6530612244897958,0.0010975656927342844
2.1428571428571423,1.6530612244897958,0.0006592233576914673
2.2653061224489797,1.6530612244897958,0.0003842476696188234
2.387755102040816,1.6530612244897958,0.00021735342574464388
2.5102040816326525,1.6530612244897958,0.00011931590202029521
2.63265306122449,1.6530612244897958,6.356334738715409e-05
2.7551020408163263,1.6530612244897958,3.2861832920573695e-05
2.8775510204081627,1.6530612244897958,1.648744646446676e-05
3.0,1.6530612244897958,8.02770871025589e-06
-3.0,1.7755102040816322,5.27550322631882e-06
-2.877551020408163,1.7755102040816322,1.0834919421768669e-05
-2.7551020408163267,1.7755102040816322,2.1595540128873196e-05
-2.63265306122449,1.7755102040816322,4.1771401569186476e-05
-2.510204081632653,1.7755102040816322,7.840984878475257e-05
-2.387755102040816,1.7755102040816322,0.00014283636092854278
-2.2653061224489797,1.7755102040816322,0.00025251287682995314
-2.142857142857143,1.7755102040816322,0.00043321638538317036
-2.020408163265306,1.7755102040816322,0.0007212782080295489
-1.8979591836734695,1.7755102040816322,0.0011654062413943064
-1.7755102040816326,1.7755102040816322,0.0018273782866035824
-1.653061224489796,1.7755102040816322,0.0027807130351309405
-1.5306122448979593,1.7755102040816322,0.004106392681123033
-1.4081632653061225,1.7755102040816322,0.005884930979443384
-1.2857142857142858,1.7755102040816322,0.008184626435886135
-1.163265306122449,1.7755102040816322,0.011046709731359574
-1.0408163265306123,1.7755102040816322,0.014469169850511833
-0.9183673469387754,1.7755102040816322,0.018392081344315508
-0.795918367346939,1.7755102040816322,0.022687922778215592
-0.6734693877551021,1.7755102040816322,0.02716033882991463
-0.5510204081632653,1.7755102040816322,0.031553840341469915
-0.4285714285714288,1.7755102040816322,0.03557507758277268
-0.30612244897959195,1.7755102040816322,0.03892387596712519
-0.18367346938775508,1.7755102040816322,0.04132976120849607
-0.06122448979591866,1.7755102040816322,0.04258790769405998
0.06122448979591821,1.7755102040816322,0.04258790769405998
0.18367346938775508,1.7755102040816322,0.04132976120849607
0.30612244897959195,1.7755102040816322,0.03892387596712519
0.4285714285714284,1.7755102040816322,0.035575077582772695
0.5510204081632653,1.7755102040816322,0.031553840341469915
0.6734693877551021,1.7755102040816322,0.02716033882991463
0.7959183673469385,1.7755102040816322,0.02268792277821561
0.9183673469387754,1.7755102040816322,0.018392081344315508
1.0408163265306118,1.7755102040816322,0.01446916985051186
1.1632653061224492,1.7755102040816322,0.011046709731359563
1.2857142857142856,1.7755102040816322,0.008184626435886142
1.408163265306122,1.7755102040816322,0.005884930979443389
1.5306122448979593,1.7755102040816322,0.004106392681123033
1.6530612244897958,1.7755102040816322,0.0027807130351309426
1.7755102040816322,1.7755102040816322,0.0018273782866035841
1.8979591836734695,1.7755102040816322,0.0011654062413943064
2.020408163265306,1.7755102040816322,0.0007212782080295489
2.1428571428571423,1.7755102040816322,0.00043321638538317117
2.2653061224489797,1.7755102040816322,0.00025251287682995314
2.387755102040816,1.7755102040816322,0.00014283636092854278
2.5102040816326525,1.7755102040816322,7.840984878475272e-05
2.63265306122449,1.7755102040816322,4.1771401569186476e-05
2.7551020408163263,1.7755102040816322,2.159554012887327e-05
2.8775510204081627,1.7755102040816322,1.083491942176869e-05
3.0,1.7755102040816322,5.27550322631882e-06
-3.0,1.8979591836734695,3.364439881725193e-06
-2.877551020408163,1.8979591836734695,6.909944597515511e-06
-2.7551020408163267,1.8979591836734695,1.3772505362995862e-05
-2.63265306122449,1.8979591836734695,2.6639613952619027e-05
-2.510204081632653,1.8979591836734695,5.000569823469583e-05
-2.387755102040816,1.8979591836734695,9.109355613148116e-05
-2.2653061224489797,1.8979591836734695,0.0001610394984155232
-2.142857142857143,1.8979591836734695,0.00027628273965003684
-2.020408163265306,1.8979591836734695,0.0004599934953707181
-1.8979591836734695,1.8979591836734695,0.0007432351130783873
-1.7755102040816326,1.8979591836734695,0.0011654062413943044
-1.653061224489796,1.8979591836734695,0.0017733932543826404
-1.5306122448979593,1.8979591836734695,0.0026188423575347177
-1.4081632653061225,1.8979591836734695,0.0037531010102813036
-1.2857142857142858,1.8979591836734695,0.005219726425441391
-1.163265306122449,1.8979591836734695,0.007045013373626905
-1.0408163265306123,1.8979591836734695,0.009227679334486275
-0.9183673469387754,1.8979591836734695,0.01172950699263006
-0.795918367346939,1.8979591836734695,0.014469169850511807
-0.6734693877551021,1.8979591836734695,0.017321442759176856
-0.5510204081632653,1.8979591836734695,0.020123388103869773
-0.4285714285714288,1.8979591836734695,0.02268792277821555
-0.30612244897959195,1.8979591836734695,0.024823611139463003
-0.18367346938775508,1.8979591836734695,0.026357958842358906
-0.06122448979591866,1.8979591836734695,0.02716033882991458
0.06122448979591821,1.8979591836734695,0.02716033882991458
0.18367346938775508,1.8979591836734695,0.026357958842358906
0.30612244897959195,1.8979591836734695,0.024823611139463003
0.4285714285714284,1.8979591836734695,0.02268792277821556
0.5510204081632653,1.8979591836734695,0.020123388103869773
0.6734693877551021,1.8979591836734695,0.017321442759176856
0.7959183673469385,1.8979591836734695,0.01446916985051182
0.9183673469387754,1.8979591836734695,0.01172950699263006
1.0408163265306118,1.8979591836734695,0.009227679334486275
1.1632653061224492,1.8979591836734695,0.007045013373626905
1.2857142857142856,1.8979591836734695,0.005219726425441396
1.408163265306122,1.8979591836734695,0.003753101010281307
1.5306122448979593,1.8979591836734695,0.0026188423575347177
1.6530612244897958,1.8979591836734695,0.001773393254382642
1.7755102040816322,1.8979591836734695,0.0011654062413943064
1.8979591836734695,1.8979591836734695,0.0007432351130783873
2.020408163265306,1.8979591836734695,0.0004599934953707181
2.1428571428571423,1.8979591836734695,0.0002762827396500373
2.2653061224489797,1.8979591836734695,0.0001610394984155232
2.387755102040816,1.8979591836734695,9.109355613148116e-05
2.5102040816326525,1.8979591836734695,5.0005698234696014e-05
2.63265306122449,1.8979591836734695,2.6639613952619027e-05
2.7551020408163263,1.8979591836734695,1.3772505362995886e-05
2.8775510204081627,1.8979591836734695,6.909944597515523e-06
3.0,1.8979591836734695,3.364439881725193e-06
-3.0,2.020408163265306,2.082275761635328e-06
-2.877551020408163,2.020408163265306,4.276613836319033e-06
-2.7551020408163267,2.020408163265306,8.523901482125301e-06
-2.63265306122449,2.020408163265306,1.648744646446673e-05
-2.510204081632653,2.020408163265306,3.0948882143307866e-05
-2.387755102040816,2.020408163265306,5.637844950181923e-05
-2.2653061224489797,2.020408163265306,9.966849044858171e-05
-2.142857142857143,2.020408163265306,0.00017099335174819023
-2.020408163265306,2.020408163265306,0.00028469324451985985
-1.8979591836734695,2.020408163265306,0.0004599934953707181
-1.7755102040816326,2.020408163265306,0.0007212782080295476
-1.653061224489796,2.020408163265306,0.0010975656927342844
-1.5306122448979593,2.020408163265306,0.0016208201532322314
-1.4081632653061225,2.020408163265306,0.002322820897209939
-1.2857142857142858,2.020408163265306,0.003230525793342674
-1.163265306122449,2.020408163265306,0.004360208862099754
-1.0408163265306123,2.020408163265306,0.00571107634251775
-0.9183673469387754,2.020408163265306,0.0072594752664035265
-0.795918367346939,2.020408163265306,0.008955072086250557
-0.6734693877551021,2.020408163265306,0.010720364067106764
-0.5510204081632653,2.020408163265306,0.012454507960826543
-0.4285714285714288,2.020408163265306,0.014041716702843156
-0.30612244897959195,2.020408163265306,0.015363509412883154
-0.18367346938775508,2.020408163265306,0.016313128114354113
-0.06122448979591866,2.020408163265306,0.016809726793017895
0.06122448979591821,2.020408163265306,0.016809726793017895
0.18367346938775508,2.020408163265306,0.016313128114354113
0.30612244897959195,2.020408163265306,0.015363509412883154
0.4285714285714284,2.020408163265306,0.014041716702843156
0.5510204081632653,2.020408163265306,0.012454507960826543
0.6734693877551021,2.020408163265306,0.010720364067106764
0.7959183673469385,2.020408163265306,0.008955072086250557
0.9183673469387754,2.020408163265306,0.0072594752664035265
1.0408163265306118,2.020408163265306,0.005711076342517755
1.1632653061224492,2.020408163265306,0.00436020886209975
1.2857142857142856,2.020408163265306,0.003230525793342677
1.408163265306122,2.020408163265306,0.0023228208972099432
1.5306122448979593,2.020408163265306,0.0016208201532322314
1.6530612244897958,2.020408163265306,0.0010975656927342844
1.7755102040816322,2.020408163265306,0.0007212782080295489
1.8979591836734695,2.020408163265306,0.0004599934953707181
2.020408163265306,2.020408163265306,0.00028469324451985985
2.1428571428571423,2.020408163265306,0.00017099335174819023
2.2653061224489797,2.020408163265306,9.966849044858171e-05
2.387755102040816,2.020408163265306,5.637844950181923e-05
2.5102040816326525,2.020408163265306,3.0948882143307975e-05
2.63265306122449,2.020408163265306,1.648744646446673e-05
2.7551020408163263,2.020408163265306,8.523901482125317e-06
2.8775510204081627,2.020408163265306,4.2766138363190405e-06
3.0,2.020408163265306,2.082275761635328e-06
-3.0,2.1428571428571423,1.2506630157190225e-06
-2.877551020408163,2.1428571428571423,2.568633250283763e-06
-2.7551020408163267,2.1428571428571423,5.119652511804847e-06
-2.63265306122449,2.1428571428571423,9.902741940655175e-06
-2.510204081632653,2.1428571428571423,1.858861491240885e-05
-2.387755102040816,2.1428571428571423,3.38622016231568e-05
-2.2653061224489797,2.1428571428571423,5.9863202143163596e-05
-2.142857142857143,2.1428571428571423,0.00010270256461965559
-2.020408163265306,2.1428571428571423,0.00017099335174819023
-1.8979591836734695,2.1428571428571423,0.0002762827396500373
-1.7755102040816326,2.1428571428571423,0.0004332163853831708
-1.653061224489796,2.1428571428571423,0.0006592233576914661
-1.5306122448979593,2.1428571428571423,0.0009735020971418289
-1.4081632653061225,2.1428571428571423,0.001395139991447739
-1.2857142857142858,2.1428571428571423,0.0019403285604625983
-1.163265306122449,2.1428571428571423,0.0026188423575347246
-1.0408163265306123,2.1428571428571423,0.0034302046314582746
-0.9183673469387754,2.1428571428571423,0.004360208862099758
-0.795918367346939,2.1428571428571423,0.005378623555880772
-0.6734693877551021,2.1428571428571423,0.006438898776425207
-0.5510204081632653,2.1428571428571423,0.007480465734927861
-0.4285714285714288,2.1428571428571423,0.008433780040573482
-0.30612244897959195,2.1428571428571423,0.009227679334486292
-0.18367346938775508,2.1428571428571423,0.00979804230506235
-0.06122448979591866,2.1428571428571423,0.010096310965007736
0.06122448979591821,2.1428571428571423,0.010096310965007736
0.18367346938775508,2.1428571428571423,0.00979804230506235
0.30612244897959195,2.1428571428571423,0.009227679334486292
0.4285714285714284,2.1428571428571423,0.008433780040573482
0.5510204081632653,2.1428571428571423,0.007480465734927861
0.6734693877551021,2.1428571428571423,0.006438898776425207
0.7959183673469385,2.1428571428571423,0.005378623555880776
0.9183673469387754,2.1428571428571423,0.004360208862099758
1.0408163265306118,2.1428571428571423,0.0034302046314582777
1.1632653061224492,2.1428571428571423,0.0026188423575347246
1.2857142857142856,2.1428571428571423,0.0019403285604625983
1.408163265306122,2.1428571428571423,0.0013951399914477413
1.5306122448979593,2.1428571428571423,0.0009735020971418289
1.6530612244897958,2.1428571428571423,0.0006592233576914673
1.7755102040816322,2.1428571428571423,0.00043321638538317117
1.8979591836734695,2.1428571428571423,0.0002762827396500373
2.020408163265306,2.1428571428571423,0.00017099335174819023
2.1428571428571423,2.1428571428571423,0.00010270256461965576
2.2653061224489797,2.1428571428571423,5.9863202143163596e-05
2.387755102040816,2.1428571428571423,3.38622016231568e-05
2.5102040816326525,2.1428571428571423,1.8588614912408914e-05
2.63265306122449,2.1428571428571423,9.902741940655175e-06
2.7551020408163263,2.1428571428571423,5.119652511804865e-06
2.8775510204081627,2.1428571428571423,2.568633250283772e-06
3.0,2.1428571428571423,1.2506630157190225e-06
-3.0,2.2653061224489797,7.289856217342943e-07
-2.877551020408163,2.2653061224489797,1.4972032301514682e-06
-2.7551020408163267,2.2653061224489797,2.984139630319156e-06
-2.63265306122449,2.2653061224489797,5.77210359605343e-06
-2.510204081632653,2.2653061224489797,1.083491942176865e-05
-2.387755102040816,2.2653061224489797,1.9737577423569392e-05
-2.2653061224489797,2.2653061224489797,3.489302320837485e-05
-2.142857142857143,2.2653061224489797,5.986320214316349e-05
-2.020408163265306,2.2653061224489797,9.966849044858171e-05
-1.8979591836734695,2.2653061224489797,0.0001610394984155232
-1.7755102040816326,2.2653061224489797,0.00025251287682995314
-1.653061224489796,2.2653061224489797,0.0003842476696188227
-1.5306122448979593,2.2653061224489797,0.0005674342509733358
-1.4081632653061225,2.2653061224489797,0.0008131982646718004
-1.2857142857142858,2.2653061224489797,0.0011309774129719826
-1.163265306122449,2.2653061224489797,0.00152646908098901
-1.0408163265306123,2.2653061224489797,0.0019993953802990333
-0.9183673469387754,2.2653061224489797,0.002541475623952788
-0.795918367346939,2.2653061224489797,0.0031350884992023794
-0.6734693877551021,2.2653061224489797,0.0037531010102813036
-0.5510204081632653,2.2653061224489797,0.00436020886209975
-0.4285714285714288,2.2653061224489797,0.004915876066674226
-0.30612244897959195,2.2653061224489797,0.005378623555880757
-0.18367346938775508,2.2653061224489797,0.005711076342517745
-0.06122448979591866,2.2653061224489797,0.005884930979443374
0.06122448979591821,2.2653061224489797,0.005884930979443374
0.18367346938775508,2.2653061224489797,0.005711076342517745
0.30612244897959195,2.2653061224489797,0.005378623555880757
0.4285714285714284,2.2653061224489797,0.004915876066674226
0.5510204081632653,2.2653061224489797,0.00436020886209975
0.6734693877551021,2.2653061224489797,0.0037531010102813036
0.7959183673469385,2.2653061224489797,0.0031350884992023824
0.9183673469387754,2.2653061224489797,0.002541475623952788
1.0408163265306118,2.2653061224489797,0.001999395380299035
1.1632653061224492,2.2653061224489797,0.00152646908098901
1.2857142857142856,2.2653061224489797,0.0011309774129719826
1.408163265306122,2.2653061224489797,0.000813198264671802
1.5306122448979593,2.2653061224489797,0.0005674342509733358
1.6530612244897958,2.2653061224489797,0.0003842476696188234
1.7755102040816322,2.2653061224489797,0.00025251287682995314
1.8979591836734695,2.2653061224489797,0.0001610394984155232
2.020408163265306,2.2653061224489797,9.966849044858171e-05
2.1428571428571423,2.2653061224489797,5.9863202143163596e-05
2.2653061224489797,2.2653061224489797,3.489302320837485e-05
2.387755102040816,2.2653061224489797,1.9737577423569392e-05
2.5102040816326525,2.2653061224489797,1.0834919421768669e-05
2.63265306122449,2.2653061224489797,5.77210359605343e-06
2.7551020408163263,2.2653061224489797,2.984139630319161e-06
2.8775510204081627,2.2653061224489797,1.4972032301514682e-06
3.0,2.2653061224489797,7.289856217342943e-07
-3.0,2.387755102040816,4.123577961050992e-07
-2.877551020408163,2.387755102040816,8.469075464587448e-07
-2.7551020408163267,2.387755102040816,1.6880075608360949e-06
-2.63265306122449,2.387755102040816,3.2650464519401004e-06
-2.510204081632653,2.387755102040816,6.128877388702908e-06
-2.387755102040816,2.387755102040816,1.116475234103228e-05
-2.2653061224489797,2.387755102040816,1.9737577423569392e-05
-2.142857142857143,2.387755102040816,3.3862201623156676e-05
-2.020408163265306,2.387755102040816,5.637844950181923e-05
-1.8979591836734695,2.387755102040816,9.109355613148116e-05
-1.7755102040816326,2.387755102040816,0.00014283636092854253
-1.653061224489796,2.387755102040816,0.00021735342574464388
-1.5306122448979593,2.387755102040816,0.0003209746944106352
-1.4081632653061225,2.387755102040816,0.00045999349537071847
-1.2857142857142858,2.387755102040816,0.0006397483565564168
-1.163265306122449,2.387755102040816,0.000863462059185347
-1.0408163265306123,2.387755102040816,0.0011309774129719837
-0.9183673469387754,2.387755102040816,0.0014376103669298207
-0.795918367346939,2.387755102040816,0.0017733932543826435
-0.6734693877551021,2.387755102040816,0.0021229780327869144
-0.5510204081632653,2.387755102040816,0.0024663944847854746
-0.4285714285714288,2.387755102040816,0.0027807130351309405
-0.30612244897959195,2.387755102040816,0.0030424706461362285
-0.18367346938775508,2.387755102040816,0.003230525793342677
-0.06122448979591866,2.387755102040816,0.0033288683570200637
0.06122448979591821,2.387755102040816,0.0033288683570200637
0.18367346938775508,2.387755102040816,0.003230525793342677
0.30612244897959195,2.387755102040816,0.0030424706461362285
0.4285714285714284,2.387755102040816,0.0027807130351309405
0.5510204081632653,2.387755102040816,0.0024663944847854746
0.6734693877551021,2.387755102040816,0.0021229780327869144
0.7959183673469385,2.387755102040816,0.0017733932543826435
0.9183673469387754,2.387755102040816,0.0014376103669298207
1.0408163265306118,2.387755102040816,0.0011309774129719845
1.1632653061224492,2.387755102040816,0.0008634620591853461
1.2857142857142856,2.387755102040816,0.0006397483565564173
1.408163265306122,2.387755102040816,0.0004599934953707193
1.5306122448979593,2.387755102040816,0.0003209746944106352
1.6530612244897958,2.387755102040816,0.00021735342574464388
1.7755102040816322,2.387755102040816,0.00014283636092854278
1.8979591836734695,2.387755102040816,9.109355613148116e-05
2.020408163265306,2.387755102040816,5.637844950181923e-05
2.1428571428571423,2.387755102040816,3.38622016231568e-05
2.2653061224489797,2.387755102040816,1.9737577423569392e-05
2.387755102040816,2.387755102040816,1.116475234103228e-05
2.5102040816326525,2.387755102040816,6.128877388702919e-06
2.63265306122449,2.387755102040816,3.2650464519401004e-06
2.7551020408163263,2.387755102040816,1.6880075608361008e-06
2.8775510204081627,2.387755102040816,8.469075464587463e-07
3.0,2.387755102040816,4.123577961050992e-07
-3.0,2.5102040816326525,2.2636331692873365e-07
-2.877551020408163,2.5102040816326525,4.6490888048959273e-07
-2.7551020408163267,2.5102040816326525,9.266297232179703e-07
-2.63265306122449,2.5102040816326525,1.7923433284602718e-06
-2.510204081632653,2.5102040816326525,3.3644398817252106e-06
-2.387755102040816,2.5102040816326525,6.128877388702919e-06
-2.2653061224489797,2.5102040816326525,1.0834919421768669e-05
-2.142857142857143,2.5102040816326525,1.8588614912408883e-05
-2.020408163265306,2.5102040816326525,3.0948882143307975e-05
-1.8979591836734695,2.5102040816326525,5.0005698234696014e-05
-1.7755102040816326,2.5102040816326525,7.840984878475272e-05
-1.653061224489796,2.5102040816326525,0.000119315902020295
-1.5306122448979593,2.5102040816326525,0.00017619867300498385
-1.4081632653061225,2.5102040816326525,0.00025251287682995357
-1.2857142857142858,2.5102040816326525,0.0003511890919916238
-1.163265306122449,2.5102040816326525,0.00047399646036883227
-1.0408163265306123,2.5102040816326525,0.0006208486925431281
-0.9183673469387754,2.5102040816326525,0.0007891744843510289
-0.795918367346939,2.5102040816326525,0.0009735020971418297
-0.6734693877551021,2.5102040816326525,0.0011654062413943085
-0.5510204081632653,2.5102040816326525,0.0013539242902745538
-0.4285714285714288,2.5102040816326525,0.0015264690809890153
-0.30612244897959195,2.5102040816326525,0.0016701606071785587
-0.18367346938775508,2.5102040816326525,0.0017733932543826467
-0.06122448979591866,2.5102040816326525,0.0018273782866035841
0.06122448979591821,2.5102040816326525,0.0018273782866035841
0.18367346938775508,2.5102040816326525,0.0017733932543826467
0.30612244897959195,2.5102040816326525,0.0016701606071785587
0.4285714285714284,2.5102040816326525,0.0015264690809890153
0.5510204081632653,2.5102040816326525,0.0013539242902745538
0.6734693877551021,2.5102040816326525,0.0011654062413943085
0.7959183673469385,2.5102040816326525,0.0009735020971418306
0.9183673469387754,2.5102040816326525,0.0007891744843510289
1.0408163265306118,2.5102040816326525,0.0006208486925431287
1.1632653061224492,2.5102040816326525,0.00047399646036883227
1.2857142857142856,2.5102040816326525,0.0003511890919916238
1.408163265306122,2.5102040816326525,0.000252512876829954
1.5306122448979593,2.5102040816326525,0.00017619867300498385
1.6530612244897958,2.5102040816326525,0.00011931590202029521
1.7755102040816322,2.5102040816326525,7.840984878475272e-05
1.8979591836734695,2.5102040816326525,5.0005698234696014e-05
2.020408163265306,2.5102040816326525,3.0948882143307975e-05
2.1428571428571423,2.5102040816326525,1.8588614912408914e-05
2.2653061224489797,2.5102040816326525,1.0834919421768669e-05
2.387755102040816,2.5102040816326525,6.128877388702919e-06
2.5102040816326525,2.5102040816326525,3.3644398817252165e-06
2.63265306122449,2.5102040816326525,1.7923433284602718e-06
2.7551020408163263,2.5102040816326525,9.266297232179719e-07
2.8775510204081627,2.5102040816326525,4.6490888048959273e-07
3.0,2.5102040816326525,2.2636331692873365e-07
-3.0,2.63265306122449,1.2059088441708413e-07
-2.877551020408163,2.63265306122449,2.476716361655326e-07
-2.7551020408163267,2.63265306122449,4.936449039805915e-07
-2.63265306122449,2.63265306122449,9.548378690091926e-07
-2.510204081632653,2.63265306122449,1.7923433284602686e-06
-2.387755102040816,2.63265306122449,3.2650464519401004e-06
-2.2653061224489797,2.63265306122449,5.77210359605343e-06
-2.142857142857143,2.63265306122449,9.902741940655156e-06
-2.020408163265306,2.63265306122449,1.648744646446673e-05
-1.8979591836734695,2.63265306122449,2.6639613952619027e-05
-1.7755102040816326,2.63265306122449,4.1771401569186476e-05
-1.653061224489796,2.63265306122449,6.356334738715398e-05
-1.5306122448979593,2.63265306122449,9.386659507855304e-05
-1.4081632653061225,2.63265306122449,0.00013452158042556514
-1.2857142857142858,2.63265306122449,0.00018708951510122915
-1.163265306122449,2.63265306122449,0.00025251287682995265
-1.0408163265306123,2.63265306122449,0.00033074569651467516
-0.9183673469387754,2.63265306122449,0.0004204181592605333
-0.795918367346939,2.63265306122449,0.0005186152971648636
-0.6734693877551021,2.63265306122449,0.0006208486925431259
-0.5510204081632653,2.63265306122449,0.0007212782080295469
-0.4285714285714288,2.63265306122449,0.0008131982646718004
-0.30612244897959195,2.63265306122449,0.0008897472765061385
-0.18367346938775508,2.63265306122449,0.0009447425663612395
-0.06122448979591866,2.63265306122449,0.0009735020971418263
0.06122448979591821,2.63265306122449,0.0009735020971418263
0.18367346938775508,2.63265306122449,0.0009447425663612395
0.30612244897959195,2.63265306122449,0.0008897472765061385
0.4285714285714284,2.63265306122449,0.0008131982646718004
0.5510204081632653,2.63265306122449,0.0007212782080295469
0.6734693877551021,2.63265306122449,0.0006208486925431259
0.7959183673469385,2.63265306122449,0.000518615297164864
0.9183673469387754,2.63265306122449,0.0004204181592605333
1.0408163265306118,2.63265306122449,0.00033074569651467516
1.1632653061224492,2.63265306122449,0.00025251287682995265
1.2857142857142856,2.63265306122449,0.00018708951510122915
1.408163265306122,2.63265306122449,0.00013452158042556538
1.5306122448979593,2.63265306122449,9.386659507855304e-05
1.6530612244897958,2.63265306122449,6.356334738715409e-05
1.7755102040816322,2.63265306122449,4.1771401569186476e-05
1.8979591836734695,2.63265306122449,2.6639613952619027e-05
2.020408163265306,2.63265306122449,1.648744646446673e-05
2.1428571428571423,2.63265306122449,9.902741940655175e-06
2.2653061224489797,2.63265306122449,5.77210359605343e-06
2.387755102040816,2.63265306122449,3.2650464519401004e-06
2.5102040816326525,2.63265306122449,1.7923433284602718e-06
2.63265306122449,2.63265306122449,9.548378690091926e-07
2.7551020408163263,2.63265306122449,4.936449039805923e-07
2.8775510204081627,2.63265306122449,2.476716361655326e-07
3.0,2.63265306122449,1.2059088441708413e-07
-3.0,2.7551020408163263,6.234469483366627e-08
-2.877551020408163,2.7551020408163263,1.2804460843233847e-07
-2.7551020408163267,2.7551020408163263,2.5521117158756275e-07
-2.63265306122449,2.7551020408163263,4.936449039805923e-07
-2.510204081632653,2.7551020408163263,9.266297232179703e-07
-2.387755102040816,2.7551020408163263,1.6880075608361008e-06
-2.2653061224489797,2.7551020408163263,2.984139630319161e-06
-2.142857142857143,2.7551020408163263,5.119652511804847e-06
-2.020408163265306,2.7551020408163263,8.523901482125317e-06
-1.8979591836734695,2.7551020408163263,1.3772505362995886e-05
-1.7755102040816326,2.7551020408163263,2.1595540128873233e-05
-1.653061224489796,2.7551020408163263,3.2861832920573695e-05
-1.5306122448979593,2.7551020408163263,4.852841285256079e-05
-1.4081632653061225,2.7551020408163263,6.954677313060825e-05
-1.2857142857142858,2.7551020408163263,9.672404993086079e-05
-1.163265306122449,2.7551020408163263,0.0001305474980437598
-1.0408163265306123,2.7551020408163263,0.00017099335174819023
-0.9183673469387754,2.7551020408163263,0.00021735342574464388
-0.795918367346939,2.7551020408163263,0.0002681207007818738
-0.6734693877551021,2.7551020408163263,0.0003209746944106358
-0.5510204081632653,2.7551020408163263,0.0003728960939887187
-0.4285714285714288,2.7551020408163263,0.000420418159260534
-0.30612244897959195,2.7551020408163263,0.00045999349537071847
-0.18367346938775508,2.7551020408163263,0.000488425698848443
-0.06122448979591866,2.7551020408163263,0.0005032941872813969
0.06122448979591821,2.7551020408163263,0.0005032941872813969
0.18367346938775508,2.7551020408163263,0.000488425698848443
0.30612244897959195,2.7551020408163263,0.00045999349537071847
0.4285714285714284,2.7551020408163263,0.000420418159260534
0.5510204081632653,2.7551020408163263,0.0003728960939887187
0.6734693877551021,2.7551020408163263,0.0003209746944106358
0.7959183673469385,2.7551020408163263,0.0002681207007818738
0.9183673469387754,2.7551020408163263,0.00021735342574464388
1.0408163265306118,2.7551020408163263,0.00017099335174819023
1.1632653061224492,2.7551020408163263,0.0001305474980437596
1.2857142857142856,2.7551020408163263,9.672404993086096e-05
1.408163265306122,2.7551020408163263,6.954677313060825e-05
1.5306122448979593,2.7551020408163263,4.852841285256079e-05
1.6530612244897958,2.7551020408163263,3.2861832920573695e-05
1.7755102040816322,2.7551020408163263,2.159554012887327e-05
1.8979591836734695,2.7551020408163263,1.3772505362995886e-05
2.020408163265306,2.7551020408163263,8.523901482125317e-06
2.1428571428571423,2.7551020408163263,5.119652511804865e-06
2.2653061224489797,2.7551020408163263,2.984139630319161e-06
2.387755102040816,2.7551020408163263,1.6880075608361008e-06
2.5102040816326525,2.7551020408163263,9.266297232179719e-07
2.63265306122449,2.7551020408163263,4.936449039805923e-07
2.7551020408163263,2.7551020408163263,2.5521117158756365e-07
2.8775510204081627,2.7551020408163263,1.2804460843233868e-07
3.0,2.7551020408163263,6.234469483366627e-08
-3.0,2.8775510204081627,3.127959480829972e-08
-2.877551020408163,2.8775510204081627,6.424257075660821e-08
-2.7551020408163267,2.8775510204081627,1.2804460843233823e-07
-2.63265306122449,2.8775510204081627,2.476716361655326e-07
-2.510204081632653,2.8775510204081627,4.6490888048959194e-07
-2.387755102040816,2.8775510204081627,8.469075464587463e-07
-2.2653061224489797,2.8775510204081627,1.4972032301514682e-06
-2.142857142857143,2.8775510204081627,2.568633250283763e-06
-2.020408163265306,2.8775510204081627,4.2766138363190405e-06
-1.8979591836734695,2.8775510204081627,6.909944597515523e-06
-1.7755102040816326,2.8775510204081627,1.0834919421768669e-05
-1.653061224489796,2.8775510204081627,1.648744646446676e-05
-1.5306122448979593,2.8775510204081627,2.4347686595753297e-05
-1.4081632653061225,2.8775510204081627,3.489302320837497e-05
-1.2857142857142858,2.8775510204081627,4.852841285256088e-05
-1.163265306122449,2.8775510204081627,6.54983211152238e-05
-1.0408163265306123,2.8775510204081627,8.579082425323225e-05
-0.9183673469387754,2.8775510204081627,0.00010905061137322296
-0.795918367346939,2.8775510204081627,0.00013452158042556562
-0.6734693877551021,2.8775510204081627,0.00016103949841552378
-0.5510204081632653,2.8775510204081627,0.00018708951510122983
-0.4285714285714288,2.8775510204081627,0.00021093229675445312
-0.30612244897959195,2.8775510204081627,0.00023078804360238537
-0.18367346938775508,2.8775510204081627,0.00024505305535138993
-0.06122448979591866,2.8775510204081627,0.00025251287682995357
0.06122448979591821,2.8775510204081627,0.00025251287682995357
0.18367346938775508,2.8775510204081627,0.00024505305535138993
0.30612244897959195,2.8775510204081627,0.00023078804360238537
0.4285714285714284,2.8775510204081627,0.0002109322967544535
0.5510204081632653,2.8775510204081627,0.00018708951510122983
0.6734693877551021,2.8775510204081627,0.00016103949841552378
0.7959183673469385,2.8775510204081627,0.00013452158042556562
0.9183673469387754,2.8775510204081627,0.00010905061137322296
1.0408163265306118,2.8775510204081627,8.579082425323225e-05
1.1632653061224492,2.8775510204081627,6.549832111522369e-05
1.2857142857142856,2.8775510204081627,4.852841285256097e-05
1.408163265306122,2.8775510204081627,3.489302320837497e-05
1.5306122448979593,2.8775510204081627,2.4347686595753297e-05
1.6530612244897958,2.8775510204081627,1.648744646446676e-05
1.7755102040816322,2.8775510204081627,1.083491942176869e-05
1.8979591836734695,2.8775510204081627,6.909944597515523e-06
2.020408163265306,2.8775510204081627,4.2766138363190405e-06
2.1428571428571423,2.8775510204081627,2.568633250283772e-06
2.2653061224489797,2.8775510204081627,1.4972032301514682e-06
2.387755102040816,2.8775510204081627,8.469075464587463e-07
2.5102040816326525,2.8775510204081627,4.6490888048959273e-07
2.63265306122449,2.8775510204081627,2.476716361655326e-07
2.7551020408163263,2.8775510204081627,1.2804460843233868e-07
2.8775510204081627,2.8775510204081627,6.424257075660821e-08
3.0,2.8775510204081627,3.127959480829972e-08
-3.0,3.0,1.522997974471263e-08
-2.877551020408163,3.0,3.127959480829972e-08
-2.7551020408163267,3.0,6.234469483366605e-08
-2.63265306122449,3.0,1.2059088441708413e-07
-2.510204081632653,3.0,2.2636331692873323e-07
-2.387755102040816,3.0,4.123577961050992e-07
-2.2653061224489797,3.0,7.289856217342943e-07
-2.142857142857143,3.0,1.250663015719018e-06
-2.020408163265306,3.0,2.082275761635328e-06
-1.8979591836734695,3.0,3.364439881725193e-06
-1.7755102040816326,3.0,5.275503226318811e-06
-1.653061224489796,3.0,8.02770871025589e-06
-1.5306122448979593,3.0,1.1854845817425422e-05
-1.4081632653061225,3.0,1.6989351682852734e-05
-1.2857142857142858,3.0,2.36283989392166e-05
-1.163265306122449,3.0,3.189101745118691e-05
-1.0408163265306123,3.0,4.1771401569186476e-05
-0.9183673469387754,3.0,5.3096551043622456e-05
-0.795918367346939,3.0,6.549832111522357e-05
-0.6734693877551021,3.0,7.840984878475243e-05
-0.5510204081632653,3.0,9.109355613148116e-05
-0.4285714285714288,3.0,0.00010270256461965522
-0.30612244897959195,3.0,0.00011237029286752595
-0.18367346938775508,3.0,0.00011931590202029478
-0.06122448979591866,3.0,0.00012294807598910688
0.06122448979591821,3.0,0.00012294807598910688
0.18367346938775508,3.0,0.00011931590202029478
0.30612244897959195,3.0,0.00011237029286752595
0.4285714285714284,3.0,0.0001027025646196554
0.5510204081632653,3.0,9.109355613148116e-05
0.6734693877551021,3.0,7.840984878475243e-05
0.7959183673469385,3.0,6.549832111522357e-05
0.9183673469387754,3.0,5.3096551043622456e-05
1.0408163265306118,3.0,4.1771401569186476e-05
1.1632653061224492,3.0,3.1891017451186855e-05
1.2857142857142856,3.0,2.362839893921664e-05
1.408163265306122,3.0,1.6989351682852734e-05
1.5306122448979593,3.0,1.1854845817425422e-05
1.6530612244897958,3.0,8.02770871025589e-06
1.7755102040816322,3.0,5.27550322631882e-06
1.8979591836734695,3.0,3.364439881725193e-06
2.020408163265306,3.0,2.082275761635328e-06
2.1428571428571423,3.0,1.2506630157190225e-06
2.2653061224489797,3.0,7.289856217342943e-07
2.387755102040816,3.0,4.123577961050992e-07
2.5102040816326525,3.0,2.2636331692873365e-07
2.63265306122449,3.0,1.2059088441708413e-07
2.7551020408163263,3.0,6.234469483366627e-08
2.8775510204081627,3.0,3.127959480829972e-08
3.0,3.0,1.522997974471263e-08
